id,bank,chapter,source_ref,type,difficulty,topic,question,options,correct_option,correct_answer,explanation,source_quote,fact_id,variant_group,validation_status,correction
DAN7-0001,DANIEL7-12,DAN7,"PDF p.16, Daniel 7:1",fill_blank,easy,"año, visión, vientos, mar y cuatro bestias","Según PDF p.16, Daniel 7:1, en el pasaje sobre año, visión, vientos, mar y cuatro bestias, complete la formulación del PDF: «En el primer año de Belsasar, rey de _____, tuvo Daniel un sueño y visiones de su cabeza mientras estaba en su lecho»","[""Babilonia"", ""Jerusalem"", ""Jerusalén"", ""Atenas""]",0,Babilonia,"El PDF emplea la expresión «Babilonia» en este contexto: «año de Belsasar, rey de Babilonia, tuvo Daniel un sueño y visiones de».","año de Belsasar, rey de Babilonia, tuvo Daniel un sueño y visiones de",DAN7-V1-F01,DAN7-V1-F01-VARIANTS,verified,
DAN7-0002,DANIEL7-12,DAN7,"PDF p.16, Daniel 7:2",fill_blank,expert,"año, visión, vientos, mar y cuatro bestias","Según PDF p.16, Daniel 7:2, en el pasaje sobre año, visión, vientos, mar y cuatro bestias, complete la formulación del PDF: «Daniel dijo: «Miraba yo en mi visión de noche, y vi que los _____ combatían en el gran mar.»","[""mil doscientos noventa días"", ""cuatro vientos del cielo"", ""cuatro alas de ave"", ""millones de millones""]",1,cuatro vientos del cielo,"El PDF emplea la expresión «cuatro vientos del cielo» en este contexto: «noche, y vi que los cuatro vientos del cielo combatían en el gran mar».","noche, y vi que los cuatro vientos del cielo combatían en el gran mar",DAN7-V2-F01,DAN7-V2-F01-VARIANTS,verified,
DAN7-0003,DANIEL7-12,DAN7,"PDF p.16, Daniel 7:3",multiple_choice,easy,"año, visión, vientos, mar y cuatro bestias","Según PDF p.16, Daniel 7:3, en el pasaje sobre año, visión, vientos, mar y cuatro bestias, ¿Qué expresión completa correctamente el detalle señalado? Marco: «Y [DETALLE] bestias grandes, diferentes la una de la»","[""Y cuatro bestias grandes, diferentes la una de la"", ""Y sesenta bestias grandes, diferentes la una de la"", ""Y siete bestias grandes, diferentes la una de la"", ""Y dos cuernos bestias grandes, diferentes la una de la""]",0,"Y cuatro bestias grandes, diferentes la una de la","La opción correcta conserva el detalle «cuatro» tal como aparece en la fuente: «Y cuatro bestias grandes, diferentes la una de la».","Y cuatro bestias grandes, diferentes la una de la",DAN7-V3-F01,DAN7-V3-F01-VARIANTS,verified,
DAN7-0004,DANIEL7-12,DAN7,"PDF p.16, Daniel 7:4",fill_blank,expert,primera bestia,"Según PDF p.16, Daniel 7:4, en el pasaje sobre primera bestia, complete la formulación del PDF: «La primera era como un león, y tenía _____.»","[""miles de miles"", ""naves de Quitim"", ""alas de águila"", ""santos del Altísimo""]",2,alas de águila,"El PDF emplea la expresión «alas de águila» en este contexto: «como un león, y tenía alas de águila».","como un león, y tenía alas de águila",DAN7-V4-F01,DAN7-V4-F01-VARIANTS,verified,
DAN7-0005,DANIEL7-12,DAN7,"PDF p.16, Daniel 7:5",multiple_choice,hard,segunda bestia,"Según PDF p.16, Daniel 7:5, en el pasaje sobre segunda bestia, ¿Qué opción restituye con precisión la relación descrita? Marco: «boca, entre los dientes, tenía [DETALLE]»","[""boca, entre los dientes, tenía cuatro cabezas"", ""boca, entre los dientes, tenía tres costillas"", ""boca, entre los dientes, tenía cuatro reinos"", ""boca, entre los dientes, tenía setenta semanas""]",1,"boca, entre los dientes, tenía tres costillas","La opción correcta conserva el detalle «tres costillas» tal como aparece en la fuente: «boca, entre los dientes, tenía tres costillas».","boca, entre los dientes, tenía tres costillas",DAN7-V5-F07,DAN7-V5-F07-VARIANTS,verified,
DAN7-0006,DANIEL7-12,DAN7,"PDF p.16, Daniel 7:6",fill_blank,expert,tercera bestia,"Según PDF p.16, Daniel 7:6, en el pasaje sobre tercera bestia, complete la formulación del PDF: «Después de esto miré, y vi otra, semejante a un leopardo, con _____ en sus espaldas.»","[""cuatro vientos del cielo"", ""mil doscientos noventa días"", ""millones de millones"", ""cuatro alas de ave""]",3,cuatro alas de ave,"El PDF emplea la expresión «cuatro alas de ave» en este contexto: «semejante a un leopardo, con cuatro alas de ave en sus espaldas».","semejante a un leopardo, con cuatro alas de ave en sus espaldas",DAN7-V6-F01,DAN7-V6-F01-VARIANTS,verified,
DAN7-0007,DANIEL7-12,DAN7,"PDF p.16, Daniel 7:7",multiple_choice,medium,cuarta bestia y cuerno pequeño,"Según PDF p.16, Daniel 7:7, en el pasaje sobre cuarta bestia y cuerno pequeño, ¿Cuál opción conserva el dato exacto de la fuente? Marco: «y tenía [DETALLE]»","[""y tenía setenta años"", ""y tenía tres semanas"", ""y tenía diez cuernos"", ""y tenía cuatro reinos""]",2,y tenía diez cuernos,La opción correcta conserva el detalle «diez cuernos» tal como aparece en la fuente: «y tenía diez cuernos».,y tenía diez cuernos,DAN7-V7-F23,DAN7-V7-F23-VARIANTS,verified,
DAN7-0008,DANIEL7-12,DAN7,"PDF p.16, Daniel 7:8",fill_blank,expert,cuarta bestia y cuerno pequeño,"Según PDF p.16, Daniel 7:8, en el pasaje sobre cuarta bestia y cuerno pequeño, complete la formulación del PDF: «Mientras yo contemplaba los cuernos, otro _____ salió entre ellos, y delante de él fueron arrancados tres cuernos de los primeros.»","[""cuerno pequeño"", ""cuerno notable"", ""dominio eterno"", ""cuerno grande""]",0,cuerno pequeño,"El PDF emplea la expresión «cuerno pequeño» en este contexto: «yo contemplaba los cuernos, otro cuerno pequeño salió entre ellos, y delante de él».","yo contemplaba los cuernos, otro cuerno pequeño salió entre ellos, y delante de él",DAN7-V8-F01,DAN7-V8-F01-VARIANTS,verified,
DAN7-0009,DANIEL7-12,DAN7,"PDF p.16, Daniel 7:9",multiple_choice,expert,"Anciano de días, juicio y bestias","Según PDF p.16, Daniel 7:9, en el pasaje sobre Anciano de días, juicio y bestias, ¿Cuál opción mantiene sin alterar el detalle y el orden de la fuente? Marco: «tronos y se sentó un [DETALLE]»","[""tronos y se sentó un hijo de hombre"", ""tronos y se sentó un tiempo del fin"", ""tronos y se sentó un corazón de hombre"", ""tronos y se sentó un Anciano de días""]",3,tronos y se sentó un Anciano de días,La opción correcta conserva el detalle «Anciano de días» tal como aparece en la fuente: «tronos y se sentó un Anciano de días».,tronos y se sentó un Anciano de días,DAN7-V9-F01,DAN7-V9-F01-VARIANTS,verified,
DAN7-0010,DANIEL7-12,DAN7,"PDF p.16, Daniel 7:10",fill_blank,expert,"Anciano de días, juicio y bestias","Según PDF p.16, Daniel 7:10, en el pasaje sobre Anciano de días, juicio y bestias, complete la formulación del PDF: «Un _____ procedía y salía de delante de él»","[""oro de Ufaz"", ""río de fuego"", ""rey del norte"", ""rey del sur""]",1,río de fuego,El PDF emplea la expresión «río de fuego» en este contexto: «Un río de fuego procedía y salía de delante de él».,Un río de fuego procedía y salía de delante de él,DAN7-V10-F01,DAN7-V10-F01-VARIANTS,verified,
DAN7-0011,DANIEL7-12,DAN7,"PDF p.16, Daniel 7:11",multiple_choice,hard,"Anciano de días, juicio y bestias","Según PDF p.16, Daniel 7:11, en el pasaje sobre Anciano de días, juicio y bestias, ¿Qué opción restituye con precisión la relación descrita? Marco: «del sonido de las grandes [DETALLE] que hablaba el cuerno»","[""del sonido de las grandes insolencias que hablaba el cuerno"", ""del sonido de las grandes consideraba que hablaba el cuerno"", ""del sonido de las grandes contemplaba que hablaba el cuerno"", ""del sonido de las grandes desmenuzaba que hablaba el cuerno""]",0,del sonido de las grandes insolencias que hablaba el cuerno,La opción correcta conserva el detalle «insolencias» tal como aparece en la fuente: «del sonido de las grandes insolencias que hablaba el cuerno».,del sonido de las grandes insolencias que hablaba el cuerno,DAN7-V11-F01,DAN7-V11-F01-VARIANTS,verified,
DAN7-0012,DANIEL7-12,DAN7,"PDF p.16, Daniel 7:12",fill_blank,hard,"Anciano de días, juicio y bestias","Según PDF p.16, Daniel 7:12, en el pasaje sobre Anciano de días, juicio y bestias, complete la formulación del PDF: «También a las otras bestias les habían quitado su dominio, pero les había sido _____ la vida hasta cierto tiempo.»","[""arrancadas"", ""arrancados"", ""prolongada"", ""convertido""]",2,prolongada,"El PDF emplea la expresión «prolongada» en este contexto: «dominio, pero les había sido prolongada la vida hasta cierto tiempo».","dominio, pero les había sido prolongada la vida hasta cierto tiempo",DAN7-V12-F01,DAN7-V12-F01-VARIANTS,verified,
DAN7-0013,DANIEL7-12,DAN7,"PDF p.17, Daniel 7:13",multiple_choice,expert,Hijo del Hombre y reino eterno,"Según PDF p.17, Daniel 7:13, en el pasaje sobre Hijo del Hombre y reino eterno, ¿Cuál opción mantiene sin alterar el detalle y el orden de la fuente? Marco: «cielo venía uno como un [DETALLE]»","[""cielo venía uno como un tiempo del fin"", ""cielo venía uno como un hijo de hombre"", ""cielo venía uno como un Anciano de días"", ""cielo venía uno como un rey del norte""]",1,cielo venía uno como un hijo de hombre,La opción correcta conserva el detalle «hijo de hombre» tal como aparece en la fuente: «cielo venía uno como un hijo de hombre».,cielo venía uno como un hijo de hombre,DAN7-V13-F01,DAN7-V13-F01-VARIANTS,verified,
DAN7-0014,DANIEL7-12,DAN7,"PDF p.17, Daniel 7:14",fill_blank,hard,Hijo del Hombre y reino eterno,"Según PDF p.17, Daniel 7:14, en el pasaje sobre Hijo del Hombre y reino eterno, complete la formulación del PDF: «su dominio es _____, que nunca pasará»","[""cuerno notable"", ""cuerno pequeño"", ""cuerno grande"", ""dominio eterno""]",3,dominio eterno,"El PDF emplea la expresión «dominio eterno» en este contexto: «su dominio es dominio eterno, que nunca pasará».","su dominio es dominio eterno, que nunca pasará",DAN7-V14-F07,DAN7-V14-F07-VARIANTS,verified,
DAN7-0015,DANIEL7-12,DAN7,"PDF p.17, Daniel 7:15",multiple_choice,hard,estado de Daniel e interpretación,"Según PDF p.17, Daniel 7:15, en el pasaje sobre estado de Daniel e interpretación, ¿Qué opción restituye con precisión la relación descrita? Marco: «visiones de mi cabeza me [DETALLE]»","[""visiones de mi cabeza me conocieron"", ""visiones de mi cabeza me cumplieron"", ""visiones de mi cabeza me asombraron"", ""visiones de mi cabeza me dispusiste""]",2,visiones de mi cabeza me asombraron,La opción correcta conserva el detalle «asombraron» tal como aparece en la fuente: «visiones de mi cabeza me asombraron».,visiones de mi cabeza me asombraron,DAN7-V15-F01,DAN7-V15-F01-VARIANTS,verified,
DAN7-0016,DANIEL7-12,DAN7,"PDF p.17, Daniel 7:16",fill_blank,medium,estado de Daniel e interpretación,"Según PDF p.17, Daniel 7:16, en el pasaje sobre estado de Daniel e interpretación, complete la formulación del PDF: «Me habló y me hizo conocer la _____ de las cosas:»","[""interpretación"", ""prevaricación"", ""misericordia"", ""consumación""]",0,interpretación,El PDF emplea la expresión «interpretación» en este contexto: «y me hizo conocer la interpretación de las cosas».,y me hizo conocer la interpretación de las cosas,DAN7-V16-F06,DAN7-V16-F06-VARIANTS,verified,
DAN7-0017,DANIEL7-12,DAN7,"PDF p.17, Daniel 7:17",multiple_choice,easy,estado de Daniel e interpretación,"Según PDF p.17, Daniel 7:17, en el pasaje sobre estado de Daniel e interpretación, ¿Qué expresión completa correctamente el detalle señalado? Marco: «Estas [DETALLE] grandes bestias son cuatro reyes que se levantarán en la tierra»","[""Estas sesenta grandes bestias son cuatro reyes que se levantarán en la tierra"", ""Estas siete grandes bestias son cuatro reyes que se levantarán en la tierra"", ""Estas dos cuernos grandes bestias son cuatro reyes que se levantarán en la tierra"", ""Estas cuatro grandes bestias son cuatro reyes que se levantarán en la tierra""]",3,Estas cuatro grandes bestias son cuatro reyes que se levantarán en la tierra,La opción correcta conserva el detalle «cuatro» tal como aparece en la fuente: «Estas cuatro grandes bestias son cuatro reyes que se levantarán en la tierra».,Estas cuatro grandes bestias son cuatro reyes que se levantarán en la tierra,DAN7-V17-F01,DAN7-V17-F01-VARIANTS,verified,
DAN7-0018,DANIEL7-12,DAN7,"PDF p.17, Daniel 7:18",fill_blank,expert,estado de Daniel e interpretación,"Según PDF p.17, Daniel 7:18, en el pasaje sobre estado de Daniel e interpretación, complete la formulación del PDF: «Después recibirán el reino los _____, y poseerán el reino hasta el siglo, eternamente y para siempre.”»","[""naves de Quitim"", ""santos del Altísimo"", ""alas de águila"", ""miles de miles""]",1,santos del Altísimo,"El PDF emplea la expresión «santos del Altísimo» en este contexto: «Después recibirán el reino los santos del Altísimo, y poseerán el reino hasta el siglo».","Después recibirán el reino los santos del Altísimo, y poseerán el reino hasta el siglo",DAN7-V18-F01,DAN7-V18-F01-VARIANTS,verified,
DAN7-0019,DANIEL7-12,DAN7,"PDF p.17, Daniel 7:19",multiple_choice,expert,guerra contra los santos y justicia,"Según PDF p.17, Daniel 7:19, en el pasaje sobre guerra contra los santos y justicia, ¿Cuál opción mantiene sin alterar el detalle y el orden de la fuente? Marco: «cuarta bestia, que era tan [DETALLE] de todas las otras, espantosa en gran»","[""cuarta bestia, que era tan diferente de todas las otras, espantosa en gran"", ""cuarta bestia, que era tan Aconteció de todas las otras, espantosa en gran"", ""cuarta bestia, que era tan asoladora de todas las otras, espantosa en gran"", ""cuarta bestia, que era tan espantosa de todas las otras, espantosa en gran""]",0,"cuarta bestia, que era tan diferente de todas las otras, espantosa en gran","La opción correcta conserva el detalle «diferente» tal como aparece en la fuente: «cuarta bestia, que era tan diferente de todas las otras, espantosa en gran».","cuarta bestia, que era tan diferente de todas las otras, espantosa en gran",DAN7-V19-F01,DAN7-V19-F01-VARIANTS,verified,
DAN7-0020,DANIEL7-12,DAN7,"PDF p.17, Daniel 7:20",true_false,expert,guerra contra los santos y justicia,"Según PDF p.17, Daniel 7:20, en el pasaje sobre guerra contra los santos y justicia, determine si el detalle entre corchetes hace verdadera o falsa esta afirmación: «asimismo acerca de los ⟦setenta años⟧ que tenía en su cabeza, y del otro que le había salido, ante el cual habían caído tres.»","[""Verdadero"", ""Falso""]",1,Falso,"La afirmación cambia «diez cuernos». La corrección exacta es: «asimismo acerca de los diez cuernos que tenía en su cabeza, y del otro que le había salido, ante el cual habían caído tres.»","asimismo acerca de los diez cuernos que tenía en su cabeza, y del",DAN7-V20-F01,DAN7-V20-F01-VARIANTS,verified,"asimismo acerca de los diez cuernos que tenía en su cabeza, y del otro que le había salido, ante el cual habían caído tres."
DAN7-0021,DANIEL7-12,DAN7,"PDF p.17, Daniel 7:21",fill_blank,easy,guerra contra los santos y justicia,"Según PDF p.17, Daniel 7:21, en el pasaje sobre guerra contra los santos y justicia, complete la formulación del PDF: «Y veía yo que este _____ hacía guerra contra los santos y los vencía,»","[""cabrío"", ""cierra"", ""cuerno"", ""creció""]",2,cuerno,El PDF emplea la expresión «cuerno» en este contexto: «Y veía yo que este cuerno hacía guerra contra los santos y los».,Y veía yo que este cuerno hacía guerra contra los santos y los,DAN7-V21-F01,DAN7-V21-F01-VARIANTS,verified,
DAN7-0022,DANIEL7-12,DAN7,"PDF p.17, Daniel 7:22",multiple_choice,expert,guerra contra los santos y justicia,"Según PDF p.17, Daniel 7:22, en el pasaje sobre guerra contra los santos y justicia, ¿Cuál opción mantiene sin alterar el detalle y el orden de la fuente? Marco: «hasta que vino el [DETALLE], y se hizo justicia a los santos»","[""hasta que vino el hijo de hombre, y se hizo justicia a los santos"", ""hasta que vino el Anciano de días, y se hizo justicia a los santos"", ""hasta que vino el tiempo del fin, y se hizo justicia a los santos"", ""hasta que vino el corazón de hombre, y se hizo justicia a los santos""]",1,"hasta que vino el Anciano de días, y se hizo justicia a los santos","La opción correcta conserva el detalle «Anciano de días» tal como aparece en la fuente: «hasta que vino el Anciano de días, y se hizo justicia a los santos».","hasta que vino el Anciano de días, y se hizo justicia a los santos",DAN7-V22-F01,DAN7-V22-F01-VARIANTS,verified,
DAN7-0023,DANIEL7-12,DAN7,"PDF p.17, Daniel 7:23",true_false,hard,"cuarto reino, cuernos, tiempo y juicio","Según PDF p.17, Daniel 7:23, en el pasaje sobre cuarto reino, cuernos, tiempo y juicio, determine si el detalle entre corchetes hace verdadera o falsa esta afirmación: «Dijo así: »“La cuarta bestia será un cuarto reino en la tierra, el cual será ⟦diferente⟧ de todos los otros reinos, y a toda la tierra devorará, trillará y despedazará.»","[""Verdadero"", ""Falso""]",0,Verdadero,"La afirmación coincide con el PDF: «la tierra, el cual será diferente de todos los otros reinos, y a».","la tierra, el cual será diferente de todos los otros reinos, y a",DAN7-V23-F01,DAN7-V23-F01-VARIANTS,verified,
DAN7-0024,DANIEL7-12,DAN7,"PDF p.17, Daniel 7:24",fill_blank,hard,"cuarto reino, cuernos, tiempo y juicio","Según PDF p.17, Daniel 7:24, en el pasaje sobre cuarto reino, cuernos, tiempo y juicio, complete la formulación del PDF: «Los _____ significan que de aquel reino se levantarán diez reyes»","[""setenta años"", ""tres semanas"", ""cuatro reinos"", ""diez cuernos""]",3,diez cuernos,El PDF emplea la expresión «diez cuernos» en este contexto: «Los diez cuernos significan que de aquel reino se levantarán».,Los diez cuernos significan que de aquel reino se levantarán,DAN7-V24-F01,DAN7-V24-F01-VARIANTS,verified,
DAN7-0025,DANIEL7-12,DAN7,"PDF p.17, Daniel 7:25",multiple_choice,expert,"cuarto reino, cuernos, tiempo y juicio","Según PDF p.17, Daniel 7:25, en el pasaje sobre cuarto reino, cuernos, tiempo y juicio, ¿Cuál opción mantiene sin alterar el detalle y el orden de la fuente? Marco: «contra el Altísimo, a los [DETALLE] quebrantará y pensará en cambiar los tiempos»","[""contra el Altísimo, a los naves de Quitim quebrantará y pensará en cambiar los tiempos"", ""contra el Altísimo, a los alas de águila quebrantará y pensará en cambiar los tiempos"", ""contra el Altísimo, a los santos del Altísimo quebrantará y pensará en cambiar los tiempos"", ""contra el Altísimo, a los miles de miles quebrantará y pensará en cambiar los tiempos""]",2,"contra el Altísimo, a los santos del Altísimo quebrantará y pensará en cambiar los tiempos","La opción correcta conserva el detalle «santos del Altísimo» tal como aparece en la fuente: «contra el Altísimo, a los santos del Altísimo quebrantará y pensará en cambiar los tiempos».","contra el Altísimo, a los santos del Altísimo quebrantará y pensará en cambiar los tiempos",DAN7-V25-F01,DAN7-V25-F01-VARIANTS,verified,
DAN7-0026,DANIEL7-12,DAN7,"PDF p.17, Daniel 7:26",true_false,hard,"cuarto reino, cuernos, tiempo y juicio","Según PDF p.17, Daniel 7:26, en el pasaje sobre cuarto reino, cuernos, tiempo y juicio, determine si el detalle entre corchetes hace verdadera o falsa esta afirmación: «Pero se sentará el Juez, y le quitarán su dominio, para que sea ⟦arruinado⟧ y arruinado hasta el fin,»","[""Verdadero"", ""Falso""]",1,Falso,"La afirmación cambia «destruido». La corrección exacta es: «Pero se sentará el Juez, y le quitarán su dominio, para que sea destruido y arruinado hasta el fin,»","su dominio, para que sea destruido y arruinado hasta el fin",DAN7-V26-F01,DAN7-V26-F01-VARIANTS,verified,"Pero se sentará el Juez, y le quitarán su dominio, para que sea destruido y arruinado hasta el fin,"
DAN7-0027,DANIEL7-12,DAN7,"PDF p.17, Daniel 7:27",fill_blank,expert,"cuarto reino, cuernos, tiempo y juicio","Según PDF p.17, Daniel 7:27, en el pasaje sobre cuarto reino, cuernos, tiempo y juicio, complete la formulación del PDF: «y que el reino, el dominio y la majestad de los reinos debajo de todo el cielo sean dados al pueblo de los _____, cuyo reino es reino eterno, y todos los dominios lo servirán y obedecerán.”»","[""santos del Altísimo"", ""naves de Quitim"", ""alas de águila"", ""miles de miles""]",0,santos del Altísimo,"El PDF emplea la expresión «santos del Altísimo» en este contexto: «dados al pueblo de los santos del Altísimo, cuyo reino es reino eterno, y todos».","dados al pueblo de los santos del Altísimo, cuyo reino es reino eterno, y todos",DAN7-V27-F01,DAN7-V27-F01-VARIANTS,verified,
DAN7-0028,DANIEL7-12,DAN7,"PDF p.17, Daniel 7:28",multiple_choice,medium,reacción final de Daniel,"Según PDF p.17, Daniel 7:28, en el pasaje sobre reacción final de Daniel, ¿Cuál opción conserva el dato exacto de la fuente? Marco: «cuanto a mí, Daniel, mis [DETALLE] me turbaron y mi rostro se demudó»","[""cuanto a mí, Daniel, mis desolaciones me turbaron y mi rostro se demudó"", ""cuanto a mí, Daniel, mis mandamientos me turbaron y mi rostro se demudó"", ""cuanto a mí, Daniel, mis angustiosos me turbaron y mi rostro se demudó"", ""cuanto a mí, Daniel, mis pensamientos me turbaron y mi rostro se demudó""]",3,"cuanto a mí, Daniel, mis pensamientos me turbaron y mi rostro se demudó","La opción correcta conserva el detalle «pensamientos» tal como aparece en la fuente: «cuanto a mí, Daniel, mis pensamientos me turbaron y mi rostro se demudó».","cuanto a mí, Daniel, mis pensamientos me turbaron y mi rostro se demudó",DAN7-V28-F02,DAN7-V28-F02-VARIANTS,verified,
DAN7-0029,DANIEL7-12,DAN7,"PDF p.16, Daniel 7:1",true_false,medium,"año, visión, vientos, mar y cuatro bestias","Según PDF p.16, Daniel 7:1, en el pasaje sobre año, visión, vientos, mar y cuatro bestias, determine si el detalle entre corchetes hace verdadera o falsa esta afirmación: «luego escribió el sueño y relató lo ⟦Aconteció⟧ del asunto.»","[""Verdadero"", ""Falso""]",1,Falso,La afirmación cambia «principal». La corrección exacta es: «luego escribió el sueño y relató lo principal del asunto.»,el sueño y relató lo principal del asunto,DAN7-V1-F09,DAN7-V1-F09-VARIANTS,verified,luego escribió el sueño y relató lo principal del asunto.
DAN7-0030,DANIEL7-12,DAN7,"PDF p.16, Daniel 7:2",fill_blank,expert,"año, visión, vientos, mar y cuatro bestias","Según PDF p.16, Daniel 7:2, en el pasaje sobre año, visión, vientos, mar y cuatro bestias, complete la formulación del PDF: «Daniel dijo: «Miraba yo en mi visión de noche, y vi que los cuatro vientos del cielo combatían en el _____.»","[""muy amado"", ""gran mar"", ""pacto santo"", ""reino eterno""]",1,gran mar,El PDF emplea la expresión «gran mar» en este contexto: «del cielo combatían en el gran mar».,del cielo combatían en el gran mar,DAN7-V2-F02,DAN7-V2-F02-VARIANTS,verified,
DAN7-0031,DANIEL7-12,DAN7,"PDF p.16, Daniel 7:3",multiple_choice,medium,"año, visión, vientos, mar y cuatro bestias","Según PDF p.16, Daniel 7:3, en el pasaje sobre año, visión, vientos, mar y cuatro bestias, ¿Cuál opción conserva el dato exacto de la fuente? Marco: «Y cuatro bestias grandes, [DETALLE] la una de la otra, subían del»","[""Y cuatro bestias grandes, diferentes la una de la otra, subían del"", ""Y cuatro bestias grandes, maravillas la una de la otra, subían del"", ""Y cuatro bestias grandes, obedecimos la una de la otra, subían del"", ""Y cuatro bestias grandes, angustiosos la una de la otra, subían del""]",0,"Y cuatro bestias grandes, diferentes la una de la otra, subían del","La opción correcta conserva el detalle «diferentes» tal como aparece en la fuente: «Y cuatro bestias grandes, diferentes la una de la otra, subían del».","Y cuatro bestias grandes, diferentes la una de la otra, subían del",DAN7-V3-F02,DAN7-V3-F02-VARIANTS,verified,
DAN7-0032,DANIEL7-12,DAN7,"PDF p.16, Daniel 7:4",true_false,expert,primera bestia,"Según PDF p.16, Daniel 7:4, en el pasaje sobre primera bestia, determine si el detalle entre corchetes hace verdadera o falsa esta afirmación: «fue levantada del suelo y se puso enhiesta sobre los pies, a manera de hombre, y se le dio ⟦corazón de hombre⟧.»","[""Verdadero"", ""Falso""]",0,Verdadero,"La afirmación coincide con el PDF: «hombre, y se le dio corazón de hombre».","hombre, y se le dio corazón de hombre",DAN7-V4-F08,DAN7-V4-F08-VARIANTS,verified,
DAN7-0033,DANIEL7-12,DAN7,"PDF p.16, Daniel 7:5",fill_blank,medium,segunda bestia,"Según PDF p.16, Daniel 7:5, en el pasaje sobre segunda bestia, complete la formulación del PDF: «Vi luego una segunda bestia, _____ a un oso, la cual se alzaba de un costado más que del otro.»","[""Aconteció"", ""asoladora"", ""semejante"", ""diferente""]",2,semejante,"El PDF emplea la expresión «semejante» en este contexto: «Vi luego una segunda bestia, semejante a un oso, la cual se alzaba».","Vi luego una segunda bestia, semejante a un oso, la cual se alzaba",DAN7-V5-F01,DAN7-V5-F01-VARIANTS,verified,
DAN7-0034,DANIEL7-12,DAN7,"PDF p.16, Daniel 7:6",multiple_choice,hard,tercera bestia,"Según PDF p.16, Daniel 7:6, en el pasaje sobre tercera bestia, ¿Qué opción restituye con precisión la relación descrita? Marco: «Esta bestia tenía [DETALLE]»","[""Esta bestia tenía tres costillas"", ""Esta bestia tenía cuatro cabezas"", ""Esta bestia tenía cuatro reinos"", ""Esta bestia tenía setenta semanas""]",1,Esta bestia tenía cuatro cabezas,La opción correcta conserva el detalle «cuatro cabezas» tal como aparece en la fuente: «Esta bestia tenía cuatro cabezas».,Esta bestia tenía cuatro cabezas,DAN7-V6-F06,DAN7-V6-F06-VARIANTS,verified,
DAN7-0035,DANIEL7-12,DAN7,"PDF p.16, Daniel 7:7",true_false,hard,cuarta bestia y cuerno pequeño,"Según PDF p.16, Daniel 7:7, en el pasaje sobre cuarta bestia y cuerno pequeño, determine si el detalle entre corchetes hace verdadera o falsa esta afirmación: «Después de esto miraba yo en las visiones de la noche, y vi la cuarta bestia, ⟦Aconteció⟧, terrible y en gran manera fuerte, la cual tenía unos grandes dientes de hierro»","[""Verdadero"", ""Falso""]",1,Falso,"La afirmación cambia «espantosa». La corrección exacta es: «Después de esto miraba yo en las visiones de la noche, y vi la cuarta bestia, espantosa, terrible y en gran manera fuerte, la cual tenía unos grandes dientes de hierro»","y vi la cuarta bestia, espantosa, terrible y en gran manera fuerte, la",DAN7-V7-F01,DAN7-V7-F01-VARIANTS,verified,"Después de esto miraba yo en las visiones de la noche, y vi la cuarta bestia, espantosa, terrible y en gran manera fuerte, la cual tenía unos grandes dientes de hierro"
DAN7-0036,DANIEL7-12,DAN7,"PDF p.16, Daniel 7:8",fill_blank,hard,cuarta bestia y cuerno pequeño,"Según PDF p.16, Daniel 7:8, en el pasaje sobre cuarta bestia y cuerno pequeño, complete la formulación del PDF: «Mientras yo _____ los cuernos, otro cuerno pequeño salió entre ellos, y delante de él fueron arrancados tres cuernos de los primeros.»","[""consideraba"", ""desmenuzaba"", ""engrandecía"", ""contemplaba""]",3,contemplaba,"El PDF emplea la expresión «contemplaba» en este contexto: «Mientras yo contemplaba los cuernos, otro cuerno pequeño salió entre».","Mientras yo contemplaba los cuernos, otro cuerno pequeño salió entre",DAN7-V8-F02,DAN7-V8-F02-VARIANTS,verified,
DAN7-0037,DANIEL7-12,DAN7,"PDF p.16, Daniel 7:9",multiple_choice,expert,"Anciano de días, juicio y bestias","Según PDF p.16, Daniel 7:9, en el pasaje sobre Anciano de días, juicio y bestias, ¿Cuál opción mantiene sin alterar el detalle y el orden de la fuente? Marco: «Su vestido era [DETALLE]»","[""Su vestido era dios de las fortalezas"", ""Su vestido era libro de la verdad"", ""Su vestido era blanco como la nieve"", ""Su vestido era sacrificio de la tarde""]",2,Su vestido era blanco como la nieve,La opción correcta conserva el detalle «blanco como la nieve» tal como aparece en la fuente: «Su vestido era blanco como la nieve».,Su vestido era blanco como la nieve,DAN7-V9-F08,DAN7-V9-F08-VARIANTS,verified,
DAN7-0038,DANIEL7-12,DAN7,"PDF p.16, Daniel 7:10",true_false,expert,"Anciano de días, juicio y bestias","Según PDF p.16, Daniel 7:10, en el pasaje sobre Anciano de días, juicio y bestias, determine si el detalle entre corchetes hace verdadera o falsa esta afirmación: «⟦miles de miles⟧ lo servían, y millones de millones estaban delante de él.»","[""Verdadero"", ""Falso""]",0,Verdadero,"La afirmación coincide con el PDF: «miles de miles lo servían, y millones de millones estaban».","miles de miles lo servían, y millones de millones estaban",DAN7-V10-F05,DAN7-V10-F05-VARIANTS,verified,
DAN7-0039,DANIEL7-12,DAN7,"PDF p.16, Daniel 7:11",fill_blank,hard,"Anciano de días, juicio y bestias","Según PDF p.16, Daniel 7:11, en el pasaje sobre Anciano de días, juicio y bestias, complete la formulación del PDF: «y mientras miraba mataron a la bestia, y su cuerpo fue _____ y entregado para quemarlo en el fuego.»","[""destrozado"", ""arrancadas"", ""arrancados"", ""convertido""]",0,destrozado,"El PDF emplea la expresión «destrozado» en este contexto: «bestia, y su cuerpo fue destrozado y entregado para quemarlo en el fuego».","bestia, y su cuerpo fue destrozado y entregado para quemarlo en el fuego",DAN7-V11-F09,DAN7-V11-F09-VARIANTS,verified,
DAN7-0040,DANIEL7-12,DAN7,"PDF p.16, Daniel 7:12",multiple_choice,medium,"Anciano de días, juicio y bestias","Según PDF p.16, Daniel 7:12, en el pasaje sobre Anciano de días, juicio y bestias, ¿Cuál opción conserva el dato exacto de la fuente? Marco: «También a las [DETALLE] bestias les habían quitado su dominio, pero»","[""También a las aguas bestias les habían quitado su dominio, pero"", ""También a las costas bestias les habían quitado su dominio, pero"", ""También a las palmas bestias les habían quitado su dominio, pero"", ""También a las otras bestias les habían quitado su dominio, pero""]",3,"También a las otras bestias les habían quitado su dominio, pero","La opción correcta conserva el detalle «otras» tal como aparece en la fuente: «También a las otras bestias les habían quitado su dominio, pero».","También a las otras bestias les habían quitado su dominio, pero",DAN7-V12-F02,DAN7-V12-F02-VARIANTS,verified,
DAN7-0041,DANIEL7-12,DAN7,"PDF p.17, Daniel 7:13",true_false,expert,Hijo del Hombre y reino eterno,"Según PDF p.17, Daniel 7:13, en el pasaje sobre Hijo del Hombre y reino eterno, determine si el detalle entre corchetes hace verdadera o falsa esta afirmación: «vino hasta el ⟦Anciano de días⟧, y lo hicieron acercarse delante de él.»","[""Verdadero"", ""Falso""]",0,Verdadero,"La afirmación coincide con el PDF: «vino hasta el Anciano de días, y lo hicieron acercarse delante de él».","vino hasta el Anciano de días, y lo hicieron acercarse delante de él",DAN7-V13-F08,DAN7-V13-F08-VARIANTS,verified,
DAN7-0042,DANIEL7-12,DAN7,"PDF p.17, Daniel 7:14",fill_blank,hard,Hijo del Hombre y reino eterno,"Según PDF p.17, Daniel 7:14, en el pasaje sobre Hijo del Hombre y reino eterno, complete la formulación del PDF: «Y le fue dado dominio, gloria y reino, para que todos los pueblos, naciones y lenguas lo _____»","[""apoderará"", ""sirvieran"", ""aumentará"", ""cumplirán""]",1,sirvieran,"El PDF emplea la expresión «sirvieran» en este contexto: «pueblos, naciones y lenguas lo sirvieran».","pueblos, naciones y lenguas lo sirvieran",DAN7-V14-F01,DAN7-V14-F01-VARIANTS,verified,
DAN7-0043,DANIEL7-12,DAN7,"PDF p.17, Daniel 7:15",multiple_choice,hard,estado de Daniel e interpretación,"Según PDF p.17, Daniel 7:15, en el pasaje sobre estado de Daniel e interpretación, ¿Qué opción restituye con precisión la relación descrita? Marco: «A mí, Daniel, se me [DETALLE] el espíritu hasta lo más hondo de»","[""A mí, Daniel, se me turbó el espíritu hasta lo más hondo de"", ""A mí, Daniel, se me hirió el espíritu hasta lo más hondo de"", ""A mí, Daniel, se me salió el espíritu hasta lo más hondo de"", ""A mí, Daniel, se me trajo el espíritu hasta lo más hondo de""]",0,"A mí, Daniel, se me turbó el espíritu hasta lo más hondo de","La opción correcta conserva el detalle «turbó» tal como aparece en la fuente: «A mí, Daniel, se me turbó el espíritu hasta lo más hondo de».","A mí, Daniel, se me turbó el espíritu hasta lo más hondo de",DAN7-V15-F02,DAN7-V15-F02-VARIANTS,verified,
DAN7-0044,DANIEL7-12,DAN7,"PDF p.17, Daniel 7:16",true_false,hard,estado de Daniel e interpretación,"Según PDF p.17, Daniel 7:16, en el pasaje sobre estado de Daniel e interpretación, determine si el detalle entre corchetes hace verdadera o falsa esta afirmación: «Me acerqué a uno de los que allí ⟦bestias⟧ y le pregunté la verdad acerca de todo aquello.»","[""Verdadero"", ""Falso""]",1,Falso,La afirmación cambia «estaban». La corrección exacta es: «Me acerqué a uno de los que allí estaban y le pregunté la verdad acerca de todo aquello.»,uno de los que allí estaban y le pregunté la verdad acerca de,DAN7-V16-F01,DAN7-V16-F01-VARIANTS,verified,Me acerqué a uno de los que allí estaban y le pregunté la verdad acerca de todo aquello.
DAN7-0045,DANIEL7-12,DAN7,"PDF p.17, Daniel 7:17",fill_blank,medium,estado de Daniel e interpretación,"Según PDF p.17, Daniel 7:17, en el pasaje sobre estado de Daniel e interpretación, complete la formulación del PDF: «“Estas cuatro grandes bestias son cuatro reyes que se _____ en la tierra.»","[""confirmará"", ""contenderá"", ""levantarán"", ""Despertará""]",2,levantarán,El PDF emplea la expresión «levantarán» en este contexto: «son cuatro reyes que se levantarán en la tierra».,son cuatro reyes que se levantarán en la tierra,DAN7-V17-F02,DAN7-V17-F02-VARIANTS,verified,
DAN7-0046,DANIEL7-12,DAN7,"PDF p.17, Daniel 7:18",multiple_choice,hard,estado de Daniel e interpretación,"Según PDF p.17, Daniel 7:18, en el pasaje sobre estado de Daniel e interpretación, ¿Qué opción restituye con precisión la relación descrita? Marco: «el reino hasta el siglo, [DETALLE] y para siempre»","[""el reino hasta el siglo, atentamente y para siempre"", ""el reino hasta el siglo, eternamente y para siempre"", ""el reino hasta el siglo, rápidamente y para siempre"", ""el reino hasta el siglo, impíamente y para siempre""]",1,"el reino hasta el siglo, eternamente y para siempre","La opción correcta conserva el detalle «eternamente» tal como aparece en la fuente: «el reino hasta el siglo, eternamente y para siempre».","el reino hasta el siglo, eternamente y para siempre",DAN7-V18-F02,DAN7-V18-F02-VARIANTS,verified,
DAN7-0047,DANIEL7-12,DAN7,"PDF p.17, Daniel 7:19",true_false,hard,guerra contra los santos y justicia,"Según PDF p.17, Daniel 7:19, en el pasaje sobre guerra contra los santos y justicia, determine si el detalle entre corchetes hace verdadera o falsa esta afirmación: «Entonces tuve deseo de saber la verdad acerca de la cuarta bestia, que era tan diferente de todas las otras, ⟦espantosa⟧ en gran manera, que tenía dientes de hierro y uñas de bronce, que devoraba y desmenuzaba, y pisoteaba las sobras con sus pies;»","[""Verdadero"", ""Falso""]",0,Verdadero,"La afirmación coincide con el PDF: «diferente de todas las otras, espantosa en gran manera, que tenía dientes de».","diferente de todas las otras, espantosa en gran manera, que tenía dientes de",DAN7-V19-F02,DAN7-V19-F02-VARIANTS,verified,
DAN7-0048,DANIEL7-12,DAN7,"PDF p.17, Daniel 7:20",fill_blank,hard,guerra contra los santos y justicia,"Según PDF p.17, Daniel 7:20, en el pasaje sobre guerra contra los santos y justicia, complete la formulación del PDF: «Este mismo cuerno tenía ojos y una boca que hablaba con gran _____, y parecía más grande que sus compañeros.»","[""abundancia"", ""apariencia"", ""provincias"", ""insolencia""]",3,insolencia,"El PDF emplea la expresión «insolencia» en este contexto: «boca que hablaba con gran insolencia, y parecía más grande que sus compañeros».","boca que hablaba con gran insolencia, y parecía más grande que sus compañeros",DAN7-V20-F10,DAN7-V20-F10-VARIANTS,verified,
DAN7-0049,DANIEL7-12,DAN7,"PDF p.17, Daniel 7:21",multiple_choice,medium,guerra contra los santos y justicia,"Según PDF p.17, Daniel 7:21, en el pasaje sobre guerra contra los santos y justicia, ¿Cuál opción conserva el dato exacto de la fuente? Marco: «veía yo que este cuerno [DETALLE] guerra contra los santos y los vencía»","[""veía yo que este cuerno decía guerra contra los santos y los vencía"", ""veía yo que este cuerno había guerra contra los santos y los vencía"", ""veía yo que este cuerno hacía guerra contra los santos y los vencía"", ""veía yo que este cuerno salía guerra contra los santos y los vencía""]",2,veía yo que este cuerno hacía guerra contra los santos y los vencía,La opción correcta conserva el detalle «hacía» tal como aparece en la fuente: «veía yo que este cuerno hacía guerra contra los santos y los vencía».,veía yo que este cuerno hacía guerra contra los santos y los vencía,DAN7-V21-F02,DAN7-V21-F02-VARIANTS,verified,
DAN7-0050,DANIEL7-12,DAN7,"PDF p.17, Daniel 7:22",true_false,expert,guerra contra los santos y justicia,"Según PDF p.17, Daniel 7:22, en el pasaje sobre guerra contra los santos y justicia, determine si el detalle entre corchetes hace verdadera o falsa esta afirmación: «hasta que vino el Anciano de días, y se hizo justicia a los ⟦santos del Altísimo⟧»","[""Verdadero"", ""Falso""]",0,Verdadero,La afirmación coincide con el PDF: «se hizo justicia a los santos del Altísimo».,se hizo justicia a los santos del Altísimo,DAN7-V22-F02,DAN7-V22-F02-VARIANTS,verified,
DAN7-0051,DANIEL7-12,DAN7,"PDF p.17, Daniel 7:23",fill_blank,hard,"cuarto reino, cuernos, tiempo y juicio","Según PDF p.17, Daniel 7:23, en el pasaje sobre cuarto reino, cuernos, tiempo y juicio, complete la formulación del PDF: «Dijo así: »“La cuarta bestia será un cuarto reino en la tierra, el cual será diferente de todos los otros reinos, y a toda la tierra devorará, trillará y _____.»","[""despedazará"", ""contristará"", ""fortalecerá"", ""permanecerá""]",0,despedazará,"El PDF emplea la expresión «despedazará» en este contexto: «la tierra devorará, trillará y despedazará».","la tierra devorará, trillará y despedazará",DAN7-V23-F02,DAN7-V23-F02-VARIANTS,verified,
DAN7-0052,DANIEL7-12,DAN7,"PDF p.17, Daniel 7:24",multiple_choice,medium,"cuarto reino, cuernos, tiempo y juicio","Según PDF p.17, Daniel 7:24, en el pasaje sobre cuarto reino, cuernos, tiempo y juicio, ¿Cuál opción conserva el dato exacto de la fuente? Marco: «Los diez cuernos [DETALLE] que de aquel reino se levantarán diez»","[""Los diez cuernos buscándolo que de aquel reino se levantarán diez"", ""Los diez cuernos esfuérzate que de aquel reino se levantarán diez"", ""Los diez cuernos humillarte que de aquel reino se levantarán diez"", ""Los diez cuernos significan que de aquel reino se levantarán diez""]",3,Los diez cuernos significan que de aquel reino se levantarán diez,La opción correcta conserva el detalle «significan» tal como aparece en la fuente: «Los diez cuernos significan que de aquel reino se levantarán diez».,Los diez cuernos significan que de aquel reino se levantarán diez,DAN7-V24-F02,DAN7-V24-F02-VARIANTS,verified,
DAN7-0053,DANIEL7-12,DAN7,"PDF p.17, Daniel 7:25",true_false,expert,"cuarto reino, cuernos, tiempo y juicio","Según PDF p.17, Daniel 7:25, en el pasaje sobre cuarto reino, cuernos, tiempo y juicio, determine si el detalle entre corchetes hace verdadera o falsa esta afirmación: «y serán entregados en sus manos hasta ⟦tiempo, tiempos y medio tiempo⟧.»","[""Verdadero"", ""Falso""]",0,Verdadero,"La afirmación coincide con el PDF: «entregados en sus manos hasta tiempo, tiempos y medio tiempo».","entregados en sus manos hasta tiempo, tiempos y medio tiempo",DAN7-V25-F09,DAN7-V25-F09-VARIANTS,verified,
DAN7-0054,DANIEL7-12,DAN7,"PDF p.17, Daniel 7:26",fill_blank,hard,"cuarto reino, cuernos, tiempo y juicio","Según PDF p.17, Daniel 7:26, en el pasaje sobre cuarto reino, cuernos, tiempo y juicio, complete la formulación del PDF: «Pero se sentará el Juez, y le quitarán su dominio, para que sea destruido y _____ hasta el fin,»","[""confiados"", ""arruinado"", ""consumida"", ""depurados""]",1,arruinado,El PDF emplea la expresión «arruinado» en este contexto: «para que sea destruido y arruinado hasta el fin».,para que sea destruido y arruinado hasta el fin,DAN7-V26-F02,DAN7-V26-F02-VARIANTS,verified,
DAN7-0055,DANIEL7-12,DAN7,"PDF p.17, Daniel 7:27",multiple_choice,expert,"cuarto reino, cuernos, tiempo y juicio","Según PDF p.17, Daniel 7:27, en el pasaje sobre cuarto reino, cuernos, tiempo y juicio, ¿Cuál opción mantiene sin alterar el detalle y el orden de la fuente? Marco: «del Altísimo, cuyo reino es [DETALLE], y todos los dominios lo servirán y»","[""del Altísimo, cuyo reino es reino eterno, y todos los dominios lo servirán y"", ""del Altísimo, cuyo reino es cuerno grande, y todos los dominios lo servirán y"", ""del Altísimo, cuyo reino es pacto santo, y todos los dominios lo servirán y"", ""del Altísimo, cuyo reino es cuerno notable, y todos los dominios lo servirán y""]",0,"del Altísimo, cuyo reino es reino eterno, y todos los dominios lo servirán y","La opción correcta conserva el detalle «reino eterno» tal como aparece en la fuente: «del Altísimo, cuyo reino es reino eterno, y todos los dominios lo servirán y».","del Altísimo, cuyo reino es reino eterno, y todos los dominios lo servirán y",DAN7-V27-F02,DAN7-V27-F02-VARIANTS,verified,
DAN7-0056,DANIEL7-12,DAN7,"PDF p.17, Daniel 7:28",true_false,easy,reacción final de Daniel,"Según PDF p.17, Daniel 7:28, en el pasaje sobre reacción final de Daniel, determine si el detalle entre corchetes hace verdadera o falsa esta afirmación: «Aquí fue el fin de sus ⟦palabras⟧.»","[""Verdadero"", ""Falso""]",0,Verdadero,La afirmación coincide con el PDF: «fue el fin de sus palabras».,fue el fin de sus palabras,DAN7-V28-F01,DAN7-V28-F01-VARIANTS,verified,
DAN7-0057,DANIEL7-12,DAN7,"PDF p.16, Daniel 7:1",fill_blank,medium,"año, visión, vientos, mar y cuatro bestias","Según PDF p.16, Daniel 7:1, en el pasaje sobre año, visión, vientos, mar y cuatro bestias, complete la formulación del PDF: «En el _____ año de Belsasar, rey de Babilonia, tuvo Daniel un sueño y visiones de su cabeza mientras estaba en su lecho»","[""cuarto"", ""hombre"", ""primer"", ""rostro""]",2,primer,"El PDF emplea la expresión «primer» en este contexto: «En el primer año de Belsasar, rey de Babilonia, tuvo».","En el primer año de Belsasar, rey de Babilonia, tuvo",DAN7-V1-F02,DAN7-V1-F02-VARIANTS,verified,
DAN7-0058,DANIEL7-12,DAN7,"PDF p.16, Daniel 7:2",multiple_choice,hard,"año, visión, vientos, mar y cuatro bestias","Según PDF p.16, Daniel 7:2, en el pasaje sobre año, visión, vientos, mar y cuatro bestias, ¿Qué opción restituye con precisión la relación descrita? Marco: «los cuatro vientos del cielo [DETALLE] en el gran mar»","[""los cuatro vientos del cielo derramaba en el gran mar"", ""los cuatro vientos del cielo combatían en el gran mar"", ""los cuatro vientos del cielo justicias en el gran mar"", ""los cuatro vientos del cielo pisoteaba en el gran mar""]",1,los cuatro vientos del cielo combatían en el gran mar,La opción correcta conserva el detalle «combatían» tal como aparece en la fuente: «los cuatro vientos del cielo combatían en el gran mar».,los cuatro vientos del cielo combatían en el gran mar,DAN7-V2-F03,DAN7-V2-F03-VARIANTS,verified,
DAN7-0059,DANIEL7-12,DAN7,"PDF p.16, Daniel 7:3",true_false,hard,"año, visión, vientos, mar y cuatro bestias","Según PDF p.16, Daniel 7:3, en el pasaje sobre año, visión, vientos, mar y cuatro bestias, determine si el detalle entre corchetes hace verdadera o falsa esta afirmación: «Y cuatro ⟦estaban⟧ grandes, diferentes la una de la otra, subían del mar.»","[""Verdadero"", ""Falso""]",1,Falso,"La afirmación cambia «bestias». La corrección exacta es: «Y cuatro bestias grandes, diferentes la una de la otra, subían del mar.»","Y cuatro bestias grandes, diferentes la una de la otra",DAN7-V3-F03,DAN7-V3-F03-VARIANTS,verified,"Y cuatro bestias grandes, diferentes la una de la otra, subían del mar."
DAN7-0060,DANIEL7-12,DAN7,"PDF p.16, Daniel 7:4",fill_blank,medium,primera bestia,"Según PDF p.16, Daniel 7:4, en el pasaje sobre primera bestia, complete la formulación del PDF: «Yo estaba mirando hasta que sus alas le fueron _____»","[""arrancados"", ""convertido"", ""destrozado"", ""arrancadas""]",3,arrancadas,El PDF emplea la expresión «arrancadas» en este contexto: «que sus alas le fueron arrancadas».,que sus alas le fueron arrancadas,DAN7-V4-F04,DAN7-V4-F04-VARIANTS,verified,
DAN7-0061,DANIEL7-12,DAN7,"PDF p.16, Daniel 7:5",multiple_choice,medium,segunda bestia,"Según PDF p.16, Daniel 7:5, en el pasaje sobre segunda bestia, ¿Cuál opción conserva el dato exacto de la fuente? Marco: «y se le dijo: “[DETALLE] y devora mucha carne»","[""y se le dijo: “Aconteció y devora mucha carne"", ""y se le dijo: “asoladora y devora mucha carne"", ""y se le dijo: “Levántate y devora mucha carne"", ""y se le dijo: “diferente y devora mucha carne""]",2,y se le dijo: “Levántate y devora mucha carne,La opción correcta conserva el detalle «Levántate» tal como aparece en la fuente: «y se le dijo: “Levántate y devora mucha carne».,y se le dijo: “Levántate y devora mucha carne,DAN7-V5-F10,DAN7-V5-F10-VARIANTS,verified,
DAN7-0062,DANIEL7-12,DAN7,"PDF p.16, Daniel 7:6",true_false,medium,tercera bestia,"Según PDF p.16, Daniel 7:6, en el pasaje sobre tercera bestia, determine si el detalle entre corchetes hace verdadera o falsa esta afirmación: «Después de esto miré, y vi otra, ⟦semejante⟧ a un leopardo, con cuatro alas de ave en sus espaldas.»","[""Verdadero"", ""Falso""]",0,Verdadero,"La afirmación coincide con el PDF: «esto miré, y vi otra, semejante a un leopardo, con cuatro alas de».","esto miré, y vi otra, semejante a un leopardo, con cuatro alas de",DAN7-V6-F02,DAN7-V6-F02-VARIANTS,verified,
DAN7-0063,DANIEL7-12,DAN7,"PDF p.16, Daniel 7:7",fill_blank,hard,cuarta bestia y cuerno pequeño,"Según PDF p.16, Daniel 7:7, en el pasaje sobre cuarta bestia y cuerno pequeño, complete la formulación del PDF: «devoraba y _____, pisoteaba las sobras con sus pies, y era muy diferente de todas las bestias que había visto antes de ella»","[""desmenuzaba"", ""consideraba"", ""contemplaba"", ""engrandecía""]",0,desmenuzaba,"El PDF emplea la expresión «desmenuzaba» en este contexto: «devoraba y desmenuzaba, pisoteaba las sobras con sus pies, y».","devoraba y desmenuzaba, pisoteaba las sobras con sus pies, y",DAN7-V7-F13,DAN7-V7-F13-VARIANTS,verified,
DAN7-0064,DANIEL7-12,DAN7,"PDF p.16, Daniel 7:8",multiple_choice,hard,cuarta bestia y cuerno pequeño,"Según PDF p.16, Daniel 7:8, en el pasaje sobre cuarta bestia y cuerno pequeño, ¿Qué opción restituye con precisión la relación descrita? Marco: «y delante de él fueron [DETALLE] tres cuernos de los primeros»","[""y delante de él fueron arrancadas tres cuernos de los primeros"", ""y delante de él fueron convertido tres cuernos de los primeros"", ""y delante de él fueron destrozado tres cuernos de los primeros"", ""y delante de él fueron arrancados tres cuernos de los primeros""]",3,y delante de él fueron arrancados tres cuernos de los primeros,La opción correcta conserva el detalle «arrancados» tal como aparece en la fuente: «y delante de él fueron arrancados tres cuernos de los primeros».,y delante de él fueron arrancados tres cuernos de los primeros,DAN7-V8-F03,DAN7-V8-F03-VARIANTS,verified,
DAN7-0065,DANIEL7-12,DAN7,"PDF p.16, Daniel 7:9",true_false,hard,"Anciano de días, juicio y bestias","Según PDF p.16, Daniel 7:9, en el pasaje sobre Anciano de días, juicio y bestias, determine si el detalle entre corchetes hace verdadera o falsa esta afirmación: «el pelo de su cabeza, como ⟦lana limpia⟧»","[""Verdadero"", ""Falso""]",0,Verdadero,"La afirmación coincide con el PDF: «pelo de su cabeza, como lana limpia».","pelo de su cabeza, como lana limpia",DAN7-V9-F10,DAN7-V9-F10-VARIANTS,verified,
DAN7-0066,DANIEL7-12,DAN7,"PDF p.16, Daniel 7:10",fill_blank,expert,"Anciano de días, juicio y bestias","Según PDF p.16, Daniel 7:10, en el pasaje sobre Anciano de días, juicio y bestias, complete la formulación del PDF: «miles de miles lo servían, y _____ estaban delante de él.»","[""cuatro alas de ave"", ""millones de millones"", ""cuatro vientos del cielo"", ""setenta semanas""]",1,millones de millones,"El PDF emplea la expresión «millones de millones» en este contexto: «de miles lo servían, y millones de millones estaban delante de él».","de miles lo servían, y millones de millones estaban delante de él",DAN7-V10-F06,DAN7-V10-F06-VARIANTS,verified,
DAN7-0067,DANIEL7-12,DAN7,"PDF p.16, Daniel 7:11",multiple_choice,hard,"Anciano de días, juicio y bestias","Según PDF p.16, Daniel 7:11, en el pasaje sobre Anciano de días, juicio y bestias, ¿Qué opción restituye con precisión la relación descrita? Marco: «su cuerpo fue destrozado y [DETALLE] para quemarlo en el fuego»","[""su cuerpo fue destrozado y entregado para quemarlo en el fuego"", ""su cuerpo fue destrozado y arruinado para quemarlo en el fuego"", ""su cuerpo fue destrozado y confiados para quemarlo en el fuego"", ""su cuerpo fue destrozado y consumida para quemarlo en el fuego""]",0,su cuerpo fue destrozado y entregado para quemarlo en el fuego,La opción correcta conserva el detalle «entregado» tal como aparece en la fuente: «su cuerpo fue destrozado y entregado para quemarlo en el fuego».,su cuerpo fue destrozado y entregado para quemarlo en el fuego,DAN7-V11-F10,DAN7-V11-F10-VARIANTS,verified,
DAN7-0068,DANIEL7-12,DAN7,"PDF p.16, Daniel 7:12",true_false,hard,"Anciano de días, juicio y bestias","Según PDF p.16, Daniel 7:12, en el pasaje sobre Anciano de días, juicio y bestias, determine si el detalle entre corchetes hace verdadera o falsa esta afirmación: «También a las otras ⟦estaban⟧ les habían quitado su dominio, pero les había sido prolongada la vida hasta cierto tiempo.»","[""Verdadero"", ""Falso""]",1,Falso,"La afirmación cambia «bestias». La corrección exacta es: «También a las otras bestias les habían quitado su dominio, pero les había sido prolongada la vida hasta cierto tiempo.»","También a las otras bestias les habían quitado su dominio, pero les",DAN7-V12-F03,DAN7-V12-F03-VARIANTS,verified,"También a las otras bestias les habían quitado su dominio, pero les había sido prolongada la vida hasta cierto tiempo."
DAN7-0069,DANIEL7-12,DAN7,"PDF p.17, Daniel 7:13",fill_blank,medium,Hijo del Hombre y reino eterno,"Según PDF p.17, Daniel 7:13, en el pasaje sobre Hijo del Hombre y reino eterno, complete la formulación del PDF: «vino hasta el Anciano de días, y lo hicieron _____ delante de él.»","[""cumplirse"", ""enfrentar"", ""acercarse"", ""prosperar""]",2,acercarse,"El PDF emplea la expresión «acercarse» en este contexto: «de días, y lo hicieron acercarse delante de él».","de días, y lo hicieron acercarse delante de él",DAN7-V13-F09,DAN7-V13-F09-VARIANTS,verified,
DAN7-0070,DANIEL7-12,DAN7,"PDF p.17, Daniel 7:14",multiple_choice,medium,Hijo del Hombre y reino eterno,"Según PDF p.17, Daniel 7:14, en el pasaje sobre Hijo del Hombre y reino eterno, ¿Cuál opción conserva el dato exacto de la fuente? Marco: «es uno que nunca será [DETALLE]»","[""es uno que nunca será arruinado"", ""es uno que nunca será destruido"", ""es uno que nunca será confiados"", ""es uno que nunca será consumida""]",1,es uno que nunca será destruido,La opción correcta conserva el detalle «destruido» tal como aparece en la fuente: «es uno que nunca será destruido».,es uno que nunca será destruido,DAN7-V14-F11,DAN7-V14-F11-VARIANTS,verified,
DAN7-0071,DANIEL7-12,DAN7,"PDF p.17, Daniel 7:15",true_false,medium,estado de Daniel e interpretación,"Según PDF p.17, Daniel 7:15, en el pasaje sobre estado de Daniel e interpretación, determine si el detalle entre corchetes hace verdadera o falsa esta afirmación: «A mí, Daniel, se me turbó el ⟦espíritu⟧ hasta lo más hondo de mi ser, y las visiones de mi cabeza me asombraron.»","[""Verdadero"", ""Falso""]",0,Verdadero,"La afirmación coincide con el PDF: «Daniel, se me turbó el espíritu hasta lo más hondo de mi ser».","Daniel, se me turbó el espíritu hasta lo más hondo de mi ser",DAN7-V15-F03,DAN7-V15-F03-VARIANTS,verified,
DAN7-0072,DANIEL7-12,DAN7,"PDF p.17, Daniel 7:16",fill_blank,medium,estado de Daniel e interpretación,"Según PDF p.17, Daniel 7:16, en el pasaje sobre estado de Daniel e interpretación, complete la formulación del PDF: «Me acerqué a uno de los que allí estaban y le _____ la verdad acerca de todo aquello.»","[""entiende"", ""poderoso"", ""príncipe"", ""pregunté""]",3,pregunté,El PDF emplea la expresión «pregunté» en este contexto: «que allí estaban y le pregunté la verdad acerca de todo aquello».,que allí estaban y le pregunté la verdad acerca de todo aquello,DAN7-V16-F02,DAN7-V16-F02-VARIANTS,verified,
DAN7-0073,DANIEL7-12,DAN7,"PDF p.17, Daniel 7:17",multiple_choice,medium,estado de Daniel e interpretación,"Según PDF p.17, Daniel 7:17, en el pasaje sobre estado de Daniel e interpretación, ¿Cuál opción conserva el dato exacto de la fuente? Marco: «Estas cuatro [DETALLE] bestias son cuatro reyes que se levantarán»","[""Estas cuatro después bestias son cuatro reyes que se levantarán"", ""Estas cuatro mañanas bestias son cuatro reyes que se levantarán"", ""Estas cuatro grandes bestias son cuatro reyes que se levantarán"", ""Estas cuatro puestos bestias son cuatro reyes que se levantarán""]",2,Estas cuatro grandes bestias son cuatro reyes que se levantarán,La opción correcta conserva el detalle «grandes» tal como aparece en la fuente: «Estas cuatro grandes bestias son cuatro reyes que se levantarán».,Estas cuatro grandes bestias son cuatro reyes que se levantarán,DAN7-V17-F03,DAN7-V17-F03-VARIANTS,verified,
DAN7-0074,DANIEL7-12,DAN7,"PDF p.17, Daniel 7:18",true_false,hard,estado de Daniel e interpretación,"Según PDF p.17, Daniel 7:18, en el pasaje sobre estado de Daniel e interpretación, determine si el detalle entre corchetes hace verdadera o falsa esta afirmación: «Después ⟦apoderará⟧ el reino los santos del Altísimo, y poseerán el reino hasta el siglo, eternamente y para siempre.”»","[""Verdadero"", ""Falso""]",1,Falso,"La afirmación cambia «recibirán». La corrección exacta es: «Después recibirán el reino los santos del Altísimo, y poseerán el reino hasta el siglo, eternamente y para siempre.”»","Después recibirán el reino los santos del Altísimo, y",DAN7-V18-F03,DAN7-V18-F03-VARIANTS,verified,"Después recibirán el reino los santos del Altísimo, y poseerán el reino hasta el siglo, eternamente y para siempre.”"
DAN7-0075,DANIEL7-12,DAN7,"PDF p.17, Daniel 7:19",fill_blank,expert,guerra contra los santos y justicia,"Según PDF p.17, Daniel 7:19, en el pasaje sobre guerra contra los santos y justicia, complete la formulación del PDF: «Entonces tuve deseo de saber la verdad acerca de la cuarta bestia, que era tan diferente de todas las otras, espantosa en gran manera, que tenía dientes de hierro y uñas de bronce, que devoraba y _____, y pisoteaba las sobras con sus pies;»","[""desmenuzaba"", ""consideraba"", ""contemplaba"", ""engrandecía""]",0,desmenuzaba,"El PDF emplea la expresión «desmenuzaba» en este contexto: «de bronce, que devoraba y desmenuzaba, y pisoteaba las sobras con sus pies».","de bronce, que devoraba y desmenuzaba, y pisoteaba las sobras con sus pies",DAN7-V19-F03,DAN7-V19-F03-VARIANTS,verified,
DAN7-0076,DANIEL7-12,DAN7,"PDF p.17, Daniel 7:20",multiple_choice,hard,guerra contra los santos y justicia,"Según PDF p.17, Daniel 7:20, en el pasaje sobre guerra contra los santos y justicia, ¿Qué opción restituye con precisión la relación descrita? Marco: «parecía más grande que sus [DETALLE]»","[""parecía más grande que sus entendidos"", ""parecía más grande que sus habitantes"", ""parecía más grande que sus violadores"", ""parecía más grande que sus compañeros""]",3,parecía más grande que sus compañeros,La opción correcta conserva el detalle «compañeros» tal como aparece en la fuente: «parecía más grande que sus compañeros».,parecía más grande que sus compañeros,DAN7-V20-F11,DAN7-V20-F11-VARIANTS,verified,
DAN7-0077,DANIEL7-12,DAN7,"PDF p.17, Daniel 7:21",true_false,easy,guerra contra los santos y justicia,"Según PDF p.17, Daniel 7:21, en el pasaje sobre guerra contra los santos y justicia, determine si el detalle entre corchetes hace verdadera o falsa esta afirmación: «Y veía yo que este cuerno hacía ⟦guerra⟧ contra los santos y los vencía,»","[""Verdadero"", ""Falso""]",0,Verdadero,La afirmación coincide con el PDF: «yo que este cuerno hacía guerra contra los santos y los vencía».,yo que este cuerno hacía guerra contra los santos y los vencía,DAN7-V21-F03,DAN7-V21-F03-VARIANTS,verified,
DAN7-0078,DANIEL7-12,DAN7,"PDF p.17, Daniel 7:22",fill_blank,medium,guerra contra los santos y justicia,"Según PDF p.17, Daniel 7:22, en el pasaje sobre guerra contra los santos y justicia, complete la formulación del PDF: «y llegó el tiempo, y los santos _____ el reino.»","[""asombraron"", ""recibieron"", ""conocieron"", ""cumplieron""]",1,recibieron,"El PDF emplea la expresión «recibieron» en este contexto: «el tiempo, y los santos recibieron el reino».","el tiempo, y los santos recibieron el reino",DAN7-V22-F04,DAN7-V22-F04-VARIANTS,verified,
DAN7-0079,DANIEL7-12,DAN7,"PDF p.17, Daniel 7:23",multiple_choice,hard,"cuarto reino, cuernos, tiempo y juicio","Según PDF p.17, Daniel 7:23, en el pasaje sobre cuarto reino, cuernos, tiempo y juicio, ¿Qué opción restituye con precisión la relación descrita? Marco: «Dijo así: »“La [DETALLE] bestia será un cuarto reino en la»","[""Dijo así: »“La cuarta bestia será un cuarto reino en la"", ""Dijo así: »“La nación bestia será un cuarto reino en la"", ""Dijo así: »“La ribera bestia será un cuarto reino en la"", ""Dijo así: »“La salida bestia será un cuarto reino en la""]",0,Dijo así: »“La cuarta bestia será un cuarto reino en la,La opción correcta conserva el detalle «cuarta» tal como aparece en la fuente: «Dijo así: »“La cuarta bestia será un cuarto reino en la».,Dijo así: »“La cuarta bestia será un cuarto reino en la,DAN7-V23-F03,DAN7-V23-F03-VARIANTS,verified,
DAN7-0080,DANIEL7-12,DAN7,"PDF p.17, Daniel 7:24",true_false,medium,"cuarto reino, cuernos, tiempo y juicio","Según PDF p.17, Daniel 7:24, en el pasaje sobre cuarto reino, cuernos, tiempo y juicio, determine si el detalle entre corchetes hace verdadera o falsa esta afirmación: «Los diez cuernos significan que de aquel reino se ⟦levantarán⟧ diez reyes»","[""Verdadero"", ""Falso""]",0,Verdadero,La afirmación coincide con el PDF: «que de aquel reino se levantarán diez reyes».,que de aquel reino se levantarán diez reyes,DAN7-V24-F03,DAN7-V24-F03-VARIANTS,verified,
DAN7-0081,DANIEL7-12,DAN7,"PDF p.17, Daniel 7:25",fill_blank,hard,"cuarto reino, cuernos, tiempo y juicio","Según PDF p.17, Daniel 7:25, en el pasaje sobre cuarto reino, cuernos, tiempo y juicio, complete la formulación del PDF: «Hablará palabras contra el Altísimo, a los santos del Altísimo _____ y pensará en cambiar los tiempos y la Ley»","[""contristará"", ""despedazará"", ""quebrantará"", ""fortalecerá""]",2,quebrantará,El PDF emplea la expresión «quebrantará» en este contexto: «a los santos del Altísimo quebrantará y pensará en cambiar los tiempos y».,a los santos del Altísimo quebrantará y pensará en cambiar los tiempos y,DAN7-V25-F02,DAN7-V25-F02-VARIANTS,verified,
DAN7-0082,DANIEL7-12,DAN7,"PDF p.17, Daniel 7:26",multiple_choice,hard,"cuarto reino, cuernos, tiempo y juicio","Según PDF p.17, Daniel 7:26, en el pasaje sobre cuarto reino, cuernos, tiempo y juicio, ¿Qué opción restituye con precisión la relación descrita? Marco: «Pero se [DETALLE] el Juez, y le quitarán su dominio»","[""Pero se elevará el Juez, y le quitarán su dominio"", ""Pero se sentará el Juez, y le quitarán su dominio"", ""Pero se entrará el Juez, y le quitarán su dominio"", ""Pero se hablará el Juez, y le quitarán su dominio""]",1,"Pero se sentará el Juez, y le quitarán su dominio","La opción correcta conserva el detalle «sentará» tal como aparece en la fuente: «Pero se sentará el Juez, y le quitarán su dominio».","Pero se sentará el Juez, y le quitarán su dominio",DAN7-V26-F03,DAN7-V26-F03-VARIANTS,verified,
DAN7-0083,DANIEL7-12,DAN7,"PDF p.17, Daniel 7:27",true_false,expert,"cuarto reino, cuernos, tiempo y juicio","Según PDF p.17, Daniel 7:27, en el pasaje sobre cuarto reino, cuernos, tiempo y juicio, determine si el detalle entre corchetes hace verdadera o falsa esta afirmación: «y que el reino, el dominio y la majestad de los reinos debajo de todo el cielo sean dados al pueblo de los santos del Altísimo, cuyo reino es reino eterno, y todos los dominios lo servirán y ⟦obedecerán⟧.”»","[""Verdadero"", ""Falso""]",0,Verdadero,La afirmación coincide con el PDF: «los dominios lo servirán y obedecerán».,los dominios lo servirán y obedecerán,DAN7-V27-F03,DAN7-V27-F03-VARIANTS,verified,
DAN7-0084,DANIEL7-12,DAN7,"PDF p.17, Daniel 7:28",fill_blank,medium,reacción final de Daniel,"Según PDF p.17, Daniel 7:28, en el pasaje sobre reacción final de Daniel, complete la formulación del PDF: «En cuanto a mí, Daniel, mis pensamientos me _____ y mi rostro se demudó»","[""cambiaron"", ""sacaste"", ""asombraron"", ""turbaron""]",3,turbaron,"El PDF emplea la expresión «turbaron» en este contexto: «mí, Daniel, mis pensamientos me turbaron y mi rostro se demudó».","mí, Daniel, mis pensamientos me turbaron y mi rostro se demudó",DAN7-V28-F03,DAN7-V28-F03-VARIANTS,verified,
DAN7-0085,DANIEL7-12,DAN7,"PDF p.16, Daniel 7:1",multiple_choice,easy,"año, visión, vientos, mar y cuatro bestias","Según PDF p.16, Daniel 7:1, en el pasaje sobre año, visión, vientos, mar y cuatro bestias, ¿Qué expresión completa correctamente el detalle señalado? Marco: «En el primer año de [DETALLE], rey de Babilonia, tuvo Daniel un sueño»","[""En el primer año de Abed-nego, rey de Babilonia, tuvo Daniel un sueño"", ""En el primer año de Beltsasar, rey de Babilonia, tuvo Daniel un sueño"", ""En el primer año de Belsasar, rey de Babilonia, tuvo Daniel un sueño"", ""En el primer año de Gabriel, rey de Babilonia, tuvo Daniel un sueño""]",2,"En el primer año de Belsasar, rey de Babilonia, tuvo Daniel un sueño","La opción correcta conserva el detalle «Belsasar» tal como aparece en la fuente: «En el primer año de Belsasar, rey de Babilonia, tuvo Daniel un sueño».","En el primer año de Belsasar, rey de Babilonia, tuvo Daniel un sueño",DAN7-V1-F03,DAN7-V1-F03-VARIANTS,verified,
DAN7-0086,DANIEL7-12,DAN7,"PDF p.16, Daniel 7:2",true_false,hard,"año, visión, vientos, mar y cuatro bestias","Según PDF p.16, Daniel 7:2, en el pasaje sobre año, visión, vientos, mar y cuatro bestias, determine si el detalle entre corchetes hace verdadera o falsa esta afirmación: «Daniel dijo: «⟦bestia⟧ yo en mi visión de noche, y vi que los cuatro vientos del cielo combatían en el gran mar.»","[""Verdadero"", ""Falso""]",1,Falso,"La afirmación cambia «Miraba». La corrección exacta es: «Daniel dijo: «Miraba yo en mi visión de noche, y vi que los cuatro vientos del cielo combatían en el gran mar.»","Daniel dijo: «Miraba yo en mi visión de noche, y",DAN7-V2-F04,DAN7-V2-F04-VARIANTS,verified,"Daniel dijo: «Miraba yo en mi visión de noche, y vi que los cuatro vientos del cielo combatían en el gran mar."
DAN7-0087,DANIEL7-12,DAN7,"PDF p.16, Daniel 7:3",fill_blank,easy,"año, visión, vientos, mar y cuatro bestias","Según PDF p.16, Daniel 7:3, en el pasaje sobre año, visión, vientos, mar y cuatro bestias, complete la formulación del PDF: «Y cuatro bestias _____, diferentes la una de la otra, subían del mar.»","[""grandes"", ""después"", ""mañanas"", ""puestos""]",0,grandes,"El PDF emplea la expresión «grandes» en este contexto: «Y cuatro bestias grandes, diferentes la una de la otra, subían».","Y cuatro bestias grandes, diferentes la una de la otra, subían",DAN7-V3-F04,DAN7-V3-F04-VARIANTS,verified,
DAN7-0088,DANIEL7-12,DAN7,"PDF p.16, Daniel 7:4",multiple_choice,hard,primera bestia,"Según PDF p.16, Daniel 7:4, en el pasaje sobre primera bestia, ¿Qué opción restituye con precisión la relación descrita? Marco: «fue [DETALLE] del suelo y se puso enhiesta sobre»","[""fue arruinado del suelo y se puso enhiesta sobre"", ""fue confiados del suelo y se puso enhiesta sobre"", ""fue consumida del suelo y se puso enhiesta sobre"", ""fue levantada del suelo y se puso enhiesta sobre""]",3,fue levantada del suelo y se puso enhiesta sobre,La opción correcta conserva el detalle «levantada» tal como aparece en la fuente: «fue levantada del suelo y se puso enhiesta sobre».,fue levantada del suelo y se puso enhiesta sobre,DAN7-V4-F09,DAN7-V4-F09-VARIANTS,verified,
DAN7-0089,DANIEL7-12,DAN7,"PDF p.16, Daniel 7:5",true_false,medium,segunda bestia,"Según PDF p.16, Daniel 7:5, en el pasaje sobre segunda bestia, determine si el detalle entre corchetes hace verdadera o falsa esta afirmación: «Vi luego una ⟦segunda⟧ bestia, semejante a un oso, la cual se alzaba de un costado más que del otro.»","[""Verdadero"", ""Falso""]",0,Verdadero,"La afirmación coincide con el PDF: «Vi luego una segunda bestia, semejante a un oso, la cual».","Vi luego una segunda bestia, semejante a un oso, la cual",DAN7-V5-F02,DAN7-V5-F02-VARIANTS,verified,
DAN7-0090,DANIEL7-12,DAN7,"PDF p.16, Daniel 7:6",fill_blank,medium,tercera bestia,"Según PDF p.16, Daniel 7:6, en el pasaje sobre tercera bestia, complete la formulación del PDF: «Después de esto miré, y vi otra, semejante a un _____, con cuatro alas de ave en sus espaldas.»","[""ejército"", ""leopardo"", ""espíritu"", ""perdonar""]",1,leopardo,"El PDF emplea la expresión «leopardo» en este contexto: «vi otra, semejante a un leopardo, con cuatro alas de ave en sus».","vi otra, semejante a un leopardo, con cuatro alas de ave en sus",DAN7-V6-F03,DAN7-V6-F03-VARIANTS,verified,
DAN7-0091,DANIEL7-12,DAN7,"PDF p.16, Daniel 7:7",multiple_choice,hard,cuarta bestia y cuerno pequeño,"Según PDF p.16, Daniel 7:7, en el pasaje sobre cuarta bestia y cuerno pequeño, ¿Qué opción restituye con precisión la relación descrita? Marco: «devoraba y desmenuzaba, [DETALLE] las sobras con sus pies, y era»","[""devoraba y desmenuzaba, pisoteaba las sobras con sus pies, y era"", ""devoraba y desmenuzaba, combatían las sobras con sus pies, y era"", ""devoraba y desmenuzaba, derramaba las sobras con sus pies, y era"", ""devoraba y desmenuzaba, justicias las sobras con sus pies, y era""]",0,"devoraba y desmenuzaba, pisoteaba las sobras con sus pies, y era","La opción correcta conserva el detalle «pisoteaba» tal como aparece en la fuente: «devoraba y desmenuzaba, pisoteaba las sobras con sus pies, y era».","devoraba y desmenuzaba, pisoteaba las sobras con sus pies, y era",DAN7-V7-F14,DAN7-V7-F14-VARIANTS,verified,
DAN7-0092,DANIEL7-12,DAN7,"PDF p.16, Daniel 7:8",true_false,hard,cuarta bestia y cuerno pequeño,"Según PDF p.16, Daniel 7:8, en el pasaje sobre cuarta bestia y cuerno pequeño, determine si el detalle entre corchetes hace verdadera o falsa esta afirmación: «Este cuerno tenía ojos como de hombre y una boca que hablaba con gran ⟦abundancia⟧.»","[""Verdadero"", ""Falso""]",1,Falso,La afirmación cambia «insolencia». La corrección exacta es: «Este cuerno tenía ojos como de hombre y una boca que hablaba con gran insolencia.»,boca que hablaba con gran insolencia,DAN7-V8-F09,DAN7-V8-F09-VARIANTS,verified,Este cuerno tenía ojos como de hombre y una boca que hablaba con gran insolencia.
DAN7-0093,DANIEL7-12,DAN7,"PDF p.16, Daniel 7:9",fill_blank,easy,"Anciano de días, juicio y bestias","Según PDF p.16, Daniel 7:9, en el pasaje sobre Anciano de días, juicio y bestias, complete la formulación del PDF: «Estuve mirando hasta que _____ puestos unos tronos y se sentó un Anciano de días.»","[""cabrío"", ""cierra"", ""fueron"", ""creció""]",2,fueron,El PDF emplea la expresión «fueron» en este contexto: «Estuve mirando hasta que fueron puestos unos tronos y se sentó un».,Estuve mirando hasta que fueron puestos unos tronos y se sentó un,DAN7-V9-F02,DAN7-V9-F02-VARIANTS,verified,
DAN7-0094,DANIEL7-12,DAN7,"PDF p.16, Daniel 7:10",multiple_choice,medium,"Anciano de días, juicio y bestias","Según PDF p.16, Daniel 7:10, en el pasaje sobre Anciano de días, juicio y bestias, ¿Cuál opción conserva el dato exacto de la fuente? Marco: «Un río de fuego [DETALLE] y salía de delante de él»","[""Un río de fuego justicia y salía de delante de él"", ""Un río de fuego procedía y salía de delante de él"", ""Un río de fuego bestias y salía de delante de él"", ""Un río de fuego combatían y salía de delante de él""]",1,Un río de fuego procedía y salía de delante de él,La opción correcta conserva el detalle «procedía» tal como aparece en la fuente: «Un río de fuego procedía y salía de delante de él».,Un río de fuego procedía y salía de delante de él,DAN7-V10-F02,DAN7-V10-F02-VARIANTS,verified,
DAN7-0095,DANIEL7-12,DAN7,"PDF p.16, Daniel 7:11",true_false,hard,"Anciano de días, juicio y bestias","Según PDF p.16, Daniel 7:11, en el pasaje sobre Anciano de días, juicio y bestias, determine si el detalle entre corchetes hace verdadera o falsa esta afirmación: «Yo entonces ⟦bestia⟧ a causa del sonido de las grandes insolencias que hablaba el cuerno»","[""Verdadero"", ""Falso""]",1,Falso,La afirmación cambia «miraba». La corrección exacta es: «Yo entonces miraba a causa del sonido de las grandes insolencias que hablaba el cuerno»,Yo entonces miraba a causa del sonido de las grandes,DAN7-V11-F02,DAN7-V11-F02-VARIANTS,verified,Yo entonces miraba a causa del sonido de las grandes insolencias que hablaba el cuerno
DAN7-0096,DANIEL7-12,DAN7,"PDF p.16, Daniel 7:12",fill_blank,medium,"Anciano de días, juicio y bestias","Según PDF p.16, Daniel 7:12, en el pasaje sobre Anciano de días, juicio y bestias, complete la formulación del PDF: «También a las otras bestias les _____ quitado su dominio, pero les había sido prolongada la vida hasta cierto tiempo.»","[""bestia"", ""estaba"", ""Miraba"", ""habían""]",3,habían,"El PDF emplea la expresión «habían» en este contexto: «a las otras bestias les habían quitado su dominio, pero les había sido».","a las otras bestias les habían quitado su dominio, pero les había sido",DAN7-V12-F04,DAN7-V12-F04-VARIANTS,verified,
DAN7-0097,DANIEL7-12,DAN7,"PDF p.17, Daniel 7:13",multiple_choice,medium,Hijo del Hombre y reino eterno,"Según PDF p.17, Daniel 7:13, en el pasaje sobre Hijo del Hombre y reino eterno, ¿Cuál opción conserva el dato exacto de la fuente? Marco: «Miraba yo en la [DETALLE] de la noche, y vi que con»","[""Miraba yo en la cuarta de la noche, y vi que con"", ""Miraba yo en la nación de la noche, y vi que con"", ""Miraba yo en la visión de la noche, y vi que con"", ""Miraba yo en la ribera de la noche, y vi que con""]",2,"Miraba yo en la visión de la noche, y vi que con","La opción correcta conserva el detalle «visión» tal como aparece en la fuente: «Miraba yo en la visión de la noche, y vi que con».","Miraba yo en la visión de la noche, y vi que con",DAN7-V13-F02,DAN7-V13-F02-VARIANTS,verified,
DAN7-0098,DANIEL7-12,DAN7,"PDF p.17, Daniel 7:14",true_false,hard,Hijo del Hombre y reino eterno,"Según PDF p.17, Daniel 7:14, en el pasaje sobre Hijo del Hombre y reino eterno, determine si el detalle entre corchetes hace verdadera o falsa esta afirmación: «Y le fue dado ⟦conmigo⟧, gloria y reino, para que todos los pueblos, naciones y lenguas lo sirvieran»","[""Verdadero"", ""Falso""]",1,Falso,"La afirmación cambia «dominio». La corrección exacta es: «Y le fue dado dominio, gloria y reino, para que todos los pueblos, naciones y lenguas lo sirvieran»","Y le fue dado dominio, gloria y reino, para que todos los",DAN7-V14-F02,DAN7-V14-F02-VARIANTS,verified,"Y le fue dado dominio, gloria y reino, para que todos los pueblos, naciones y lenguas lo sirvieran"
DAN7-0099,DANIEL7-12,DAN7,"PDF p.17, Daniel 7:15",fill_blank,medium,estado de Daniel e interpretación,"Según PDF p.17, Daniel 7:15, en el pasaje sobre estado de Daniel e interpretación, complete la formulación del PDF: «A mí, Daniel, se me turbó el espíritu hasta lo más _____ de mi ser, y las visiones de mi cabeza me asombraron.»","[""hondo"", ""ahora"", ""causa"", ""cerca""]",0,hondo,"El PDF emplea la expresión «hondo» en este contexto: «el espíritu hasta lo más hondo de mi ser, y las visiones de».","el espíritu hasta lo más hondo de mi ser, y las visiones de",DAN7-V15-F04,DAN7-V15-F04-VARIANTS,verified,
DAN7-0100,DANIEL7-12,DAN7,"PDF p.17, Daniel 7:16",multiple_choice,medium,estado de Daniel e interpretación,"Según PDF p.17, Daniel 7:16, en el pasaje sobre estado de Daniel e interpretación, ¿Cuál opción conserva el dato exacto de la fuente? Marco: «estaban y le pregunté la [DETALLE] acerca de todo aquello»","[""estaban y le pregunté la cuarta acerca de todo aquello"", ""estaban y le pregunté la nación acerca de todo aquello"", ""estaban y le pregunté la ribera acerca de todo aquello"", ""estaban y le pregunté la verdad acerca de todo aquello""]",3,estaban y le pregunté la verdad acerca de todo aquello,La opción correcta conserva el detalle «verdad» tal como aparece en la fuente: «estaban y le pregunté la verdad acerca de todo aquello».,estaban y le pregunté la verdad acerca de todo aquello,DAN7-V16-F03,DAN7-V16-F03-VARIANTS,verified,
DAN7-0101,DANIEL7-12,DAN7,"PDF p.17, Daniel 7:17",true_false,hard,estado de Daniel e interpretación,"Según PDF p.17, Daniel 7:17, en el pasaje sobre estado de Daniel e interpretación, determine si el detalle entre corchetes hace verdadera o falsa esta afirmación: «“Estas cuatro grandes ⟦estaban⟧ son cuatro reyes que se levantarán en la tierra.»","[""Verdadero"", ""Falso""]",1,Falso,La afirmación cambia «bestias». La corrección exacta es: «“Estas cuatro grandes bestias son cuatro reyes que se levantarán en la tierra.»,Estas cuatro grandes bestias son cuatro reyes que se levantarán en,DAN7-V17-F04,DAN7-V17-F04-VARIANTS,verified,“Estas cuatro grandes bestias son cuatro reyes que se levantarán en la tierra.
DAN7-0102,DANIEL7-12,DAN7,"PDF p.17, Daniel 7:18",fill_blank,hard,estado de Daniel e interpretación,"Según PDF p.17, Daniel 7:18, en el pasaje sobre estado de Daniel e interpretación, complete la formulación del PDF: «Después recibirán el reino los santos del Altísimo, y _____ el reino hasta el siglo, eternamente y para siempre.”»","[""cumplirá"", ""poseerán"", ""dominará"", ""engañará""]",1,poseerán,"El PDF emplea la expresión «poseerán» en este contexto: «los santos del Altísimo, y poseerán el reino hasta el siglo, eternamente y».","los santos del Altísimo, y poseerán el reino hasta el siglo, eternamente y",DAN7-V18-F04,DAN7-V18-F04-VARIANTS,verified,
DAN7-0103,DANIEL7-12,DAN7,"PDF p.17, Daniel 7:19",multiple_choice,expert,guerra contra los santos y justicia,"Según PDF p.17, Daniel 7:19, en el pasaje sobre guerra contra los santos y justicia, ¿Cuál opción mantiene sin alterar el detalle y el orden de la fuente? Marco: «que devoraba y desmenuzaba, y [DETALLE] las sobras con sus pies»","[""que devoraba y desmenuzaba, y pisoteaba las sobras con sus pies"", ""que devoraba y desmenuzaba, y combatían las sobras con sus pies"", ""que devoraba y desmenuzaba, y derramaba las sobras con sus pies"", ""que devoraba y desmenuzaba, y justicias las sobras con sus pies""]",0,"que devoraba y desmenuzaba, y pisoteaba las sobras con sus pies","La opción correcta conserva el detalle «pisoteaba» tal como aparece en la fuente: «que devoraba y desmenuzaba, y pisoteaba las sobras con sus pies».","que devoraba y desmenuzaba, y pisoteaba las sobras con sus pies",DAN7-V19-F04,DAN7-V19-F04-VARIANTS,verified,
DAN7-0104,DANIEL7-12,DAN7,"PDF p.17, Daniel 7:20",true_false,hard,guerra contra los santos y justicia,"Según PDF p.17, Daniel 7:20, en el pasaje sobre guerra contra los santos y justicia, determine si el detalle entre corchetes hace verdadera o falsa esta afirmación: «asimismo acerca de los diez cuernos que ⟦tenía⟧ en su cabeza, y del otro que le había salido, ante el cual habían caído tres.»","[""Verdadero"", ""Falso""]",0,Verdadero,"La afirmación coincide con el PDF: «de los diez cuernos que tenía en su cabeza, y del otro que».","de los diez cuernos que tenía en su cabeza, y del otro que",DAN7-V20-F02,DAN7-V20-F02-VARIANTS,verified,
DAN7-0105,DANIEL7-12,DAN7,"PDF p.17, Daniel 7:21",fill_blank,easy,guerra contra los santos y justicia,"Según PDF p.17, Daniel 7:21, en el pasaje sobre guerra contra los santos y justicia, complete la formulación del PDF: «Y veía yo que este cuerno hacía guerra contra los _____ y los vencía,»","[""padres"", ""cuernos"", ""santos"", ""fuerzas""]",2,santos,El PDF emplea la expresión «santos» en este contexto: «cuerno hacía guerra contra los santos y los vencía».,cuerno hacía guerra contra los santos y los vencía,DAN7-V21-F04,DAN7-V21-F04-VARIANTS,verified,
DAN7-0106,DANIEL7-12,DAN7,"PDF p.17, Daniel 7:22",multiple_choice,hard,guerra contra los santos y justicia,"Según PDF p.17, Daniel 7:22, en el pasaje sobre guerra contra los santos y justicia, ¿Qué opción restituye con precisión la relación descrita? Marco: «de días, y se hizo [DETALLE] a los santos del Altísimo»","[""de días, y se hizo procedía a los santos del Altísimo"", ""de días, y se hizo justicia a los santos del Altísimo"", ""de días, y se hizo bestias a los santos del Altísimo"", ""de días, y se hizo combatían a los santos del Altísimo""]",1,"de días, y se hizo justicia a los santos del Altísimo","La opción correcta conserva el detalle «justicia» tal como aparece en la fuente: «de días, y se hizo justicia a los santos del Altísimo».","de días, y se hizo justicia a los santos del Altísimo",DAN7-V22-F03,DAN7-V22-F03-VARIANTS,verified,
DAN7-0107,DANIEL7-12,DAN7,"PDF p.17, Daniel 7:23",true_false,hard,"cuarto reino, cuernos, tiempo y juicio","Según PDF p.17, Daniel 7:23, en el pasaje sobre cuarto reino, cuernos, tiempo y juicio, determine si el detalle entre corchetes hace verdadera o falsa esta afirmación: «Dijo así: »“La cuarta ⟦bestia⟧ será un cuarto reino en la tierra, el cual será diferente de todos los otros reinos, y a toda la tierra devorará, trillará y despedazará.»","[""Verdadero"", ""Falso""]",0,Verdadero,La afirmación coincide con el PDF: «Dijo así: »“La cuarta bestia será un cuarto reino en la tierra».,Dijo así: »“La cuarta bestia será un cuarto reino en la tierra,DAN7-V23-F04,DAN7-V23-F04-VARIANTS,verified,
DAN7-0108,DANIEL7-12,DAN7,"PDF p.17, Daniel 7:24",fill_blank,hard,"cuarto reino, cuernos, tiempo y juicio","Según PDF p.17, Daniel 7:24, en el pasaje sobre cuarto reino, cuernos, tiempo y juicio, complete la formulación del PDF: «y tras ellos se _____ otro, el cual será diferente de los primeros, y derribará a tres reyes.»","[""apoderará"", ""aumentará"", ""cumplirán"", ""levantará""]",3,levantará,"El PDF emplea la expresión «levantará» en este contexto: «y tras ellos se levantará otro, el cual será diferente de los».","y tras ellos se levantará otro, el cual será diferente de los",DAN7-V24-F05,DAN7-V24-F05-VARIANTS,verified,
DAN7-0109,DANIEL7-12,DAN7,"PDF p.17, Daniel 7:25",multiple_choice,hard,"cuarto reino, cuernos, tiempo y juicio","Según PDF p.17, Daniel 7:25, en el pasaje sobre cuarto reino, cuernos, tiempo y juicio, ¿Qué opción restituye con precisión la relación descrita? Marco: «y serán [DETALLE] en sus manos hasta tiempo, tiempos y»","[""y serán arrancadas en sus manos hasta tiempo, tiempos y"", ""y serán arrancados en sus manos hasta tiempo, tiempos y"", ""y serán entregados en sus manos hasta tiempo, tiempos y"", ""y serán convertido en sus manos hasta tiempo, tiempos y""]",2,"y serán entregados en sus manos hasta tiempo, tiempos y","La opción correcta conserva el detalle «entregados» tal como aparece en la fuente: «y serán entregados en sus manos hasta tiempo, tiempos y».","y serán entregados en sus manos hasta tiempo, tiempos y",DAN7-V25-F10,DAN7-V25-F10-VARIANTS,verified,
DAN7-0110,DANIEL7-12,DAN7,"PDF p.17, Daniel 7:26",true_false,hard,"cuarto reino, cuernos, tiempo y juicio","Según PDF p.17, Daniel 7:26, en el pasaje sobre cuarto reino, cuernos, tiempo y juicio, determine si el detalle entre corchetes hace verdadera o falsa esta afirmación: «Pero se sentará el Juez, y le ⟦cumplirá⟧ su dominio, para que sea destruido y arruinado hasta el fin,»","[""Verdadero"", ""Falso""]",1,Falso,"La afirmación cambia «quitarán». La corrección exacta es: «Pero se sentará el Juez, y le quitarán su dominio, para que sea destruido y arruinado hasta el fin,»","sentará el Juez, y le quitarán su dominio, para que sea destruido y",DAN7-V26-F04,DAN7-V26-F04-VARIANTS,verified,"Pero se sentará el Juez, y le quitarán su dominio, para que sea destruido y arruinado hasta el fin,"
DAN7-0111,DANIEL7-12,DAN7,"PDF p.17, Daniel 7:27",fill_blank,hard,"cuarto reino, cuernos, tiempo y juicio","Según PDF p.17, Daniel 7:27, en el pasaje sobre cuarto reino, cuernos, tiempo y juicio, complete la formulación del PDF: «y que el reino, el _____ y la majestad de los reinos debajo de todo el cielo sean dados al pueblo de los santos del Altísimo, cuyo reino es reino eterno, y todos los dominios lo servirán y obedecerán.”»","[""dominio"", ""carnero"", ""corazón"", ""hacerse""]",0,dominio,"El PDF emplea la expresión «dominio» en este contexto: «y que el reino, el dominio y la majestad de los reinos debajo».","y que el reino, el dominio y la majestad de los reinos debajo",DAN7-V27-F04,DAN7-V27-F04-VARIANTS,verified,
DAN7-0112,DANIEL7-12,DAN7,"PDF p.17, Daniel 7:28",multiple_choice,medium,reacción final de Daniel,"Según PDF p.17, Daniel 7:28, en el pasaje sobre reacción final de Daniel, ¿Cuál opción conserva el dato exacto de la fuente? Marco: «pensamientos me turbaron y mi [DETALLE] se demudó»","[""pensamientos me turbaron y mi cabrío se demudó"", ""pensamientos me turbaron y mi cierra se demudó"", ""pensamientos me turbaron y mi creció se demudó"", ""pensamientos me turbaron y mi rostro se demudó""]",3,pensamientos me turbaron y mi rostro se demudó,La opción correcta conserva el detalle «rostro» tal como aparece en la fuente: «pensamientos me turbaron y mi rostro se demudó».,pensamientos me turbaron y mi rostro se demudó,DAN7-V28-F04,DAN7-V28-F04-VARIANTS,verified,
DAN7-0113,DANIEL7-12,DAN7,"PDF p.16, Daniel 7:1",true_false,medium,"año, visión, vientos, mar y cuatro bestias","Según PDF p.16, Daniel 7:1, en el pasaje sobre año, visión, vientos, mar y cuatro bestias, determine si el detalle entre corchetes hace verdadera o falsa esta afirmación: «En el primer año de Belsasar, rey de Babilonia, tuvo Daniel un ⟦sueño⟧ y visiones de su cabeza mientras estaba en su lecho»","[""Verdadero"", ""Falso""]",0,Verdadero,"La afirmación coincide con el PDF: «de Babilonia, tuvo Daniel un sueño y visiones de su cabeza mientras estaba».","de Babilonia, tuvo Daniel un sueño y visiones de su cabeza mientras estaba",DAN7-V1-F04,DAN7-V1-F04-VARIANTS,verified,
DAN7-0114,DANIEL7-12,DAN7,"PDF p.16, Daniel 7:2",fill_blank,medium,"año, visión, vientos, mar y cuatro bestias","Según PDF p.16, Daniel 7:2, en el pasaje sobre año, visión, vientos, mar y cuatro bestias, complete la formulación del PDF: «Daniel dijo: «Miraba yo en mi _____ de noche, y vi que los cuatro vientos del cielo combatían en el gran mar.»","[""cuarta"", ""visión"", ""nación"", ""ribera""]",1,visión,"El PDF emplea la expresión «visión» en este contexto: «dijo: «Miraba yo en mi visión de noche, y vi que los cuatro».","dijo: «Miraba yo en mi visión de noche, y vi que los cuatro",DAN7-V2-F05,DAN7-V2-F05-VARIANTS,verified,
DAN7-0115,DANIEL7-12,DAN7,"PDF p.16, Daniel 7:3",multiple_choice,medium,"año, visión, vientos, mar y cuatro bestias","Según PDF p.16, Daniel 7:3, en el pasaje sobre año, visión, vientos, mar y cuatro bestias, ¿Cuál opción conserva el dato exacto de la fuente? Marco: «la una de la otra, [DETALLE] del mar»","[""la una de la otra, subían del mar"", ""la una de la otra, bestia del mar"", ""la una de la otra, estaba del mar"", ""la una de la otra, habían del mar""]",0,"la una de la otra, subían del mar","La opción correcta conserva el detalle «subían» tal como aparece en la fuente: «la una de la otra, subían del mar».","la una de la otra, subían del mar",DAN7-V3-F05,DAN7-V3-F05-VARIANTS,verified,
DAN7-0116,DANIEL7-12,DAN7,"PDF p.16, Daniel 7:4",true_false,hard,primera bestia,"Según PDF p.16, Daniel 7:4, en el pasaje sobre primera bestia, determine si el detalle entre corchetes hace verdadera o falsa esta afirmación: «La primera era como un león, y ⟦decía⟧ alas de águila.»","[""Verdadero"", ""Falso""]",1,Falso,"La afirmación cambia «tenía». La corrección exacta es: «La primera era como un león, y tenía alas de águila.»","era como un león, y tenía alas de águila",DAN7-V4-F02,DAN7-V4-F02-VARIANTS,verified,"La primera era como un león, y tenía alas de águila."
DAN7-0117,DANIEL7-12,DAN7,"PDF p.16, Daniel 7:5",fill_blank,medium,segunda bestia,"Según PDF p.16, Daniel 7:5, en el pasaje sobre segunda bestia, complete la formulación del PDF: «Vi luego una segunda _____, semejante a un oso, la cual se alzaba de un costado más que del otro.»","[""estaba"", ""habían"", ""bestia"", ""Miraba""]",2,bestia,"El PDF emplea la expresión «bestia» en este contexto: «Vi luego una segunda bestia, semejante a un oso, la cual se».","Vi luego una segunda bestia, semejante a un oso, la cual se",DAN7-V5-F03,DAN7-V5-F03-VARIANTS,verified,
DAN7-0118,DANIEL7-12,DAN7,"PDF p.16, Daniel 7:6",multiple_choice,medium,tercera bestia,"Según PDF p.16, Daniel 7:6, en el pasaje sobre tercera bestia, ¿Cuál opción conserva el dato exacto de la fuente? Marco: «alas de ave en sus [DETALLE]»","[""alas de ave en sus manjares"", ""alas de ave en sus espaldas"", ""alas de ave en sus palabras"", ""alas de ave en sus cuernos""]",1,alas de ave en sus espaldas,La opción correcta conserva el detalle «espaldas» tal como aparece en la fuente: «alas de ave en sus espaldas».,alas de ave en sus espaldas,DAN7-V6-F04,DAN7-V6-F04-VARIANTS,verified,
DAN7-0119,DANIEL7-12,DAN7,"PDF p.16, Daniel 7:7",true_false,hard,cuarta bestia y cuerno pequeño,"Según PDF p.16, Daniel 7:7, en el pasaje sobre cuarta bestia y cuerno pequeño, determine si el detalle entre corchetes hace verdadera o falsa esta afirmación: «devoraba y desmenuzaba, pisoteaba las sobras con sus pies, y era muy ⟦Aconteció⟧ de todas las bestias que había visto antes de ella»","[""Verdadero"", ""Falso""]",1,Falso,"La afirmación cambia «diferente». La corrección exacta es: «devoraba y desmenuzaba, pisoteaba las sobras con sus pies, y era muy diferente de todas las bestias que había visto antes de ella»","sus pies, y era muy diferente de todas las bestias que había visto",DAN7-V7-F15,DAN7-V7-F15-VARIANTS,verified,"devoraba y desmenuzaba, pisoteaba las sobras con sus pies, y era muy diferente de todas las bestias que había visto antes de ella"
DAN7-0120,DANIEL7-12,DAN7,"PDF p.16, Daniel 7:8",fill_blank,medium,cuarta bestia y cuerno pequeño,"Según PDF p.16, Daniel 7:8, en el pasaje sobre cuarta bestia y cuerno pequeño, complete la formulación del PDF: «Mientras yo contemplaba los _____, otro cuerno pequeño salió entre ellos, y delante de él fueron arrancados tres cuernos de los primeros.»","[""fuerzas"", ""espaldas"", ""manjares"", ""cuernos""]",3,cuernos,"El PDF emplea la expresión «cuernos» en este contexto: «Mientras yo contemplaba los cuernos, otro cuerno pequeño salió entre ellos, y».","Mientras yo contemplaba los cuernos, otro cuerno pequeño salió entre ellos, y",DAN7-V8-F04,DAN7-V8-F04-VARIANTS,verified,
DAN7-0121,DANIEL7-12,DAN7,"PDF p.16, Daniel 7:9",multiple_choice,medium,"Anciano de días, juicio y bestias","Según PDF p.16, Daniel 7:9, en el pasaje sobre Anciano de días, juicio y bestias, ¿Cuál opción conserva el dato exacto de la fuente? Marco: «Estuve mirando hasta que fueron [DETALLE] unos tronos y se sentó un Anciano»","[""Estuve mirando hasta que fueron después unos tronos y se sentó un Anciano"", ""Estuve mirando hasta que fueron grandes unos tronos y se sentó un Anciano"", ""Estuve mirando hasta que fueron puestos unos tronos y se sentó un Anciano"", ""Estuve mirando hasta que fueron mañanas unos tronos y se sentó un Anciano""]",2,Estuve mirando hasta que fueron puestos unos tronos y se sentó un Anciano,La opción correcta conserva el detalle «puestos» tal como aparece en la fuente: «Estuve mirando hasta que fueron puestos unos tronos y se sentó un Anciano».,Estuve mirando hasta que fueron puestos unos tronos y se sentó un Anciano,DAN7-V9-F03,DAN7-V9-F03-VARIANTS,verified,
DAN7-0122,DANIEL7-12,DAN7,"PDF p.16, Daniel 7:10",true_false,hard,"Anciano de días, juicio y bestias","Según PDF p.16, Daniel 7:10, en el pasaje sobre Anciano de días, juicio y bestias, determine si el detalle entre corchetes hace verdadera o falsa esta afirmación: «Un río de fuego procedía y ⟦decía⟧ de delante de él»","[""Verdadero"", ""Falso""]",1,Falso,La afirmación cambia «salía». La corrección exacta es: «Un río de fuego procedía y salía de delante de él»,río de fuego procedía y salía de delante de él,DAN7-V10-F03,DAN7-V10-F03-VARIANTS,verified,Un río de fuego procedía y salía de delante de él
DAN7-0123,DANIEL7-12,DAN7,"PDF p.16, Daniel 7:11",fill_blank,easy,"Anciano de días, juicio y bestias","Según PDF p.16, Daniel 7:11, en el pasaje sobre Anciano de días, juicio y bestias, complete la formulación del PDF: «Yo entonces miraba a _____ del sonido de las grandes insolencias que hablaba el cuerno»","[""causa"", ""ahora"", ""cerca"", ""coman""]",0,causa,El PDF emplea la expresión «causa» en este contexto: «Yo entonces miraba a causa del sonido de las grandes insolencias que».,Yo entonces miraba a causa del sonido de las grandes insolencias que,DAN7-V11-F03,DAN7-V11-F03-VARIANTS,verified,
DAN7-0124,DANIEL7-12,DAN7,"PDF p.16, Daniel 7:12",multiple_choice,hard,"Anciano de días, juicio y bestias","Según PDF p.16, Daniel 7:12, en el pasaje sobre Anciano de días, juicio y bestias, ¿Qué opción restituye con precisión la relación descrita? Marco: «las otras bestias les habían [DETALLE] su dominio, pero les había sido prolongada»","[""las otras bestias les habían dormido su dominio, pero les había sido prolongada"", ""las otras bestias les habían vestido su dominio, pero les había sido prolongada"", ""las otras bestias les habían afligido su dominio, pero les había sido prolongada"", ""las otras bestias les habían quitado su dominio, pero les había sido prolongada""]",3,"las otras bestias les habían quitado su dominio, pero les había sido prolongada","La opción correcta conserva el detalle «quitado» tal como aparece en la fuente: «las otras bestias les habían quitado su dominio, pero les había sido prolongada».","las otras bestias les habían quitado su dominio, pero les había sido prolongada",DAN7-V12-F05,DAN7-V12-F05-VARIANTS,verified,
DAN7-0125,DANIEL7-12,DAN7,"PDF p.16, Daniel 7:1",true_false,easy,"año, visión, vientos, mar y cuatro bestias","Según PDF p.16, Daniel 7:1, en el pasaje sobre año, visión, vientos, mar y cuatro bestias, determine si el detalle entre corchetes hace verdadera o falsa esta afirmación: «En el primer año de Belsasar, rey de ⟦Babilonia⟧, tuvo Daniel un sueño y visiones de su cabeza mientras estaba en su lecho»","[""Verdadero"", ""Falso""]",0,Verdadero,"La afirmación coincide con el PDF: «año de Belsasar, rey de Babilonia, tuvo Daniel un sueño y visiones de».","año de Belsasar, rey de Babilonia, tuvo Daniel un sueño y visiones de",DAN7-V1-F01,DAN7-V1-F01-VARIANTS,verified,
DAN7-0126,DANIEL7-12,DAN7,"PDF p.16, Daniel 7:2",multiple_choice,expert,"año, visión, vientos, mar y cuatro bestias","Según PDF p.16, Daniel 7:2, en el pasaje sobre año, visión, vientos, mar y cuatro bestias, ¿Cuál opción mantiene sin alterar el detalle y el orden de la fuente? Marco: «noche, y vi que los [DETALLE] combatían en el gran mar»","[""noche, y vi que los cuatro vientos del cielo combatían en el gran mar"", ""noche, y vi que los mil doscientos noventa días combatían en el gran mar"", ""noche, y vi que los cuatro alas de ave combatían en el gran mar"", ""noche, y vi que los millones de millones combatían en el gran mar""]",0,"noche, y vi que los cuatro vientos del cielo combatían en el gran mar","La opción correcta conserva el detalle «cuatro vientos del cielo» tal como aparece en la fuente: «noche, y vi que los cuatro vientos del cielo combatían en el gran mar».","noche, y vi que los cuatro vientos del cielo combatían en el gran mar",DAN7-V2-F01,DAN7-V2-F01-VARIANTS,verified,
DAN7-0127,DANIEL7-12,DAN7,"PDF p.16, Daniel 7:3",fill_blank,easy,"año, visión, vientos, mar y cuatro bestias","Según PDF p.16, Daniel 7:3, en el pasaje sobre año, visión, vientos, mar y cuatro bestias, complete la formulación del PDF: «Y _____ bestias grandes, diferentes la una de la otra, subían del mar.»","[""sesenta"", ""cuatro"", ""siete"", ""dos cuernos""]",1,cuatro,"El PDF emplea la expresión «cuatro» en este contexto: «Y cuatro bestias grandes, diferentes la una de la».","Y cuatro bestias grandes, diferentes la una de la",DAN7-V3-F01,DAN7-V3-F01-VARIANTS,verified,
DAN7-0128,DANIEL7-12,DAN7,"PDF p.16, Daniel 7:4",true_false,expert,primera bestia,"Según PDF p.16, Daniel 7:4, en el pasaje sobre primera bestia, determine si el detalle entre corchetes hace verdadera o falsa esta afirmación: «La primera era como un león, y tenía ⟦alas de águila⟧.»","[""Verdadero"", ""Falso""]",0,Verdadero,"La afirmación coincide con el PDF: «como un león, y tenía alas de águila».","como un león, y tenía alas de águila",DAN7-V4-F01,DAN7-V4-F01-VARIANTS,verified,
DAN7-0129,DANIEL7-12,DAN7,"PDF p.16, Daniel 7:5",fill_blank,medium,segunda bestia,"Según PDF p.16, Daniel 7:5, en el pasaje sobre segunda bestia, complete la formulación del PDF: «En su boca, entre los dientes, tenía _____»","[""cuatro cabezas"", ""cuatro reinos"", ""tres costillas"", ""setenta semanas""]",2,tres costillas,"El PDF emplea la expresión «tres costillas» en este contexto: «boca, entre los dientes, tenía tres costillas».","boca, entre los dientes, tenía tres costillas",DAN7-V5-F07,DAN7-V5-F07-VARIANTS,verified,
DAN7-0130,DANIEL7-12,DAN7,"PDF p.16, Daniel 7:6",multiple_choice,expert,tercera bestia,"Según PDF p.16, Daniel 7:6, en el pasaje sobre tercera bestia, ¿Cuál opción mantiene sin alterar el detalle y el orden de la fuente? Marco: «semejante a un leopardo, con [DETALLE] en sus espaldas»","[""semejante a un leopardo, con cuatro vientos del cielo en sus espaldas"", ""semejante a un leopardo, con cuatro alas de ave en sus espaldas"", ""semejante a un leopardo, con mil doscientos noventa días en sus espaldas"", ""semejante a un leopardo, con millones de millones en sus espaldas""]",1,"semejante a un leopardo, con cuatro alas de ave en sus espaldas","La opción correcta conserva el detalle «cuatro alas de ave» tal como aparece en la fuente: «semejante a un leopardo, con cuatro alas de ave en sus espaldas».","semejante a un leopardo, con cuatro alas de ave en sus espaldas",DAN7-V6-F01,DAN7-V6-F01-VARIANTS,verified,
DAN7-0131,DANIEL7-12,DAN7,"PDF p.16, Daniel 7:7",true_false,hard,cuarta bestia y cuerno pequeño,"Según PDF p.16, Daniel 7:7, en el pasaje sobre cuarta bestia y cuerno pequeño, determine si el detalle entre corchetes hace verdadera o falsa esta afirmación: «y tenía ⟦setenta años⟧.»","[""Verdadero"", ""Falso""]",1,Falso,La afirmación cambia «diez cuernos». La corrección exacta es: «y tenía diez cuernos.»,y tenía diez cuernos,DAN7-V7-F23,DAN7-V7-F23-VARIANTS,verified,y tenía diez cuernos.
DAN7-0132,DANIEL7-12,DAN7,"PDF p.16, Daniel 7:8",multiple_choice,expert,cuarta bestia y cuerno pequeño,"Según PDF p.16, Daniel 7:8, en el pasaje sobre cuarta bestia y cuerno pequeño, ¿Cuál opción mantiene sin alterar el detalle y el orden de la fuente? Marco: «yo contemplaba los cuernos, otro [DETALLE] salió entre ellos, y delante de él»","[""yo contemplaba los cuernos, otro cuerno notable salió entre ellos, y delante de él"", ""yo contemplaba los cuernos, otro dominio eterno salió entre ellos, y delante de él"", ""yo contemplaba los cuernos, otro cuerno pequeño salió entre ellos, y delante de él"", ""yo contemplaba los cuernos, otro cuerno grande salió entre ellos, y delante de él""]",2,"yo contemplaba los cuernos, otro cuerno pequeño salió entre ellos, y delante de él","La opción correcta conserva el detalle «cuerno pequeño» tal como aparece en la fuente: «yo contemplaba los cuernos, otro cuerno pequeño salió entre ellos, y delante de él».","yo contemplaba los cuernos, otro cuerno pequeño salió entre ellos, y delante de él",DAN7-V8-F01,DAN7-V8-F01-VARIANTS,verified,
DAN7-0133,DANIEL7-12,DAN7,"PDF p.16, Daniel 7:9",fill_blank,expert,"Anciano de días, juicio y bestias","Según PDF p.16, Daniel 7:9, en el pasaje sobre Anciano de días, juicio y bestias, complete la formulación del PDF: «Estuve mirando hasta que fueron puestos unos tronos y se sentó un _____.»","[""hijo de hombre"", ""tiempo del fin"", ""corazón de hombre"", ""Anciano de días""]",3,Anciano de días,El PDF emplea la expresión «Anciano de días» en este contexto: «tronos y se sentó un Anciano de días».,tronos y se sentó un Anciano de días,DAN7-V9-F01,DAN7-V9-F01-VARIANTS,verified,
DAN7-0134,DANIEL7-12,DAN7,"PDF p.16, Daniel 7:10",true_false,expert,"Anciano de días, juicio y bestias","Según PDF p.16, Daniel 7:10, en el pasaje sobre Anciano de días, juicio y bestias, determine si el detalle entre corchetes hace verdadera o falsa esta afirmación: «Un ⟦oro de Ufaz⟧ procedía y salía de delante de él»","[""Verdadero"", ""Falso""]",1,Falso,La afirmación cambia «río de fuego». La corrección exacta es: «Un río de fuego procedía y salía de delante de él»,Un río de fuego procedía y salía de delante de él,DAN7-V10-F01,DAN7-V10-F01-VARIANTS,verified,Un río de fuego procedía y salía de delante de él
DAN7-0135,DANIEL7-12,DAN7,"PDF p.16, Daniel 7:11",fill_blank,medium,"Anciano de días, juicio y bestias","Según PDF p.16, Daniel 7:11, en el pasaje sobre Anciano de días, juicio y bestias, complete la formulación del PDF: «Yo entonces miraba a causa del sonido de las grandes _____ que hablaba el cuerno»","[""insolencias"", ""consideraba"", ""contemplaba"", ""desmenuzaba""]",0,insolencias,El PDF emplea la expresión «insolencias» en este contexto: «del sonido de las grandes insolencias que hablaba el cuerno».,del sonido de las grandes insolencias que hablaba el cuerno,DAN7-V11-F01,DAN7-V11-F01-VARIANTS,verified,
DAN7-0136,DANIEL7-12,DAN7,"PDF p.16, Daniel 7:12",multiple_choice,hard,"Anciano de días, juicio y bestias","Según PDF p.16, Daniel 7:12, en el pasaje sobre Anciano de días, juicio y bestias, ¿Qué opción restituye con precisión la relación descrita? Marco: «dominio, pero les había sido [DETALLE] la vida hasta cierto tiempo»","[""dominio, pero les había sido arrancadas la vida hasta cierto tiempo"", ""dominio, pero les había sido arrancados la vida hasta cierto tiempo"", ""dominio, pero les había sido convertido la vida hasta cierto tiempo"", ""dominio, pero les había sido prolongada la vida hasta cierto tiempo""]",3,"dominio, pero les había sido prolongada la vida hasta cierto tiempo","La opción correcta conserva el detalle «prolongada» tal como aparece en la fuente: «dominio, pero les había sido prolongada la vida hasta cierto tiempo».","dominio, pero les había sido prolongada la vida hasta cierto tiempo",DAN7-V12-F01,DAN7-V12-F01-VARIANTS,verified,
DAN7-0137,DANIEL7-12,DAN7,"PDF p.17, Daniel 7:13",true_false,expert,Hijo del Hombre y reino eterno,"Según PDF p.17, Daniel 7:13, en el pasaje sobre Hijo del Hombre y reino eterno, determine si el detalle entre corchetes hace verdadera o falsa esta afirmación: «Miraba yo en la visión de la noche, y vi que con las nubes del cielo venía uno como un ⟦hijo de hombre⟧»","[""Verdadero"", ""Falso""]",0,Verdadero,La afirmación coincide con el PDF: «cielo venía uno como un hijo de hombre».,cielo venía uno como un hijo de hombre,DAN7-V13-F01,DAN7-V13-F01-VARIANTS,verified,
DAN7-0138,DANIEL7-12,DAN7,"PDF p.17, Daniel 7:14",multiple_choice,expert,Hijo del Hombre y reino eterno,"Según PDF p.17, Daniel 7:14, en el pasaje sobre Hijo del Hombre y reino eterno, ¿Cuál opción mantiene sin alterar el detalle y el orden de la fuente? Marco: «su dominio es [DETALLE], que nunca pasará»","[""su dominio es dominio eterno, que nunca pasará"", ""su dominio es cuerno notable, que nunca pasará"", ""su dominio es cuerno pequeño, que nunca pasará"", ""su dominio es cuerno grande, que nunca pasará""]",0,"su dominio es dominio eterno, que nunca pasará","La opción correcta conserva el detalle «dominio eterno» tal como aparece en la fuente: «su dominio es dominio eterno, que nunca pasará».","su dominio es dominio eterno, que nunca pasará",DAN7-V14-F07,DAN7-V14-F07-VARIANTS,verified,
DAN7-0139,DANIEL7-12,DAN7,"PDF p.17, Daniel 7:15",fill_blank,hard,estado de Daniel e interpretación,"Según PDF p.17, Daniel 7:15, en el pasaje sobre estado de Daniel e interpretación, complete la formulación del PDF: «A mí, Daniel, se me turbó el espíritu hasta lo más hondo de mi ser, y las visiones de mi cabeza me _____.»","[""conocieron"", ""asombraron"", ""cumplieron"", ""dispusiste""]",1,asombraron,El PDF emplea la expresión «asombraron» en este contexto: «visiones de mi cabeza me asombraron».,visiones de mi cabeza me asombraron,DAN7-V15-F01,DAN7-V15-F01-VARIANTS,verified,
DAN7-0140,DANIEL7-12,DAN7,"PDF p.17, Daniel 7:16",true_false,medium,estado de Daniel e interpretación,"Según PDF p.17, Daniel 7:16, en el pasaje sobre estado de Daniel e interpretación, determine si el detalle entre corchetes hace verdadera o falsa esta afirmación: «Me habló y me hizo conocer la ⟦interpretación⟧ de las cosas:»","[""Verdadero"", ""Falso""]",0,Verdadero,La afirmación coincide con el PDF: «y me hizo conocer la interpretación de las cosas».,y me hizo conocer la interpretación de las cosas,DAN7-V16-F06,DAN7-V16-F06-VARIANTS,verified,
DAN7-0141,DANIEL7-12,DAN7,"PDF p.17, Daniel 7:17",fill_blank,easy,estado de Daniel e interpretación,"Según PDF p.17, Daniel 7:17, en el pasaje sobre estado de Daniel e interpretación, complete la formulación del PDF: «“Estas cuatro grandes bestias son _____ reyes que se levantarán en la tierra.»","[""sesenta"", ""siete"", ""cuatro"", ""dos cuernos""]",2,cuatro,El PDF emplea la expresión «cuatro» en este contexto: «Estas cuatro grandes bestias son cuatro reyes que se levantarán en la tierra».,Estas cuatro grandes bestias son cuatro reyes que se levantarán en la tierra,DAN7-V17-F01,DAN7-V17-F01-VARIANTS,verified,
DAN7-0142,DANIEL7-12,DAN7,"PDF p.17, Daniel 7:18",multiple_choice,expert,estado de Daniel e interpretación,"Según PDF p.17, Daniel 7:18, en el pasaje sobre estado de Daniel e interpretación, ¿Cuál opción mantiene sin alterar el detalle y el orden de la fuente? Marco: «Después recibirán el reino los [DETALLE], y poseerán el reino hasta el siglo»","[""Después recibirán el reino los naves de Quitim, y poseerán el reino hasta el siglo"", ""Después recibirán el reino los santos del Altísimo, y poseerán el reino hasta el siglo"", ""Después recibirán el reino los alas de águila, y poseerán el reino hasta el siglo"", ""Después recibirán el reino los miles de miles, y poseerán el reino hasta el siglo""]",1,"Después recibirán el reino los santos del Altísimo, y poseerán el reino hasta el siglo","La opción correcta conserva el detalle «santos del Altísimo» tal como aparece en la fuente: «Después recibirán el reino los santos del Altísimo, y poseerán el reino hasta el siglo».","Después recibirán el reino los santos del Altísimo, y poseerán el reino hasta el siglo",DAN7-V18-F01,DAN7-V18-F01-VARIANTS,verified,
DAN7-0143,DANIEL7-12,DAN7,"PDF p.17, Daniel 7:19",true_false,hard,guerra contra los santos y justicia,"Según PDF p.17, Daniel 7:19, en el pasaje sobre guerra contra los santos y justicia, determine si el detalle entre corchetes hace verdadera o falsa esta afirmación: «Entonces tuve deseo de saber la verdad acerca de la cuarta bestia, que era tan ⟦diferente⟧ de todas las otras, espantosa en gran manera, que tenía dientes de hierro y uñas de bronce, que devoraba y desmenuzaba, y pisoteaba las sobras con sus pies;»","[""Verdadero"", ""Falso""]",0,Verdadero,"La afirmación coincide con el PDF: «cuarta bestia, que era tan diferente de todas las otras, espantosa en gran».","cuarta bestia, que era tan diferente de todas las otras, espantosa en gran",DAN7-V19-F01,DAN7-V19-F01-VARIANTS,verified,
DAN7-0144,DANIEL7-12,DAN7,"PDF p.17, Daniel 7:20",fill_blank,hard,guerra contra los santos y justicia,"Según PDF p.17, Daniel 7:20, en el pasaje sobre guerra contra los santos y justicia, complete la formulación del PDF: «asimismo acerca de los _____ que tenía en su cabeza, y del otro que le había salido, ante el cual habían caído tres.»","[""setenta años"", ""tres semanas"", ""cuatro reinos"", ""diez cuernos""]",3,diez cuernos,"El PDF emplea la expresión «diez cuernos» en este contexto: «asimismo acerca de los diez cuernos que tenía en su cabeza, y del».","asimismo acerca de los diez cuernos que tenía en su cabeza, y del",DAN7-V20-F01,DAN7-V20-F01-VARIANTS,verified,
DAN7-0145,DANIEL7-12,DAN7,"PDF p.17, Daniel 7:21",multiple_choice,medium,guerra contra los santos y justicia,"Según PDF p.17, Daniel 7:21, en el pasaje sobre guerra contra los santos y justicia, ¿Cuál opción conserva el dato exacto de la fuente? Marco: «Y veía yo que este [DETALLE] hacía guerra contra los santos y los»","[""Y veía yo que este cabrío hacía guerra contra los santos y los"", ""Y veía yo que este cierra hacía guerra contra los santos y los"", ""Y veía yo que este cuerno hacía guerra contra los santos y los"", ""Y veía yo que este creció hacía guerra contra los santos y los""]",2,Y veía yo que este cuerno hacía guerra contra los santos y los,La opción correcta conserva el detalle «cuerno» tal como aparece en la fuente: «Y veía yo que este cuerno hacía guerra contra los santos y los».,Y veía yo que este cuerno hacía guerra contra los santos y los,DAN7-V21-F01,DAN7-V21-F01-VARIANTS,verified,
DAN7-0146,DANIEL7-12,DAN7,"PDF p.17, Daniel 7:22",true_false,expert,guerra contra los santos y justicia,"Según PDF p.17, Daniel 7:22, en el pasaje sobre guerra contra los santos y justicia, determine si el detalle entre corchetes hace verdadera o falsa esta afirmación: «hasta que vino el ⟦hijo de hombre⟧, y se hizo justicia a los santos del Altísimo»","[""Verdadero"", ""Falso""]",1,Falso,"La afirmación cambia «Anciano de días». La corrección exacta es: «hasta que vino el Anciano de días, y se hizo justicia a los santos del Altísimo»","hasta que vino el Anciano de días, y se hizo justicia a los santos",DAN7-V22-F01,DAN7-V22-F01-VARIANTS,verified,"hasta que vino el Anciano de días, y se hizo justicia a los santos del Altísimo"
DAN7-0147,DANIEL7-12,DAN7,"PDF p.17, Daniel 7:23",fill_blank,hard,"cuarto reino, cuernos, tiempo y juicio","Según PDF p.17, Daniel 7:23, en el pasaje sobre cuarto reino, cuernos, tiempo y juicio, complete la formulación del PDF: «Dijo así: »“La cuarta bestia será un cuarto reino en la tierra, el cual será _____ de todos los otros reinos, y a toda la tierra devorará, trillará y despedazará.»","[""diferente"", ""Aconteció"", ""asoladora"", ""espantosa""]",0,diferente,"El PDF emplea la expresión «diferente» en este contexto: «la tierra, el cual será diferente de todos los otros reinos, y a».","la tierra, el cual será diferente de todos los otros reinos, y a",DAN7-V23-F01,DAN7-V23-F01-VARIANTS,verified,
DAN7-0148,DANIEL7-12,DAN7,"PDF p.17, Daniel 7:24",multiple_choice,hard,"cuarto reino, cuernos, tiempo y juicio","Según PDF p.17, Daniel 7:24, en el pasaje sobre cuarto reino, cuernos, tiempo y juicio, ¿Qué opción restituye con precisión la relación descrita? Marco: «Los [DETALLE] significan que de aquel reino se levantarán»","[""Los setenta años significan que de aquel reino se levantarán"", ""Los tres semanas significan que de aquel reino se levantarán"", ""Los cuatro reinos significan que de aquel reino se levantarán"", ""Los diez cuernos significan que de aquel reino se levantarán""]",3,Los diez cuernos significan que de aquel reino se levantarán,La opción correcta conserva el detalle «diez cuernos» tal como aparece en la fuente: «Los diez cuernos significan que de aquel reino se levantarán».,Los diez cuernos significan que de aquel reino se levantarán,DAN7-V24-F01,DAN7-V24-F01-VARIANTS,verified,
DAN7-0149,DANIEL7-12,DAN7,"PDF p.17, Daniel 7:25",true_false,expert,"cuarto reino, cuernos, tiempo y juicio","Según PDF p.17, Daniel 7:25, en el pasaje sobre cuarto reino, cuernos, tiempo y juicio, determine si el detalle entre corchetes hace verdadera o falsa esta afirmación: «Hablará palabras contra el Altísimo, a los ⟦naves de Quitim⟧ quebrantará y pensará en cambiar los tiempos y la Ley»","[""Verdadero"", ""Falso""]",1,Falso,"La afirmación cambia «santos del Altísimo». La corrección exacta es: «Hablará palabras contra el Altísimo, a los santos del Altísimo quebrantará y pensará en cambiar los tiempos y la Ley»","contra el Altísimo, a los santos del Altísimo quebrantará y pensará en cambiar los tiempos",DAN7-V25-F01,DAN7-V25-F01-VARIANTS,verified,"Hablará palabras contra el Altísimo, a los santos del Altísimo quebrantará y pensará en cambiar los tiempos y la Ley"
DAN7-0150,DANIEL7-12,DAN7,"PDF p.17, Daniel 7:26",fill_blank,hard,"cuarto reino, cuernos, tiempo y juicio","Según PDF p.17, Daniel 7:26, en el pasaje sobre cuarto reino, cuernos, tiempo y juicio, complete la formulación del PDF: «Pero se sentará el Juez, y le quitarán su dominio, para que sea _____ y arruinado hasta el fin,»","[""arruinado"", ""destruido"", ""confiados"", ""consumida""]",1,destruido,"El PDF emplea la expresión «destruido» en este contexto: «su dominio, para que sea destruido y arruinado hasta el fin».","su dominio, para que sea destruido y arruinado hasta el fin",DAN7-V26-F01,DAN7-V26-F01-VARIANTS,verified,
DAN7-0151,DANIEL7-12,DAN7,"PDF p.17, Daniel 7:27",multiple_choice,expert,"cuarto reino, cuernos, tiempo y juicio","Según PDF p.17, Daniel 7:27, en el pasaje sobre cuarto reino, cuernos, tiempo y juicio, ¿Cuál opción mantiene sin alterar el detalle y el orden de la fuente? Marco: «dados al pueblo de los [DETALLE], cuyo reino es reino eterno, y todos»","[""dados al pueblo de los santos del Altísimo, cuyo reino es reino eterno, y todos"", ""dados al pueblo de los naves de Quitim, cuyo reino es reino eterno, y todos"", ""dados al pueblo de los alas de águila, cuyo reino es reino eterno, y todos"", ""dados al pueblo de los miles de miles, cuyo reino es reino eterno, y todos""]",0,"dados al pueblo de los santos del Altísimo, cuyo reino es reino eterno, y todos","La opción correcta conserva el detalle «santos del Altísimo» tal como aparece en la fuente: «dados al pueblo de los santos del Altísimo, cuyo reino es reino eterno, y todos».","dados al pueblo de los santos del Altísimo, cuyo reino es reino eterno, y todos",DAN7-V27-F01,DAN7-V27-F01-VARIANTS,verified,
DAN7-0152,DANIEL7-12,DAN7,"PDF p.17, Daniel 7:28",true_false,hard,reacción final de Daniel,"Según PDF p.17, Daniel 7:28, en el pasaje sobre reacción final de Daniel, determine si el detalle entre corchetes hace verdadera o falsa esta afirmación: «En cuanto a mí, Daniel, mis ⟦desolaciones⟧ me turbaron y mi rostro se demudó»","[""Verdadero"", ""Falso""]",1,Falso,"La afirmación cambia «pensamientos». La corrección exacta es: «En cuanto a mí, Daniel, mis pensamientos me turbaron y mi rostro se demudó»","cuanto a mí, Daniel, mis pensamientos me turbaron y mi rostro se demudó",DAN7-V28-F02,DAN7-V28-F02-VARIANTS,verified,"En cuanto a mí, Daniel, mis pensamientos me turbaron y mi rostro se demudó"
DAN7-0153,DANIEL7-12,DAN7,"PDF p.16, Daniel 7:1",fill_blank,easy,"año, visión, vientos, mar y cuatro bestias","Según PDF p.16, Daniel 7:1, en el pasaje sobre año, visión, vientos, mar y cuatro bestias, complete la formulación del PDF: «luego escribió el sueño y relató lo _____ del asunto.»","[""Aconteció"", ""asoladora"", ""principal"", ""diferente""]",2,principal,El PDF emplea la expresión «principal» en este contexto: «el sueño y relató lo principal del asunto».,el sueño y relató lo principal del asunto,DAN7-V1-F09,DAN7-V1-F09-VARIANTS,verified,
DAN7-0154,DANIEL7-12,DAN7,"PDF p.16, Daniel 7:2",multiple_choice,expert,"año, visión, vientos, mar y cuatro bestias","Según PDF p.16, Daniel 7:2, en el pasaje sobre año, visión, vientos, mar y cuatro bestias, ¿Cuál opción mantiene sin alterar el detalle y el orden de la fuente? Marco: «del cielo combatían en el [DETALLE]»","[""del cielo combatían en el muy amado"", ""del cielo combatían en el gran mar"", ""del cielo combatían en el pacto santo"", ""del cielo combatían en el reino eterno""]",1,del cielo combatían en el gran mar,La opción correcta conserva el detalle «gran mar» tal como aparece en la fuente: «del cielo combatían en el gran mar».,del cielo combatían en el gran mar,DAN7-V2-F02,DAN7-V2-F02-VARIANTS,verified,
DAN7-0155,DANIEL7-12,DAN7,"PDF p.16, Daniel 7:3",true_false,hard,"año, visión, vientos, mar y cuatro bestias","Según PDF p.16, Daniel 7:3, en el pasaje sobre año, visión, vientos, mar y cuatro bestias, determine si el detalle entre corchetes hace verdadera o falsa esta afirmación: «Y cuatro bestias grandes, ⟦maravillas⟧ la una de la otra, subían del mar.»","[""Verdadero"", ""Falso""]",1,Falso,"La afirmación cambia «diferentes». La corrección exacta es: «Y cuatro bestias grandes, diferentes la una de la otra, subían del mar.»","Y cuatro bestias grandes, diferentes la una de la otra, subían del",DAN7-V3-F02,DAN7-V3-F02-VARIANTS,verified,"Y cuatro bestias grandes, diferentes la una de la otra, subían del mar."
DAN7-0156,DANIEL7-12,DAN7,"PDF p.16, Daniel 7:4",fill_blank,expert,primera bestia,"Según PDF p.16, Daniel 7:4, en el pasaje sobre primera bestia, complete la formulación del PDF: «fue levantada del suelo y se puso enhiesta sobre los pies, a manera de hombre, y se le dio _____.»","[""príncipe del pacto"", ""Anciano de días"", ""hijo de hombre"", ""corazón de hombre""]",3,corazón de hombre,"El PDF emplea la expresión «corazón de hombre» en este contexto: «hombre, y se le dio corazón de hombre».","hombre, y se le dio corazón de hombre",DAN7-V4-F08,DAN7-V4-F08-VARIANTS,verified,
DAN7-0157,DANIEL7-12,DAN7,"PDF p.16, Daniel 7:5",multiple_choice,medium,segunda bestia,"Según PDF p.16, Daniel 7:5, en el pasaje sobre segunda bestia, ¿Cuál opción conserva el dato exacto de la fuente? Marco: «Vi luego una segunda bestia, [DETALLE] a un oso, la cual se alzaba»","[""Vi luego una segunda bestia, Aconteció a un oso, la cual se alzaba"", ""Vi luego una segunda bestia, asoladora a un oso, la cual se alzaba"", ""Vi luego una segunda bestia, semejante a un oso, la cual se alzaba"", ""Vi luego una segunda bestia, diferente a un oso, la cual se alzaba""]",2,"Vi luego una segunda bestia, semejante a un oso, la cual se alzaba","La opción correcta conserva el detalle «semejante» tal como aparece en la fuente: «Vi luego una segunda bestia, semejante a un oso, la cual se alzaba».","Vi luego una segunda bestia, semejante a un oso, la cual se alzaba",DAN7-V5-F01,DAN7-V5-F01-VARIANTS,verified,
DAN7-0158,DANIEL7-12,DAN7,"PDF p.16, Daniel 7:6",true_false,medium,tercera bestia,"Según PDF p.16, Daniel 7:6, en el pasaje sobre tercera bestia, determine si el detalle entre corchetes hace verdadera o falsa esta afirmación: «Esta bestia tenía ⟦cuatro cabezas⟧»","[""Verdadero"", ""Falso""]",0,Verdadero,La afirmación coincide con el PDF: «Esta bestia tenía cuatro cabezas».,Esta bestia tenía cuatro cabezas,DAN7-V6-F06,DAN7-V6-F06-VARIANTS,verified,
DAN7-0159,DANIEL7-12,DAN7,"PDF p.16, Daniel 7:7",fill_blank,hard,cuarta bestia y cuerno pequeño,"Según PDF p.16, Daniel 7:7, en el pasaje sobre cuarta bestia y cuerno pequeño, complete la formulación del PDF: «Después de esto miraba yo en las visiones de la noche, y vi la cuarta bestia, _____, terrible y en gran manera fuerte, la cual tenía unos grandes dientes de hierro»","[""espantosa"", ""Aconteció"", ""asoladora"", ""diferente""]",0,espantosa,"El PDF emplea la expresión «espantosa» en este contexto: «y vi la cuarta bestia, espantosa, terrible y en gran manera fuerte, la».","y vi la cuarta bestia, espantosa, terrible y en gran manera fuerte, la",DAN7-V7-F01,DAN7-V7-F01-VARIANTS,verified,
DAN7-0160,DANIEL7-12,DAN7,"PDF p.16, Daniel 7:8",multiple_choice,hard,cuarta bestia y cuerno pequeño,"Según PDF p.16, Daniel 7:8, en el pasaje sobre cuarta bestia y cuerno pequeño, ¿Qué opción restituye con precisión la relación descrita? Marco: «Mientras yo [DETALLE] los cuernos, otro cuerno pequeño salió entre»","[""Mientras yo consideraba los cuernos, otro cuerno pequeño salió entre"", ""Mientras yo desmenuzaba los cuernos, otro cuerno pequeño salió entre"", ""Mientras yo engrandecía los cuernos, otro cuerno pequeño salió entre"", ""Mientras yo contemplaba los cuernos, otro cuerno pequeño salió entre""]",3,"Mientras yo contemplaba los cuernos, otro cuerno pequeño salió entre","La opción correcta conserva el detalle «contemplaba» tal como aparece en la fuente: «Mientras yo contemplaba los cuernos, otro cuerno pequeño salió entre».","Mientras yo contemplaba los cuernos, otro cuerno pequeño salió entre",DAN7-V8-F02,DAN7-V8-F02-VARIANTS,verified,
DAN7-0161,DANIEL7-12,DAN7,"PDF p.16, Daniel 7:9",true_false,expert,"Anciano de días, juicio y bestias","Según PDF p.16, Daniel 7:9, en el pasaje sobre Anciano de días, juicio y bestias, determine si el detalle entre corchetes hace verdadera o falsa esta afirmación: «Su vestido era ⟦blanco como la nieve⟧»","[""Verdadero"", ""Falso""]",0,Verdadero,La afirmación coincide con el PDF: «Su vestido era blanco como la nieve».,Su vestido era blanco como la nieve,DAN7-V9-F08,DAN7-V9-F08-VARIANTS,verified,
DAN7-0162,DANIEL7-12,DAN7,"PDF p.16, Daniel 7:10",fill_blank,expert,"Anciano de días, juicio y bestias","Según PDF p.16, Daniel 7:10, en el pasaje sobre Anciano de días, juicio y bestias, complete la formulación del PDF: «_____ lo servían, y millones de millones estaban delante de él.»","[""alas de águila"", ""miles de miles"", ""naves de Quitim"", ""santos del Altísimo""]",1,miles de miles,"El PDF emplea la expresión «miles de miles» en este contexto: «miles de miles lo servían, y millones de millones estaban».","miles de miles lo servían, y millones de millones estaban",DAN7-V10-F05,DAN7-V10-F05-VARIANTS,verified,
DAN7-0163,DANIEL7-12,DAN7,"PDF p.16, Daniel 7:11",multiple_choice,hard,"Anciano de días, juicio y bestias","Según PDF p.16, Daniel 7:11, en el pasaje sobre Anciano de días, juicio y bestias, ¿Qué opción restituye con precisión la relación descrita? Marco: «bestia, y su cuerpo fue [DETALLE] y entregado para quemarlo en el fuego»","[""bestia, y su cuerpo fue destrozado y entregado para quemarlo en el fuego"", ""bestia, y su cuerpo fue arrancadas y entregado para quemarlo en el fuego"", ""bestia, y su cuerpo fue arrancados y entregado para quemarlo en el fuego"", ""bestia, y su cuerpo fue convertido y entregado para quemarlo en el fuego""]",0,"bestia, y su cuerpo fue destrozado y entregado para quemarlo en el fuego","La opción correcta conserva el detalle «destrozado» tal como aparece en la fuente: «bestia, y su cuerpo fue destrozado y entregado para quemarlo en el fuego».","bestia, y su cuerpo fue destrozado y entregado para quemarlo en el fuego",DAN7-V11-F09,DAN7-V11-F09-VARIANTS,verified,
DAN7-0164,DANIEL7-12,DAN7,"PDF p.16, Daniel 7:12",true_false,hard,"Anciano de días, juicio y bestias","Según PDF p.16, Daniel 7:12, en el pasaje sobre Anciano de días, juicio y bestias, determine si el detalle entre corchetes hace verdadera o falsa esta afirmación: «También a las ⟦aguas⟧ bestias les habían quitado su dominio, pero les había sido prolongada la vida hasta cierto tiempo.»","[""Verdadero"", ""Falso""]",1,Falso,"La afirmación cambia «otras». La corrección exacta es: «También a las otras bestias les habían quitado su dominio, pero les había sido prolongada la vida hasta cierto tiempo.»","También a las otras bestias les habían quitado su dominio, pero",DAN7-V12-F02,DAN7-V12-F02-VARIANTS,verified,"También a las otras bestias les habían quitado su dominio, pero les había sido prolongada la vida hasta cierto tiempo."
DAN7-0165,DANIEL7-12,DAN7,"PDF p.17, Daniel 7:13",fill_blank,expert,Hijo del Hombre y reino eterno,"Según PDF p.17, Daniel 7:13, en el pasaje sobre Hijo del Hombre y reino eterno, complete la formulación del PDF: «vino hasta el _____, y lo hicieron acercarse delante de él.»","[""hijo de hombre"", ""tiempo del fin"", ""Anciano de días"", ""corazón de hombre""]",2,Anciano de días,"El PDF emplea la expresión «Anciano de días» en este contexto: «vino hasta el Anciano de días, y lo hicieron acercarse delante de él».","vino hasta el Anciano de días, y lo hicieron acercarse delante de él",DAN7-V13-F08,DAN7-V13-F08-VARIANTS,verified,
DAN7-0166,DANIEL7-12,DAN7,"PDF p.17, Daniel 7:14",multiple_choice,hard,Hijo del Hombre y reino eterno,"Según PDF p.17, Daniel 7:14, en el pasaje sobre Hijo del Hombre y reino eterno, ¿Qué opción restituye con precisión la relación descrita? Marco: «pueblos, naciones y lenguas lo [DETALLE]»","[""pueblos, naciones y lenguas lo apoderará"", ""pueblos, naciones y lenguas lo sirvieran"", ""pueblos, naciones y lenguas lo aumentará"", ""pueblos, naciones y lenguas lo cumplirán""]",1,"pueblos, naciones y lenguas lo sirvieran","La opción correcta conserva el detalle «sirvieran» tal como aparece en la fuente: «pueblos, naciones y lenguas lo sirvieran».","pueblos, naciones y lenguas lo sirvieran",DAN7-V14-F01,DAN7-V14-F01-VARIANTS,verified,
DAN7-0167,DANIEL7-12,DAN7,"PDF p.17, Daniel 7:15",true_false,hard,estado de Daniel e interpretación,"Según PDF p.17, Daniel 7:15, en el pasaje sobre estado de Daniel e interpretación, determine si el detalle entre corchetes hace verdadera o falsa esta afirmación: «A mí, Daniel, se me ⟦turbó⟧ el espíritu hasta lo más hondo de mi ser, y las visiones de mi cabeza me asombraron.»","[""Verdadero"", ""Falso""]",0,Verdadero,"La afirmación coincide con el PDF: «A mí, Daniel, se me turbó el espíritu hasta lo más hondo de».","A mí, Daniel, se me turbó el espíritu hasta lo más hondo de",DAN7-V15-F02,DAN7-V15-F02-VARIANTS,verified,
DAN7-0168,DANIEL7-12,DAN7,"PDF p.17, Daniel 7:16",fill_blank,medium,estado de Daniel e interpretación,"Según PDF p.17, Daniel 7:16, en el pasaje sobre estado de Daniel e interpretación, complete la formulación del PDF: «Me acerqué a uno de los que allí _____ y le pregunté la verdad acerca de todo aquello.»","[""bestias"", ""hablaba"", ""bestia"", ""estaban""]",3,estaban,El PDF emplea la expresión «estaban» en este contexto: «uno de los que allí estaban y le pregunté la verdad acerca de».,uno de los que allí estaban y le pregunté la verdad acerca de,DAN7-V16-F01,DAN7-V16-F01-VARIANTS,verified,
DAN7-0169,DANIEL7-12,DAN7,"PDF p.17, Daniel 7:17",multiple_choice,hard,estado de Daniel e interpretación,"Según PDF p.17, Daniel 7:17, en el pasaje sobre estado de Daniel e interpretación, ¿Qué opción restituye con precisión la relación descrita? Marco: «son cuatro reyes que se [DETALLE] en la tierra»","[""son cuatro reyes que se confirmará en la tierra"", ""son cuatro reyes que se contenderá en la tierra"", ""son cuatro reyes que se levantarán en la tierra"", ""son cuatro reyes que se Despertará en la tierra""]",2,son cuatro reyes que se levantarán en la tierra,La opción correcta conserva el detalle «levantarán» tal como aparece en la fuente: «son cuatro reyes que se levantarán en la tierra».,son cuatro reyes que se levantarán en la tierra,DAN7-V17-F02,DAN7-V17-F02-VARIANTS,verified,
DAN7-0170,DANIEL7-12,DAN7,"PDF p.17, Daniel 7:18",true_false,hard,estado de Daniel e interpretación,"Según PDF p.17, Daniel 7:18, en el pasaje sobre estado de Daniel e interpretación, determine si el detalle entre corchetes hace verdadera o falsa esta afirmación: «Después recibirán el reino los santos del Altísimo, y poseerán el reino hasta el siglo, ⟦atentamente⟧ y para siempre.”»","[""Verdadero"", ""Falso""]",1,Falso,"La afirmación cambia «eternamente». La corrección exacta es: «Después recibirán el reino los santos del Altísimo, y poseerán el reino hasta el siglo, eternamente y para siempre.”»","el reino hasta el siglo, eternamente y para siempre",DAN7-V18-F02,DAN7-V18-F02-VARIANTS,verified,"Después recibirán el reino los santos del Altísimo, y poseerán el reino hasta el siglo, eternamente y para siempre.”"
DAN7-0171,DANIEL7-12,DAN7,"PDF p.17, Daniel 7:19",fill_blank,hard,guerra contra los santos y justicia,"Según PDF p.17, Daniel 7:19, en el pasaje sobre guerra contra los santos y justicia, complete la formulación del PDF: «Entonces tuve deseo de saber la verdad acerca de la cuarta bestia, que era tan diferente de todas las otras, _____ en gran manera, que tenía dientes de hierro y uñas de bronce, que devoraba y desmenuzaba, y pisoteaba las sobras con sus pies;»","[""espantosa"", ""Aconteció"", ""asoladora"", ""diferente""]",0,espantosa,"El PDF emplea la expresión «espantosa» en este contexto: «diferente de todas las otras, espantosa en gran manera, que tenía dientes de».","diferente de todas las otras, espantosa en gran manera, que tenía dientes de",DAN7-V19-F02,DAN7-V19-F02-VARIANTS,verified,
DAN7-0172,DANIEL7-12,DAN7,"PDF p.17, Daniel 7:20",multiple_choice,hard,guerra contra los santos y justicia,"Según PDF p.17, Daniel 7:20, en el pasaje sobre guerra contra los santos y justicia, ¿Qué opción restituye con precisión la relación descrita? Marco: «boca que hablaba con gran [DETALLE], y parecía más grande que sus compañeros»","[""boca que hablaba con gran abundancia, y parecía más grande que sus compañeros"", ""boca que hablaba con gran apariencia, y parecía más grande que sus compañeros"", ""boca que hablaba con gran provincias, y parecía más grande que sus compañeros"", ""boca que hablaba con gran insolencia, y parecía más grande que sus compañeros""]",3,"boca que hablaba con gran insolencia, y parecía más grande que sus compañeros","La opción correcta conserva el detalle «insolencia» tal como aparece en la fuente: «boca que hablaba con gran insolencia, y parecía más grande que sus compañeros».","boca que hablaba con gran insolencia, y parecía más grande que sus compañeros",DAN7-V20-F10,DAN7-V20-F10-VARIANTS,verified,
DAN7-0173,DANIEL7-12,DAN7,"PDF p.17, Daniel 7:21",true_false,medium,guerra contra los santos y justicia,"Según PDF p.17, Daniel 7:21, en el pasaje sobre guerra contra los santos y justicia, determine si el detalle entre corchetes hace verdadera o falsa esta afirmación: «Y veía yo que este cuerno ⟦hacía⟧ guerra contra los santos y los vencía,»","[""Verdadero"", ""Falso""]",0,Verdadero,La afirmación coincide con el PDF: «veía yo que este cuerno hacía guerra contra los santos y los vencía».,veía yo que este cuerno hacía guerra contra los santos y los vencía,DAN7-V21-F02,DAN7-V21-F02-VARIANTS,verified,
DAN7-0174,DANIEL7-12,DAN7,"PDF p.17, Daniel 7:22",fill_blank,expert,guerra contra los santos y justicia,"Según PDF p.17, Daniel 7:22, en el pasaje sobre guerra contra los santos y justicia, complete la formulación del PDF: «hasta que vino el Anciano de días, y se hizo justicia a los _____»","[""naves de Quitim"", ""santos del Altísimo"", ""alas de águila"", ""miles de miles""]",1,santos del Altísimo,El PDF emplea la expresión «santos del Altísimo» en este contexto: «se hizo justicia a los santos del Altísimo».,se hizo justicia a los santos del Altísimo,DAN7-V22-F02,DAN7-V22-F02-VARIANTS,verified,
DAN7-0175,DANIEL7-12,DAN7,"PDF p.17, Daniel 7:23",multiple_choice,hard,"cuarto reino, cuernos, tiempo y juicio","Según PDF p.17, Daniel 7:23, en el pasaje sobre cuarto reino, cuernos, tiempo y juicio, ¿Qué opción restituye con precisión la relación descrita? Marco: «la tierra devorará, trillará y [DETALLE]»","[""la tierra devorará, trillará y despedazará"", ""la tierra devorará, trillará y contristará"", ""la tierra devorará, trillará y fortalecerá"", ""la tierra devorará, trillará y permanecerá""]",0,"la tierra devorará, trillará y despedazará","La opción correcta conserva el detalle «despedazará» tal como aparece en la fuente: «la tierra devorará, trillará y despedazará».","la tierra devorará, trillará y despedazará",DAN7-V23-F02,DAN7-V23-F02-VARIANTS,verified,
DAN7-0176,DANIEL7-12,DAN7,"PDF p.17, Daniel 7:24",true_false,easy,"cuarto reino, cuernos, tiempo y juicio","Según PDF p.17, Daniel 7:24, en el pasaje sobre cuarto reino, cuernos, tiempo y juicio, determine si el detalle entre corchetes hace verdadera o falsa esta afirmación: «Los diez cuernos ⟦significan⟧ que de aquel reino se levantarán diez reyes»","[""Verdadero"", ""Falso""]",0,Verdadero,La afirmación coincide con el PDF: «Los diez cuernos significan que de aquel reino se levantarán diez».,Los diez cuernos significan que de aquel reino se levantarán diez,DAN7-V24-F02,DAN7-V24-F02-VARIANTS,verified,
DAN7-0177,DANIEL7-12,DAN7,"PDF p.17, Daniel 7:25",fill_blank,expert,"cuarto reino, cuernos, tiempo y juicio","Según PDF p.17, Daniel 7:25, en el pasaje sobre cuarto reino, cuernos, tiempo y juicio, complete la formulación del PDF: «y serán entregados en sus manos hasta _____.»","[""príncipe del reino de Persia"", ""Príncipe de los príncipes"", ""tiempo, tiempos y medio tiempo"", ""dios de las fortalezas""]",2,"tiempo, tiempos y medio tiempo","El PDF emplea la expresión «tiempo, tiempos y medio tiempo» en este contexto: «entregados en sus manos hasta tiempo, tiempos y medio tiempo».","entregados en sus manos hasta tiempo, tiempos y medio tiempo",DAN7-V25-F09,DAN7-V25-F09-VARIANTS,verified,
DAN7-0178,DANIEL7-12,DAN7,"PDF p.17, Daniel 7:26",multiple_choice,hard,"cuarto reino, cuernos, tiempo y juicio","Según PDF p.17, Daniel 7:26, en el pasaje sobre cuarto reino, cuernos, tiempo y juicio, ¿Qué opción restituye con precisión la relación descrita? Marco: «para que sea destruido y [DETALLE] hasta el fin»","[""para que sea destruido y confiados hasta el fin"", ""para que sea destruido y arruinado hasta el fin"", ""para que sea destruido y consumida hasta el fin"", ""para que sea destruido y depurados hasta el fin""]",1,para que sea destruido y arruinado hasta el fin,La opción correcta conserva el detalle «arruinado» tal como aparece en la fuente: «para que sea destruido y arruinado hasta el fin».,para que sea destruido y arruinado hasta el fin,DAN7-V26-F02,DAN7-V26-F02-VARIANTS,verified,
DAN7-0179,DANIEL7-12,DAN7,"PDF p.17, Daniel 7:27",true_false,expert,"cuarto reino, cuernos, tiempo y juicio","Según PDF p.17, Daniel 7:27, en el pasaje sobre cuarto reino, cuernos, tiempo y juicio, determine si el detalle entre corchetes hace verdadera o falsa esta afirmación: «y que el reino, el dominio y la majestad de los reinos debajo de todo el cielo sean dados al pueblo de los santos del Altísimo, cuyo reino es ⟦reino eterno⟧, y todos los dominios lo servirán y obedecerán.”»","[""Verdadero"", ""Falso""]",0,Verdadero,"La afirmación coincide con el PDF: «del Altísimo, cuyo reino es reino eterno, y todos los dominios lo servirán y».","del Altísimo, cuyo reino es reino eterno, y todos los dominios lo servirán y",DAN7-V27-F02,DAN7-V27-F02-VARIANTS,verified,
DAN7-0180,DANIEL7-12,DAN7,"PDF p.17, Daniel 7:28",fill_blank,easy,reacción final de Daniel,"Según PDF p.17, Daniel 7:28, en el pasaje sobre reacción final de Daniel, complete la formulación del PDF: «Aquí fue el fin de sus _____.»","[""espaldas"", ""manjares"", ""cuernos"", ""palabras""]",3,palabras,El PDF emplea la expresión «palabras» en este contexto: «fue el fin de sus palabras».,fue el fin de sus palabras,DAN7-V28-F01,DAN7-V28-F01-VARIANTS,verified,
DAN7-0181,DANIEL7-12,DAN7,"PDF p.16, Daniel 7:1",multiple_choice,medium,"año, visión, vientos, mar y cuatro bestias","Según PDF p.16, Daniel 7:1, en el pasaje sobre año, visión, vientos, mar y cuatro bestias, ¿Cuál opción conserva el dato exacto de la fuente? Marco: «En el [DETALLE] año de Belsasar, rey de Babilonia, tuvo»","[""En el cuarto año de Belsasar, rey de Babilonia, tuvo"", ""En el hombre año de Belsasar, rey de Babilonia, tuvo"", ""En el primer año de Belsasar, rey de Babilonia, tuvo"", ""En el rostro año de Belsasar, rey de Babilonia, tuvo""]",2,"En el primer año de Belsasar, rey de Babilonia, tuvo","La opción correcta conserva el detalle «primer» tal como aparece en la fuente: «En el primer año de Belsasar, rey de Babilonia, tuvo».","En el primer año de Belsasar, rey de Babilonia, tuvo",DAN7-V1-F02,DAN7-V1-F02-VARIANTS,verified,
DAN7-0182,DANIEL7-12,DAN7,"PDF p.16, Daniel 7:2",true_false,hard,"año, visión, vientos, mar y cuatro bestias","Según PDF p.16, Daniel 7:2, en el pasaje sobre año, visión, vientos, mar y cuatro bestias, determine si el detalle entre corchetes hace verdadera o falsa esta afirmación: «Daniel dijo: «Miraba yo en mi visión de noche, y vi que los cuatro vientos del cielo ⟦combatían⟧ en el gran mar.»","[""Verdadero"", ""Falso""]",0,Verdadero,La afirmación coincide con el PDF: «los cuatro vientos del cielo combatían en el gran mar».,los cuatro vientos del cielo combatían en el gran mar,DAN7-V2-F03,DAN7-V2-F03-VARIANTS,verified,
DAN7-0183,DANIEL7-12,DAN7,"PDF p.16, Daniel 7:3",fill_blank,medium,"año, visión, vientos, mar y cuatro bestias","Según PDF p.16, Daniel 7:3, en el pasaje sobre año, visión, vientos, mar y cuatro bestias, complete la formulación del PDF: «Y cuatro _____ grandes, diferentes la una de la otra, subían del mar.»","[""bestias"", ""estaban"", ""hablaba"", ""bestia""]",0,bestias,"El PDF emplea la expresión «bestias» en este contexto: «Y cuatro bestias grandes, diferentes la una de la otra».","Y cuatro bestias grandes, diferentes la una de la otra",DAN7-V3-F03,DAN7-V3-F03-VARIANTS,verified,
DAN7-0184,DANIEL7-12,DAN7,"PDF p.16, Daniel 7:4",multiple_choice,medium,primera bestia,"Según PDF p.16, Daniel 7:4, en el pasaje sobre primera bestia, ¿Cuál opción conserva el dato exacto de la fuente? Marco: «que sus alas le fueron [DETALLE]»","[""que sus alas le fueron arrancados"", ""que sus alas le fueron convertido"", ""que sus alas le fueron destrozado"", ""que sus alas le fueron arrancadas""]",3,que sus alas le fueron arrancadas,La opción correcta conserva el detalle «arrancadas» tal como aparece en la fuente: «que sus alas le fueron arrancadas».,que sus alas le fueron arrancadas,DAN7-V4-F04,DAN7-V4-F04-VARIANTS,verified,
DAN7-0185,DANIEL7-12,DAN7,"PDF p.16, Daniel 7:5",true_false,easy,segunda bestia,"Según PDF p.16, Daniel 7:5, en el pasaje sobre segunda bestia, determine si el detalle entre corchetes hace verdadera o falsa esta afirmación: «y se le dijo: “⟦Levántate⟧ y devora mucha carne.”»","[""Verdadero"", ""Falso""]",0,Verdadero,La afirmación coincide con el PDF: «y se le dijo: “Levántate y devora mucha carne».,y se le dijo: “Levántate y devora mucha carne,DAN7-V5-F10,DAN7-V5-F10-VARIANTS,verified,
DAN7-0186,DANIEL7-12,DAN7,"PDF p.16, Daniel 7:6",fill_blank,medium,tercera bestia,"Según PDF p.16, Daniel 7:6, en el pasaje sobre tercera bestia, complete la formulación del PDF: «Después de esto miré, y vi otra, _____ a un leopardo, con cuatro alas de ave en sus espaldas.»","[""Aconteció"", ""semejante"", ""asoladora"", ""diferente""]",1,semejante,"El PDF emplea la expresión «semejante» en este contexto: «esto miré, y vi otra, semejante a un leopardo, con cuatro alas de».","esto miré, y vi otra, semejante a un leopardo, con cuatro alas de",DAN7-V6-F02,DAN7-V6-F02-VARIANTS,verified,
DAN7-0187,DANIEL7-12,DAN7,"PDF p.16, Daniel 7:7",multiple_choice,hard,cuarta bestia y cuerno pequeño,"Según PDF p.16, Daniel 7:7, en el pasaje sobre cuarta bestia y cuerno pequeño, ¿Qué opción restituye con precisión la relación descrita? Marco: «devoraba y [DETALLE], pisoteaba las sobras con sus pies, y»","[""devoraba y desmenuzaba, pisoteaba las sobras con sus pies, y"", ""devoraba y consideraba, pisoteaba las sobras con sus pies, y"", ""devoraba y contemplaba, pisoteaba las sobras con sus pies, y"", ""devoraba y engrandecía, pisoteaba las sobras con sus pies, y""]",0,"devoraba y desmenuzaba, pisoteaba las sobras con sus pies, y","La opción correcta conserva el detalle «desmenuzaba» tal como aparece en la fuente: «devoraba y desmenuzaba, pisoteaba las sobras con sus pies, y».","devoraba y desmenuzaba, pisoteaba las sobras con sus pies, y",DAN7-V7-F13,DAN7-V7-F13-VARIANTS,verified,
DAN7-0188,DANIEL7-12,DAN7,"PDF p.16, Daniel 7:8",true_false,hard,cuarta bestia y cuerno pequeño,"Según PDF p.16, Daniel 7:8, en el pasaje sobre cuarta bestia y cuerno pequeño, determine si el detalle entre corchetes hace verdadera o falsa esta afirmación: «Mientras yo contemplaba los cuernos, otro cuerno pequeño salió entre ellos, y delante de él fueron ⟦arrancadas⟧ tres cuernos de los primeros.»","[""Verdadero"", ""Falso""]",1,Falso,"La afirmación cambia «arrancados». La corrección exacta es: «Mientras yo contemplaba los cuernos, otro cuerno pequeño salió entre ellos, y delante de él fueron arrancados tres cuernos de los primeros.»",y delante de él fueron arrancados tres cuernos de los primeros,DAN7-V8-F03,DAN7-V8-F03-VARIANTS,verified,"Mientras yo contemplaba los cuernos, otro cuerno pequeño salió entre ellos, y delante de él fueron arrancados tres cuernos de los primeros."
DAN7-0189,DANIEL7-12,DAN7,"PDF p.16, Daniel 7:9",fill_blank,hard,"Anciano de días, juicio y bestias","Según PDF p.16, Daniel 7:9, en el pasaje sobre Anciano de días, juicio y bestias, complete la formulación del PDF: «el pelo de su cabeza, como _____»","[""ciudad fuerte"", ""tierra gloriosa"", ""lana limpia"", ""abominación desoladora""]",2,lana limpia,"El PDF emplea la expresión «lana limpia» en este contexto: «pelo de su cabeza, como lana limpia».","pelo de su cabeza, como lana limpia",DAN7-V9-F10,DAN7-V9-F10-VARIANTS,verified,
DAN7-0190,DANIEL7-12,DAN7,"PDF p.16, Daniel 7:10",multiple_choice,expert,"Anciano de días, juicio y bestias","Según PDF p.16, Daniel 7:10, en el pasaje sobre Anciano de días, juicio y bestias, ¿Cuál opción mantiene sin alterar el detalle y el orden de la fuente? Marco: «de miles lo servían, y [DETALLE] estaban delante de él»","[""de miles lo servían, y cuatro alas de ave estaban delante de él"", ""de miles lo servían, y millones de millones estaban delante de él"", ""de miles lo servían, y cuatro vientos del cielo estaban delante de él"", ""de miles lo servían, y setenta semanas estaban delante de él""]",1,"de miles lo servían, y millones de millones estaban delante de él","La opción correcta conserva el detalle «millones de millones» tal como aparece en la fuente: «de miles lo servían, y millones de millones estaban delante de él».","de miles lo servían, y millones de millones estaban delante de él",DAN7-V10-F06,DAN7-V10-F06-VARIANTS,verified,
DAN8-0001,DANIEL7-12,DAN8,"PDF p.18, Daniel 8:1",multiple_choice,medium,"año, Susa, Ulai y carnero","Según PDF p.18, Daniel 8:1, en el pasaje sobre año, Susa, Ulai y carnero, ¿Cuál opción conserva el dato exacto de la fuente? Marco: «En el año [DETALLE] del reinado del rey Belsasar, yo, Daniel»","[""En el año conmigo del reinado del rey Belsasar, yo, Daniel"", ""En el año delante del reinado del rey Belsasar, yo, Daniel"", ""En el año tercero del reinado del rey Belsasar, yo, Daniel"", ""En el año dominio del reinado del rey Belsasar, yo, Daniel""]",2,"En el año tercero del reinado del rey Belsasar, yo, Daniel","La opción correcta conserva el detalle «tercero» tal como aparece en la fuente: «En el año tercero del reinado del rey Belsasar, yo, Daniel».","En el año tercero del reinado del rey Belsasar, yo, Daniel",DAN8-V1-F01,DAN8-V1-F01-VARIANTS,verified,
DAN8-0002,DANIEL7-12,DAN8,"PDF p.18, Daniel 8:2",fill_blank,medium,"año, Susa, Ulai y carnero","Según PDF p.18, Daniel 8:2, en el pasaje sobre año, Susa, Ulai y carnero, complete la formulación del PDF: «Miraba yo la visión, y en ella yo estaba en Susa, que es la capital del reino, en la _____ de Elam.»","[""confesión"", ""confusión"", ""eternidad"", ""provincia""]",3,provincia,"El PDF emplea la expresión «provincia» en este contexto: «capital del reino, en la provincia de Elam».","capital del reino, en la provincia de Elam",DAN8-V2-F01,DAN8-V2-F01-VARIANTS,verified,
DAN8-0003,DANIEL7-12,DAN8,"PDF p.18, Daniel 8:3",multiple_choice,hard,"año, Susa, Ulai y carnero","Según PDF p.18, Daniel 8:3, en el pasaje sobre año, Susa, Ulai y carnero, ¿Qué opción restituye con precisión la relación descrita? Marco: «delante del río, y tenía [DETALLE]»","[""delante del río, y tenía diez cuernos"", ""delante del río, y tenía setenta años"", ""delante del río, y tenía tres semanas"", ""delante del río, y tenía dos cuernos""]",3,"delante del río, y tenía dos cuernos","La opción correcta conserva el detalle «dos cuernos» tal como aparece en la fuente: «delante del río, y tenía dos cuernos».","delante del río, y tenía dos cuernos",DAN8-V3-F01,DAN8-V3-F01-VARIANTS,verified,
DAN8-0004,DANIEL7-12,DAN8,"PDF p.18, Daniel 8:4",fill_blank,medium,"año, Susa, Ulai y carnero","Según PDF p.18, Daniel 8:4, en el pasaje sobre año, Susa, Ulai y carnero, complete la formulación del PDF: «Hacía conforme a su voluntad, y se _____.»","[""engrandecía"", ""consideraba"", ""contemplaba"", ""desmenuzaba""]",0,engrandecía,"El PDF emplea la expresión «engrandecía» en este contexto: «a su voluntad, y se engrandecía».","a su voluntad, y se engrandecía",DAN8-V4-F13,DAN8-V4-F13-VARIANTS,verified,
DAN8-0005,DANIEL7-12,DAN8,"PDF p.18, Daniel 8:5",multiple_choice,expert,"macho cabrío, combate y gran cuerno","Según PDF p.18, Daniel 8:5, en el pasaje sobre macho cabrío, combate y gran cuerno, ¿Cuál opción mantiene sin alterar el detalle y el orden de la fuente? Marco: «aquel macho cabrío tenía un [DETALLE] entre sus ojos»","[""aquel macho cabrío tenía un cuerno notable entre sus ojos"", ""aquel macho cabrío tenía un cuerno pequeño entre sus ojos"", ""aquel macho cabrío tenía un dominio eterno entre sus ojos"", ""aquel macho cabrío tenía un cuerno grande entre sus ojos""]",0,aquel macho cabrío tenía un cuerno notable entre sus ojos,La opción correcta conserva el detalle «cuerno notable» tal como aparece en la fuente: «aquel macho cabrío tenía un cuerno notable entre sus ojos».,aquel macho cabrío tenía un cuerno notable entre sus ojos,DAN8-V5-F08,DAN8-V5-F08-VARIANTS,verified,
DAN8-0006,DANIEL7-12,DAN8,"PDF p.18, Daniel 8:6",fill_blank,hard,"macho cabrío, combate y gran cuerno","Según PDF p.18, Daniel 8:6, en el pasaje sobre macho cabrío, combate y gran cuerno, complete la formulación del PDF: «Vino hasta el carnero de _____ que yo había visto en la ribera del río, y corrió contra él con la furia de su fuerza.»","[""diez cuernos"", ""dos cuernos"", ""setenta años"", ""tres semanas""]",1,dos cuernos,El PDF emplea la expresión «dos cuernos» en este contexto: «Vino hasta el carnero de dos cuernos que yo había visto en la ribera».,Vino hasta el carnero de dos cuernos que yo había visto en la ribera,DAN8-V6-F01,DAN8-V6-F01-VARIANTS,verified,
DAN8-0007,DANIEL7-12,DAN8,"PDF p.18, Daniel 8:7",multiple_choice,hard,"macho cabrío, combate y gran cuerno","Según PDF p.18, Daniel 8:7, en el pasaje sobre macho cabrío, combate y gran cuerno, ¿Qué opción restituye con precisión la relación descrita? Marco: «hirió, y le quebró sus [DETALLE]»","[""hirió, y le quebró sus diez cuernos"", ""hirió, y le quebró sus dos cuernos"", ""hirió, y le quebró sus setenta años"", ""hirió, y le quebró sus tres semanas""]",1,"hirió, y le quebró sus dos cuernos","La opción correcta conserva el detalle «dos cuernos» tal como aparece en la fuente: «hirió, y le quebró sus dos cuernos».","hirió, y le quebró sus dos cuernos",DAN8-V7-F04,DAN8-V7-F04-VARIANTS,verified,
DAN8-0008,DANIEL7-12,DAN8,"PDF p.18, Daniel 8:8",fill_blank,expert,"macho cabrío, combate y gran cuerno","Según PDF p.18, Daniel 8:8, en el pasaje sobre macho cabrío, combate y gran cuerno, complete la formulación del PDF: «pero cuando estaba en su mayor fuerza, aquel gran cuerno fue quebrado, y en su lugar salieron otros cuatro cuernos notables hacia los _____.»","[""mil doscientos noventa días"", ""cuatro alas de ave"", ""cuatro vientos del cielo"", ""millones de millones""]",2,cuatro vientos del cielo,El PDF emplea la expresión «cuatro vientos del cielo» en este contexto: «cuatro cuernos notables hacia los cuatro vientos del cielo».,cuatro cuernos notables hacia los cuatro vientos del cielo,DAN8-V8-F05,DAN8-V8-F05-VARIANTS,verified,
DAN8-0009,DANIEL7-12,DAN8,"PDF p.18, Daniel 8:9",multiple_choice,expert,"cuerno pequeño, santuario y 2,300 tardes y mañanas","Según PDF p.18, Daniel 8:9, en el pasaje sobre cuerno pequeño, santuario y 2,300 tardes y mañanas, ¿Cuál opción mantiene sin alterar el detalle y el orden de la fuente? Marco: «uno de ellos salió un [DETALLE], que creció mucho hacia el sur y»","[""uno de ellos salió un cuerno notable, que creció mucho hacia el sur y"", ""uno de ellos salió un dominio eterno, que creció mucho hacia el sur y"", ""uno de ellos salió un cuerno pequeño, que creció mucho hacia el sur y"", ""uno de ellos salió un cuerno grande, que creció mucho hacia el sur y""]",2,"uno de ellos salió un cuerno pequeño, que creció mucho hacia el sur y","La opción correcta conserva el detalle «cuerno pequeño» tal como aparece en la fuente: «uno de ellos salió un cuerno pequeño, que creció mucho hacia el sur y».","uno de ellos salió un cuerno pequeño, que creció mucho hacia el sur y",DAN8-V9-F01,DAN8-V9-F01-VARIANTS,verified,
DAN8-0010,DANIEL7-12,DAN8,"PDF p.18, Daniel 8:10",fill_blank,easy,"cuerno pequeño, santuario y 2,300 tardes y mañanas","Según PDF p.18, Daniel 8:10, en el pasaje sobre cuerno pequeño, santuario y 2,300 tardes y mañanas, complete la formulación del PDF: «y parte del ejército y de las _____ echó por tierra, y las pisoteó.»","[""fortalezas"", ""palabras"", ""riberas"", ""estrellas""]",3,estrellas,"El PDF emplea la expresión «estrellas» en este contexto: «del ejército y de las estrellas echó por tierra, y las pisoteó».","del ejército y de las estrellas echó por tierra, y las pisoteó",DAN8-V10-F05,DAN8-V10-F05-VARIANTS,verified,
DAN8-0011,DANIEL7-12,DAN8,"PDF p.18, Daniel 8:11",multiple_choice,expert,"cuerno pequeño, santuario y 2,300 tardes y mañanas","Según PDF p.18, Daniel 8:11, en el pasaje sobre cuerno pequeño, santuario y 2,300 tardes y mañanas, ¿Cuál opción mantiene sin alterar el detalle y el orden de la fuente? Marco: «por él fue quitado el [DETALLE], y el lugar de su santuario fue»","[""por él fue quitado el cuerno notable, y el lugar de su santuario fue"", ""por él fue quitado el cuerno pequeño, y el lugar de su santuario fue"", ""por él fue quitado el dominio eterno, y el lugar de su santuario fue"", ""por él fue quitado el sacrificio continuo, y el lugar de su santuario fue""]",3,"por él fue quitado el sacrificio continuo, y el lugar de su santuario fue","La opción correcta conserva el detalle «sacrificio continuo» tal como aparece en la fuente: «por él fue quitado el sacrificio continuo, y el lugar de su santuario fue».","por él fue quitado el sacrificio continuo, y el lugar de su santuario fue",DAN8-V11-F05,DAN8-V11-F05-VARIANTS,verified,
DAN8-0012,DANIEL7-12,DAN8,"PDF p.18, Daniel 8:12",fill_blank,expert,"cuerno pequeño, santuario y 2,300 tardes y mañanas","Según PDF p.18, Daniel 8:12, en el pasaje sobre cuerno pequeño, santuario y 2,300 tardes y mañanas, complete la formulación del PDF: «A causa de la prevaricación le fue entregado el ejército junto con el _____»","[""sacrificio continuo"", ""cuerno notable"", ""cuerno pequeño"", ""dominio eterno""]",0,sacrificio continuo,El PDF emplea la expresión «sacrificio continuo» en este contexto: «el ejército junto con el sacrificio continuo».,el ejército junto con el sacrificio continuo,DAN8-V12-F01,DAN8-V12-F01-VARIANTS,verified,
DAN8-0013,DANIEL7-12,DAN8,"PDF p.18, Daniel 8:13",multiple_choice,expert,"cuerno pequeño, santuario y 2,300 tardes y mañanas","Según PDF p.18, Daniel 8:13, en el pasaje sobre cuerno pequeño, santuario y 2,300 tardes y mañanas, ¿Cuál opción mantiene sin alterar el detalle y el orden de la fuente? Marco: «cuándo durará la visión del [DETALLE], la prevaricación asoladora y la entrega del»","[""cuándo durará la visión del sacrificio continuo, la prevaricación asoladora y la entrega del"", ""cuándo durará la visión del cuerno notable, la prevaricación asoladora y la entrega del"", ""cuándo durará la visión del cuerno pequeño, la prevaricación asoladora y la entrega del"", ""cuándo durará la visión del dominio eterno, la prevaricación asoladora y la entrega del""]",0,"cuándo durará la visión del sacrificio continuo, la prevaricación asoladora y la entrega del","La opción correcta conserva el detalle «sacrificio continuo» tal como aparece en la fuente: «cuándo durará la visión del sacrificio continuo, la prevaricación asoladora y la entrega del».","cuándo durará la visión del sacrificio continuo, la prevaricación asoladora y la entrega del",DAN8-V13-F04,DAN8-V13-F04-VARIANTS,verified,
DAN8-0014,DANIEL7-12,DAN8,"PDF p.18, Daniel 8:14",fill_blank,easy,"cuerno pequeño, santuario y 2,300 tardes y mañanas","Según PDF p.18, Daniel 8:14, en el pasaje sobre cuerno pequeño, santuario y 2,300 tardes y mañanas, complete la formulación del PDF: «Y él dijo: “Hasta dos mil _____ tardes y mañanas»","[""angustiosos"", ""trescientas"", ""desolaciones"", ""diferentes""]",1,trescientas,El PDF emplea la expresión «trescientas» en este contexto: «él dijo: “Hasta dos mil trescientas tardes y mañanas».,él dijo: “Hasta dos mil trescientas tardes y mañanas,DAN8-V14-F01,DAN8-V14-F01-VARIANTS,verified,
DAN8-0015,DANIEL7-12,DAN8,"PDF p.18, Daniel 8:15",multiple_choice,hard,Gabriel y tiempo del fin,"Según PDF p.18, Daniel 8:15, en el pasaje sobre Gabriel y tiempo del fin, ¿Qué opción restituye con precisión la relación descrita? Marco: «Aconteció que mientras yo, Daniel, [DETALLE] la visión y procuraba comprenderla, se puso»","[""Aconteció que mientras yo, Daniel, contemplaba la visión y procuraba comprenderla, se puso"", ""Aconteció que mientras yo, Daniel, consideraba la visión y procuraba comprenderla, se puso"", ""Aconteció que mientras yo, Daniel, desmenuzaba la visión y procuraba comprenderla, se puso"", ""Aconteció que mientras yo, Daniel, engrandecía la visión y procuraba comprenderla, se puso""]",1,"Aconteció que mientras yo, Daniel, consideraba la visión y procuraba comprenderla, se puso","La opción correcta conserva el detalle «consideraba» tal como aparece en la fuente: «Aconteció que mientras yo, Daniel, consideraba la visión y procuraba comprenderla, se puso».","Aconteció que mientras yo, Daniel, consideraba la visión y procuraba comprenderla, se puso",DAN8-V15-F01,DAN8-V15-F01-VARIANTS,verified,
DAN8-0016,DANIEL7-12,DAN8,"PDF p.18, Daniel 8:16",fill_blank,medium,Gabriel y tiempo del fin,"Según PDF p.18, Daniel 8:16, en el pasaje sobre Gabriel y tiempo del fin, complete la formulación del PDF: «Y oí una voz de _____ entre las riberas del Ulai, que gritó y dijo: “Gabriel, enseña a éste la visión.”»","[""cabrío"", ""cierra"", ""hombre"", ""creció""]",2,hombre,"El PDF emplea la expresión «hombre» en este contexto: «Y oí una voz de hombre entre las riberas del Ulai, que gritó».","Y oí una voz de hombre entre las riberas del Ulai, que gritó",DAN8-V16-F01,DAN8-V16-F01-VARIANTS,verified,
DAN8-0017,DANIEL7-12,DAN8,"PDF p.18, Daniel 8:17",multiple_choice,expert,Gabriel y tiempo del fin,"Según PDF p.18, Daniel 8:17, en el pasaje sobre Gabriel y tiempo del fin, ¿Cuál opción mantiene sin alterar el detalle y el orden de la fuente? Marco: «Pero él me dijo: “Entiende, [DETALLE], que la visión es para el tiempo»","[""Pero él me dijo: “Entiende, tiempo del fin, que la visión es para el tiempo"", ""Pero él me dijo: “Entiende, Anciano de días, que la visión es para el tiempo"", ""Pero él me dijo: “Entiende, hijo de hombre, que la visión es para el tiempo"", ""Pero él me dijo: “Entiende, rey del norte, que la visión es para el tiempo""]",2,"Pero él me dijo: “Entiende, hijo de hombre, que la visión es para el tiempo","La opción correcta conserva el detalle «hijo de hombre» tal como aparece en la fuente: «Pero él me dijo: “Entiende, hijo de hombre, que la visión es para el tiempo».","Pero él me dijo: “Entiende, hijo de hombre, que la visión es para el tiempo",DAN8-V17-F08,DAN8-V17-F08-VARIANTS,verified,
DAN8-0018,DANIEL7-12,DAN8,"PDF p.18, Daniel 8:18",fill_blank,medium,Gabriel y tiempo del fin,"Según PDF p.18, Daniel 8:18, en el pasaje sobre Gabriel y tiempo del fin, complete la formulación del PDF: «Mientras él _____ conmigo, caí dormido en tierra sobre mi rostro.»","[""bestias"", ""estaban"", ""bestia"", ""hablaba""]",3,hablaba,"El PDF emplea la expresión «hablaba» en este contexto: «Mientras él hablaba conmigo, caí dormido en tierra sobre mi».","Mientras él hablaba conmigo, caí dormido en tierra sobre mi",DAN8-V18-F01,DAN8-V18-F01-VARIANTS,verified,
DAN8-0019,DANIEL7-12,DAN8,"PDF p.18, Daniel 8:19",multiple_choice,expert,Gabriel y tiempo del fin,"Según PDF p.18, Daniel 8:19, en el pasaje sobre Gabriel y tiempo del fin, ¿Cuál opción mantiene sin alterar el detalle y el orden de la fuente? Marco: «porque eso es para el [DETALLE]»","[""porque eso es para el hijo de hombre"", ""porque eso es para el Anciano de días"", ""porque eso es para el rey del norte"", ""porque eso es para el tiempo del fin""]",3,porque eso es para el tiempo del fin,La opción correcta conserva el detalle «tiempo del fin» tal como aparece en la fuente: «porque eso es para el tiempo del fin».,porque eso es para el tiempo del fin,DAN8-V19-F03,DAN8-V19-F03-VARIANTS,verified,
DAN8-0020,DANIEL7-12,DAN8,"PDF p.18, Daniel 8:20",true_false,expert,"Media, Persia, Grecia y cuatro reinos","Según PDF p.18, Daniel 8:20, en el pasaje sobre Media, Persia, Grecia y cuatro reinos, determine si el detalle entre corchetes hace verdadera o falsa esta afirmación: «En cuanto al carnero que viste, que tenía ⟦diez cuernos⟧: éstos son los reyes de Media y de Persia.»","[""Verdadero"", ""Falso""]",1,Falso,"La afirmación cambia «dos cuernos». La corrección exacta es: «En cuanto al carnero que viste, que tenía dos cuernos: éstos son los reyes de Media y de Persia.»","carnero que viste, que tenía dos cuernos: éstos son los reyes de Media y",DAN8-V20-F01,DAN8-V20-F01-VARIANTS,verified,"En cuanto al carnero que viste, que tenía dos cuernos: éstos son los reyes de Media y de Persia."
DAN8-0021,DANIEL7-12,DAN8,"PDF p.19, Daniel 8:21",fill_blank,expert,"Media, Persia, Grecia y cuatro reinos","Según PDF p.19, Daniel 8:21, en el pasaje sobre Media, Persia, Grecia y cuatro reinos, complete la formulación del PDF: «El macho cabrío es el rey de Grecia, y el _____ que tenía entre sus ojos es el rey primero.»","[""cuerno grande"", ""cuerno notable"", ""cuerno pequeño"", ""dominio eterno""]",0,cuerno grande,"El PDF emplea la expresión «cuerno grande» en este contexto: «rey de Grecia, y el cuerno grande que tenía entre sus ojos es el».","rey de Grecia, y el cuerno grande que tenía entre sus ojos es el",DAN8-V21-F01,DAN8-V21-F01-VARIANTS,verified,
DAN8-0022,DANIEL7-12,DAN8,"PDF p.19, Daniel 8:22",multiple_choice,expert,"Media, Persia, Grecia y cuatro reinos","Según PDF p.19, Daniel 8:22, en el pasaje sobre Media, Persia, Grecia y cuatro reinos, ¿Cuál opción mantiene sin alterar el detalle y el orden de la fuente? Marco: «en su lugar, significa que [DETALLE] se levantarán de esa nación, aunque no»","[""en su lugar, significa que cuatro reinos se levantarán de esa nación, aunque no"", ""en su lugar, significa que cuatro cabezas se levantarán de esa nación, aunque no"", ""en su lugar, significa que diez cuernos se levantarán de esa nación, aunque no"", ""en su lugar, significa que setenta años se levantarán de esa nación, aunque no""]",0,"en su lugar, significa que cuatro reinos se levantarán de esa nación, aunque no","La opción correcta conserva el detalle «cuatro reinos» tal como aparece en la fuente: «en su lugar, significa que cuatro reinos se levantarán de esa nación, aunque no».","en su lugar, significa que cuatro reinos se levantarán de esa nación, aunque no",DAN8-V22-F01,DAN8-V22-F01-VARIANTS,verified,
DAN8-0023,DANIEL7-12,DAN8,"PDF p.19, Daniel 8:23",true_false,medium,"rey altivo, engaño y Príncipe de los príncipes","Según PDF p.19, Daniel 8:23, en el pasaje sobre rey altivo, engaño y Príncipe de los príncipes, determine si el detalle entre corchetes hace verdadera o falsa esta afirmación: «”Al fin del reinado de estos, cuando los ⟦transgresores⟧ lleguen al colmo, se levantará un rey altivo de rostro y entendido en enigmas.»","[""Verdadero"", ""Falso""]",0,Verdadero,"La afirmación coincide con el PDF: «reinado de estos, cuando los transgresores lleguen al colmo, se levantará un rey».","reinado de estos, cuando los transgresores lleguen al colmo, se levantará un rey",DAN8-V23-F01,DAN8-V23-F01-VARIANTS,verified,
DAN8-0024,DANIEL7-12,DAN8,"PDF p.19, Daniel 8:24",fill_blank,medium,"rey altivo, engaño y Príncipe de los príncipes","Según PDF p.19, Daniel 8:24, en el pasaje sobre rey altivo, engaño y Príncipe de los príncipes, complete la formulación del PDF: «Su poder se _____, mas no con fuerza propia»","[""contristará"", ""fortalecerá"", ""despedazará"", ""permanecerá""]",1,fortalecerá,"El PDF emplea la expresión «fortalecerá» en este contexto: «Su poder se fortalecerá, mas no con fuerza propia».","Su poder se fortalecerá, mas no con fuerza propia",DAN8-V24-F01,DAN8-V24-F01-VARIANTS,verified,
DAN8-0025,DANIEL7-12,DAN8,"PDF p.19, Daniel 8:25",multiple_choice,expert,"rey altivo, engaño y Príncipe de los príncipes","Según PDF p.19, Daniel 8:25, en el pasaje sobre rey altivo, engaño y Príncipe de los príncipes, ¿Cuál opción mantiene sin alterar el detalle y el orden de la fuente? Marco: «Se levantará contra el [DETALLE], pero será quebrantado, aunque no por mano»","[""Se levantará contra el dios de las fortalezas, pero será quebrantado, aunque no por mano"", ""Se levantará contra el Príncipe de los príncipes, pero será quebrantado, aunque no por mano"", ""Se levantará contra el sacrificio de la tarde, pero será quebrantado, aunque no por mano"", ""Se levantará contra el blanco como la nieve, pero será quebrantado, aunque no por mano""]",1,"Se levantará contra el Príncipe de los príncipes, pero será quebrantado, aunque no por mano","La opción correcta conserva el detalle «Príncipe de los príncipes» tal como aparece en la fuente: «Se levantará contra el Príncipe de los príncipes, pero será quebrantado, aunque no por mano».","Se levantará contra el Príncipe de los príncipes, pero será quebrantado, aunque no por mano",DAN8-V25-F09,DAN8-V25-F09-VARIANTS,verified,
DAN8-0026,DANIEL7-12,DAN8,"PDF p.19, Daniel 8:26",true_false,medium,"rey altivo, engaño y Príncipe de los príncipes","Según PDF p.19, Daniel 8:26, en el pasaje sobre rey altivo, engaño y Príncipe de los príncipes, determine si el detalle entre corchetes hace verdadera o falsa esta afirmación: «La visión de las tardes y mañanas que se ha referido es ⟦verdadera⟧»","[""Verdadero"", ""Falso""]",0,Verdadero,La afirmación coincide con el PDF: «que se ha referido es verdadera».,que se ha referido es verdadera,DAN8-V26-F01,DAN8-V26-F01-VARIANTS,verified,
DAN8-0027,DANIEL7-12,DAN8,"PDF p.19, Daniel 8:27",fill_blank,medium,estado final de Daniel,"Según PDF p.19, Daniel 8:27, en el pasaje sobre estado final de Daniel, complete la formulación del PDF: «Yo, Daniel, quedé _____, y estuve enfermo algunos días.»","[""despertados"", ""determinado"", ""quebrantado"", ""fortalecido""]",2,quebrantado,"El PDF emplea la expresión «quebrantado» en este contexto: «Yo, Daniel, quedé quebrantado, y estuve enfermo algunos días».","Yo, Daniel, quedé quebrantado, y estuve enfermo algunos días",DAN8-V27-F01,DAN8-V27-F01-VARIANTS,verified,
DAN8-0028,DANIEL7-12,DAN8,"PDF p.18, Daniel 8:1",multiple_choice,medium,"año, Susa, Ulai y carnero","Según PDF p.18, Daniel 8:1, en el pasaje sobre año, Susa, Ulai y carnero, ¿Cuál opción conserva el dato exacto de la fuente? Marco: «En el año tercero del [DETALLE] del rey Belsasar, yo, Daniel, tuve una»","[""En el año tercero del carnero del rey Belsasar, yo, Daniel, tuve una"", ""En el año tercero del corazón del rey Belsasar, yo, Daniel, tuve una"", ""En el año tercero del reinado del rey Belsasar, yo, Daniel, tuve una"", ""En el año tercero del dominio del rey Belsasar, yo, Daniel, tuve una""]",2,"En el año tercero del reinado del rey Belsasar, yo, Daniel, tuve una","La opción correcta conserva el detalle «reinado» tal como aparece en la fuente: «En el año tercero del reinado del rey Belsasar, yo, Daniel, tuve una».","En el año tercero del reinado del rey Belsasar, yo, Daniel, tuve una",DAN8-V1-F02,DAN8-V1-F02-VARIANTS,verified,
DAN8-0029,DANIEL7-12,DAN8,"PDF p.18, Daniel 8:2",true_false,medium,"año, Susa, Ulai y carnero","Según PDF p.18, Daniel 8:2, en el pasaje sobre año, Susa, Ulai y carnero, determine si el detalle entre corchetes hace verdadera o falsa esta afirmación: «Miraba yo la ⟦visión⟧, y en ella yo estaba en Susa, que es la capital del reino, en la provincia de Elam.»","[""Verdadero"", ""Falso""]",0,Verdadero,"La afirmación coincide con el PDF: «Miraba yo la visión, y en ella yo estaba en Susa».","Miraba yo la visión, y en ella yo estaba en Susa",DAN8-V2-F02,DAN8-V2-F02-VARIANTS,verified,
DAN8-0030,DANIEL7-12,DAN8,"PDF p.18, Daniel 8:3",fill_blank,medium,"año, Susa, Ulai y carnero","Según PDF p.18, Daniel 8:3, en el pasaje sobre año, Susa, Ulai y carnero, complete la formulación del PDF: «Alcé los ojos y miré, y _____ un carnero que estaba delante del río, y tenía dos cuernos»","[""decía"", ""hacía"", ""salía"", ""había""]",3,había,"El PDF emplea la expresión «había» en este contexto: «los ojos y miré, y había un carnero que estaba delante del río».","los ojos y miré, y había un carnero que estaba delante del río",DAN8-V3-F02,DAN8-V3-F02-VARIANTS,verified,
DAN8-0031,DANIEL7-12,DAN8,"PDF p.18, Daniel 8:4",multiple_choice,hard,"año, Susa, Ulai y carnero","Según PDF p.18, Daniel 8:4, en el pasaje sobre año, Susa, Ulai y carnero, ¿Qué opción restituye con precisión la relación descrita? Marco: «Vi que el [DETALLE] hería con los cuernos al poniente, al»","[""Vi que el corazón hería con los cuernos al poniente, al"", ""Vi que el dominio hería con los cuernos al poniente, al"", ""Vi que el hacerse hería con los cuernos al poniente, al"", ""Vi que el carnero hería con los cuernos al poniente, al""]",3,"Vi que el carnero hería con los cuernos al poniente, al","La opción correcta conserva el detalle «carnero» tal como aparece en la fuente: «Vi que el carnero hería con los cuernos al poniente, al».","Vi que el carnero hería con los cuernos al poniente, al",DAN8-V4-F01,DAN8-V4-F01-VARIANTS,verified,
DAN8-0032,DANIEL7-12,DAN8,"PDF p.18, Daniel 8:5",true_false,hard,"macho cabrío, combate y gran cuerno","Según PDF p.18, Daniel 8:5, en el pasaje sobre macho cabrío, combate y gran cuerno, determine si el detalle entre corchetes hace verdadera o falsa esta afirmación: «Mientras yo ⟦consideraba⟧ esto, un macho cabrío venía del lado del poniente sobre la faz de toda la tierra, sin tocar tierra»","[""Verdadero"", ""Falso""]",0,Verdadero,"La afirmación coincide con el PDF: «Mientras yo consideraba esto, un macho cabrío venía del lado».","Mientras yo consideraba esto, un macho cabrío venía del lado",DAN8-V5-F01,DAN8-V5-F01-VARIANTS,verified,
DAN8-0033,DANIEL7-12,DAN8,"PDF p.18, Daniel 8:6",fill_blank,medium,"macho cabrío, combate y gran cuerno","Según PDF p.18, Daniel 8:6, en el pasaje sobre macho cabrío, combate y gran cuerno, complete la formulación del PDF: «Vino hasta el _____ de dos cuernos que yo había visto en la ribera del río, y corrió contra él con la furia de su fuerza.»","[""carnero"", ""corazón"", ""dominio"", ""hacerse""]",0,carnero,El PDF emplea la expresión «carnero» en este contexto: «Vino hasta el carnero de dos cuernos que yo había visto».,Vino hasta el carnero de dos cuernos que yo había visto,DAN8-V6-F02,DAN8-V6-F02-VARIANTS,verified,
DAN8-0034,DANIEL7-12,DAN8,"PDF p.18, Daniel 8:7",multiple_choice,medium,"macho cabrío, combate y gran cuerno","Según PDF p.18, Daniel 8:7, en el pasaje sobre macho cabrío, combate y gran cuerno, ¿Cuál opción conserva el dato exacto de la fuente? Marco: «Lo vi [DETALLE] junto al carnero»","[""Lo vi llegar junto al carnero"", ""Lo vi hablar junto al carnero"", ""Lo vi manjar junto al carnero"", ""Lo vi volver junto al carnero""]",0,Lo vi llegar junto al carnero,La opción correcta conserva el detalle «llegar» tal como aparece en la fuente: «Lo vi llegar junto al carnero».,Lo vi llegar junto al carnero,DAN8-V7-F01,DAN8-V7-F01-VARIANTS,verified,
DAN8-0035,DANIEL7-12,DAN8,"PDF p.18, Daniel 8:8",true_false,medium,"macho cabrío, combate y gran cuerno","Según PDF p.18, Daniel 8:8, en el pasaje sobre macho cabrío, combate y gran cuerno, determine si el detalle entre corchetes hace verdadera o falsa esta afirmación: «pero cuando estaba en su mayor fuerza, aquel gran cuerno fue quebrado, y en su lugar salieron otros ⟦sesenta⟧ cuernos notables hacia los cuatro vientos del cielo.»","[""Verdadero"", ""Falso""]",1,Falso,"La afirmación cambia «cuatro». La corrección exacta es: «pero cuando estaba en su mayor fuerza, aquel gran cuerno fue quebrado, y en su lugar salieron otros cuatro cuernos notables hacia los cuatro vientos del cielo.»",en su lugar salieron otros cuatro cuernos notables hacia los cuatro vientos del,DAN8-V8-F06,DAN8-V8-F06-VARIANTS,verified,"pero cuando estaba en su mayor fuerza, aquel gran cuerno fue quebrado, y en su lugar salieron otros cuatro cuernos notables hacia los cuatro vientos del cielo."
DAN8-0036,DANIEL7-12,DAN8,"PDF p.18, Daniel 8:9",fill_blank,expert,"cuerno pequeño, santuario y 2,300 tardes y mañanas","Según PDF p.18, Daniel 8:9, en el pasaje sobre cuerno pequeño, santuario y 2,300 tardes y mañanas, complete la formulación del PDF: «De uno de ellos salió un cuerno pequeño, que creció mucho hacia el sur y el oriente, y hacia la _____.»","[""ciudad fuerte"", ""tierra gloriosa"", ""lana limpia"", ""abominación desoladora""]",1,tierra gloriosa,"El PDF emplea la expresión «tierra gloriosa» en este contexto: «el oriente, y hacia la tierra gloriosa».","el oriente, y hacia la tierra gloriosa",DAN8-V9-F02,DAN8-V9-F02-VARIANTS,verified,
DAN8-0037,DANIEL7-12,DAN8,"PDF p.18, Daniel 8:10",multiple_choice,medium,"cuerno pequeño, santuario y 2,300 tardes y mañanas","Según PDF p.18, Daniel 8:10, en el pasaje sobre cuerno pequeño, santuario y 2,300 tardes y mañanas, ¿Cuál opción conserva el dato exacto de la fuente? Marco: «Creció hasta [DETALLE] al ejército del cielo»","[""Creció hasta hablar al ejército del cielo"", ""Creció hasta llegar al ejército del cielo"", ""Creció hasta manjar al ejército del cielo"", ""Creció hasta volver al ejército del cielo""]",1,Creció hasta llegar al ejército del cielo,La opción correcta conserva el detalle «llegar» tal como aparece en la fuente: «Creció hasta llegar al ejército del cielo».,Creció hasta llegar al ejército del cielo,DAN8-V10-F01,DAN8-V10-F01-VARIANTS,verified,
DAN8-0038,DANIEL7-12,DAN8,"PDF p.18, Daniel 8:11",true_false,medium,"cuerno pequeño, santuario y 2,300 tardes y mañanas","Según PDF p.18, Daniel 8:11, en el pasaje sobre cuerno pequeño, santuario y 2,300 tardes y mañanas, determine si el detalle entre corchetes hace verdadera o falsa esta afirmación: «Aun se ⟦engrandeció⟧ frente al príncipe de los ejércitos»","[""Verdadero"", ""Falso""]",0,Verdadero,La afirmación coincide con el PDF: «Aun se engrandeció frente al príncipe de los ejércitos».,Aun se engrandeció frente al príncipe de los ejércitos,DAN8-V11-F01,DAN8-V11-F01-VARIANTS,verified,
DAN8-0039,DANIEL7-12,DAN8,"PDF p.18, Daniel 8:12",fill_blank,medium,"cuerno pequeño, santuario y 2,300 tardes y mañanas","Según PDF p.18, Daniel 8:12, en el pasaje sobre cuerno pequeño, santuario y 2,300 tardes y mañanas, complete la formulación del PDF: «A causa de la _____ le fue entregado el ejército junto con el sacrificio continuo»","[""interpretación"", ""misericordia"", ""prevaricación"", ""consumación""]",2,prevaricación,El PDF emplea la expresión «prevaricación» en este contexto: «A causa de la prevaricación le fue entregado el ejército junto con».,A causa de la prevaricación le fue entregado el ejército junto con,DAN8-V12-F02,DAN8-V12-F02-VARIANTS,verified,
DAN8-0040,DANIEL7-12,DAN8,"PDF p.18, Daniel 8:13",multiple_choice,hard,"cuerno pequeño, santuario y 2,300 tardes y mañanas","Según PDF p.18, Daniel 8:13, en el pasaje sobre cuerno pequeño, santuario y 2,300 tardes y mañanas, ¿Qué opción restituye con precisión la relación descrita? Marco: «visión del sacrificio continuo, la [DETALLE] asoladora y la entrega del santuario y»","[""visión del sacrificio continuo, la interpretación asoladora y la entrega del santuario y"", ""visión del sacrificio continuo, la misericordia asoladora y la entrega del santuario y"", ""visión del sacrificio continuo, la prevaricación asoladora y la entrega del santuario y"", ""visión del sacrificio continuo, la consumación asoladora y la entrega del santuario y""]",2,"visión del sacrificio continuo, la prevaricación asoladora y la entrega del santuario y","La opción correcta conserva el detalle «prevaricación» tal como aparece en la fuente: «visión del sacrificio continuo, la prevaricación asoladora y la entrega del santuario y».","visión del sacrificio continuo, la prevaricación asoladora y la entrega del santuario y",DAN8-V13-F05,DAN8-V13-F05-VARIANTS,verified,
DAN8-0041,DANIEL7-12,DAN8,"PDF p.18, Daniel 8:14",true_false,medium,"cuerno pequeño, santuario y 2,300 tardes y mañanas","Según PDF p.18, Daniel 8:14, en el pasaje sobre cuerno pequeño, santuario y 2,300 tardes y mañanas, determine si el detalle entre corchetes hace verdadera o falsa esta afirmación: «luego el ⟦conflicto⟧ será purificado.”»","[""Verdadero"", ""Falso""]",1,Falso,La afirmación cambia «santuario». La corrección exacta es: «luego el santuario será purificado.”»,luego el santuario será purificado,DAN8-V14-F04,DAN8-V14-F04-VARIANTS,verified,luego el santuario será purificado.”
DAN8-0042,DANIEL7-12,DAN8,"PDF p.18, Daniel 8:15",fill_blank,hard,Gabriel y tiempo del fin,"Según PDF p.18, Daniel 8:15, en el pasaje sobre Gabriel y tiempo del fin, complete la formulación del PDF: «Aconteció que mientras yo, Daniel, consideraba la visión y _____ comprenderla, se puso delante de mí uno con apariencia de hombre.»","[""combatían"", ""derramaba"", ""justicias"", ""procuraba""]",3,procuraba,"El PDF emplea la expresión «procuraba» en este contexto: «Daniel, consideraba la visión y procuraba comprenderla, se puso delante de mí uno».","Daniel, consideraba la visión y procuraba comprenderla, se puso delante de mí uno",DAN8-V15-F02,DAN8-V15-F02-VARIANTS,verified,
DAN8-0043,DANIEL7-12,DAN8,"PDF p.18, Daniel 8:16",multiple_choice,medium,Gabriel y tiempo del fin,"Según PDF p.18, Daniel 8:16, en el pasaje sobre Gabriel y tiempo del fin, ¿Cuál opción conserva el dato exacto de la fuente? Marco: «voz de hombre entre las [DETALLE] del Ulai, que gritó y dijo: “Gabriel»","[""voz de hombre entre las tiendas del Ulai, que gritó y dijo: “Gabriel"", ""voz de hombre entre las tierras del Ulai, que gritó y dijo: “Gabriel"", ""voz de hombre entre las costas del Ulai, que gritó y dijo: “Gabriel"", ""voz de hombre entre las riberas del Ulai, que gritó y dijo: “Gabriel""]",3,"voz de hombre entre las riberas del Ulai, que gritó y dijo: “Gabriel","La opción correcta conserva el detalle «riberas» tal como aparece en la fuente: «voz de hombre entre las riberas del Ulai, que gritó y dijo: “Gabriel».","voz de hombre entre las riberas del Ulai, que gritó y dijo: “Gabriel",DAN8-V16-F02,DAN8-V16-F02-VARIANTS,verified,
DAN8-0044,DANIEL7-12,DAN8,"PDF p.18, Daniel 8:17",true_false,expert,Gabriel y tiempo del fin,"Según PDF p.18, Daniel 8:17, en el pasaje sobre Gabriel y tiempo del fin, determine si el detalle entre corchetes hace verdadera o falsa esta afirmación: «Pero él me dijo: “Entiende, hijo de hombre, que la visión es para el ⟦tiempo del fin⟧.”»","[""Verdadero"", ""Falso""]",0,Verdadero,La afirmación coincide con el PDF: «la visión es para el tiempo del fin».,la visión es para el tiempo del fin,DAN8-V17-F09,DAN8-V17-F09-VARIANTS,verified,
DAN8-0045,DANIEL7-12,DAN8,"PDF p.18, Daniel 8:18",fill_blank,easy,Gabriel y tiempo del fin,"Según PDF p.18, Daniel 8:18, en el pasaje sobre Gabriel y tiempo del fin, complete la formulación del PDF: «Mientras él hablaba _____, caí dormido en tierra sobre mi rostro.»","[""conmigo"", ""delante"", ""dominio"", ""duermen""]",0,conmigo,"El PDF emplea la expresión «conmigo» en este contexto: «Mientras él hablaba conmigo, caí dormido en tierra sobre mi rostro».","Mientras él hablaba conmigo, caí dormido en tierra sobre mi rostro",DAN8-V18-F02,DAN8-V18-F02-VARIANTS,verified,
DAN8-0046,DANIEL7-12,DAN8,"PDF p.18, Daniel 8:19",multiple_choice,hard,Gabriel y tiempo del fin,"Según PDF p.18, Daniel 8:19, en el pasaje sobre Gabriel y tiempo del fin, ¿Qué opción restituye con precisión la relación descrita? Marco: «Y dijo: “Yo te [DETALLE] lo que ha de venir al fin»","[""Y dijo: “Yo te enseñaré lo que ha de venir al fin"", ""Y dijo: “Yo te cumplirá lo que ha de venir al fin"", ""Y dijo: “Yo te dominará lo que ha de venir al fin"", ""Y dijo: “Yo te engañará lo que ha de venir al fin""]",0,Y dijo: “Yo te enseñaré lo que ha de venir al fin,La opción correcta conserva el detalle «enseñaré» tal como aparece en la fuente: «Y dijo: “Yo te enseñaré lo que ha de venir al fin».,Y dijo: “Yo te enseñaré lo que ha de venir al fin,DAN8-V19-F01,DAN8-V19-F01-VARIANTS,verified,
DAN8-0047,DANIEL7-12,DAN8,"PDF p.18, Daniel 8:20",true_false,medium,"Media, Persia, Grecia y cuatro reinos","Según PDF p.18, Daniel 8:20, en el pasaje sobre Media, Persia, Grecia y cuatro reinos, determine si el detalle entre corchetes hace verdadera o falsa esta afirmación: «En cuanto al ⟦carnero⟧ que viste, que tenía dos cuernos: éstos son los reyes de Media y de Persia.»","[""Verdadero"", ""Falso""]",0,Verdadero,"La afirmación coincide con el PDF: «En cuanto al carnero que viste, que tenía dos cuernos: éstos».","En cuanto al carnero que viste, que tenía dos cuernos: éstos",DAN8-V20-F02,DAN8-V20-F02-VARIANTS,verified,
DAN8-0048,DANIEL7-12,DAN8,"PDF p.19, Daniel 8:21",fill_blank,medium,"Media, Persia, Grecia y cuatro reinos","Según PDF p.19, Daniel 8:21, en el pasaje sobre Media, Persia, Grecia y cuatro reinos, complete la formulación del PDF: «El macho _____ es el rey de Grecia, y el cuerno grande que tenía entre sus ojos es el rey primero.»","[""cierra"", ""cabrío"", ""creció"", ""cuanto""]",1,cabrío,"El PDF emplea la expresión «cabrío» en este contexto: «El macho cabrío es el rey de Grecia, y el».","El macho cabrío es el rey de Grecia, y el",DAN8-V21-F02,DAN8-V21-F02-VARIANTS,verified,
DAN8-0049,DANIEL7-12,DAN8,"PDF p.19, Daniel 8:22",multiple_choice,medium,"Media, Persia, Grecia y cuatro reinos","Según PDF p.19, Daniel 8:22, en el pasaje sobre Media, Persia, Grecia y cuatro reinos, ¿Cuál opción conserva el dato exacto de la fuente? Marco: «que fue quebrado y sucedieron [DETALLE] en su lugar, significa que cuatro reinos»","[""que fue quebrado y sucedieron sesenta en su lugar, significa que cuatro reinos"", ""que fue quebrado y sucedieron cuatro en su lugar, significa que cuatro reinos"", ""que fue quebrado y sucedieron siete en su lugar, significa que cuatro reinos"", ""que fue quebrado y sucedieron dos cuernos en su lugar, significa que cuatro reinos""]",1,"que fue quebrado y sucedieron cuatro en su lugar, significa que cuatro reinos","La opción correcta conserva el detalle «cuatro» tal como aparece en la fuente: «que fue quebrado y sucedieron cuatro en su lugar, significa que cuatro reinos».","que fue quebrado y sucedieron cuatro en su lugar, significa que cuatro reinos",DAN8-V22-F02,DAN8-V22-F02-VARIANTS,verified,
DAN8-0050,DANIEL7-12,DAN8,"PDF p.19, Daniel 8:23",true_false,hard,"rey altivo, engaño y Príncipe de los príncipes","Según PDF p.19, Daniel 8:23, en el pasaje sobre rey altivo, engaño y Príncipe de los príncipes, determine si el detalle entre corchetes hace verdadera o falsa esta afirmación: «”Al fin del reinado de estos, cuando los transgresores lleguen al colmo, se ⟦apoderará⟧ un rey altivo de rostro y entendido en enigmas.»","[""Verdadero"", ""Falso""]",1,Falso,"La afirmación cambia «levantará». La corrección exacta es: «”Al fin del reinado de estos, cuando los transgresores lleguen al colmo, se levantará un rey altivo de rostro y entendido en enigmas.»","transgresores lleguen al colmo, se levantará un rey altivo de rostro y entendido",DAN8-V23-F02,DAN8-V23-F02-VARIANTS,verified,"”Al fin del reinado de estos, cuando los transgresores lleguen al colmo, se levantará un rey altivo de rostro y entendido en enigmas."
DAN8-0051,DANIEL7-12,DAN8,"PDF p.19, Daniel 8:24",fill_blank,medium,"rey altivo, engaño y Príncipe de los príncipes","Según PDF p.19, Daniel 8:24, en el pasaje sobre rey altivo, engaño y Príncipe de los príncipes, complete la formulación del PDF: «causará grandes ruinas, _____, actuará arbitrariamente y destruirá a los fuertes y al pueblo de los santos.»","[""confirmará"", ""contenderá"", ""prosperará"", ""Despertará""]",2,prosperará,"El PDF emplea la expresión «prosperará» en este contexto: «causará grandes ruinas, prosperará, actuará arbitrariamente y destruirá a los fuertes».","causará grandes ruinas, prosperará, actuará arbitrariamente y destruirá a los fuertes",DAN8-V24-F05,DAN8-V24-F05-VARIANTS,verified,
DAN8-0052,DANIEL7-12,DAN8,"PDF p.19, Daniel 8:25",multiple_choice,medium,"rey altivo, engaño y Príncipe de los príncipes","Según PDF p.19, Daniel 8:25, en el pasaje sobre rey altivo, engaño y Príncipe de los príncipes, ¿Cuál opción conserva el dato exacto de la fuente? Marco: «Con su [DETALLE] hará prosperar el engaño en su mano»","[""Con su confesión hará prosperar el engaño en su mano"", ""Con su confusión hará prosperar el engaño en su mano"", ""Con su sagacidad hará prosperar el engaño en su mano"", ""Con su eternidad hará prosperar el engaño en su mano""]",2,Con su sagacidad hará prosperar el engaño en su mano,La opción correcta conserva el detalle «sagacidad» tal como aparece en la fuente: «Con su sagacidad hará prosperar el engaño en su mano».,Con su sagacidad hará prosperar el engaño en su mano,DAN8-V25-F01,DAN8-V25-F01-VARIANTS,verified,
DAN8-0053,DANIEL7-12,DAN8,"PDF p.19, Daniel 8:26",true_false,medium,"rey altivo, engaño y Príncipe de los príncipes","Según PDF p.19, Daniel 8:26, en el pasaje sobre rey altivo, engaño y Príncipe de los príncipes, determine si el detalle entre corchetes hace verdadera o falsa esta afirmación: «La visión de las ⟦costas⟧ y mañanas que se ha referido es verdadera»","[""Verdadero"", ""Falso""]",1,Falso,La afirmación cambia «tardes». La corrección exacta es: «La visión de las tardes y mañanas que se ha referido es verdadera»,La visión de las tardes y mañanas que se ha referido es,DAN8-V26-F02,DAN8-V26-F02-VARIANTS,verified,La visión de las tardes y mañanas que se ha referido es verdadera
DAN8-0054,DANIEL7-12,DAN8,"PDF p.19, Daniel 8:27",fill_blank,medium,estado final de Daniel,"Según PDF p.19, Daniel 8:27, en el pasaje sobre estado final de Daniel, complete la formulación del PDF: «pero estaba _____ a causa de la visión, y no la entendía.»","[""arruinado"", ""confiados"", ""consumida"", ""espantado""]",3,espantado,"El PDF emplea la expresión «espantado» en este contexto: «pero estaba espantado a causa de la visión, y no».","pero estaba espantado a causa de la visión, y no",DAN8-V27-F09,DAN8-V27-F09-VARIANTS,verified,
DAN8-0055,DANIEL7-12,DAN8,"PDF p.18, Daniel 8:1",multiple_choice,easy,"año, Susa, Ulai y carnero","Según PDF p.18, Daniel 8:1, en el pasaje sobre año, Susa, Ulai y carnero, ¿Qué expresión completa correctamente el detalle señalado? Marco: «tercero del reinado del rey [DETALLE], yo, Daniel, tuve una visión, después de»","[""tercero del reinado del rey Abed-nego, yo, Daniel, tuve una visión, después de"", ""tercero del reinado del rey Beltsasar, yo, Daniel, tuve una visión, después de"", ""tercero del reinado del rey Gabriel, yo, Daniel, tuve una visión, después de"", ""tercero del reinado del rey Belsasar, yo, Daniel, tuve una visión, después de""]",3,"tercero del reinado del rey Belsasar, yo, Daniel, tuve una visión, después de","La opción correcta conserva el detalle «Belsasar» tal como aparece en la fuente: «tercero del reinado del rey Belsasar, yo, Daniel, tuve una visión, después de».","tercero del reinado del rey Belsasar, yo, Daniel, tuve una visión, después de",DAN8-V1-F03,DAN8-V1-F03-VARIANTS,verified,
DAN8-0056,DANIEL7-12,DAN8,"PDF p.18, Daniel 8:2",true_false,hard,"año, Susa, Ulai y carnero","Según PDF p.18, Daniel 8:2, en el pasaje sobre año, Susa, Ulai y carnero, determine si el detalle entre corchetes hace verdadera o falsa esta afirmación: «Miraba yo la visión, y en ella yo ⟦estaba⟧ en Susa, que es la capital del reino, en la provincia de Elam.»","[""Verdadero"", ""Falso""]",0,Verdadero,"La afirmación coincide con el PDF: «visión, y en ella yo estaba en Susa, que es la capital del».","visión, y en ella yo estaba en Susa, que es la capital del",DAN8-V2-F03,DAN8-V2-F03-VARIANTS,verified,
DAN8-0057,DANIEL7-12,DAN8,"PDF p.18, Daniel 8:3",fill_blank,medium,"año, Susa, Ulai y carnero","Según PDF p.18, Daniel 8:3, en el pasaje sobre año, Susa, Ulai y carnero, complete la formulación del PDF: «Alcé los ojos y miré, y había un _____ que estaba delante del río, y tenía dos cuernos»","[""carnero"", ""corazón"", ""dominio"", ""hacerse""]",0,carnero,"El PDF emplea la expresión «carnero» en este contexto: «y miré, y había un carnero que estaba delante del río, y tenía».","y miré, y había un carnero que estaba delante del río, y tenía",DAN8-V3-F03,DAN8-V3-F03-VARIANTS,verified,
DAN8-0058,DANIEL7-12,DAN8,"PDF p.18, Daniel 8:4",multiple_choice,hard,"año, Susa, Ulai y carnero","Según PDF p.18, Daniel 8:4, en el pasaje sobre año, Susa, Ulai y carnero, ¿Qué opción restituye con precisión la relación descrita? Marco: «Vi que el carnero [DETALLE] con los cuernos al poniente, al norte»","[""Vi que el carnero hería con los cuernos al poniente, al norte"", ""Vi que el carnero andar con los cuernos al poniente, al norte"", ""Vi que el carnero darán con los cuernos al poniente, al norte"", ""Vi que el carnero decía con los cuernos al poniente, al norte""]",0,"Vi que el carnero hería con los cuernos al poniente, al norte","La opción correcta conserva el detalle «hería» tal como aparece en la fuente: «Vi que el carnero hería con los cuernos al poniente, al norte».","Vi que el carnero hería con los cuernos al poniente, al norte",DAN8-V4-F02,DAN8-V4-F02-VARIANTS,verified,
DAN8-0059,DANIEL7-12,DAN8,"PDF p.18, Daniel 8:5",true_false,hard,"macho cabrío, combate y gran cuerno","Según PDF p.18, Daniel 8:5, en el pasaje sobre macho cabrío, combate y gran cuerno, determine si el detalle entre corchetes hace verdadera o falsa esta afirmación: «Mientras yo consideraba esto, un ⟦cielo⟧ cabrío venía del lado del poniente sobre la faz de toda la tierra, sin tocar tierra»","[""Verdadero"", ""Falso""]",1,Falso,"La afirmación cambia «macho». La corrección exacta es: «Mientras yo consideraba esto, un macho cabrío venía del lado del poniente sobre la faz de toda la tierra, sin tocar tierra»","Mientras yo consideraba esto, un macho cabrío venía del lado del poniente sobre",DAN8-V5-F02,DAN8-V5-F02-VARIANTS,verified,"Mientras yo consideraba esto, un macho cabrío venía del lado del poniente sobre la faz de toda la tierra, sin tocar tierra"
DAN8-0060,DANIEL7-12,DAN8,"PDF p.18, Daniel 8:6",fill_blank,hard,"macho cabrío, combate y gran cuerno","Según PDF p.18, Daniel 8:6, en el pasaje sobre macho cabrío, combate y gran cuerno, complete la formulación del PDF: «Vino hasta el carnero de dos cuernos que yo _____ visto en la ribera del río, y corrió contra él con la furia de su fuerza.»","[""decía"", ""había"", ""hacía"", ""salía""]",1,había,"El PDF emplea la expresión «había» en este contexto: «de dos cuernos que yo había visto en la ribera del río, y».","de dos cuernos que yo había visto en la ribera del río, y",DAN8-V6-F03,DAN8-V6-F03-VARIANTS,verified,
DAN8-0061,DANIEL7-12,DAN8,"PDF p.18, Daniel 8:7",multiple_choice,easy,"macho cabrío, combate y gran cuerno","Según PDF p.18, Daniel 8:7, en el pasaje sobre macho cabrío, combate y gran cuerno, ¿Qué expresión completa correctamente el detalle señalado? Marco: «Lo vi llegar [DETALLE] al carnero»","[""Lo vi llegar ahora al carnero"", ""Lo vi llegar junto al carnero"", ""Lo vi llegar causa al carnero"", ""Lo vi llegar cerca al carnero""]",1,Lo vi llegar junto al carnero,La opción correcta conserva el detalle «junto» tal como aparece en la fuente: «Lo vi llegar junto al carnero».,Lo vi llegar junto al carnero,DAN8-V7-F02,DAN8-V7-F02-VARIANTS,verified,
DAN8-0062,DANIEL7-12,DAN8,"PDF p.18, Daniel 8:8",true_false,medium,"macho cabrío, combate y gran cuerno","Según PDF p.18, Daniel 8:8, en el pasaje sobre macho cabrío, combate y gran cuerno, determine si el detalle entre corchetes hace verdadera o falsa esta afirmación: «El macho ⟦cierra⟧ creció en gran manera»","[""Verdadero"", ""Falso""]",1,Falso,La afirmación cambia «cabrío». La corrección exacta es: «El macho cabrío creció en gran manera»,El macho cabrío creció en gran manera,DAN8-V8-F01,DAN8-V8-F01-VARIANTS,verified,El macho cabrío creció en gran manera
DAN8-0063,DANIEL7-12,DAN8,"PDF p.18, Daniel 8:9",fill_blank,hard,"cuerno pequeño, santuario y 2,300 tardes y mañanas","Según PDF p.18, Daniel 8:9, en el pasaje sobre cuerno pequeño, santuario y 2,300 tardes y mañanas, complete la formulación del PDF: «De uno de ellos _____ un cuerno pequeño, que creció mucho hacia el sur y el oriente, y hacia la tierra gloriosa.»","[""hirió"", ""trajo"", ""salió"", ""turbó""]",2,salió,"El PDF emplea la expresión «salió» en este contexto: «De uno de ellos salió un cuerno pequeño, que creció mucho hacia».","De uno de ellos salió un cuerno pequeño, que creció mucho hacia",DAN8-V9-F03,DAN8-V9-F03-VARIANTS,verified,
DAN8-0064,DANIEL7-12,DAN8,"PDF p.18, Daniel 8:10",multiple_choice,easy,"cuerno pequeño, santuario y 2,300 tardes y mañanas","Según PDF p.18, Daniel 8:10, en el pasaje sobre cuerno pequeño, santuario y 2,300 tardes y mañanas, ¿Qué expresión completa correctamente el detalle señalado? Marco: «Creció hasta llegar al [DETALLE] del cielo»","[""Creció hasta llegar al espíritu del cielo"", ""Creció hasta llegar al leopardo del cielo"", ""Creció hasta llegar al ejército del cielo"", ""Creció hasta llegar al perdonar del cielo""]",2,Creció hasta llegar al ejército del cielo,La opción correcta conserva el detalle «ejército» tal como aparece en la fuente: «Creció hasta llegar al ejército del cielo».,Creció hasta llegar al ejército del cielo,DAN8-V10-F02,DAN8-V10-F02-VARIANTS,verified,
DAN8-0065,DANIEL7-12,DAN8,"PDF p.18, Daniel 8:11",true_false,medium,"cuerno pequeño, santuario y 2,300 tardes y mañanas","Según PDF p.18, Daniel 8:11, en el pasaje sobre cuerno pequeño, santuario y 2,300 tardes y mañanas, determine si el detalle entre corchetes hace verdadera o falsa esta afirmación: «Aun se engrandeció frente al príncipe de los ⟦príncipes⟧»","[""Verdadero"", ""Falso""]",1,Falso,La afirmación cambia «ejércitos». La corrección exacta es: «Aun se engrandeció frente al príncipe de los ejércitos»,frente al príncipe de los ejércitos,DAN8-V11-F02,DAN8-V11-F02-VARIANTS,verified,Aun se engrandeció frente al príncipe de los ejércitos
DAN8-0066,DANIEL7-12,DAN8,"PDF p.18, Daniel 8:12",fill_blank,medium,"cuerno pequeño, santuario y 2,300 tardes y mañanas","Según PDF p.18, Daniel 8:12, en el pasaje sobre cuerno pequeño, santuario y 2,300 tardes y mañanas, complete la formulación del PDF: «A causa de la prevaricación le fue _____ el ejército junto con el sacrificio continuo»","[""arruinado"", ""confiados"", ""consumida"", ""entregado""]",3,entregado,El PDF emplea la expresión «entregado» en este contexto: «de la prevaricación le fue entregado el ejército junto con el sacrificio continuo».,de la prevaricación le fue entregado el ejército junto con el sacrificio continuo,DAN8-V12-F03,DAN8-V12-F03-VARIANTS,verified,
DAN8-0067,DANIEL7-12,DAN8,"PDF p.18, Daniel 8:13",multiple_choice,hard,"cuerno pequeño, santuario y 2,300 tardes y mañanas","Según PDF p.18, Daniel 8:13, en el pasaje sobre cuerno pequeño, santuario y 2,300 tardes y mañanas, ¿Qué opción restituye con precisión la relación descrita? Marco: «del sacrificio continuo, la prevaricación [DETALLE] y la entrega del santuario y el»","[""del sacrificio continuo, la prevaricación Aconteció y la entrega del santuario y el"", ""del sacrificio continuo, la prevaricación diferente y la entrega del santuario y el"", ""del sacrificio continuo, la prevaricación espantosa y la entrega del santuario y el"", ""del sacrificio continuo, la prevaricación asoladora y la entrega del santuario y el""]",3,"del sacrificio continuo, la prevaricación asoladora y la entrega del santuario y el","La opción correcta conserva el detalle «asoladora» tal como aparece en la fuente: «del sacrificio continuo, la prevaricación asoladora y la entrega del santuario y el».","del sacrificio continuo, la prevaricación asoladora y la entrega del santuario y el",DAN8-V13-F06,DAN8-V13-F06-VARIANTS,verified,
DAN8-0068,DANIEL7-12,DAN8,"PDF p.18, Daniel 8:14",true_false,medium,"cuerno pequeño, santuario y 2,300 tardes y mañanas","Según PDF p.18, Daniel 8:14, en el pasaje sobre cuerno pequeño, santuario y 2,300 tardes y mañanas, determine si el detalle entre corchetes hace verdadera o falsa esta afirmación: «luego el santuario será ⟦purificado⟧.”»","[""Verdadero"", ""Falso""]",0,Verdadero,La afirmación coincide con el PDF: «luego el santuario será purificado».,luego el santuario será purificado,DAN8-V14-F05,DAN8-V14-F05-VARIANTS,verified,
DAN8-0069,DANIEL7-12,DAN8,"PDF p.18, Daniel 8:15",fill_blank,medium,Gabriel y tiempo del fin,"Según PDF p.18, Daniel 8:15, en el pasaje sobre Gabriel y tiempo del fin, complete la formulación del PDF: «Aconteció que mientras yo, Daniel, consideraba la visión y procuraba _____, se puso delante de mí uno con apariencia de hombre.»","[""comprenderla"", ""despreciable"", ""resplandezca"", ""veinticuatro""]",0,comprenderla,"El PDF emplea la expresión «comprenderla» en este contexto: «consideraba la visión y procuraba comprenderla, se puso delante de mí uno con».","consideraba la visión y procuraba comprenderla, se puso delante de mí uno con",DAN8-V15-F03,DAN8-V15-F03-VARIANTS,verified,
DAN8-0070,DANIEL7-12,DAN8,"PDF p.18, Daniel 8:16",multiple_choice,medium,Gabriel y tiempo del fin,"Según PDF p.18, Daniel 8:16, en el pasaje sobre Gabriel y tiempo del fin, ¿Cuál opción conserva el dato exacto de la fuente? Marco: «las riberas del Ulai, que [DETALLE] y dijo: “Gabriel, enseña a éste la»","[""las riberas del Ulai, que gritó y dijo: “Gabriel, enseña a éste la"", ""las riberas del Ulai, que ahora y dijo: “Gabriel, enseña a éste la"", ""las riberas del Ulai, que causa y dijo: “Gabriel, enseña a éste la"", ""las riberas del Ulai, que cerca y dijo: “Gabriel, enseña a éste la""]",0,"las riberas del Ulai, que gritó y dijo: “Gabriel, enseña a éste la","La opción correcta conserva el detalle «gritó» tal como aparece en la fuente: «las riberas del Ulai, que gritó y dijo: “Gabriel, enseña a éste la».","las riberas del Ulai, que gritó y dijo: “Gabriel, enseña a éste la",DAN8-V16-F03,DAN8-V16-F03-VARIANTS,verified,
DAN8-0071,DANIEL7-12,DAN8,"PDF p.18, Daniel 8:17",true_false,easy,Gabriel y tiempo del fin,"Según PDF p.18, Daniel 8:17, en el pasaje sobre Gabriel y tiempo del fin, determine si el detalle entre corchetes hace verdadera o falsa esta afirmación: «Vino luego ⟦cerca⟧ de donde yo estaba.»","[""Verdadero"", ""Falso""]",0,Verdadero,La afirmación coincide con el PDF: «Vino luego cerca de donde yo estaba».,Vino luego cerca de donde yo estaba,DAN8-V17-F01,DAN8-V17-F01-VARIANTS,verified,
DAN8-0072,DANIEL7-12,DAN8,"PDF p.18, Daniel 8:18",fill_blank,medium,Gabriel y tiempo del fin,"Según PDF p.18, Daniel 8:18, en el pasaje sobre Gabriel y tiempo del fin, complete la formulación del PDF: «Mientras él hablaba conmigo, caí _____ en tierra sobre mi rostro.»","[""quitado"", ""dormido"", ""vestido"", ""afligido""]",1,dormido,"El PDF emplea la expresión «dormido» en este contexto: «Mientras él hablaba conmigo, caí dormido en tierra sobre mi rostro».","Mientras él hablaba conmigo, caí dormido en tierra sobre mi rostro",DAN8-V18-F03,DAN8-V18-F03-VARIANTS,verified,
DAN8-0073,DANIEL7-12,DAN8,"PDF p.18, Daniel 8:19",multiple_choice,hard,Gabriel y tiempo del fin,"Según PDF p.18, Daniel 8:19, en el pasaje sobre Gabriel y tiempo del fin, ¿Qué opción restituye con precisión la relación descrita? Marco: «enseñaré lo que ha de [DETALLE] al fin de la ira»","[""enseñaré lo que ha de andar al fin de la ira"", ""enseñaré lo que ha de venir al fin de la ira"", ""enseñaré lo que ha de hacer al fin de la ira"", ""enseñaré lo que ha de pasar al fin de la ira""]",1,enseñaré lo que ha de venir al fin de la ira,La opción correcta conserva el detalle «venir» tal como aparece en la fuente: «enseñaré lo que ha de venir al fin de la ira».,enseñaré lo que ha de venir al fin de la ira,DAN8-V19-F02,DAN8-V19-F02-VARIANTS,verified,
DAN8-0074,DANIEL7-12,DAN8,"PDF p.18, Daniel 8:20",true_false,hard,"Media, Persia, Grecia y cuatro reinos","Según PDF p.18, Daniel 8:20, en el pasaje sobre Media, Persia, Grecia y cuatro reinos, determine si el detalle entre corchetes hace verdadera o falsa esta afirmación: «En cuanto al carnero que ⟦varón⟧, que tenía dos cuernos: éstos son los reyes de Media y de Persia.»","[""Verdadero"", ""Falso""]",1,Falso,"La afirmación cambia «viste». La corrección exacta es: «En cuanto al carnero que viste, que tenía dos cuernos: éstos son los reyes de Media y de Persia.»","En cuanto al carnero que viste, que tenía dos cuernos: éstos son los",DAN8-V20-F03,DAN8-V20-F03-VARIANTS,verified,"En cuanto al carnero que viste, que tenía dos cuernos: éstos son los reyes de Media y de Persia."
DAN8-0075,DANIEL7-12,DAN8,"PDF p.19, Daniel 8:21",fill_blank,easy,"Media, Persia, Grecia y cuatro reinos","Según PDF p.19, Daniel 8:21, en el pasaje sobre Media, Persia, Grecia y cuatro reinos, complete la formulación del PDF: «El macho cabrío es el rey de _____, y el cuerno grande que tenía entre sus ojos es el rey primero.»","[""Atenas"", ""Egipto"", ""Grecia"", ""Persia""]",2,Grecia,"El PDF emplea la expresión «Grecia» en este contexto: «cabrío es el rey de Grecia, y el cuerno grande que tenía entre».","cabrío es el rey de Grecia, y el cuerno grande que tenía entre",DAN8-V21-F03,DAN8-V21-F03-VARIANTS,verified,
DAN8-0076,DANIEL7-12,DAN8,"PDF p.19, Daniel 8:22",multiple_choice,hard,"Media, Persia, Grecia y cuatro reinos","Según PDF p.19, Daniel 8:22, en el pasaje sobre Media, Persia, Grecia y cuatro reinos, ¿Qué opción restituye con precisión la relación descrita? Marco: «cuerno que fue quebrado y [DETALLE] cuatro en su lugar, significa que cuatro»","[""cuerno que fue quebrado y asombraron cuatro en su lugar, significa que cuatro"", ""cuerno que fue quebrado y conocieron cuatro en su lugar, significa que cuatro"", ""cuerno que fue quebrado y sucedieron cuatro en su lugar, significa que cuatro"", ""cuerno que fue quebrado y cumplieron cuatro en su lugar, significa que cuatro""]",2,"cuerno que fue quebrado y sucedieron cuatro en su lugar, significa que cuatro","La opción correcta conserva el detalle «sucedieron» tal como aparece en la fuente: «cuerno que fue quebrado y sucedieron cuatro en su lugar, significa que cuatro».","cuerno que fue quebrado y sucedieron cuatro en su lugar, significa que cuatro",DAN8-V22-F03,DAN8-V22-F03-VARIANTS,verified,
DAN8-0077,DANIEL7-12,DAN8,"PDF p.19, Daniel 8:23",true_false,hard,"rey altivo, engaño y Príncipe de los príncipes","Según PDF p.19, Daniel 8:23, en el pasaje sobre rey altivo, engaño y Príncipe de los príncipes, determine si el detalle entre corchetes hace verdadera o falsa esta afirmación: «”Al fin del reinado de estos, cuando los transgresores lleguen al colmo, se levantará un rey altivo de rostro y ⟦arruinado⟧ en enigmas.»","[""Verdadero"", ""Falso""]",1,Falso,"La afirmación cambia «entendido». La corrección exacta es: «”Al fin del reinado de estos, cuando los transgresores lleguen al colmo, se levantará un rey altivo de rostro y entendido en enigmas.»",rey altivo de rostro y entendido en enigmas,DAN8-V23-F03,DAN8-V23-F03-VARIANTS,verified,"”Al fin del reinado de estos, cuando los transgresores lleguen al colmo, se levantará un rey altivo de rostro y entendido en enigmas."
DAN8-0078,DANIEL7-12,DAN8,"PDF p.19, Daniel 8:24",fill_blank,medium,"rey altivo, engaño y Príncipe de los príncipes","Según PDF p.19, Daniel 8:24, en el pasaje sobre rey altivo, engaño y Príncipe de los príncipes, complete la formulación del PDF: «causará grandes ruinas, prosperará, actuará _____ y destruirá a los fuertes y al pueblo de los santos.»","[""apresuradamente"", ""atentamente"", ""eternamente"", ""arbitrariamente""]",3,arbitrariamente,"El PDF emplea la expresión «arbitrariamente» en este contexto: «causará grandes ruinas, prosperará, actuará arbitrariamente y destruirá a los fuertes y al».","causará grandes ruinas, prosperará, actuará arbitrariamente y destruirá a los fuertes y al",DAN8-V24-F06,DAN8-V24-F06-VARIANTS,verified,
DAN8-0079,DANIEL7-12,DAN8,"PDF p.19, Daniel 8:25",multiple_choice,medium,"rey altivo, engaño y Príncipe de los príncipes","Según PDF p.19, Daniel 8:25, en el pasaje sobre rey altivo, engaño y Príncipe de los príncipes, ¿Cuál opción conserva el dato exacto de la fuente? Marco: «Con su sagacidad hará [DETALLE] el engaño en su mano»","[""Con su sagacidad hará acercarse el engaño en su mano"", ""Con su sagacidad hará cumplirse el engaño en su mano"", ""Con su sagacidad hará enfrentar el engaño en su mano"", ""Con su sagacidad hará prosperar el engaño en su mano""]",3,Con su sagacidad hará prosperar el engaño en su mano,La opción correcta conserva el detalle «prosperar» tal como aparece en la fuente: «Con su sagacidad hará prosperar el engaño en su mano».,Con su sagacidad hará prosperar el engaño en su mano,DAN8-V25-F02,DAN8-V25-F02-VARIANTS,verified,
DAN8-0080,DANIEL7-12,DAN8,"PDF p.19, Daniel 8:26",true_false,medium,"rey altivo, engaño y Príncipe de los príncipes","Según PDF p.19, Daniel 8:26, en el pasaje sobre rey altivo, engaño y Príncipe de los príncipes, determine si el detalle entre corchetes hace verdadera o falsa esta afirmación: «La visión de las tardes y ⟦después⟧ que se ha referido es verdadera»","[""Verdadero"", ""Falso""]",1,Falso,La afirmación cambia «mañanas». La corrección exacta es: «La visión de las tardes y mañanas que se ha referido es verdadera»,visión de las tardes y mañanas que se ha referido es verdadera,DAN8-V26-F03,DAN8-V26-F03-VARIANTS,verified,La visión de las tardes y mañanas que se ha referido es verdadera
DAN8-0081,DANIEL7-12,DAN8,"PDF p.19, Daniel 8:27",fill_blank,easy,estado final de Daniel,"Según PDF p.19, Daniel 8:27, en el pasaje sobre estado final de Daniel, complete la formulación del PDF: «Yo, Daniel, _____ quebrantado, y estuve enfermo algunos días.»","[""quedé"", ""ahora"", ""causa"", ""cerca""]",0,quedé,"El PDF emplea la expresión «quedé» en este contexto: «Yo, Daniel, quedé quebrantado, y estuve enfermo algunos días».","Yo, Daniel, quedé quebrantado, y estuve enfermo algunos días",DAN8-V27-F02,DAN8-V27-F02-VARIANTS,verified,
DAN8-0082,DANIEL7-12,DAN8,"PDF p.18, Daniel 8:1",multiple_choice,medium,"año, Susa, Ulai y carnero","Según PDF p.18, Daniel 8:1, en el pasaje sobre año, Susa, Ulai y carnero, ¿Cuál opción conserva el dato exacto de la fuente? Marco: «Belsasar, yo, Daniel, tuve una [DETALLE], después de aquella que había tenido antes»","[""Belsasar, yo, Daniel, tuve una visión, después de aquella que había tenido antes"", ""Belsasar, yo, Daniel, tuve una cuarta, después de aquella que había tenido antes"", ""Belsasar, yo, Daniel, tuve una nación, después de aquella que había tenido antes"", ""Belsasar, yo, Daniel, tuve una ribera, después de aquella que había tenido antes""]",0,"Belsasar, yo, Daniel, tuve una visión, después de aquella que había tenido antes","La opción correcta conserva el detalle «visión» tal como aparece en la fuente: «Belsasar, yo, Daniel, tuve una visión, después de aquella que había tenido antes».","Belsasar, yo, Daniel, tuve una visión, después de aquella que había tenido antes",DAN8-V1-F04,DAN8-V1-F04-VARIANTS,verified,
DAN8-0083,DANIEL7-12,DAN8,"PDF p.18, Daniel 8:2",true_false,medium,"año, Susa, Ulai y carnero","Según PDF p.18, Daniel 8:2, en el pasaje sobre año, Susa, Ulai y carnero, determine si el detalle entre corchetes hace verdadera o falsa esta afirmación: «Miraba yo la visión, y en ella yo estaba en Susa, que es la ⟦capital⟧ del reino, en la provincia de Elam.»","[""Verdadero"", ""Falso""]",0,Verdadero,"La afirmación coincide con el PDF: «en Susa, que es la capital del reino, en la provincia de Elam».","en Susa, que es la capital del reino, en la provincia de Elam",DAN8-V2-F04,DAN8-V2-F04-VARIANTS,verified,
DAN8-0084,DANIEL7-12,DAN8,"PDF p.18, Daniel 8:3",fill_blank,medium,"año, Susa, Ulai y carnero","Según PDF p.18, Daniel 8:3, en el pasaje sobre año, Susa, Ulai y carnero, complete la formulación del PDF: «Alcé los ojos y miré, y había un carnero que _____ delante del río, y tenía dos cuernos»","[""bestia"", ""estaba"", ""habían"", ""miraba""]",1,estaba,"El PDF emplea la expresión «estaba» en este contexto: «y había un carnero que estaba delante del río, y tenía dos cuernos».","y había un carnero que estaba delante del río, y tenía dos cuernos",DAN8-V3-F04,DAN8-V3-F04-VARIANTS,verified,
DAN8-0085,DANIEL7-12,DAN8,"PDF p.18, Daniel 8:4",multiple_choice,hard,"año, Susa, Ulai y carnero","Según PDF p.18, Daniel 8:4, en el pasaje sobre año, Susa, Ulai y carnero, ¿Qué opción restituye con precisión la relación descrita? Marco: «el carnero hería con los [DETALLE] al poniente, al norte y al sur»","[""el carnero hería con los fuerzas al poniente, al norte y al sur"", ""el carnero hería con los cuernos al poniente, al norte y al sur"", ""el carnero hería con los espaldas al poniente, al norte y al sur"", ""el carnero hería con los manjares al poniente, al norte y al sur""]",1,"el carnero hería con los cuernos al poniente, al norte y al sur","La opción correcta conserva el detalle «cuernos» tal como aparece en la fuente: «el carnero hería con los cuernos al poniente, al norte y al sur».","el carnero hería con los cuernos al poniente, al norte y al sur",DAN8-V4-F03,DAN8-V4-F03-VARIANTS,verified,
DAN8-0086,DANIEL7-12,DAN8,"PDF p.18, Daniel 8:5",true_false,medium,"macho cabrío, combate y gran cuerno","Según PDF p.18, Daniel 8:5, en el pasaje sobre macho cabrío, combate y gran cuerno, determine si el detalle entre corchetes hace verdadera o falsa esta afirmación: «Mientras yo consideraba esto, un macho ⟦cabrío⟧ venía del lado del poniente sobre la faz de toda la tierra, sin tocar tierra»","[""Verdadero"", ""Falso""]",0,Verdadero,"La afirmación coincide con el PDF: «yo consideraba esto, un macho cabrío venía del lado del poniente sobre la».","yo consideraba esto, un macho cabrío venía del lado del poniente sobre la",DAN8-V5-F03,DAN8-V5-F03-VARIANTS,verified,
DAN8-0087,DANIEL7-12,DAN8,"PDF p.18, Daniel 8:6",fill_blank,medium,"macho cabrío, combate y gran cuerno","Según PDF p.18, Daniel 8:6, en el pasaje sobre macho cabrío, combate y gran cuerno, complete la formulación del PDF: «Vino hasta el carnero de dos cuernos que yo había _____ en la ribera del río, y corrió contra él con la furia de su fuerza.»","[""ahora"", ""causa"", ""visto"", ""cerca""]",2,visto,"El PDF emplea la expresión «visto» en este contexto: «dos cuernos que yo había visto en la ribera del río, y corrió».","dos cuernos que yo había visto en la ribera del río, y corrió",DAN8-V6-F04,DAN8-V6-F04-VARIANTS,verified,
DAN8-0088,DANIEL7-12,DAN8,"PDF p.18, Daniel 8:7",multiple_choice,easy,"macho cabrío, combate y gran cuerno","Según PDF p.18, Daniel 8:7, en el pasaje sobre macho cabrío, combate y gran cuerno, ¿Qué expresión completa correctamente el detalle señalado? Marco: «Lo vi llegar junto al [DETALLE]»","[""Lo vi llegar junto al corazón"", ""Lo vi llegar junto al dominio"", ""Lo vi llegar junto al carnero"", ""Lo vi llegar junto al hacerse""]",2,Lo vi llegar junto al carnero,La opción correcta conserva el detalle «carnero» tal como aparece en la fuente: «Lo vi llegar junto al carnero».,Lo vi llegar junto al carnero,DAN8-V7-F03,DAN8-V7-F03-VARIANTS,verified,
DAN8-0089,DANIEL7-12,DAN8,"PDF p.18, Daniel 8:8",true_false,medium,"macho cabrío, combate y gran cuerno","Según PDF p.18, Daniel 8:8, en el pasaje sobre macho cabrío, combate y gran cuerno, determine si el detalle entre corchetes hace verdadera o falsa esta afirmación: «El macho cabrío ⟦cabrío⟧ en gran manera»","[""Verdadero"", ""Falso""]",1,Falso,La afirmación cambia «creció». La corrección exacta es: «El macho cabrío creció en gran manera»,El macho cabrío creció en gran manera,DAN8-V8-F02,DAN8-V8-F02-VARIANTS,verified,El macho cabrío creció en gran manera
DAN8-0090,DANIEL7-12,DAN8,"PDF p.18, Daniel 8:9",fill_blank,medium,"cuerno pequeño, santuario y 2,300 tardes y mañanas","Según PDF p.18, Daniel 8:9, en el pasaje sobre cuerno pequeño, santuario y 2,300 tardes y mañanas, complete la formulación del PDF: «De uno de ellos salió un cuerno pequeño, que _____ mucho hacia el sur y el oriente, y hacia la tierra gloriosa.»","[""cabrío"", ""cierra"", ""cuanto"", ""creció""]",3,creció,"El PDF emplea la expresión «creció» en este contexto: «salió un cuerno pequeño, que creció mucho hacia el sur y el oriente».","salió un cuerno pequeño, que creció mucho hacia el sur y el oriente",DAN8-V9-F04,DAN8-V9-F04-VARIANTS,verified,
DAN8-0091,DANIEL7-12,DAN8,"PDF p.18, Daniel 8:10",multiple_choice,easy,"cuerno pequeño, santuario y 2,300 tardes y mañanas","Según PDF p.18, Daniel 8:10, en el pasaje sobre cuerno pequeño, santuario y 2,300 tardes y mañanas, ¿Qué expresión completa correctamente el detalle señalado? Marco: «hasta llegar al ejército del [DETALLE]»","[""hasta llegar al ejército del libro"", ""hasta llegar al ejército del lugar"", ""hasta llegar al ejército del macho"", ""hasta llegar al ejército del cielo""]",3,hasta llegar al ejército del cielo,La opción correcta conserva el detalle «cielo» tal como aparece en la fuente: «hasta llegar al ejército del cielo».,hasta llegar al ejército del cielo,DAN8-V10-F03,DAN8-V10-F03-VARIANTS,verified,
DAN8-0092,DANIEL7-12,DAN8,"PDF p.18, Daniel 8:11",true_false,hard,"cuerno pequeño, santuario y 2,300 tardes y mañanas","Según PDF p.18, Daniel 8:11, en el pasaje sobre cuerno pequeño, santuario y 2,300 tardes y mañanas, determine si el detalle entre corchetes hace verdadera o falsa esta afirmación: «por él fue quitado el sacrificio continuo, y el lugar de su ⟦conflicto⟧ fue echado por tierra.»","[""Verdadero"", ""Falso""]",1,Falso,"La afirmación cambia «santuario». La corrección exacta es: «por él fue quitado el sacrificio continuo, y el lugar de su santuario fue echado por tierra.»",y el lugar de su santuario fue echado por tierra,DAN8-V11-F06,DAN8-V11-F06-VARIANTS,verified,"por él fue quitado el sacrificio continuo, y el lugar de su santuario fue echado por tierra."
DAN8-0093,DANIEL7-12,DAN8,"PDF p.18, Daniel 8:12",fill_blank,easy,"cuerno pequeño, santuario y 2,300 tardes y mañanas","Según PDF p.18, Daniel 8:12, en el pasaje sobre cuerno pequeño, santuario y 2,300 tardes y mañanas, complete la formulación del PDF: «A causa de la prevaricación le fue entregado el _____ junto con el sacrificio continuo»","[""ejército"", ""espíritu"", ""leopardo"", ""perdonar""]",0,ejército,El PDF emplea la expresión «ejército» en este contexto: «prevaricación le fue entregado el ejército junto con el sacrificio continuo».,prevaricación le fue entregado el ejército junto con el sacrificio continuo,DAN8-V12-F04,DAN8-V12-F04-VARIANTS,verified,
DAN8-0094,DANIEL7-12,DAN8,"PDF p.18, Daniel 8:13",multiple_choice,hard,"cuerno pequeño, santuario y 2,300 tardes y mañanas","Según PDF p.18, Daniel 8:13, en el pasaje sobre cuerno pequeño, santuario y 2,300 tardes y mañanas, ¿Qué opción restituye con precisión la relación descrita? Marco: «asoladora y la entrega del [DETALLE] y el ejército para ser pisoteados»","[""asoladora y la entrega del santuario y el ejército para ser pisoteados"", ""asoladora y la entrega del conflicto y el ejército para ser pisoteados"", ""asoladora y la entrega del desolador y el ejército para ser pisoteados"", ""asoladora y la entrega del estruendo y el ejército para ser pisoteados""]",0,asoladora y la entrega del santuario y el ejército para ser pisoteados,La opción correcta conserva el detalle «santuario» tal como aparece en la fuente: «asoladora y la entrega del santuario y el ejército para ser pisoteados».,asoladora y la entrega del santuario y el ejército para ser pisoteados,DAN8-V13-F07,DAN8-V13-F07-VARIANTS,verified,
DAN8-0095,DANIEL7-12,DAN8,"PDF p.18, Daniel 8:14",true_false,easy,"cuerno pequeño, santuario y 2,300 tardes y mañanas","Según PDF p.18, Daniel 8:14, en el pasaje sobre cuerno pequeño, santuario y 2,300 tardes y mañanas, determine si el detalle entre corchetes hace verdadera o falsa esta afirmación: «Y él dijo: “Hasta dos mil trescientas ⟦tardes⟧ y mañanas»","[""Verdadero"", ""Falso""]",0,Verdadero,La afirmación coincide con el PDF: «dijo: “Hasta dos mil trescientas tardes y mañanas».,dijo: “Hasta dos mil trescientas tardes y mañanas,DAN8-V14-F02,DAN8-V14-F02-VARIANTS,verified,
DAN8-0096,DANIEL7-12,DAN8,"PDF p.18, Daniel 8:15",fill_blank,hard,Gabriel y tiempo del fin,"Según PDF p.18, Daniel 8:15, en el pasaje sobre Gabriel y tiempo del fin, complete la formulación del PDF: «Aconteció que mientras yo, Daniel, consideraba la visión y procuraba comprenderla, se puso delante de mí uno con _____ de hombre.»","[""abundancia"", ""apariencia"", ""insolencia"", ""provincias""]",1,apariencia,El PDF emplea la expresión «apariencia» en este contexto: «delante de mí uno con apariencia de hombre».,delante de mí uno con apariencia de hombre,DAN8-V15-F04,DAN8-V15-F04-VARIANTS,verified,
DAN8-0097,DANIEL7-12,DAN8,"PDF p.18, Daniel 8:16",multiple_choice,easy,Gabriel y tiempo del fin,"Según PDF p.18, Daniel 8:16, en el pasaje sobre Gabriel y tiempo del fin, ¿Qué expresión completa correctamente el detalle señalado? Marco: «Ulai, que gritó y dijo: “[DETALLE], enseña a éste la visión»","[""Ulai, que gritó y dijo: “Sadrach, enseña a éste la visión"", ""Ulai, que gritó y dijo: “Gabriel, enseña a éste la visión"", ""Ulai, que gritó y dijo: “Asuero, enseña a éste la visión"", ""Ulai, que gritó y dijo: “Belsasar, enseña a éste la visión""]",1,"Ulai, que gritó y dijo: “Gabriel, enseña a éste la visión","La opción correcta conserva el detalle «Gabriel» tal como aparece en la fuente: «Ulai, que gritó y dijo: “Gabriel, enseña a éste la visión».","Ulai, que gritó y dijo: “Gabriel, enseña a éste la visión",DAN8-V16-F04,DAN8-V16-F04-VARIANTS,verified,
DAN8-0098,DANIEL7-12,DAN8,"PDF p.18, Daniel 8:17",true_false,hard,Gabriel y tiempo del fin,"Según PDF p.18, Daniel 8:17, en el pasaje sobre Gabriel y tiempo del fin, determine si el detalle entre corchetes hace verdadera o falsa esta afirmación: «Vino luego cerca de donde yo ⟦bestia⟧.»","[""Verdadero"", ""Falso""]",1,Falso,La afirmación cambia «estaba». La corrección exacta es: «Vino luego cerca de donde yo estaba.»,luego cerca de donde yo estaba,DAN8-V17-F02,DAN8-V17-F02-VARIANTS,verified,Vino luego cerca de donde yo estaba.
DAN8-0099,DANIEL7-12,DAN8,"PDF p.18, Daniel 8:18",fill_blank,easy,Gabriel y tiempo del fin,"Según PDF p.18, Daniel 8:18, en el pasaje sobre Gabriel y tiempo del fin, complete la formulación del PDF: «Mientras él hablaba conmigo, caí dormido en _____ sobre mi rostro.»","[""cabrío"", ""cierra"", ""tierra"", ""creció""]",2,tierra,"El PDF emplea la expresión «tierra» en este contexto: «hablaba conmigo, caí dormido en tierra sobre mi rostro».","hablaba conmigo, caí dormido en tierra sobre mi rostro",DAN8-V18-F04,DAN8-V18-F04-VARIANTS,verified,
DAN8-0100,DANIEL7-12,DAN8,"PDF p.18, Daniel 8:20",multiple_choice,hard,"Media, Persia, Grecia y cuatro reinos","Según PDF p.18, Daniel 8:20, en el pasaje sobre Media, Persia, Grecia y cuatro reinos, ¿Qué opción restituye con precisión la relación descrita? Marco: «al carnero que viste, que [DETALLE] dos cuernos: éstos son los reyes de»","[""al carnero que viste, que decía dos cuernos: éstos son los reyes de"", ""al carnero que viste, que había dos cuernos: éstos son los reyes de"", ""al carnero que viste, que tenía dos cuernos: éstos son los reyes de"", ""al carnero que viste, que hacía dos cuernos: éstos son los reyes de""]",2,"al carnero que viste, que tenía dos cuernos: éstos son los reyes de","La opción correcta conserva el detalle «tenía» tal como aparece en la fuente: «al carnero que viste, que tenía dos cuernos: éstos son los reyes de».","al carnero que viste, que tenía dos cuernos: éstos son los reyes de",DAN8-V20-F04,DAN8-V20-F04-VARIANTS,verified,
DAN8-0101,DANIEL7-12,DAN8,"PDF p.19, Daniel 8:21",true_false,medium,"Media, Persia, Grecia y cuatro reinos","Según PDF p.19, Daniel 8:21, en el pasaje sobre Media, Persia, Grecia y cuatro reinos, determine si el detalle entre corchetes hace verdadera o falsa esta afirmación: «El macho cabrío es el rey de Grecia, y el cuerno grande que ⟦tenía⟧ entre sus ojos es el rey primero.»","[""Verdadero"", ""Falso""]",0,Verdadero,La afirmación coincide con el PDF: «y el cuerno grande que tenía entre sus ojos es el rey primero».,y el cuerno grande que tenía entre sus ojos es el rey primero,DAN8-V21-F04,DAN8-V21-F04-VARIANTS,verified,
DAN8-0102,DANIEL7-12,DAN8,"PDF p.19, Daniel 8:22",fill_blank,hard,"Media, Persia, Grecia y cuatro reinos","Según PDF p.19, Daniel 8:22, en el pasaje sobre Media, Persia, Grecia y cuatro reinos, complete la formulación del PDF: «En cuanto al cuerno que fue quebrado y sucedieron cuatro en su lugar, _____ que cuatro reinos se levantarán de esa nación, aunque no con la fuerza de él.»","[""Aconteció"", ""asoladora"", ""diferente"", ""significa""]",3,significa,"El PDF emplea la expresión «significa» en este contexto: «sucedieron cuatro en su lugar, significa que cuatro reinos se levantarán de esa».","sucedieron cuatro en su lugar, significa que cuatro reinos se levantarán de esa",DAN8-V22-F04,DAN8-V22-F04-VARIANTS,verified,
DAN8-0103,DANIEL7-12,DAN8,"PDF p.19, Daniel 8:23",multiple_choice,hard,"rey altivo, engaño y Príncipe de los príncipes","Según PDF p.19, Daniel 8:23, en el pasaje sobre rey altivo, engaño y Príncipe de los príncipes, ¿Qué opción restituye con precisión la relación descrita? Marco: «Al fin del [DETALLE] de estos, cuando los transgresores lleguen al»","[""Al fin del carnero de estos, cuando los transgresores lleguen al"", ""Al fin del corazón de estos, cuando los transgresores lleguen al"", ""Al fin del dominio de estos, cuando los transgresores lleguen al"", ""Al fin del reinado de estos, cuando los transgresores lleguen al""]",3,"Al fin del reinado de estos, cuando los transgresores lleguen al","La opción correcta conserva el detalle «reinado» tal como aparece en la fuente: «Al fin del reinado de estos, cuando los transgresores lleguen al».","Al fin del reinado de estos, cuando los transgresores lleguen al",DAN8-V23-F04,DAN8-V23-F04-VARIANTS,verified,
DAN8-0104,DANIEL7-12,DAN8,"PDF p.19, Daniel 8:24",true_false,medium,"rey altivo, engaño y Príncipe de los príncipes","Según PDF p.19, Daniel 8:24, en el pasaje sobre rey altivo, engaño y Príncipe de los príncipes, determine si el detalle entre corchetes hace verdadera o falsa esta afirmación: «causará grandes ruinas, prosperará, actuará arbitrariamente y ⟦destruirá⟧ a los fuertes y al pueblo de los santos.»","[""Verdadero"", ""Falso""]",0,Verdadero,"La afirmación coincide con el PDF: «ruinas, prosperará, actuará arbitrariamente y destruirá a los fuertes y al pueblo de».","ruinas, prosperará, actuará arbitrariamente y destruirá a los fuertes y al pueblo de",DAN8-V24-F07,DAN8-V24-F07-VARIANTS,verified,
DAN8-0105,DANIEL7-12,DAN8,"PDF p.19, Daniel 8:25",fill_blank,medium,"rey altivo, engaño y Príncipe de los príncipes","Según PDF p.19, Daniel 8:25, en el pasaje sobre rey altivo, engaño y Príncipe de los príncipes, complete la formulación del PDF: «en su corazón se _____ y, sin aviso, destruirá a muchos.»","[""engrandecerá"", ""atemorizarán"", ""permanecerán"", ""quebrantarán""]",0,engrandecerá,"El PDF emplea la expresión «engrandecerá» en este contexto: «en su corazón se engrandecerá y, sin aviso, destruirá a muchos».","en su corazón se engrandecerá y, sin aviso, destruirá a muchos",DAN8-V25-F04,DAN8-V25-F04-VARIANTS,verified,
DAN8-0106,DANIEL7-12,DAN8,"PDF p.19, Daniel 8:26",multiple_choice,hard,"rey altivo, engaño y Príncipe de los príncipes","Según PDF p.19, Daniel 8:26, en el pasaje sobre rey altivo, engaño y Príncipe de los príncipes, ¿Qué opción restituye con precisión la relación descrita? Marco: «y mañanas que se ha [DETALLE] es verdadera»","[""y mañanas que se ha referido es verdadera"", ""y mañanas que se ha afligido es verdadera"", ""y mañanas que se ha ayudados es verdadera"", ""y mañanas que se ha cerradas es verdadera""]",0,y mañanas que se ha referido es verdadera,La opción correcta conserva el detalle «referido» tal como aparece en la fuente: «y mañanas que se ha referido es verdadera».,y mañanas que se ha referido es verdadera,DAN8-V26-F04,DAN8-V26-F04-VARIANTS,verified,
DAN8-0107,DANIEL7-12,DAN8,"PDF p.19, Daniel 8:27",true_false,medium,estado final de Daniel,"Según PDF p.19, Daniel 8:27, en el pasaje sobre estado final de Daniel, determine si el detalle entre corchetes hace verdadera o falsa esta afirmación: «Yo, Daniel, quedé quebrantado, y ⟦cabrío⟧ enfermo algunos días.»","[""Verdadero"", ""Falso""]",1,Falso,"La afirmación cambia «estuve». La corrección exacta es: «Yo, Daniel, quedé quebrantado, y estuve enfermo algunos días.»","Yo, Daniel, quedé quebrantado, y estuve enfermo algunos días",DAN8-V27-F03,DAN8-V27-F03-VARIANTS,verified,"Yo, Daniel, quedé quebrantado, y estuve enfermo algunos días."
DAN8-0108,DANIEL7-12,DAN8,"PDF p.18, Daniel 8:1",fill_blank,medium,"año, Susa, Ulai y carnero","Según PDF p.18, Daniel 8:1, en el pasaje sobre año, Susa, Ulai y carnero, complete la formulación del PDF: «En el año tercero del reinado del rey Belsasar, yo, Daniel, tuve una visión, _____ de aquella que había tenido antes.»","[""grandes"", ""después"", ""mañanas"", ""puestos""]",1,después,"El PDF emplea la expresión «después» en este contexto: «yo, Daniel, tuve una visión, después de aquella que había tenido antes».","yo, Daniel, tuve una visión, después de aquella que había tenido antes",DAN8-V1-F05,DAN8-V1-F05-VARIANTS,verified,
DAN8-0109,DANIEL7-12,DAN8,"PDF p.18, Daniel 8:2",multiple_choice,easy,"año, Susa, Ulai y carnero","Según PDF p.18, Daniel 8:2, en el pasaje sobre año, Susa, Ulai y carnero, ¿Qué expresión completa correctamente el detalle señalado? Marco: «En la [DETALLE], pues, me veía junto al río Ulai»","[""En la cuarta, pues, me veía junto al río Ulai"", ""En la visión, pues, me veía junto al río Ulai"", ""En la nación, pues, me veía junto al río Ulai"", ""En la ribera, pues, me veía junto al río Ulai""]",1,"En la visión, pues, me veía junto al río Ulai","La opción correcta conserva el detalle «visión» tal como aparece en la fuente: «En la visión, pues, me veía junto al río Ulai».","En la visión, pues, me veía junto al río Ulai",DAN8-V2-F06,DAN8-V2-F06-VARIANTS,verified,
DAN8-0110,DANIEL7-12,DAN8,"PDF p.18, Daniel 8:3",true_false,hard,"año, Susa, Ulai y carnero","Según PDF p.18, Daniel 8:3, en el pasaje sobre año, Susa, Ulai y carnero, determine si el detalle entre corchetes hace verdadera o falsa esta afirmación: «Alcé los ojos y miré, y había un carnero que estaba ⟦conmigo⟧ del río, y tenía dos cuernos»","[""Verdadero"", ""Falso""]",1,Falso,"La afirmación cambia «delante». La corrección exacta es: «Alcé los ojos y miré, y había un carnero que estaba delante del río, y tenía dos cuernos»","había un carnero que estaba delante del río, y tenía dos cuernos",DAN8-V3-F05,DAN8-V3-F05-VARIANTS,verified,"Alcé los ojos y miré, y había un carnero que estaba delante del río, y tenía dos cuernos"
DAN8-0111,DANIEL7-12,DAN8,"PDF p.18, Daniel 8:4",fill_blank,hard,"año, Susa, Ulai y carnero","Según PDF p.18, Daniel 8:4, en el pasaje sobre año, Susa, Ulai y carnero, complete la formulación del PDF: «Vi que el carnero hería con los cuernos al _____, al norte y al sur, y que ninguna bestia podía parar delante de él, ni había quien escapara de su poder.»","[""ejército"", ""espíritu"", ""poniente"", ""leopardo""]",2,poniente,"El PDF emplea la expresión «poniente» en este contexto: «hería con los cuernos al poniente, al norte y al sur, y que».","hería con los cuernos al poniente, al norte y al sur, y que",DAN8-V4-F04,DAN8-V4-F04-VARIANTS,verified,
DAN8-0112,DANIEL7-12,DAN8,"PDF p.18, Daniel 8:5",multiple_choice,hard,"macho cabrío, combate y gran cuerno","Según PDF p.18, Daniel 8:5, en el pasaje sobre macho cabrío, combate y gran cuerno, ¿Qué opción restituye con precisión la relación descrita? Marco: «consideraba esto, un macho cabrío [DETALLE] del lado del poniente sobre la faz»","[""consideraba esto, un macho cabrío decía del lado del poniente sobre la faz"", ""consideraba esto, un macho cabrío había del lado del poniente sobre la faz"", ""consideraba esto, un macho cabrío venía del lado del poniente sobre la faz"", ""consideraba esto, un macho cabrío hacía del lado del poniente sobre la faz""]",2,"consideraba esto, un macho cabrío venía del lado del poniente sobre la faz","La opción correcta conserva el detalle «venía» tal como aparece en la fuente: «consideraba esto, un macho cabrío venía del lado del poniente sobre la faz».","consideraba esto, un macho cabrío venía del lado del poniente sobre la faz",DAN8-V5-F04,DAN8-V5-F04-VARIANTS,verified,
DAN8-0113,DANIEL7-12,DAN8,"PDF p.18, Daniel 8:6",true_false,medium,"macho cabrío, combate y gran cuerno","Según PDF p.18, Daniel 8:6, en el pasaje sobre macho cabrío, combate y gran cuerno, determine si el detalle entre corchetes hace verdadera o falsa esta afirmación: «Vino hasta el carnero de dos cuernos que yo había visto en la ⟦ribera⟧ del río, y corrió contra él con la furia de su fuerza.»","[""Verdadero"", ""Falso""]",0,Verdadero,"La afirmación coincide con el PDF: «yo había visto en la ribera del río, y corrió contra él con».","yo había visto en la ribera del río, y corrió contra él con",DAN8-V6-F05,DAN8-V6-F05-VARIANTS,verified,
DAN8-0114,DANIEL7-12,DAN8,"PDF p.18, Daniel 8:7",fill_blank,medium,"macho cabrío, combate y gran cuerno","Según PDF p.18, Daniel 8:7, en el pasaje sobre macho cabrío, combate y gran cuerno, complete la formulación del PDF: «se levantó contra él y lo _____, y le quebró sus dos cuernos»","[""salió"", ""trajo"", ""turbó"", ""hirió""]",3,hirió,"El PDF emplea la expresión «hirió» en este contexto: «levantó contra él y lo hirió, y le quebró sus dos cuernos».","levantó contra él y lo hirió, y le quebró sus dos cuernos",DAN8-V7-F05,DAN8-V7-F05-VARIANTS,verified,
DAN8-0115,DANIEL7-12,DAN8,"PDF p.18, Daniel 8:8",multiple_choice,medium,"macho cabrío, combate y gran cuerno","Según PDF p.18, Daniel 8:8, en el pasaje sobre macho cabrío, combate y gran cuerno, ¿Cuál opción conserva el dato exacto de la fuente? Marco: «macho cabrío creció en gran [DETALLE]»","[""macho cabrío creció en gran espere"", ""macho cabrío creció en gran subirá"", ""macho cabrío creció en gran tomará"", ""macho cabrío creció en gran manera""]",3,macho cabrío creció en gran manera,La opción correcta conserva el detalle «manera» tal como aparece en la fuente: «macho cabrío creció en gran manera».,macho cabrío creció en gran manera,DAN8-V8-F03,DAN8-V8-F03-VARIANTS,verified,
DAN8-0116,DANIEL7-12,DAN8,"PDF p.18, Daniel 8:9",true_false,hard,"cuerno pequeño, santuario y 2,300 tardes y mañanas","Según PDF p.18, Daniel 8:9, en el pasaje sobre cuerno pequeño, santuario y 2,300 tardes y mañanas, determine si el detalle entre corchetes hace verdadera o falsa esta afirmación: «De uno de ellos salió un cuerno pequeño, que creció ⟦ahora⟧ hacia el sur y el oriente, y hacia la tierra gloriosa.»","[""Verdadero"", ""Falso""]",1,Falso,"La afirmación cambia «mucho». La corrección exacta es: «De uno de ellos salió un cuerno pequeño, que creció mucho hacia el sur y el oriente, y hacia la tierra gloriosa.»","un cuerno pequeño, que creció mucho hacia el sur y el oriente, y",DAN8-V9-F05,DAN8-V9-F05-VARIANTS,verified,"De uno de ellos salió un cuerno pequeño, que creció mucho hacia el sur y el oriente, y hacia la tierra gloriosa."
DAN8-0117,DANIEL7-12,DAN8,"PDF p.18, Daniel 8:10",fill_blank,easy,"cuerno pequeño, santuario y 2,300 tardes y mañanas","Según PDF p.18, Daniel 8:10, en el pasaje sobre cuerno pequeño, santuario y 2,300 tardes y mañanas, complete la formulación del PDF: «y parte del _____ y de las estrellas echó por tierra, y las pisoteó.»","[""ejército"", ""espíritu"", ""leopardo"", ""perdonar""]",0,ejército,El PDF emplea la expresión «ejército» en este contexto: «y parte del ejército y de las estrellas echó por tierra».,y parte del ejército y de las estrellas echó por tierra,DAN8-V10-F06,DAN8-V10-F06-VARIANTS,verified,
DAN8-0118,DANIEL7-12,DAN8,"PDF p.18, Daniel 8:11",multiple_choice,easy,"cuerno pequeño, santuario y 2,300 tardes y mañanas","Según PDF p.18, Daniel 8:11, en el pasaje sobre cuerno pequeño, santuario y 2,300 tardes y mañanas, ¿Qué expresión completa correctamente el detalle señalado? Marco: «Aun se engrandeció [DETALLE] al príncipe de los ejércitos»","[""Aun se engrandeció frente al príncipe de los ejércitos"", ""Aun se engrandeció cabrío al príncipe de los ejércitos"", ""Aun se engrandeció cierra al príncipe de los ejércitos"", ""Aun se engrandeció creció al príncipe de los ejércitos""]",0,Aun se engrandeció frente al príncipe de los ejércitos,La opción correcta conserva el detalle «frente» tal como aparece en la fuente: «Aun se engrandeció frente al príncipe de los ejércitos».,Aun se engrandeció frente al príncipe de los ejércitos,DAN8-V11-F03,DAN8-V11-F03-VARIANTS,verified,
DAN8-0119,DANIEL7-12,DAN8,"PDF p.18, Daniel 8:12",true_false,medium,"cuerno pequeño, santuario y 2,300 tardes y mañanas","Según PDF p.18, Daniel 8:12, en el pasaje sobre cuerno pequeño, santuario y 2,300 tardes y mañanas, determine si el detalle entre corchetes hace verdadera o falsa esta afirmación: «A causa de la prevaricación le fue entregado el ejército ⟦ahora⟧ con el sacrificio continuo»","[""Verdadero"", ""Falso""]",1,Falso,La afirmación cambia «junto». La corrección exacta es: «A causa de la prevaricación le fue entregado el ejército junto con el sacrificio continuo»,le fue entregado el ejército junto con el sacrificio continuo,DAN8-V12-F05,DAN8-V12-F05-VARIANTS,verified,A causa de la prevaricación le fue entregado el ejército junto con el sacrificio continuo
DAN8-0120,DANIEL7-12,DAN8,"PDF p.18, Daniel 8:13",fill_blank,hard,"cuerno pequeño, santuario y 2,300 tardes y mañanas","Según PDF p.18, Daniel 8:13, en el pasaje sobre cuerno pequeño, santuario y 2,300 tardes y mañanas, complete la formulación del PDF: «y otro de los santos preguntó a aquel que hablaba: “¿Hasta cuándo durará la visión del sacrificio continuo, la prevaricación asoladora y la entrega del santuario y el ejército para ser _____?”»","[""arrancadas"", ""pisoteados"", ""arrancados"", ""convertido""]",1,pisoteados,El PDF emplea la expresión «pisoteados» en este contexto: «y el ejército para ser pisoteados».,y el ejército para ser pisoteados,DAN8-V13-F08,DAN8-V13-F08-VARIANTS,verified,
DAN8-0121,DANIEL7-12,DAN8,"PDF p.18, Daniel 8:14",multiple_choice,easy,"cuerno pequeño, santuario y 2,300 tardes y mañanas","Según PDF p.18, Daniel 8:14, en el pasaje sobre cuerno pequeño, santuario y 2,300 tardes y mañanas, ¿Qué expresión completa correctamente el detalle señalado? Marco: «dos mil trescientas tardes y [DETALLE]»","[""dos mil trescientas tardes y después"", ""dos mil trescientas tardes y mañanas"", ""dos mil trescientas tardes y grandes"", ""dos mil trescientas tardes y puestos""]",1,dos mil trescientas tardes y mañanas,La opción correcta conserva el detalle «mañanas» tal como aparece en la fuente: «dos mil trescientas tardes y mañanas».,dos mil trescientas tardes y mañanas,DAN8-V14-F03,DAN8-V14-F03-VARIANTS,verified,
DAN8-0122,DANIEL7-12,DAN8,"PDF p.18, Daniel 8:15",true_false,hard,Gabriel y tiempo del fin,"Según PDF p.18, Daniel 8:15, en el pasaje sobre Gabriel y tiempo del fin, determine si el detalle entre corchetes hace verdadera o falsa esta afirmación: «⟦asoladora⟧ que mientras yo, Daniel, consideraba la visión y procuraba comprenderla, se puso delante de mí uno con apariencia de hombre.»","[""Verdadero"", ""Falso""]",1,Falso,"La afirmación cambia «Aconteció». La corrección exacta es: «Aconteció que mientras yo, Daniel, consideraba la visión y procuraba comprenderla, se puso delante de mí uno con apariencia de hombre.»","Aconteció que mientras yo, Daniel, consideraba la visión",DAN8-V15-F05,DAN8-V15-F05-VARIANTS,verified,"Aconteció que mientras yo, Daniel, consideraba la visión y procuraba comprenderla, se puso delante de mí uno con apariencia de hombre."
DAN8-0123,DANIEL7-12,DAN8,"PDF p.18, Daniel 8:16",fill_blank,medium,Gabriel y tiempo del fin,"Según PDF p.18, Daniel 8:16, en el pasaje sobre Gabriel y tiempo del fin, complete la formulación del PDF: «Y oí una voz de hombre entre las riberas del Ulai, que gritó y dijo: “Gabriel, _____ a éste la visión.”»","[""cabrío"", ""cierra"", ""enseña"", ""creció""]",2,enseña,"El PDF emplea la expresión «enseña» en este contexto: «que gritó y dijo: “Gabriel, enseña a éste la visión».","que gritó y dijo: “Gabriel, enseña a éste la visión",DAN8-V16-F05,DAN8-V16-F05-VARIANTS,verified,
DAN8-0124,DANIEL7-12,DAN8,"PDF p.18, Daniel 8:17",multiple_choice,easy,Gabriel y tiempo del fin,"Según PDF p.18, Daniel 8:17, en el pasaje sobre Gabriel y tiempo del fin, ¿Qué expresión completa correctamente el detalle señalado? Marco: «Y al [DETALLE], me asusté y me postré sobre mi»","[""Y al cielo, me asusté y me postré sobre mi"", ""Y al libro, me asusté y me postré sobre mi"", ""Y al venir, me asusté y me postré sobre mi"", ""Y al lugar, me asusté y me postré sobre mi""]",2,"Y al venir, me asusté y me postré sobre mi","La opción correcta conserva el detalle «venir» tal como aparece en la fuente: «Y al venir, me asusté y me postré sobre mi».","Y al venir, me asusté y me postré sobre mi",DAN8-V17-F04,DAN8-V17-F04-VARIANTS,verified,
DAN8-0125,DANIEL7-12,DAN8,"PDF p.18, Daniel 8:1",true_false,medium,"año, Susa, Ulai y carnero","Según PDF p.18, Daniel 8:1, en el pasaje sobre año, Susa, Ulai y carnero, determine si el detalle entre corchetes hace verdadera o falsa esta afirmación: «En el año ⟦tercero⟧ del reinado del rey Belsasar, yo, Daniel, tuve una visión, después de aquella que había tenido antes.»","[""Verdadero"", ""Falso""]",0,Verdadero,"La afirmación coincide con el PDF: «En el año tercero del reinado del rey Belsasar, yo, Daniel».","En el año tercero del reinado del rey Belsasar, yo, Daniel",DAN8-V1-F01,DAN8-V1-F01-VARIANTS,verified,
DAN8-0126,DANIEL7-12,DAN8,"PDF p.18, Daniel 8:2",multiple_choice,hard,"año, Susa, Ulai y carnero","Según PDF p.18, Daniel 8:2, en el pasaje sobre año, Susa, Ulai y carnero, ¿Qué opción restituye con precisión la relación descrita? Marco: «capital del reino, en la [DETALLE] de Elam»","[""capital del reino, en la confesión de Elam"", ""capital del reino, en la confusión de Elam"", ""capital del reino, en la eternidad de Elam"", ""capital del reino, en la provincia de Elam""]",3,"capital del reino, en la provincia de Elam","La opción correcta conserva el detalle «provincia» tal como aparece en la fuente: «capital del reino, en la provincia de Elam».","capital del reino, en la provincia de Elam",DAN8-V2-F01,DAN8-V2-F01-VARIANTS,verified,
DAN8-0127,DANIEL7-12,DAN8,"PDF p.18, Daniel 8:3",fill_blank,hard,"año, Susa, Ulai y carnero","Según PDF p.18, Daniel 8:3, en el pasaje sobre año, Susa, Ulai y carnero, complete la formulación del PDF: «Alcé los ojos y miré, y había un carnero que estaba delante del río, y tenía _____»","[""diez cuernos"", ""setenta años"", ""tres semanas"", ""dos cuernos""]",3,dos cuernos,"El PDF emplea la expresión «dos cuernos» en este contexto: «delante del río, y tenía dos cuernos».","delante del río, y tenía dos cuernos",DAN8-V3-F01,DAN8-V3-F01-VARIANTS,verified,
DAN8-0128,DANIEL7-12,DAN8,"PDF p.18, Daniel 8:4",true_false,hard,"año, Susa, Ulai y carnero","Según PDF p.18, Daniel 8:4, en el pasaje sobre año, Susa, Ulai y carnero, determine si el detalle entre corchetes hace verdadera o falsa esta afirmación: «Hacía conforme a su voluntad, y se ⟦consideraba⟧.»","[""Verdadero"", ""Falso""]",1,Falso,"La afirmación cambia «engrandecía». La corrección exacta es: «Hacía conforme a su voluntad, y se engrandecía.»","a su voluntad, y se engrandecía",DAN8-V4-F13,DAN8-V4-F13-VARIANTS,verified,"Hacía conforme a su voluntad, y se engrandecía."
DAN8-0129,DANIEL7-12,DAN8,"PDF p.18, Daniel 8:5",fill_blank,hard,"macho cabrío, combate y gran cuerno","Según PDF p.18, Daniel 8:5, en el pasaje sobre macho cabrío, combate y gran cuerno, complete la formulación del PDF: «y aquel macho cabrío tenía un _____ entre sus ojos.»","[""cuerno notable"", ""cuerno pequeño"", ""dominio eterno"", ""cuerno grande""]",0,cuerno notable,El PDF emplea la expresión «cuerno notable» en este contexto: «aquel macho cabrío tenía un cuerno notable entre sus ojos».,aquel macho cabrío tenía un cuerno notable entre sus ojos,DAN8-V5-F08,DAN8-V5-F08-VARIANTS,verified,
DAN8-0130,DANIEL7-12,DAN8,"PDF p.18, Daniel 8:6",multiple_choice,hard,"macho cabrío, combate y gran cuerno","Según PDF p.18, Daniel 8:6, en el pasaje sobre macho cabrío, combate y gran cuerno, ¿Qué opción restituye con precisión la relación descrita? Marco: «Vino hasta el carnero de [DETALLE] que yo había visto en la ribera»","[""Vino hasta el carnero de dos cuernos que yo había visto en la ribera"", ""Vino hasta el carnero de diez cuernos que yo había visto en la ribera"", ""Vino hasta el carnero de setenta años que yo había visto en la ribera"", ""Vino hasta el carnero de tres semanas que yo había visto en la ribera""]",0,Vino hasta el carnero de dos cuernos que yo había visto en la ribera,La opción correcta conserva el detalle «dos cuernos» tal como aparece en la fuente: «Vino hasta el carnero de dos cuernos que yo había visto en la ribera».,Vino hasta el carnero de dos cuernos que yo había visto en la ribera,DAN8-V6-F01,DAN8-V6-F01-VARIANTS,verified,
DAN8-0131,DANIEL7-12,DAN8,"PDF p.18, Daniel 8:7",true_false,hard,"macho cabrío, combate y gran cuerno","Según PDF p.18, Daniel 8:7, en el pasaje sobre macho cabrío, combate y gran cuerno, determine si el detalle entre corchetes hace verdadera o falsa esta afirmación: «se levantó contra él y lo hirió, y le quebró sus ⟦diez cuernos⟧»","[""Verdadero"", ""Falso""]",1,Falso,"La afirmación cambia «dos cuernos». La corrección exacta es: «se levantó contra él y lo hirió, y le quebró sus dos cuernos»","hirió, y le quebró sus dos cuernos",DAN8-V7-F04,DAN8-V7-F04-VARIANTS,verified,"se levantó contra él y lo hirió, y le quebró sus dos cuernos"
DAN8-0132,DANIEL7-12,DAN8,"PDF p.18, Daniel 8:8",multiple_choice,expert,"macho cabrío, combate y gran cuerno","Según PDF p.18, Daniel 8:8, en el pasaje sobre macho cabrío, combate y gran cuerno, ¿Cuál opción mantiene sin alterar el detalle y el orden de la fuente? Marco: «cuatro cuernos notables hacia los [DETALLE]»","[""cuatro cuernos notables hacia los mil doscientos noventa días"", ""cuatro cuernos notables hacia los cuatro vientos del cielo"", ""cuatro cuernos notables hacia los cuatro alas de ave"", ""cuatro cuernos notables hacia los millones de millones""]",1,cuatro cuernos notables hacia los cuatro vientos del cielo,La opción correcta conserva el detalle «cuatro vientos del cielo» tal como aparece en la fuente: «cuatro cuernos notables hacia los cuatro vientos del cielo».,cuatro cuernos notables hacia los cuatro vientos del cielo,DAN8-V8-F05,DAN8-V8-F05-VARIANTS,verified,
DAN8-0133,DANIEL7-12,DAN8,"PDF p.18, Daniel 8:9",fill_blank,expert,"cuerno pequeño, santuario y 2,300 tardes y mañanas","Según PDF p.18, Daniel 8:9, en el pasaje sobre cuerno pequeño, santuario y 2,300 tardes y mañanas, complete la formulación del PDF: «De uno de ellos salió un _____, que creció mucho hacia el sur y el oriente, y hacia la tierra gloriosa.»","[""cuerno notable"", ""cuerno pequeño"", ""dominio eterno"", ""cuerno grande""]",1,cuerno pequeño,"El PDF emplea la expresión «cuerno pequeño» en este contexto: «uno de ellos salió un cuerno pequeño, que creció mucho hacia el sur y».","uno de ellos salió un cuerno pequeño, que creció mucho hacia el sur y",DAN8-V9-F01,DAN8-V9-F01-VARIANTS,verified,
DAN8-0134,DANIEL7-12,DAN8,"PDF p.18, Daniel 8:10",true_false,hard,"cuerno pequeño, santuario y 2,300 tardes y mañanas","Según PDF p.18, Daniel 8:10, en el pasaje sobre cuerno pequeño, santuario y 2,300 tardes y mañanas, determine si el detalle entre corchetes hace verdadera o falsa esta afirmación: «y parte del ejército y de las ⟦fortalezas⟧ echó por tierra, y las pisoteó.»","[""Verdadero"", ""Falso""]",1,Falso,"La afirmación cambia «estrellas». La corrección exacta es: «y parte del ejército y de las estrellas echó por tierra, y las pisoteó.»","del ejército y de las estrellas echó por tierra, y las pisoteó",DAN8-V10-F05,DAN8-V10-F05-VARIANTS,verified,"y parte del ejército y de las estrellas echó por tierra, y las pisoteó."
DAN8-0135,DANIEL7-12,DAN8,"PDF p.18, Daniel 8:11",fill_blank,expert,"cuerno pequeño, santuario y 2,300 tardes y mañanas","Según PDF p.18, Daniel 8:11, en el pasaje sobre cuerno pequeño, santuario y 2,300 tardes y mañanas, complete la formulación del PDF: «por él fue quitado el _____, y el lugar de su santuario fue echado por tierra.»","[""cuerno notable"", ""cuerno pequeño"", ""sacrificio continuo"", ""dominio eterno""]",2,sacrificio continuo,"El PDF emplea la expresión «sacrificio continuo» en este contexto: «por él fue quitado el sacrificio continuo, y el lugar de su santuario fue».","por él fue quitado el sacrificio continuo, y el lugar de su santuario fue",DAN8-V11-F05,DAN8-V11-F05-VARIANTS,verified,
DAN8-0136,DANIEL7-12,DAN8,"PDF p.18, Daniel 8:12",multiple_choice,expert,"cuerno pequeño, santuario y 2,300 tardes y mañanas","Según PDF p.18, Daniel 8:12, en el pasaje sobre cuerno pequeño, santuario y 2,300 tardes y mañanas, ¿Cuál opción mantiene sin alterar el detalle y el orden de la fuente? Marco: «el ejército junto con el [DETALLE]»","[""el ejército junto con el cuerno notable"", ""el ejército junto con el cuerno pequeño"", ""el ejército junto con el sacrificio continuo"", ""el ejército junto con el dominio eterno""]",2,el ejército junto con el sacrificio continuo,La opción correcta conserva el detalle «sacrificio continuo» tal como aparece en la fuente: «el ejército junto con el sacrificio continuo».,el ejército junto con el sacrificio continuo,DAN8-V12-F01,DAN8-V12-F01-VARIANTS,verified,
DAN8-0137,DANIEL7-12,DAN8,"PDF p.18, Daniel 8:13",true_false,expert,"cuerno pequeño, santuario y 2,300 tardes y mañanas","Según PDF p.18, Daniel 8:13, en el pasaje sobre cuerno pequeño, santuario y 2,300 tardes y mañanas, determine si el detalle entre corchetes hace verdadera o falsa esta afirmación: «y otro de los santos preguntó a aquel que hablaba: “¿Hasta cuándo durará la visión del ⟦cuerno notable⟧, la prevaricación asoladora y la entrega del santuario y el ejército para ser pisoteados?”»","[""Verdadero"", ""Falso""]",1,Falso,"La afirmación cambia «sacrificio continuo». La corrección exacta es: «y otro de los santos preguntó a aquel que hablaba: “¿Hasta cuándo durará la visión del sacrificio continuo, la prevaricación asoladora y la entrega del santuario y el ejército para ser pisoteados?”»","cuándo durará la visión del sacrificio continuo, la prevaricación asoladora y la entrega del",DAN8-V13-F04,DAN8-V13-F04-VARIANTS,verified,"y otro de los santos preguntó a aquel que hablaba: “¿Hasta cuándo durará la visión del sacrificio continuo, la prevaricación asoladora y la entrega del santuario y el ejército para ser pisoteados?”"
DAN8-0138,DANIEL7-12,DAN8,"PDF p.18, Daniel 8:14",multiple_choice,medium,"cuerno pequeño, santuario y 2,300 tardes y mañanas","Según PDF p.18, Daniel 8:14, en el pasaje sobre cuerno pequeño, santuario y 2,300 tardes y mañanas, ¿Cuál opción conserva el dato exacto de la fuente? Marco: «él dijo: “Hasta dos mil [DETALLE] tardes y mañanas»","[""él dijo: “Hasta dos mil angustiosos tardes y mañanas"", ""él dijo: “Hasta dos mil desolaciones tardes y mañanas"", ""él dijo: “Hasta dos mil diferentes tardes y mañanas"", ""él dijo: “Hasta dos mil trescientas tardes y mañanas""]",3,él dijo: “Hasta dos mil trescientas tardes y mañanas,La opción correcta conserva el detalle «trescientas» tal como aparece en la fuente: «él dijo: “Hasta dos mil trescientas tardes y mañanas».,él dijo: “Hasta dos mil trescientas tardes y mañanas,DAN8-V14-F01,DAN8-V14-F01-VARIANTS,verified,
DAN8-0139,DANIEL7-12,DAN8,"PDF p.18, Daniel 8:15",fill_blank,hard,Gabriel y tiempo del fin,"Según PDF p.18, Daniel 8:15, en el pasaje sobre Gabriel y tiempo del fin, complete la formulación del PDF: «Aconteció que mientras yo, Daniel, _____ la visión y procuraba comprenderla, se puso delante de mí uno con apariencia de hombre.»","[""contemplaba"", ""desmenuzaba"", ""engrandecía"", ""consideraba""]",3,consideraba,"El PDF emplea la expresión «consideraba» en este contexto: «Aconteció que mientras yo, Daniel, consideraba la visión y procuraba comprenderla, se puso».","Aconteció que mientras yo, Daniel, consideraba la visión y procuraba comprenderla, se puso",DAN8-V15-F01,DAN8-V15-F01-VARIANTS,verified,
DAN8-0140,DANIEL7-12,DAN8,"PDF p.18, Daniel 8:16",true_false,medium,Gabriel y tiempo del fin,"Según PDF p.18, Daniel 8:16, en el pasaje sobre Gabriel y tiempo del fin, determine si el detalle entre corchetes hace verdadera o falsa esta afirmación: «Y oí una voz de ⟦hombre⟧ entre las riberas del Ulai, que gritó y dijo: “Gabriel, enseña a éste la visión.”»","[""Verdadero"", ""Falso""]",0,Verdadero,"La afirmación coincide con el PDF: «Y oí una voz de hombre entre las riberas del Ulai, que gritó».","Y oí una voz de hombre entre las riberas del Ulai, que gritó",DAN8-V16-F01,DAN8-V16-F01-VARIANTS,verified,
DAN8-0141,DANIEL7-12,DAN8,"PDF p.18, Daniel 8:17",fill_blank,expert,Gabriel y tiempo del fin,"Según PDF p.18, Daniel 8:17, en el pasaje sobre Gabriel y tiempo del fin, complete la formulación del PDF: «Pero él me dijo: “Entiende, _____, que la visión es para el tiempo del fin.”»","[""hijo de hombre"", ""tiempo del fin"", ""Anciano de días"", ""rey del norte""]",0,hijo de hombre,"El PDF emplea la expresión «hijo de hombre» en este contexto: «Pero él me dijo: “Entiende, hijo de hombre, que la visión es para el tiempo».","Pero él me dijo: “Entiende, hijo de hombre, que la visión es para el tiempo",DAN8-V17-F08,DAN8-V17-F08-VARIANTS,verified,
DAN8-0142,DANIEL7-12,DAN8,"PDF p.18, Daniel 8:18",multiple_choice,medium,Gabriel y tiempo del fin,"Según PDF p.18, Daniel 8:18, en el pasaje sobre Gabriel y tiempo del fin, ¿Cuál opción conserva el dato exacto de la fuente? Marco: «Mientras él [DETALLE] conmigo, caí dormido en tierra sobre mi»","[""Mientras él hablaba conmigo, caí dormido en tierra sobre mi"", ""Mientras él bestias conmigo, caí dormido en tierra sobre mi"", ""Mientras él estaban conmigo, caí dormido en tierra sobre mi"", ""Mientras él bestia conmigo, caí dormido en tierra sobre mi""]",0,"Mientras él hablaba conmigo, caí dormido en tierra sobre mi","La opción correcta conserva el detalle «hablaba» tal como aparece en la fuente: «Mientras él hablaba conmigo, caí dormido en tierra sobre mi».","Mientras él hablaba conmigo, caí dormido en tierra sobre mi",DAN8-V18-F01,DAN8-V18-F01-VARIANTS,verified,
DAN8-0143,DANIEL7-12,DAN8,"PDF p.18, Daniel 8:19",true_false,expert,Gabriel y tiempo del fin,"Según PDF p.18, Daniel 8:19, en el pasaje sobre Gabriel y tiempo del fin, determine si el detalle entre corchetes hace verdadera o falsa esta afirmación: «porque eso es para el ⟦tiempo del fin⟧.»","[""Verdadero"", ""Falso""]",0,Verdadero,La afirmación coincide con el PDF: «porque eso es para el tiempo del fin».,porque eso es para el tiempo del fin,DAN8-V19-F03,DAN8-V19-F03-VARIANTS,verified,
DAN8-0144,DANIEL7-12,DAN8,"PDF p.18, Daniel 8:20",fill_blank,hard,"Media, Persia, Grecia y cuatro reinos","Según PDF p.18, Daniel 8:20, en el pasaje sobre Media, Persia, Grecia y cuatro reinos, complete la formulación del PDF: «En cuanto al carnero que viste, que tenía _____: éstos son los reyes de Media y de Persia.»","[""diez cuernos"", ""dos cuernos"", ""setenta años"", ""tres semanas""]",1,dos cuernos,"El PDF emplea la expresión «dos cuernos» en este contexto: «carnero que viste, que tenía dos cuernos: éstos son los reyes de Media y».","carnero que viste, que tenía dos cuernos: éstos son los reyes de Media y",DAN8-V20-F01,DAN8-V20-F01-VARIANTS,verified,
DAN8-0145,DANIEL7-12,DAN8,"PDF p.19, Daniel 8:21",multiple_choice,expert,"Media, Persia, Grecia y cuatro reinos","Según PDF p.19, Daniel 8:21, en el pasaje sobre Media, Persia, Grecia y cuatro reinos, ¿Cuál opción mantiene sin alterar el detalle y el orden de la fuente? Marco: «rey de Grecia, y el [DETALLE] que tenía entre sus ojos es el»","[""rey de Grecia, y el cuerno notable que tenía entre sus ojos es el"", ""rey de Grecia, y el cuerno grande que tenía entre sus ojos es el"", ""rey de Grecia, y el cuerno pequeño que tenía entre sus ojos es el"", ""rey de Grecia, y el dominio eterno que tenía entre sus ojos es el""]",1,"rey de Grecia, y el cuerno grande que tenía entre sus ojos es el","La opción correcta conserva el detalle «cuerno grande» tal como aparece en la fuente: «rey de Grecia, y el cuerno grande que tenía entre sus ojos es el».","rey de Grecia, y el cuerno grande que tenía entre sus ojos es el",DAN8-V21-F01,DAN8-V21-F01-VARIANTS,verified,
DAN8-0146,DANIEL7-12,DAN8,"PDF p.19, Daniel 8:22",true_false,expert,"Media, Persia, Grecia y cuatro reinos","Según PDF p.19, Daniel 8:22, en el pasaje sobre Media, Persia, Grecia y cuatro reinos, determine si el detalle entre corchetes hace verdadera o falsa esta afirmación: «En cuanto al cuerno que fue quebrado y sucedieron cuatro en su lugar, significa que ⟦cuatro cabezas⟧ se levantarán de esa nación, aunque no con la fuerza de él.»","[""Verdadero"", ""Falso""]",1,Falso,"La afirmación cambia «cuatro reinos». La corrección exacta es: «En cuanto al cuerno que fue quebrado y sucedieron cuatro en su lugar, significa que cuatro reinos se levantarán de esa nación, aunque no con la fuerza de él.»","en su lugar, significa que cuatro reinos se levantarán de esa nación, aunque no",DAN8-V22-F01,DAN8-V22-F01-VARIANTS,verified,"En cuanto al cuerno que fue quebrado y sucedieron cuatro en su lugar, significa que cuatro reinos se levantarán de esa nación, aunque no con la fuerza de él."
DAN8-0147,DANIEL7-12,DAN8,"PDF p.19, Daniel 8:23",fill_blank,medium,"rey altivo, engaño y Príncipe de los príncipes","Según PDF p.19, Daniel 8:23, en el pasaje sobre rey altivo, engaño y Príncipe de los príncipes, complete la formulación del PDF: «”Al fin del reinado de estos, cuando los _____ lleguen al colmo, se levantará un rey altivo de rostro y entendido en enigmas.»","[""descendientes"", ""principales"", ""transgresores"", ""compañeros""]",2,transgresores,"El PDF emplea la expresión «transgresores» en este contexto: «reinado de estos, cuando los transgresores lleguen al colmo, se levantará un rey».","reinado de estos, cuando los transgresores lleguen al colmo, se levantará un rey",DAN8-V23-F01,DAN8-V23-F01-VARIANTS,verified,
DAN8-0148,DANIEL7-12,DAN8,"PDF p.19, Daniel 8:24",multiple_choice,medium,"rey altivo, engaño y Príncipe de los príncipes","Según PDF p.19, Daniel 8:24, en el pasaje sobre rey altivo, engaño y Príncipe de los príncipes, ¿Cuál opción conserva el dato exacto de la fuente? Marco: «Su poder se [DETALLE], mas no con fuerza propia»","[""Su poder se contristará, mas no con fuerza propia"", ""Su poder se despedazará, mas no con fuerza propia"", ""Su poder se fortalecerá, mas no con fuerza propia"", ""Su poder se permanecerá, mas no con fuerza propia""]",2,"Su poder se fortalecerá, mas no con fuerza propia","La opción correcta conserva el detalle «fortalecerá» tal como aparece en la fuente: «Su poder se fortalecerá, mas no con fuerza propia».","Su poder se fortalecerá, mas no con fuerza propia",DAN8-V24-F01,DAN8-V24-F01-VARIANTS,verified,
DAN8-0149,DANIEL7-12,DAN8,"PDF p.19, Daniel 8:25",true_false,expert,"rey altivo, engaño y Príncipe de los príncipes","Según PDF p.19, Daniel 8:25, en el pasaje sobre rey altivo, engaño y Príncipe de los príncipes, determine si el detalle entre corchetes hace verdadera o falsa esta afirmación: «Se levantará contra el ⟦Príncipe de los príncipes⟧, pero será quebrantado, aunque no por mano humana.»","[""Verdadero"", ""Falso""]",0,Verdadero,"La afirmación coincide con el PDF: «Se levantará contra el Príncipe de los príncipes, pero será quebrantado, aunque no por mano».","Se levantará contra el Príncipe de los príncipes, pero será quebrantado, aunque no por mano",DAN8-V25-F09,DAN8-V25-F09-VARIANTS,verified,
DAN8-0150,DANIEL7-12,DAN8,"PDF p.19, Daniel 8:26",fill_blank,medium,"rey altivo, engaño y Príncipe de los príncipes","Según PDF p.19, Daniel 8:26, en el pasaje sobre rey altivo, engaño y Príncipe de los príncipes, complete la formulación del PDF: «La visión de las tardes y mañanas que se ha referido es _____»","[""apoderará"", ""aumentará"", ""cumplirán"", ""verdadera""]",3,verdadera,El PDF emplea la expresión «verdadera» en este contexto: «que se ha referido es verdadera».,que se ha referido es verdadera,DAN8-V26-F01,DAN8-V26-F01-VARIANTS,verified,
DAN8-0151,DANIEL7-12,DAN8,"PDF p.19, Daniel 8:27",multiple_choice,medium,estado final de Daniel,"Según PDF p.19, Daniel 8:27, en el pasaje sobre estado final de Daniel, ¿Cuál opción conserva el dato exacto de la fuente? Marco: «Yo, Daniel, quedé [DETALLE], y estuve enfermo algunos días»","[""Yo, Daniel, quedé despertados, y estuve enfermo algunos días"", ""Yo, Daniel, quedé determinado, y estuve enfermo algunos días"", ""Yo, Daniel, quedé fortalecido, y estuve enfermo algunos días"", ""Yo, Daniel, quedé quebrantado, y estuve enfermo algunos días""]",3,"Yo, Daniel, quedé quebrantado, y estuve enfermo algunos días","La opción correcta conserva el detalle «quebrantado» tal como aparece en la fuente: «Yo, Daniel, quedé quebrantado, y estuve enfermo algunos días».","Yo, Daniel, quedé quebrantado, y estuve enfermo algunos días",DAN8-V27-F01,DAN8-V27-F01-VARIANTS,verified,
DAN8-0152,DANIEL7-12,DAN8,"PDF p.18, Daniel 8:1",true_false,hard,"año, Susa, Ulai y carnero","Según PDF p.18, Daniel 8:1, en el pasaje sobre año, Susa, Ulai y carnero, determine si el detalle entre corchetes hace verdadera o falsa esta afirmación: «En el año tercero del ⟦carnero⟧ del rey Belsasar, yo, Daniel, tuve una visión, después de aquella que había tenido antes.»","[""Verdadero"", ""Falso""]",1,Falso,"La afirmación cambia «reinado». La corrección exacta es: ««En el año tercero del reinado del rey Belsasar, yo, Daniel, tuve una visión, después de aquella que había tenido antes.»","En el año tercero del reinado del rey Belsasar, yo, Daniel, tuve una",DAN8-V1-F02,DAN8-V1-F02-VARIANTS,verified,"«En el año tercero del reinado del rey Belsasar, yo, Daniel, tuve una visión, después de aquella que había tenido antes."
DAN8-0153,DANIEL7-12,DAN8,"PDF p.18, Daniel 8:2",fill_blank,medium,"año, Susa, Ulai y carnero","Según PDF p.18, Daniel 8:2, en el pasaje sobre año, Susa, Ulai y carnero, complete la formulación del PDF: «Miraba yo la _____, y en ella yo estaba en Susa, que es la capital del reino, en la provincia de Elam.»","[""visión"", ""cuarta"", ""nación"", ""ribera""]",0,visión,"El PDF emplea la expresión «visión» en este contexto: «Miraba yo la visión, y en ella yo estaba en Susa».","Miraba yo la visión, y en ella yo estaba en Susa",DAN8-V2-F02,DAN8-V2-F02-VARIANTS,verified,
DAN8-0154,DANIEL7-12,DAN8,"PDF p.18, Daniel 8:3",multiple_choice,hard,"año, Susa, Ulai y carnero","Según PDF p.18, Daniel 8:3, en el pasaje sobre año, Susa, Ulai y carnero, ¿Qué opción restituye con precisión la relación descrita? Marco: «los ojos y miré, y [DETALLE] un carnero que estaba delante del río»","[""los ojos y miré, y había un carnero que estaba delante del río"", ""los ojos y miré, y decía un carnero que estaba delante del río"", ""los ojos y miré, y hacía un carnero que estaba delante del río"", ""los ojos y miré, y salía un carnero que estaba delante del río""]",0,"los ojos y miré, y había un carnero que estaba delante del río","La opción correcta conserva el detalle «había» tal como aparece en la fuente: «los ojos y miré, y había un carnero que estaba delante del río».","los ojos y miré, y había un carnero que estaba delante del río",DAN8-V3-F02,DAN8-V3-F02-VARIANTS,verified,
DAN8-0155,DANIEL7-12,DAN8,"PDF p.18, Daniel 8:4",true_false,hard,"año, Susa, Ulai y carnero","Según PDF p.18, Daniel 8:4, en el pasaje sobre año, Susa, Ulai y carnero, determine si el detalle entre corchetes hace verdadera o falsa esta afirmación: «Vi que el ⟦carnero⟧ hería con los cuernos al poniente, al norte y al sur, y que ninguna bestia podía parar delante de él, ni había quien escapara de su poder.»","[""Verdadero"", ""Falso""]",0,Verdadero,"La afirmación coincide con el PDF: «Vi que el carnero hería con los cuernos al poniente, al».","Vi que el carnero hería con los cuernos al poniente, al",DAN8-V4-F01,DAN8-V4-F01-VARIANTS,verified,
DAN8-0156,DANIEL7-12,DAN8,"PDF p.18, Daniel 8:5",fill_blank,hard,"macho cabrío, combate y gran cuerno","Según PDF p.18, Daniel 8:5, en el pasaje sobre macho cabrío, combate y gran cuerno, complete la formulación del PDF: «Mientras yo _____ esto, un macho cabrío venía del lado del poniente sobre la faz de toda la tierra, sin tocar tierra»","[""contemplaba"", ""consideraba"", ""desmenuzaba"", ""engrandecía""]",1,consideraba,"El PDF emplea la expresión «consideraba» en este contexto: «Mientras yo consideraba esto, un macho cabrío venía del lado».","Mientras yo consideraba esto, un macho cabrío venía del lado",DAN8-V5-F01,DAN8-V5-F01-VARIANTS,verified,
DAN8-0157,DANIEL7-12,DAN8,"PDF p.18, Daniel 8:6",multiple_choice,hard,"macho cabrío, combate y gran cuerno","Según PDF p.18, Daniel 8:6, en el pasaje sobre macho cabrío, combate y gran cuerno, ¿Qué opción restituye con precisión la relación descrita? Marco: «Vino hasta el [DETALLE] de dos cuernos que yo había visto»","[""Vino hasta el corazón de dos cuernos que yo había visto"", ""Vino hasta el carnero de dos cuernos que yo había visto"", ""Vino hasta el dominio de dos cuernos que yo había visto"", ""Vino hasta el hacerse de dos cuernos que yo había visto""]",1,Vino hasta el carnero de dos cuernos que yo había visto,La opción correcta conserva el detalle «carnero» tal como aparece en la fuente: «Vino hasta el carnero de dos cuernos que yo había visto».,Vino hasta el carnero de dos cuernos que yo había visto,DAN8-V6-F02,DAN8-V6-F02-VARIANTS,verified,
DAN8-0158,DANIEL7-12,DAN8,"PDF p.18, Daniel 8:7",true_false,hard,"macho cabrío, combate y gran cuerno","Según PDF p.18, Daniel 8:7, en el pasaje sobre macho cabrío, combate y gran cuerno, determine si el detalle entre corchetes hace verdadera o falsa esta afirmación: «Lo vi ⟦hablar⟧ junto al carnero»","[""Verdadero"", ""Falso""]",1,Falso,La afirmación cambia «llegar». La corrección exacta es: «Lo vi llegar junto al carnero»,Lo vi llegar junto al carnero,DAN8-V7-F01,DAN8-V7-F01-VARIANTS,verified,Lo vi llegar junto al carnero
DAN8-0159,DANIEL7-12,DAN8,"PDF p.18, Daniel 8:8",fill_blank,easy,"macho cabrío, combate y gran cuerno","Según PDF p.18, Daniel 8:8, en el pasaje sobre macho cabrío, combate y gran cuerno, complete la formulación del PDF: «pero cuando estaba en su mayor fuerza, aquel gran cuerno fue quebrado, y en su lugar salieron otros _____ cuernos notables hacia los cuatro vientos del cielo.»","[""sesenta"", ""siete"", ""cuatro"", ""dos cuernos""]",2,cuatro,El PDF emplea la expresión «cuatro» en este contexto: «en su lugar salieron otros cuatro cuernos notables hacia los cuatro vientos del».,en su lugar salieron otros cuatro cuernos notables hacia los cuatro vientos del,DAN8-V8-F06,DAN8-V8-F06-VARIANTS,verified,
DAN8-0160,DANIEL7-12,DAN8,"PDF p.18, Daniel 8:9",multiple_choice,expert,"cuerno pequeño, santuario y 2,300 tardes y mañanas","Según PDF p.18, Daniel 8:9, en el pasaje sobre cuerno pequeño, santuario y 2,300 tardes y mañanas, ¿Cuál opción mantiene sin alterar el detalle y el orden de la fuente? Marco: «el oriente, y hacia la [DETALLE]»","[""el oriente, y hacia la ciudad fuerte"", ""el oriente, y hacia la lana limpia"", ""el oriente, y hacia la tierra gloriosa"", ""el oriente, y hacia la abominación desoladora""]",2,"el oriente, y hacia la tierra gloriosa","La opción correcta conserva el detalle «tierra gloriosa» tal como aparece en la fuente: «el oriente, y hacia la tierra gloriosa».","el oriente, y hacia la tierra gloriosa",DAN8-V9-F02,DAN8-V9-F02-VARIANTS,verified,
DAN8-0161,DANIEL7-12,DAN8,"PDF p.18, Daniel 8:10",true_false,hard,"cuerno pequeño, santuario y 2,300 tardes y mañanas","Según PDF p.18, Daniel 8:10, en el pasaje sobre cuerno pequeño, santuario y 2,300 tardes y mañanas, determine si el detalle entre corchetes hace verdadera o falsa esta afirmación: «Creció hasta ⟦hablar⟧ al ejército del cielo»","[""Verdadero"", ""Falso""]",1,Falso,La afirmación cambia «llegar». La corrección exacta es: «Creció hasta llegar al ejército del cielo»,Creció hasta llegar al ejército del cielo,DAN8-V10-F01,DAN8-V10-F01-VARIANTS,verified,Creció hasta llegar al ejército del cielo
DAN8-0162,DANIEL7-12,DAN8,"PDF p.18, Daniel 8:11",fill_blank,medium,"cuerno pequeño, santuario y 2,300 tardes y mañanas","Según PDF p.18, Daniel 8:11, en el pasaje sobre cuerno pequeño, santuario y 2,300 tardes y mañanas, complete la formulación del PDF: «Aun se _____ frente al príncipe de los ejércitos»","[""fortaleció"", ""respondió"", ""preguntó"", ""engrandeció""]",3,engrandeció,El PDF emplea la expresión «engrandeció» en este contexto: «Aun se engrandeció frente al príncipe de los ejércitos».,Aun se engrandeció frente al príncipe de los ejércitos,DAN8-V11-F01,DAN8-V11-F01-VARIANTS,verified,
DAN8-0163,DANIEL7-12,DAN8,"PDF p.18, Daniel 8:12",multiple_choice,medium,"cuerno pequeño, santuario y 2,300 tardes y mañanas","Según PDF p.18, Daniel 8:12, en el pasaje sobre cuerno pequeño, santuario y 2,300 tardes y mañanas, ¿Cuál opción conserva el dato exacto de la fuente? Marco: «A causa de la [DETALLE] le fue entregado el ejército junto con»","[""A causa de la interpretación le fue entregado el ejército junto con"", ""A causa de la misericordia le fue entregado el ejército junto con"", ""A causa de la consumación le fue entregado el ejército junto con"", ""A causa de la prevaricación le fue entregado el ejército junto con""]",3,A causa de la prevaricación le fue entregado el ejército junto con,La opción correcta conserva el detalle «prevaricación» tal como aparece en la fuente: «A causa de la prevaricación le fue entregado el ejército junto con».,A causa de la prevaricación le fue entregado el ejército junto con,DAN8-V12-F02,DAN8-V12-F02-VARIANTS,verified,
DAN8-0164,DANIEL7-12,DAN8,"PDF p.18, Daniel 8:13",true_false,expert,"cuerno pequeño, santuario y 2,300 tardes y mañanas","Según PDF p.18, Daniel 8:13, en el pasaje sobre cuerno pequeño, santuario y 2,300 tardes y mañanas, determine si el detalle entre corchetes hace verdadera o falsa esta afirmación: «y otro de los santos preguntó a aquel que hablaba: “¿Hasta cuándo durará la visión del sacrificio continuo, la ⟦interpretación⟧ asoladora y la entrega del santuario y el ejército para ser pisoteados?”»","[""Verdadero"", ""Falso""]",1,Falso,"La afirmación cambia «prevaricación». La corrección exacta es: «y otro de los santos preguntó a aquel que hablaba: “¿Hasta cuándo durará la visión del sacrificio continuo, la prevaricación asoladora y la entrega del santuario y el ejército para ser pisoteados?”»","visión del sacrificio continuo, la prevaricación asoladora y la entrega del santuario y",DAN8-V13-F05,DAN8-V13-F05-VARIANTS,verified,"y otro de los santos preguntó a aquel que hablaba: “¿Hasta cuándo durará la visión del sacrificio continuo, la prevaricación asoladora y la entrega del santuario y el ejército para ser pisoteados?”"
DAN8-0165,DANIEL7-12,DAN8,"PDF p.18, Daniel 8:14",fill_blank,easy,"cuerno pequeño, santuario y 2,300 tardes y mañanas","Según PDF p.18, Daniel 8:14, en el pasaje sobre cuerno pequeño, santuario y 2,300 tardes y mañanas, complete la formulación del PDF: «luego el _____ será purificado.”»","[""santuario"", ""conflicto"", ""desolador"", ""estruendo""]",0,santuario,El PDF emplea la expresión «santuario» en este contexto: «luego el santuario será purificado».,luego el santuario será purificado,DAN8-V14-F04,DAN8-V14-F04-VARIANTS,verified,
DAN8-0166,DANIEL7-12,DAN8,"PDF p.18, Daniel 8:15",multiple_choice,hard,Gabriel y tiempo del fin,"Según PDF p.18, Daniel 8:15, en el pasaje sobre Gabriel y tiempo del fin, ¿Qué opción restituye con precisión la relación descrita? Marco: «Daniel, consideraba la visión y [DETALLE] comprenderla, se puso delante de mí uno»","[""Daniel, consideraba la visión y procuraba comprenderla, se puso delante de mí uno"", ""Daniel, consideraba la visión y combatían comprenderla, se puso delante de mí uno"", ""Daniel, consideraba la visión y derramaba comprenderla, se puso delante de mí uno"", ""Daniel, consideraba la visión y justicias comprenderla, se puso delante de mí uno""]",0,"Daniel, consideraba la visión y procuraba comprenderla, se puso delante de mí uno","La opción correcta conserva el detalle «procuraba» tal como aparece en la fuente: «Daniel, consideraba la visión y procuraba comprenderla, se puso delante de mí uno».","Daniel, consideraba la visión y procuraba comprenderla, se puso delante de mí uno",DAN8-V15-F02,DAN8-V15-F02-VARIANTS,verified,
DAN8-0167,DANIEL7-12,DAN8,"PDF p.18, Daniel 8:16",true_false,hard,Gabriel y tiempo del fin,"Según PDF p.18, Daniel 8:16, en el pasaje sobre Gabriel y tiempo del fin, determine si el detalle entre corchetes hace verdadera o falsa esta afirmación: «Y oí una voz de hombre entre las ⟦tiendas⟧ del Ulai, que gritó y dijo: “Gabriel, enseña a éste la visión.”»","[""Verdadero"", ""Falso""]",1,Falso,"La afirmación cambia «riberas». La corrección exacta es: «Y oí una voz de hombre entre las riberas del Ulai, que gritó y dijo: “Gabriel, enseña a éste la visión.”»","voz de hombre entre las riberas del Ulai, que gritó y dijo: “Gabriel",DAN8-V16-F02,DAN8-V16-F02-VARIANTS,verified,"Y oí una voz de hombre entre las riberas del Ulai, que gritó y dijo: “Gabriel, enseña a éste la visión.”"
DAN8-0168,DANIEL7-12,DAN8,"PDF p.18, Daniel 8:17",fill_blank,expert,Gabriel y tiempo del fin,"Según PDF p.18, Daniel 8:17, en el pasaje sobre Gabriel y tiempo del fin, complete la formulación del PDF: «Pero él me dijo: “Entiende, hijo de hombre, que la visión es para el _____.”»","[""hijo de hombre"", ""tiempo del fin"", ""Anciano de días"", ""rey del norte""]",1,tiempo del fin,El PDF emplea la expresión «tiempo del fin» en este contexto: «la visión es para el tiempo del fin».,la visión es para el tiempo del fin,DAN8-V17-F09,DAN8-V17-F09-VARIANTS,verified,
DAN8-0169,DANIEL7-12,DAN8,"PDF p.18, Daniel 8:18",multiple_choice,medium,Gabriel y tiempo del fin,"Según PDF p.18, Daniel 8:18, en el pasaje sobre Gabriel y tiempo del fin, ¿Cuál opción conserva el dato exacto de la fuente? Marco: «Mientras él hablaba [DETALLE], caí dormido en tierra sobre mi rostro»","[""Mientras él hablaba delante, caí dormido en tierra sobre mi rostro"", ""Mientras él hablaba conmigo, caí dormido en tierra sobre mi rostro"", ""Mientras él hablaba dominio, caí dormido en tierra sobre mi rostro"", ""Mientras él hablaba duermen, caí dormido en tierra sobre mi rostro""]",1,"Mientras él hablaba conmigo, caí dormido en tierra sobre mi rostro","La opción correcta conserva el detalle «conmigo» tal como aparece en la fuente: «Mientras él hablaba conmigo, caí dormido en tierra sobre mi rostro».","Mientras él hablaba conmigo, caí dormido en tierra sobre mi rostro",DAN8-V18-F02,DAN8-V18-F02-VARIANTS,verified,
DAN8-0170,DANIEL7-12,DAN8,"PDF p.18, Daniel 8:19",true_false,hard,Gabriel y tiempo del fin,"Según PDF p.18, Daniel 8:19, en el pasaje sobre Gabriel y tiempo del fin, determine si el detalle entre corchetes hace verdadera o falsa esta afirmación: «Y dijo: “Yo te ⟦cumplirá⟧ lo que ha de venir al fin de la ira»","[""Verdadero"", ""Falso""]",1,Falso,La afirmación cambia «enseñaré». La corrección exacta es: «Y dijo: “Yo te enseñaré lo que ha de venir al fin de la ira»,Y dijo: “Yo te enseñaré lo que ha de venir al fin,DAN8-V19-F01,DAN8-V19-F01-VARIANTS,verified,Y dijo: “Yo te enseñaré lo que ha de venir al fin de la ira
DAN8-0171,DANIEL7-12,DAN8,"PDF p.18, Daniel 8:20",fill_blank,medium,"Media, Persia, Grecia y cuatro reinos","Según PDF p.18, Daniel 8:20, en el pasaje sobre Media, Persia, Grecia y cuatro reinos, complete la formulación del PDF: «En cuanto al _____ que viste, que tenía dos cuernos: éstos son los reyes de Media y de Persia.»","[""corazón"", ""dominio"", ""carnero"", ""hacerse""]",2,carnero,"El PDF emplea la expresión «carnero» en este contexto: «En cuanto al carnero que viste, que tenía dos cuernos: éstos».","En cuanto al carnero que viste, que tenía dos cuernos: éstos",DAN8-V20-F02,DAN8-V20-F02-VARIANTS,verified,
DAN8-0172,DANIEL7-12,DAN8,"PDF p.19, Daniel 8:21",multiple_choice,medium,"Media, Persia, Grecia y cuatro reinos","Según PDF p.19, Daniel 8:21, en el pasaje sobre Media, Persia, Grecia y cuatro reinos, ¿Cuál opción conserva el dato exacto de la fuente? Marco: «El macho [DETALLE] es el rey de Grecia, y el»","[""El macho cierra es el rey de Grecia, y el"", ""El macho creció es el rey de Grecia, y el"", ""El macho cabrío es el rey de Grecia, y el"", ""El macho cuanto es el rey de Grecia, y el""]",2,"El macho cabrío es el rey de Grecia, y el","La opción correcta conserva el detalle «cabrío» tal como aparece en la fuente: «El macho cabrío es el rey de Grecia, y el».","El macho cabrío es el rey de Grecia, y el",DAN8-V21-F02,DAN8-V21-F02-VARIANTS,verified,
DAN8-0173,DANIEL7-12,DAN8,"PDF p.19, Daniel 8:22",true_false,easy,"Media, Persia, Grecia y cuatro reinos","Según PDF p.19, Daniel 8:22, en el pasaje sobre Media, Persia, Grecia y cuatro reinos, determine si el detalle entre corchetes hace verdadera o falsa esta afirmación: «En cuanto al cuerno que fue quebrado y sucedieron ⟦cuatro⟧ en su lugar, significa que cuatro reinos se levantarán de esa nación, aunque no con la fuerza de él.»","[""Verdadero"", ""Falso""]",0,Verdadero,"La afirmación coincide con el PDF: «que fue quebrado y sucedieron cuatro en su lugar, significa que cuatro reinos».","que fue quebrado y sucedieron cuatro en su lugar, significa que cuatro reinos",DAN8-V22-F02,DAN8-V22-F02-VARIANTS,verified,
DAN8-0174,DANIEL7-12,DAN8,"PDF p.19, Daniel 8:23",fill_blank,hard,"rey altivo, engaño y Príncipe de los príncipes","Según PDF p.19, Daniel 8:23, en el pasaje sobre rey altivo, engaño y Príncipe de los príncipes, complete la formulación del PDF: «”Al fin del reinado de estos, cuando los transgresores lleguen al colmo, se _____ un rey altivo de rostro y entendido en enigmas.»","[""apoderará"", ""aumentará"", ""cumplirán"", ""levantará""]",3,levantará,"El PDF emplea la expresión «levantará» en este contexto: «transgresores lleguen al colmo, se levantará un rey altivo de rostro y entendido».","transgresores lleguen al colmo, se levantará un rey altivo de rostro y entendido",DAN8-V23-F02,DAN8-V23-F02-VARIANTS,verified,
DAN8-0175,DANIEL7-12,DAN8,"PDF p.19, Daniel 8:24",multiple_choice,hard,"rey altivo, engaño y Príncipe de los príncipes","Según PDF p.19, Daniel 8:24, en el pasaje sobre rey altivo, engaño y Príncipe de los príncipes, ¿Qué opción restituye con precisión la relación descrita? Marco: «causará grandes ruinas, [DETALLE], actuará arbitrariamente y destruirá a los fuertes»","[""causará grandes ruinas, confirmará, actuará arbitrariamente y destruirá a los fuertes"", ""causará grandes ruinas, contenderá, actuará arbitrariamente y destruirá a los fuertes"", ""causará grandes ruinas, Despertará, actuará arbitrariamente y destruirá a los fuertes"", ""causará grandes ruinas, prosperará, actuará arbitrariamente y destruirá a los fuertes""]",3,"causará grandes ruinas, prosperará, actuará arbitrariamente y destruirá a los fuertes","La opción correcta conserva el detalle «prosperará» tal como aparece en la fuente: «causará grandes ruinas, prosperará, actuará arbitrariamente y destruirá a los fuertes».","causará grandes ruinas, prosperará, actuará arbitrariamente y destruirá a los fuertes",DAN8-V24-F05,DAN8-V24-F05-VARIANTS,verified,
DAN8-0176,DANIEL7-12,DAN8,"PDF p.19, Daniel 8:25",true_false,easy,"rey altivo, engaño y Príncipe de los príncipes","Según PDF p.19, Daniel 8:25, en el pasaje sobre rey altivo, engaño y Príncipe de los príncipes, determine si el detalle entre corchetes hace verdadera o falsa esta afirmación: «Con su ⟦sagacidad⟧ hará prosperar el engaño en su mano»","[""Verdadero"", ""Falso""]",0,Verdadero,La afirmación coincide con el PDF: «Con su sagacidad hará prosperar el engaño en su mano».,Con su sagacidad hará prosperar el engaño en su mano,DAN8-V25-F01,DAN8-V25-F01-VARIANTS,verified,
DAN8-0177,DANIEL7-12,DAN8,"PDF p.19, Daniel 8:26",fill_blank,easy,"rey altivo, engaño y Príncipe de los príncipes","Según PDF p.19, Daniel 8:26, en el pasaje sobre rey altivo, engaño y Príncipe de los príncipes, complete la formulación del PDF: «La visión de las _____ y mañanas que se ha referido es verdadera»","[""tardes"", ""costas"", ""palmas"", ""aguas""]",0,tardes,El PDF emplea la expresión «tardes» en este contexto: «La visión de las tardes y mañanas que se ha referido es».,La visión de las tardes y mañanas que se ha referido es,DAN8-V26-F02,DAN8-V26-F02-VARIANTS,verified,
DAN8-0178,DANIEL7-12,DAN8,"PDF p.19, Daniel 8:27",multiple_choice,hard,estado final de Daniel,"Según PDF p.19, Daniel 8:27, en el pasaje sobre estado final de Daniel, ¿Qué opción restituye con precisión la relación descrita? Marco: «pero estaba [DETALLE] a causa de la visión, y no»","[""pero estaba espantado a causa de la visión, y no"", ""pero estaba arruinado a causa de la visión, y no"", ""pero estaba confiados a causa de la visión, y no"", ""pero estaba consumida a causa de la visión, y no""]",0,"pero estaba espantado a causa de la visión, y no","La opción correcta conserva el detalle «espantado» tal como aparece en la fuente: «pero estaba espantado a causa de la visión, y no».","pero estaba espantado a causa de la visión, y no",DAN8-V27-F09,DAN8-V27-F09-VARIANTS,verified,
DAN8-0179,DANIEL7-12,DAN8,"PDF p.18, Daniel 8:1",true_false,easy,"año, Susa, Ulai y carnero","Según PDF p.18, Daniel 8:1, en el pasaje sobre año, Susa, Ulai y carnero, determine si el detalle entre corchetes hace verdadera o falsa esta afirmación: «En el año tercero del reinado del rey ⟦Abed-nego⟧, yo, Daniel, tuve una visión, después de aquella que había tenido antes.»","[""Verdadero"", ""Falso""]",1,Falso,"La afirmación cambia «Belsasar». La corrección exacta es: ««En el año tercero del reinado del rey Belsasar, yo, Daniel, tuve una visión, después de aquella que había tenido antes.»","tercero del reinado del rey Belsasar, yo, Daniel, tuve una visión, después de",DAN8-V1-F03,DAN8-V1-F03-VARIANTS,verified,"«En el año tercero del reinado del rey Belsasar, yo, Daniel, tuve una visión, después de aquella que había tenido antes."
DAN8-0180,DANIEL7-12,DAN8,"PDF p.18, Daniel 8:2",fill_blank,hard,"año, Susa, Ulai y carnero","Según PDF p.18, Daniel 8:2, en el pasaje sobre año, Susa, Ulai y carnero, complete la formulación del PDF: «Miraba yo la visión, y en ella yo _____ en Susa, que es la capital del reino, en la provincia de Elam.»","[""bestia"", ""estaba"", ""habían"", ""miraba""]",1,estaba,"El PDF emplea la expresión «estaba» en este contexto: «visión, y en ella yo estaba en Susa, que es la capital del».","visión, y en ella yo estaba en Susa, que es la capital del",DAN8-V2-F03,DAN8-V2-F03-VARIANTS,verified,
DAN8-0181,DANIEL7-12,DAN8,"PDF p.18, Daniel 8:3",multiple_choice,medium,"año, Susa, Ulai y carnero","Según PDF p.18, Daniel 8:3, en el pasaje sobre año, Susa, Ulai y carnero, ¿Cuál opción conserva el dato exacto de la fuente? Marco: «y miré, y había un [DETALLE] que estaba delante del río, y tenía»","[""y miré, y había un corazón que estaba delante del río, y tenía"", ""y miré, y había un carnero que estaba delante del río, y tenía"", ""y miré, y había un dominio que estaba delante del río, y tenía"", ""y miré, y había un hacerse que estaba delante del río, y tenía""]",1,"y miré, y había un carnero que estaba delante del río, y tenía","La opción correcta conserva el detalle «carnero» tal como aparece en la fuente: «y miré, y había un carnero que estaba delante del río, y tenía».","y miré, y había un carnero que estaba delante del río, y tenía",DAN8-V3-F03,DAN8-V3-F03-VARIANTS,verified,
DAN8-0182,DANIEL7-12,DAN8,"PDF p.18, Daniel 8:4",true_false,hard,"año, Susa, Ulai y carnero","Según PDF p.18, Daniel 8:4, en el pasaje sobre año, Susa, Ulai y carnero, determine si el detalle entre corchetes hace verdadera o falsa esta afirmación: «Vi que el carnero ⟦hería⟧ con los cuernos al poniente, al norte y al sur, y que ninguna bestia podía parar delante de él, ni había quien escapara de su poder.»","[""Verdadero"", ""Falso""]",0,Verdadero,"La afirmación coincide con el PDF: «Vi que el carnero hería con los cuernos al poniente, al norte».","Vi que el carnero hería con los cuernos al poniente, al norte",DAN8-V4-F02,DAN8-V4-F02-VARIANTS,verified,
DAN8-0183,DANIEL7-12,DAN8,"PDF p.18, Daniel 8:5",fill_blank,medium,"macho cabrío, combate y gran cuerno","Según PDF p.18, Daniel 8:5, en el pasaje sobre macho cabrío, combate y gran cuerno, complete la formulación del PDF: «Mientras yo consideraba esto, un _____ cabrío venía del lado del poniente sobre la faz de toda la tierra, sin tocar tierra»","[""cielo"", ""libro"", ""macho"", ""lugar""]",2,macho,"El PDF emplea la expresión «macho» en este contexto: «Mientras yo consideraba esto, un macho cabrío venía del lado del poniente sobre».","Mientras yo consideraba esto, un macho cabrío venía del lado del poniente sobre",DAN8-V5-F02,DAN8-V5-F02-VARIANTS,verified,
DAN8-0184,DANIEL7-12,DAN8,"PDF p.18, Daniel 8:6",multiple_choice,hard,"macho cabrío, combate y gran cuerno","Según PDF p.18, Daniel 8:6, en el pasaje sobre macho cabrío, combate y gran cuerno, ¿Qué opción restituye con precisión la relación descrita? Marco: «de dos cuernos que yo [DETALLE] visto en la ribera del río, y»","[""de dos cuernos que yo decía visto en la ribera del río, y"", ""de dos cuernos que yo hacía visto en la ribera del río, y"", ""de dos cuernos que yo había visto en la ribera del río, y"", ""de dos cuernos que yo salía visto en la ribera del río, y""]",2,"de dos cuernos que yo había visto en la ribera del río, y","La opción correcta conserva el detalle «había» tal como aparece en la fuente: «de dos cuernos que yo había visto en la ribera del río, y».","de dos cuernos que yo había visto en la ribera del río, y",DAN8-V6-F03,DAN8-V6-F03-VARIANTS,verified,
DAN8-0185,DANIEL7-12,DAN8,"PDF p.18, Daniel 8:7",true_false,easy,"macho cabrío, combate y gran cuerno","Según PDF p.18, Daniel 8:7, en el pasaje sobre macho cabrío, combate y gran cuerno, determine si el detalle entre corchetes hace verdadera o falsa esta afirmación: «Lo vi llegar ⟦junto⟧ al carnero»","[""Verdadero"", ""Falso""]",0,Verdadero,La afirmación coincide con el PDF: «Lo vi llegar junto al carnero».,Lo vi llegar junto al carnero,DAN8-V7-F02,DAN8-V7-F02-VARIANTS,verified,
DAN8-0186,DANIEL7-12,DAN8,"PDF p.18, Daniel 8:8",fill_blank,easy,"macho cabrío, combate y gran cuerno","Según PDF p.18, Daniel 8:8, en el pasaje sobre macho cabrío, combate y gran cuerno, complete la formulación del PDF: «El macho _____ creció en gran manera»","[""cierra"", ""creció"", ""cuanto"", ""cabrío""]",3,cabrío,El PDF emplea la expresión «cabrío» en este contexto: «El macho cabrío creció en gran manera».,El macho cabrío creció en gran manera,DAN8-V8-F01,DAN8-V8-F01-VARIANTS,verified,
DAN8-0187,DANIEL7-12,DAN8,"PDF p.18, Daniel 8:9",multiple_choice,hard,"cuerno pequeño, santuario y 2,300 tardes y mañanas","Según PDF p.18, Daniel 8:9, en el pasaje sobre cuerno pequeño, santuario y 2,300 tardes y mañanas, ¿Qué opción restituye con precisión la relación descrita? Marco: «De uno de ellos [DETALLE] un cuerno pequeño, que creció mucho hacia»","[""De uno de ellos hirió un cuerno pequeño, que creció mucho hacia"", ""De uno de ellos trajo un cuerno pequeño, que creció mucho hacia"", ""De uno de ellos turbó un cuerno pequeño, que creció mucho hacia"", ""De uno de ellos salió un cuerno pequeño, que creció mucho hacia""]",3,"De uno de ellos salió un cuerno pequeño, que creció mucho hacia","La opción correcta conserva el detalle «salió» tal como aparece en la fuente: «De uno de ellos salió un cuerno pequeño, que creció mucho hacia».","De uno de ellos salió un cuerno pequeño, que creció mucho hacia",DAN8-V9-F03,DAN8-V9-F03-VARIANTS,verified,
DAN8-0188,DANIEL7-12,DAN8,"PDF p.18, Daniel 8:10",true_false,easy,"cuerno pequeño, santuario y 2,300 tardes y mañanas","Según PDF p.18, Daniel 8:10, en el pasaje sobre cuerno pequeño, santuario y 2,300 tardes y mañanas, determine si el detalle entre corchetes hace verdadera o falsa esta afirmación: «Creció hasta llegar al ⟦ejército⟧ del cielo»","[""Verdadero"", ""Falso""]",0,Verdadero,La afirmación coincide con el PDF: «Creció hasta llegar al ejército del cielo».,Creció hasta llegar al ejército del cielo,DAN8-V10-F02,DAN8-V10-F02-VARIANTS,verified,
DAN8-0189,DANIEL7-12,DAN8,"PDF p.18, Daniel 8:11",fill_blank,easy,"cuerno pequeño, santuario y 2,300 tardes y mañanas","Según PDF p.18, Daniel 8:11, en el pasaje sobre cuerno pequeño, santuario y 2,300 tardes y mañanas, complete la formulación del PDF: «Aun se engrandeció frente al príncipe de los _____»","[""ejércitos"", ""príncipes"", ""compañeros"", ""entendidos""]",0,ejércitos,El PDF emplea la expresión «ejércitos» en este contexto: «frente al príncipe de los ejércitos».,frente al príncipe de los ejércitos,DAN8-V11-F02,DAN8-V11-F02-VARIANTS,verified,
DAN8-0190,DANIEL7-12,DAN8,"PDF p.18, Daniel 8:12",multiple_choice,hard,"cuerno pequeño, santuario y 2,300 tardes y mañanas","Según PDF p.18, Daniel 8:12, en el pasaje sobre cuerno pequeño, santuario y 2,300 tardes y mañanas, ¿Qué opción restituye con precisión la relación descrita? Marco: «de la prevaricación le fue [DETALLE] el ejército junto con el sacrificio continuo»","[""de la prevaricación le fue entregado el ejército junto con el sacrificio continuo"", ""de la prevaricación le fue arruinado el ejército junto con el sacrificio continuo"", ""de la prevaricación le fue confiados el ejército junto con el sacrificio continuo"", ""de la prevaricación le fue consumida el ejército junto con el sacrificio continuo""]",0,de la prevaricación le fue entregado el ejército junto con el sacrificio continuo,La opción correcta conserva el detalle «entregado» tal como aparece en la fuente: «de la prevaricación le fue entregado el ejército junto con el sacrificio continuo».,de la prevaricación le fue entregado el ejército junto con el sacrificio continuo,DAN8-V12-F03,DAN8-V12-F03-VARIANTS,verified,
DAN9-0001,DANIEL7-12,DAN9,"PDF p.20, Daniel 9:1",multiple_choice,hard,"Darío, Asuero, Jeremías y setenta años","Según PDF p.20, Daniel 9:1, en el pasaje sobre Darío, Asuero, Jeremías y setenta años, ¿Qué opción restituye con precisión la relación descrita? Marco: «En el [DETALLE] año de Darío hijo de Asuero, de»","[""En el cuarto año de Darío hijo de Asuero, de"", ""En el primer año de Darío hijo de Asuero, de"", ""En el hombre año de Darío hijo de Asuero, de"", ""En el rostro año de Darío hijo de Asuero, de""]",1,"En el primer año de Darío hijo de Asuero, de","La opción correcta conserva el detalle «primer» tal como aparece en la fuente: «En el primer año de Darío hijo de Asuero, de».","En el primer año de Darío hijo de Asuero, de",DAN9-V1-F01,DAN9-V1-F01-VARIANTS,verified,
DAN9-0002,DANIEL7-12,DAN9,"PDF p.20, Daniel 9:2",fill_blank,expert,"Darío, Asuero, Jeremías y setenta años","Según PDF p.20, Daniel 9:2, en el pasaje sobre Darío, Asuero, Jeremías y setenta años, complete la formulación del PDF: «en el primer año de su reinado, yo, Daniel, miré atentamente en los libros el número de los años de que habló Jehová al profeta Jeremías, en los que habían de cumplirse las desolaciones de Jerusalén: _____.»","[""diez cuernos"", ""setenta años"", ""tres semanas"", ""cuatro reinos""]",1,setenta años,El PDF emplea la expresión «setenta años» en este contexto: «cumplirse las desolaciones de Jerusalén: setenta años».,cumplirse las desolaciones de Jerusalén: setenta años,DAN9-V2-F01,DAN9-V2-F01-VARIANTS,verified,
DAN9-0003,DANIEL7-12,DAN9,"PDF p.20, Daniel 9:3",multiple_choice,medium,preparación y confesión de Daniel,"Según PDF p.20, Daniel 9:3, en el pasaje sobre preparación y confesión de Daniel, ¿Cuál opción conserva el dato exacto de la fuente? Marco: «rostro a Dios, el Señor, [DETALLE] en oración y ruego, en ayuno, ropas»","[""rostro a Dios, el Señor, esfuérzate en oración y ruego, en ayuno, ropas"", ""rostro a Dios, el Señor, humillarte en oración y ruego, en ayuno, ropas"", ""rostro a Dios, el Señor, buscándolo en oración y ruego, en ayuno, ropas"", ""rostro a Dios, el Señor, perdurable en oración y ruego, en ayuno, ropas""]",2,"rostro a Dios, el Señor, buscándolo en oración y ruego, en ayuno, ropas","La opción correcta conserva el detalle «buscándolo» tal como aparece en la fuente: «rostro a Dios, el Señor, buscándolo en oración y ruego, en ayuno, ropas».","rostro a Dios, el Señor, buscándolo en oración y ruego, en ayuno, ropas",DAN9-V3-F01,DAN9-V3-F01-VARIANTS,verified,
DAN9-0004,DANIEL7-12,DAN9,"PDF p.20, Daniel 9:4",fill_blank,hard,preparación y confesión de Daniel,"Según PDF p.20, Daniel 9:4, en el pasaje sobre preparación y confesión de Daniel, complete la formulación del PDF: «Oré a Jehová, mi Dios, e hice _____ diciendo: “Ahora, Señor, Dios grande, digno de ser temido, que guardas el pacto y la misericordia con los que te aman y guardan tus mandamientos,»","[""confusión"", ""eternidad"", ""confesión"", ""fortaleza""]",2,confesión,"El PDF emplea la expresión «confesión» en este contexto: «Jehová, mi Dios, e hice confesión diciendo: “Ahora, Señor, Dios grande, digno de».","Jehová, mi Dios, e hice confesión diciendo: “Ahora, Señor, Dios grande, digno de",DAN9-V4-F01,DAN9-V4-F01-VARIANTS,verified,
DAN9-0005,DANIEL7-12,DAN9,"PDF p.20, Daniel 9:5",multiple_choice,hard,"justicia, confusión, ley y maldición","Según PDF p.20, Daniel 9:5, en el pasaje sobre justicia, confusión, ley y maldición, ¿Qué opción restituye con precisión la relación descrita? Marco: «hemos pecado, hemos cometido [DETALLE], hemos actuado impíamente, hemos sido rebeldes y»","[""hemos pecado, hemos cometido confesión, hemos actuado impíamente, hemos sido rebeldes y"", ""hemos pecado, hemos cometido confusión, hemos actuado impíamente, hemos sido rebeldes y"", ""hemos pecado, hemos cometido eternidad, hemos actuado impíamente, hemos sido rebeldes y"", ""hemos pecado, hemos cometido iniquidad, hemos actuado impíamente, hemos sido rebeldes y""]",3,"hemos pecado, hemos cometido iniquidad, hemos actuado impíamente, hemos sido rebeldes y","La opción correcta conserva el detalle «iniquidad» tal como aparece en la fuente: «hemos pecado, hemos cometido iniquidad, hemos actuado impíamente, hemos sido rebeldes y».","hemos pecado, hemos cometido iniquidad, hemos actuado impíamente, hemos sido rebeldes y",DAN9-V5-F01,DAN9-V5-F01-VARIANTS,verified,
DAN9-0006,DANIEL7-12,DAN9,"PDF p.20, Daniel 9:6",fill_blank,hard,"justicia, confusión, ley y maldición","Según PDF p.20, Daniel 9:6, en el pasaje sobre justicia, confusión, ley y maldición, complete la formulación del PDF: «No hemos _____ a tus siervos los profetas, que en tu nombre hablaron a nuestros reyes, a nuestros príncipes, a nuestros padres y a todo el pueblo de la tierra.»","[""arruinado"", ""confiados"", ""consumida"", ""obedecido""]",3,obedecido,"El PDF emplea la expresión «obedecido» en este contexto: «No hemos obedecido a tus siervos los profetas, que en».","No hemos obedecido a tus siervos los profetas, que en",DAN9-V6-F01,DAN9-V6-F01-VARIANTS,verified,
DAN9-0007,DANIEL7-12,DAN9,"PDF p.20, Daniel 9:7",multiple_choice,expert,"justicia, confusión, ley y maldición","Según PDF p.20, Daniel 9:7, en el pasaje sobre justicia, confusión, ley y maldición, ¿Cuál opción mantiene sin alterar el detalle y el orden de la fuente? Marco: «la justicia, y nuestra la [DETALLE] de rostro que en el día de»","[""la justicia, y nuestra la confusión de rostro que en el día de"", ""la justicia, y nuestra la confesión de rostro que en el día de"", ""la justicia, y nuestra la eternidad de rostro que en el día de"", ""la justicia, y nuestra la fortaleza de rostro que en el día de""]",0,"la justicia, y nuestra la confusión de rostro que en el día de","La opción correcta conserva el detalle «confusión» tal como aparece en la fuente: «la justicia, y nuestra la confusión de rostro que en el día de».","la justicia, y nuestra la confusión de rostro que en el día de",DAN9-V7-F01,DAN9-V7-F01-VARIANTS,verified,
DAN9-0008,DANIEL7-12,DAN9,"PDF p.20, Daniel 9:8",fill_blank,medium,"justicia, confusión, ley y maldición","Según PDF p.20, Daniel 9:8, en el pasaje sobre justicia, confusión, ley y maldición, complete la formulación del PDF: «Nuestra es, Jehová, la _____ de rostro, y de nuestros reyes, de nuestros príncipes y de nuestros padres, porque contra ti pecamos.»","[""confusión"", ""confesión"", ""eternidad"", ""fortaleza""]",0,confusión,"El PDF emplea la expresión «confusión» en este contexto: «Nuestra es, Jehová, la confusión de rostro, y de nuestros reyes, de».","Nuestra es, Jehová, la confusión de rostro, y de nuestros reyes, de",DAN9-V8-F01,DAN9-V8-F01-VARIANTS,verified,
DAN9-0009,DANIEL7-12,DAN9,"PDF p.20, Daniel 9:9",multiple_choice,hard,"justicia, confusión, ley y maldición","Según PDF p.20, Daniel 9:9, en el pasaje sobre justicia, confusión, ley y maldición, ¿Qué opción restituye con precisión la relación descrita? Marco: «nuestro Dios, es el tener [DETALLE] y el perdonar, aunque contra él nos»","[""nuestro Dios, es el tener consideraba y el perdonar, aunque contra él nos"", ""nuestro Dios, es el tener misericordia y el perdonar, aunque contra él nos"", ""nuestro Dios, es el tener contemplaba y el perdonar, aunque contra él nos"", ""nuestro Dios, es el tener desmenuzaba y el perdonar, aunque contra él nos""]",1,"nuestro Dios, es el tener misericordia y el perdonar, aunque contra él nos","La opción correcta conserva el detalle «misericordia» tal como aparece en la fuente: «nuestro Dios, es el tener misericordia y el perdonar, aunque contra él nos».","nuestro Dios, es el tener misericordia y el perdonar, aunque contra él nos",DAN9-V9-F01,DAN9-V9-F01-VARIANTS,verified,
DAN9-0010,DANIEL7-12,DAN9,"PDF p.20, Daniel 9:10",true_false,hard,"justicia, confusión, ley y maldición","Según PDF p.20, Daniel 9:10, en el pasaje sobre justicia, confusión, ley y maldición, determine si el detalle entre corchetes hace verdadera o falsa esta afirmación: «y no ⟦diferentes⟧ a la voz de Jehová, nuestro Dios, para andar en sus leyes, que él puso delante de nosotros por medio de sus siervos los profetas.»","[""Verdadero"", ""Falso""]",1,Falso,"La afirmación cambia «obedecimos». La corrección exacta es: «y no obedecimos a la voz de Jehová, nuestro Dios, para andar en sus leyes, que él puso delante de nosotros por medio de sus siervos los profetas.»","y no obedecimos a la voz de Jehová, nuestro Dios",DAN9-V10-F01,DAN9-V10-F01-VARIANTS,verified,"y no obedecimos a la voz de Jehová, nuestro Dios, para andar en sus leyes, que él puso delante de nosotros por medio de sus siervos los profetas."
DAN9-0011,DANIEL7-12,DAN9,"PDF p.20, Daniel 9:11",fill_blank,easy,"justicia, confusión, ley y maldición","Según PDF p.20, Daniel 9:11, en el pasaje sobre justicia, confusión, ley y maldición, complete la formulación del PDF: «Todo Israel traspasó tu Ley, _____ para no obedecer a tu voz.»","[""enseñártela"", ""apartándose"", ""buscándolo"", ""comprenderla""]",1,apartándose,"El PDF emplea la expresión «apartándose» en este contexto: «Todo Israel traspasó tu Ley, apartándose para no obedecer a tu voz».","Todo Israel traspasó tu Ley, apartándose para no obedecer a tu voz",DAN9-V11-F01,DAN9-V11-F01-VARIANTS,verified,
DAN9-0012,DANIEL7-12,DAN9,"PDF p.20, Daniel 9:12",multiple_choice,hard,misericordia y Jerusalén,"Según PDF p.20, Daniel 9:12, en el pasaje sobre misericordia y Jerusalén, ¿Qué opción restituye con precisión la relación descrita? Marco: «contra nuestros jefes que nos [DETALLE], trayendo sobre nosotros tan gran mal»","[""contra nuestros jefes que nos asombraron, trayendo sobre nosotros tan gran mal"", ""contra nuestros jefes que nos conocieron, trayendo sobre nosotros tan gran mal"", ""contra nuestros jefes que nos gobernaron, trayendo sobre nosotros tan gran mal"", ""contra nuestros jefes que nos cumplieron, trayendo sobre nosotros tan gran mal""]",2,"contra nuestros jefes que nos gobernaron, trayendo sobre nosotros tan gran mal","La opción correcta conserva el detalle «gobernaron» tal como aparece en la fuente: «contra nuestros jefes que nos gobernaron, trayendo sobre nosotros tan gran mal».","contra nuestros jefes que nos gobernaron, trayendo sobre nosotros tan gran mal",DAN9-V12-F01,DAN9-V12-F01-VARIANTS,verified,
DAN9-0013,DANIEL7-12,DAN9,"PDF p.20, Daniel 9:13",true_false,hard,misericordia y Jerusalén,"Según PDF p.20, Daniel 9:13, en el pasaje sobre misericordia y Jerusalén, determine si el detalle entre corchetes hace verdadera o falsa esta afirmación: «pero no hemos ⟦implorado⟧ el favor de Jehová, nuestro Dios, y no nos hemos convertido de nuestras maldades ni entendido tu verdad.»","[""Verdadero"", ""Falso""]",0,Verdadero,"La afirmación coincide con el PDF: «pero no hemos implorado el favor de Jehová, nuestro Dios, y».","pero no hemos implorado el favor de Jehová, nuestro Dios, y",DAN9-V13-F05,DAN9-V13-F05-VARIANTS,verified,
DAN9-0014,DANIEL7-12,DAN9,"PDF p.20, Daniel 9:14",fill_blank,medium,misericordia y Jerusalén,"Según PDF p.20, Daniel 9:14, en el pasaje sobre misericordia y Jerusalén, complete la formulación del PDF: «porque justo es Jehová, nuestro Dios, en todas sus obras que ha hecho, y nosotros no _____ a su voz.»","[""diferentes"", ""maravillas"", ""obedecimos"", ""angustiosos""]",2,obedecimos,"El PDF emplea la expresión «obedecimos» en este contexto: «ha hecho, y nosotros no obedecimos a su voz».","ha hecho, y nosotros no obedecimos a su voz",DAN9-V14-F04,DAN9-V14-F04-VARIANTS,verified,
DAN9-0015,DANIEL7-12,DAN9,"PDF p.20, Daniel 9:15",multiple_choice,hard,misericordia y Jerusalén,"Según PDF p.20, Daniel 9:15, en el pasaje sobre misericordia y Jerusalén, ¿Qué opción restituye con precisión la relación descrita? Marco: «hoy, hemos pecado, hemos actuado [DETALLE]»","[""hoy, hemos pecado, hemos actuado atentamente"", ""hoy, hemos pecado, hemos actuado eternamente"", ""hoy, hemos pecado, hemos actuado rápidamente"", ""hoy, hemos pecado, hemos actuado impíamente""]",3,"hoy, hemos pecado, hemos actuado impíamente","La opción correcta conserva el detalle «impíamente» tal como aparece en la fuente: «hoy, hemos pecado, hemos actuado impíamente».","hoy, hemos pecado, hemos actuado impíamente",DAN9-V15-F01,DAN9-V15-F01-VARIANTS,verified,
DAN9-0016,DANIEL7-12,DAN9,"PDF p.20, Daniel 9:16",true_false,easy,misericordia y Jerusalén,"Según PDF p.20, Daniel 9:16, en el pasaje sobre misericordia y Jerusalén, determine si el detalle entre corchetes hace verdadera o falsa esta afirmación: «Señor, conforme a todos tus actos de justicia, apártese ahora tu ira y tu furor de sobre tu ciudad ⟦Jerusalén⟧, tu santo monte»","[""Verdadero"", ""Falso""]",0,Verdadero,"La afirmación coincide con el PDF: «furor de sobre tu ciudad Jerusalén, tu santo monte».","furor de sobre tu ciudad Jerusalén, tu santo monte",DAN9-V16-F01,DAN9-V16-F01-VARIANTS,verified,
DAN9-0017,DANIEL7-12,DAN9,"PDF p.20, Daniel 9:17",fill_blank,hard,ruegos y súplica final,"Según PDF p.20, Daniel 9:17, en el pasaje sobre ruegos y súplica final, complete la formulación del PDF: «Ahora pues, Dios nuestro, oye la oración y los ruegos de tu siervo, y haz que tu rostro _____ sobre tu santuario asolado, por amor del Señor.»","[""comprenderla"", ""despreciable"", ""veinticuatro"", ""resplandezca""]",3,resplandezca,"El PDF emplea la expresión «resplandezca» en este contexto: «y haz que tu rostro resplandezca sobre tu santuario asolado, por amor del».","y haz que tu rostro resplandezca sobre tu santuario asolado, por amor del",DAN9-V17-F01,DAN9-V17-F01-VARIANTS,verified,
DAN9-0018,DANIEL7-12,DAN9,"PDF p.20, Daniel 9:18",multiple_choice,medium,ruegos y súplica final,"Según PDF p.20, Daniel 9:18, en el pasaje sobre ruegos y súplica final, ¿Cuál opción conserva el dato exacto de la fuente? Marco: «tus ojos y mira nuestras [DETALLE] y la ciudad sobre la cual es»","[""tus ojos y mira nuestras desolaciones y la ciudad sobre la cual es"", ""tus ojos y mira nuestras mandamientos y la ciudad sobre la cual es"", ""tus ojos y mira nuestras pensamientos y la ciudad sobre la cual es"", ""tus ojos y mira nuestras angustiosos y la ciudad sobre la cual es""]",0,tus ojos y mira nuestras desolaciones y la ciudad sobre la cual es,La opción correcta conserva el detalle «desolaciones» tal como aparece en la fuente: «tus ojos y mira nuestras desolaciones y la ciudad sobre la cual es».,tus ojos y mira nuestras desolaciones y la ciudad sobre la cual es,DAN9-V18-F02,DAN9-V18-F02-VARIANTS,verified,
DAN9-0019,DANIEL7-12,DAN9,"PDF p.20, Daniel 9:19",true_false,medium,ruegos y súplica final,"Según PDF p.20, Daniel 9:19, en el pasaje sobre ruegos y súplica final, determine si el detalle entre corchetes hace verdadera o falsa esta afirmación: «Profecía de las ⟦setenta semanas⟧»","[""Verdadero"", ""Falso""]",0,Verdadero,La afirmación coincide con el PDF: «Profecía de las setenta semanas».,Profecía de las setenta semanas,DAN9-V19-F08,DAN9-V19-F08-VARIANTS,verified,
DAN9-0020,DANIEL7-12,DAN9,"PDF p.20, Daniel 9:1",fill_blank,easy,"Darío, Asuero, Jeremías y setenta años","Según PDF p.20, Daniel 9:1, en el pasaje sobre Darío, Asuero, Jeremías y setenta años, complete la formulación del PDF: «En el primer año de _____ hijo de Asuero, de la nación de los medos, que vino a ser rey sobre el reino de los caldeos,»","[""Darío"", ""Arioc"", ""Pablo"", ""Asuero""]",0,Darío,"El PDF emplea la expresión «Darío» en este contexto: «En el primer año de Darío hijo de Asuero, de la nación de».","En el primer año de Darío hijo de Asuero, de la nación de",DAN9-V1-F02,DAN9-V1-F02-VARIANTS,verified,
DAN9-0021,DANIEL7-12,DAN9,"PDF p.20, Daniel 9:2",multiple_choice,hard,"Darío, Asuero, Jeremías y setenta años","Según PDF p.20, Daniel 9:2, en el pasaje sobre Darío, Asuero, Jeremías y setenta años, ¿Qué opción restituye con precisión la relación descrita? Marco: «su reinado, yo, Daniel, miré [DETALLE] en los libros el número de los»","[""su reinado, yo, Daniel, miré eternamente en los libros el número de los"", ""su reinado, yo, Daniel, miré atentamente en los libros el número de los"", ""su reinado, yo, Daniel, miré rápidamente en los libros el número de los"", ""su reinado, yo, Daniel, miré impíamente en los libros el número de los""]",1,"su reinado, yo, Daniel, miré atentamente en los libros el número de los","La opción correcta conserva el detalle «atentamente» tal como aparece en la fuente: «su reinado, yo, Daniel, miré atentamente en los libros el número de los».","su reinado, yo, Daniel, miré atentamente en los libros el número de los",DAN9-V2-F02,DAN9-V2-F02-VARIANTS,verified,
DAN9-0022,DANIEL7-12,DAN9,"PDF p.20, Daniel 9:3",true_false,hard,preparación y confesión de Daniel,"Según PDF p.20, Daniel 9:3, en el pasaje sobre preparación y confesión de Daniel, determine si el detalle entre corchetes hace verdadera o falsa esta afirmación: «Volví mi ⟦cabrío⟧ a Dios, el Señor, buscándolo en oración y ruego, en ayuno, ropas ásperas y ceniza.»","[""Verdadero"", ""Falso""]",1,Falso,"La afirmación cambia «rostro». La corrección exacta es: «Volví mi rostro a Dios, el Señor, buscándolo en oración y ruego, en ayuno, ropas ásperas y ceniza.»","Volví mi rostro a Dios, el Señor, buscándolo en oración",DAN9-V3-F02,DAN9-V3-F02-VARIANTS,verified,"Volví mi rostro a Dios, el Señor, buscándolo en oración y ruego, en ayuno, ropas ásperas y ceniza."
DAN9-0023,DANIEL7-12,DAN9,"PDF p.20, Daniel 9:4",fill_blank,hard,preparación y confesión de Daniel,"Según PDF p.20, Daniel 9:4, en el pasaje sobre preparación y confesión de Daniel, complete la formulación del PDF: «Oré a Jehová, mi Dios, e hice confesión diciendo: “Ahora, Señor, Dios grande, digno de ser temido, que guardas el pacto y la _____ con los que te aman y guardan tus mandamientos,»","[""consumación"", ""misericordia"", ""muchedumbre"", ""prevaricación""]",1,misericordia,El PDF emplea la expresión «misericordia» en este contexto: «guardas el pacto y la misericordia con los que te aman y guardan».,guardas el pacto y la misericordia con los que te aman y guardan,DAN9-V4-F02,DAN9-V4-F02-VARIANTS,verified,
DAN9-0024,DANIEL7-12,DAN9,"PDF p.20, Daniel 9:5",multiple_choice,hard,"justicia, confusión, ley y maldición","Según PDF p.20, Daniel 9:5, en el pasaje sobre justicia, confusión, ley y maldición, ¿Qué opción restituye con precisión la relación descrita? Marco: «hemos cometido iniquidad, hemos actuado [DETALLE], hemos sido rebeldes y nos hemos apartado»","[""hemos cometido iniquidad, hemos actuado atentamente, hemos sido rebeldes y nos hemos apartado"", ""hemos cometido iniquidad, hemos actuado eternamente, hemos sido rebeldes y nos hemos apartado"", ""hemos cometido iniquidad, hemos actuado impíamente, hemos sido rebeldes y nos hemos apartado"", ""hemos cometido iniquidad, hemos actuado rápidamente, hemos sido rebeldes y nos hemos apartado""]",2,"hemos cometido iniquidad, hemos actuado impíamente, hemos sido rebeldes y nos hemos apartado","La opción correcta conserva el detalle «impíamente» tal como aparece en la fuente: «hemos cometido iniquidad, hemos actuado impíamente, hemos sido rebeldes y nos hemos apartado».","hemos cometido iniquidad, hemos actuado impíamente, hemos sido rebeldes y nos hemos apartado",DAN9-V5-F02,DAN9-V5-F02-VARIANTS,verified,
DAN9-0025,DANIEL7-12,DAN9,"PDF p.20, Daniel 9:6",true_false,hard,"justicia, confusión, ley y maldición","Según PDF p.20, Daniel 9:6, en el pasaje sobre justicia, confusión, ley y maldición, determine si el detalle entre corchetes hace verdadera o falsa esta afirmación: «No hemos obedecido a tus siervos los profetas, que en tu nombre hablaron a nuestros reyes, a nuestros ⟦príncipes⟧, a nuestros padres y a todo el pueblo de la tierra.»","[""Verdadero"", ""Falso""]",0,Verdadero,"La afirmación coincide con el PDF: «a nuestros reyes, a nuestros príncipes, a nuestros padres y a todo el».","a nuestros reyes, a nuestros príncipes, a nuestros padres y a todo el",DAN9-V6-F02,DAN9-V6-F02-VARIANTS,verified,
DAN9-0026,DANIEL7-12,DAN9,"PDF p.20, Daniel 9:7",fill_blank,expert,"justicia, confusión, ley y maldición","Según PDF p.20, Daniel 9:7, en el pasaje sobre justicia, confusión, ley y maldición, complete la formulación del PDF: «Tuya es, Señor, la justicia, y nuestra la confusión de rostro que en el día de hoy lleva todo hombre de Judá, los _____ de Jerusalén y todo Israel, los de cerca y los de lejos, en todas las tierras adonde los has echado a causa de su rebelión con que se rebelaron contra ti.»","[""compañeros"", ""entendidos"", ""habitantes"", ""violadores""]",2,habitantes,"El PDF emplea la expresión «habitantes» en este contexto: «todo hombre de Judá, los habitantes de Jerusalén y todo Israel, los de».","todo hombre de Judá, los habitantes de Jerusalén y todo Israel, los de",DAN9-V7-F02,DAN9-V7-F02-VARIANTS,verified,
DAN9-0027,DANIEL7-12,DAN9,"PDF p.20, Daniel 9:8",multiple_choice,hard,"justicia, confusión, ley y maldición","Según PDF p.20, Daniel 9:8, en el pasaje sobre justicia, confusión, ley y maldición, ¿Qué opción restituye con precisión la relación descrita? Marco: «de nuestros reyes, de nuestros [DETALLE] y de nuestros padres, porque contra ti»","[""de nuestros reyes, de nuestros antorchas y de nuestros padres, porque contra ti"", ""de nuestros reyes, de nuestros convenios y de nuestros padres, porque contra ti"", ""de nuestros reyes, de nuestros ejércitos y de nuestros padres, porque contra ti"", ""de nuestros reyes, de nuestros príncipes y de nuestros padres, porque contra ti""]",3,"de nuestros reyes, de nuestros príncipes y de nuestros padres, porque contra ti","La opción correcta conserva el detalle «príncipes» tal como aparece en la fuente: «de nuestros reyes, de nuestros príncipes y de nuestros padres, porque contra ti».","de nuestros reyes, de nuestros príncipes y de nuestros padres, porque contra ti",DAN9-V8-F02,DAN9-V8-F02-VARIANTS,verified,
DAN9-0028,DANIEL7-12,DAN9,"PDF p.20, Daniel 9:9",true_false,hard,"justicia, confusión, ley y maldición","Según PDF p.20, Daniel 9:9, en el pasaje sobre justicia, confusión, ley y maldición, determine si el detalle entre corchetes hace verdadera o falsa esta afirmación: «De Jehová, nuestro Dios, es el ⟦cielo⟧ misericordia y el perdonar, aunque contra él nos hemos rebelado»","[""Verdadero"", ""Falso""]",1,Falso,"La afirmación cambia «tener». La corrección exacta es: «De Jehová, nuestro Dios, es el tener misericordia y el perdonar, aunque contra él nos hemos rebelado»","Jehová, nuestro Dios, es el tener misericordia y el perdonar, aunque contra él",DAN9-V9-F02,DAN9-V9-F02-VARIANTS,verified,"De Jehová, nuestro Dios, es el tener misericordia y el perdonar, aunque contra él nos hemos rebelado"
DAN9-0029,DANIEL7-12,DAN9,"PDF p.20, Daniel 9:10",fill_blank,hard,"justicia, confusión, ley y maldición","Según PDF p.20, Daniel 9:10, en el pasaje sobre justicia, confusión, ley y maldición, complete la formulación del PDF: «y no obedecimos a la voz de Jehová, nuestro Dios, para _____ en sus leyes, que él puso delante de nosotros por medio de sus siervos los profetas.»","[""hacer"", ""pasar"", ""poder"", ""andar""]",3,andar,"El PDF emplea la expresión «andar» en este contexto: «de Jehová, nuestro Dios, para andar en sus leyes, que él puso delante».","de Jehová, nuestro Dios, para andar en sus leyes, que él puso delante",DAN9-V10-F02,DAN9-V10-F02-VARIANTS,verified,
DAN9-0030,DANIEL7-12,DAN9,"PDF p.20, Daniel 9:11",multiple_choice,hard,"justicia, confusión, ley y maldición","Según PDF p.20, Daniel 9:11, en el pasaje sobre justicia, confusión, ley y maldición, ¿Qué opción restituye con precisión la relación descrita? Marco: «ha caído sobre nosotros la [DETALLE] y el juramento que está escrito en»","[""ha caído sobre nosotros la maldición y el juramento que está escrito en"", ""ha caído sobre nosotros la confesión y el juramento que está escrito en"", ""ha caído sobre nosotros la confusión y el juramento que está escrito en"", ""ha caído sobre nosotros la eternidad y el juramento que está escrito en""]",0,ha caído sobre nosotros la maldición y el juramento que está escrito en,La opción correcta conserva el detalle «maldición» tal como aparece en la fuente: «ha caído sobre nosotros la maldición y el juramento que está escrito en».,ha caído sobre nosotros la maldición y el juramento que está escrito en,DAN9-V11-F05,DAN9-V11-F05-VARIANTS,verified,
DAN9-0031,DANIEL7-12,DAN9,"PDF p.20, Daniel 9:12",true_false,hard,misericordia y Jerusalén,"Según PDF p.20, Daniel 9:12, en el pasaje sobre misericordia y Jerusalén, determine si el detalle entre corchetes hace verdadera o falsa esta afirmación: «pues nunca fue hecho debajo del cielo nada ⟦Aconteció⟧ a lo que se ha hecho contra Jerusalén.»","[""Verdadero"", ""Falso""]",1,Falso,La afirmación cambia «semejante». La corrección exacta es: «pues nunca fue hecho debajo del cielo nada semejante a lo que se ha hecho contra Jerusalén.»,hecho debajo del cielo nada semejante a lo que se ha hecho contra,DAN9-V12-F08,DAN9-V12-F08-VARIANTS,verified,pues nunca fue hecho debajo del cielo nada semejante a lo que se ha hecho contra Jerusalén.
DAN9-0032,DANIEL7-12,DAN9,"PDF p.20, Daniel 9:13",fill_blank,hard,misericordia y Jerusalén,"Según PDF p.20, Daniel 9:13, en el pasaje sobre misericordia y Jerusalén, complete la formulación del PDF: «pero no hemos implorado el favor de Jehová, nuestro Dios, y no nos hemos _____ de nuestras maldades ni entendido tu verdad.»","[""convertido"", ""arrancadas"", ""arrancados"", ""destrozado""]",0,convertido,"El PDF emplea la expresión «convertido» en este contexto: «Dios, y no nos hemos convertido de nuestras maldades ni entendido tu verdad».","Dios, y no nos hemos convertido de nuestras maldades ni entendido tu verdad",DAN9-V13-F06,DAN9-V13-F06-VARIANTS,verified,
DAN9-0033,DANIEL7-12,DAN9,"PDF p.20, Daniel 9:14",multiple_choice,medium,misericordia y Jerusalén,"Según PDF p.20, Daniel 9:14, en el pasaje sobre misericordia y Jerusalén, ¿Cuál opción conserva el dato exacto de la fuente? Marco: «sobre el mal y lo [DETALLE] sobre nosotros»","[""sobre el mal y lo hirió sobre nosotros"", ""sobre el mal y lo trajo sobre nosotros"", ""sobre el mal y lo salió sobre nosotros"", ""sobre el mal y lo turbó sobre nosotros""]",1,sobre el mal y lo trajo sobre nosotros,La opción correcta conserva el detalle «trajo» tal como aparece en la fuente: «sobre el mal y lo trajo sobre nosotros».,sobre el mal y lo trajo sobre nosotros,DAN9-V14-F01,DAN9-V14-F01-VARIANTS,verified,
DAN9-0034,DANIEL7-12,DAN9,"PDF p.20, Daniel 9:15",true_false,hard,misericordia y Jerusalén,"Según PDF p.20, Daniel 9:15, en el pasaje sobre misericordia y Jerusalén, determine si el detalle entre corchetes hace verdadera o falsa esta afirmación: «”Ahora pues, Señor, Dios nuestro, que ⟦sacaste⟧ a tu pueblo de la tierra de Egipto con mano poderosa y te hiciste renombre cual lo tienes hoy, hemos pecado, hemos actuado impíamente.»","[""Verdadero"", ""Falso""]",0,Verdadero,"La afirmación coincide con el PDF: «pues, Señor, Dios nuestro, que sacaste a tu pueblo de la tierra de».","pues, Señor, Dios nuestro, que sacaste a tu pueblo de la tierra de",DAN9-V15-F02,DAN9-V15-F02-VARIANTS,verified,
DAN9-0035,DANIEL7-12,DAN9,"PDF p.20, Daniel 9:16",fill_blank,easy,misericordia y Jerusalén,"Según PDF p.20, Daniel 9:16, en el pasaje sobre misericordia y Jerusalén, complete la formulación del PDF: «porque a causa de nuestros pecados y por la maldad de nuestros padres, _____ y tu pueblo son el oprobio de todos los que nos rodean.»","[""Babilonia"", ""Jerusalén"", ""Jerusalem"", ""Atenas""]",1,Jerusalén,"El PDF emplea la expresión «Jerusalén» en este contexto: «la maldad de nuestros padres, Jerusalén y tu pueblo son el oprobio de».","la maldad de nuestros padres, Jerusalén y tu pueblo son el oprobio de",DAN9-V16-F11,DAN9-V16-F11-VARIANTS,verified,
DAN9-0036,DANIEL7-12,DAN9,"PDF p.20, Daniel 9:17",multiple_choice,hard,ruegos y súplica final,"Según PDF p.20, Daniel 9:17, en el pasaje sobre ruegos y súplica final, ¿Qué opción restituye con precisión la relación descrita? Marco: «tu rostro resplandezca sobre tu [DETALLE] asolado, por amor del Señor»","[""tu rostro resplandezca sobre tu Aconteció asolado, por amor del Señor"", ""tu rostro resplandezca sobre tu asoladora asolado, por amor del Señor"", ""tu rostro resplandezca sobre tu santuario asolado, por amor del Señor"", ""tu rostro resplandezca sobre tu diferente asolado, por amor del Señor""]",2,"tu rostro resplandezca sobre tu santuario asolado, por amor del Señor","La opción correcta conserva el detalle «santuario» tal como aparece en la fuente: «tu rostro resplandezca sobre tu santuario asolado, por amor del Señor».","tu rostro resplandezca sobre tu santuario asolado, por amor del Señor",DAN9-V17-F02,DAN9-V17-F02-VARIANTS,verified,
DAN9-0037,DANIEL7-12,DAN9,"PDF p.20, Daniel 9:18",true_false,medium,ruegos y súplica final,"Según PDF p.20, Daniel 9:18, en el pasaje sobre ruegos y súplica final, determine si el detalle entre corchetes hace verdadera o falsa esta afirmación: «porque no elevamos nuestros ruegos ante ti ⟦confiados⟧ en nuestras justicias, sino en tus muchas misericordias.»","[""Verdadero"", ""Falso""]",0,Verdadero,"La afirmación coincide con el PDF: «elevamos nuestros ruegos ante ti confiados en nuestras justicias, sino en tus muchas».","elevamos nuestros ruegos ante ti confiados en nuestras justicias, sino en tus muchas",DAN9-V18-F06,DAN9-V18-F06-VARIANTS,verified,
DAN9-0038,DANIEL7-12,DAN9,"PDF p.20, Daniel 9:19",fill_blank,easy,ruegos y súplica final,"Según PDF p.20, Daniel 9:19, en el pasaje sobre ruegos y súplica final, complete la formulación del PDF: «¡Presta oído, Señor, y _____!»","[""ahora"", ""causa"", ""hazlo"", ""cerca""]",2,hazlo,"El PDF emplea la expresión «hazlo» en este contexto: «Presta oído, Señor, y hazlo».","Presta oído, Señor, y hazlo",DAN9-V19-F01,DAN9-V19-F01-VARIANTS,verified,
DAN9-0039,DANIEL7-12,DAN9,"PDF p.20, Daniel 9:1",multiple_choice,easy,"Darío, Asuero, Jeremías y setenta años","Según PDF p.20, Daniel 9:1, en el pasaje sobre Darío, Asuero, Jeremías y setenta años, ¿Qué expresión completa correctamente el detalle señalado? Marco: «año de Darío hijo de [DETALLE], de la nación de los medos, que»","[""año de Darío hijo de Daniel, de la nación de los medos, que"", ""año de Darío hijo de Melsar, de la nación de los medos, que"", ""año de Darío hijo de Mesach, de la nación de los medos, que"", ""año de Darío hijo de Asuero, de la nación de los medos, que""]",3,"año de Darío hijo de Asuero, de la nación de los medos, que","La opción correcta conserva el detalle «Asuero» tal como aparece en la fuente: «año de Darío hijo de Asuero, de la nación de los medos, que».","año de Darío hijo de Asuero, de la nación de los medos, que",DAN9-V1-F03,DAN9-V1-F03-VARIANTS,verified,
DAN9-0040,DANIEL7-12,DAN9,"PDF p.20, Daniel 9:2",true_false,expert,"Darío, Asuero, Jeremías y setenta años","Según PDF p.20, Daniel 9:2, en el pasaje sobre Darío, Asuero, Jeremías y setenta años, determine si el detalle entre corchetes hace verdadera o falsa esta afirmación: «en el primer año de su reinado, yo, Daniel, miré atentamente en los libros el número de los años de que habló Jehová al profeta Jeremías, en los que habían de ⟦acercarse⟧ las desolaciones de Jerusalén: setenta años.»","[""Verdadero"", ""Falso""]",1,Falso,"La afirmación cambia «cumplirse». La corrección exacta es: «en el primer año de su reinado, yo, Daniel, miré atentamente en los libros el número de los años de que habló Jehová al profeta Jeremías, en los que habían de cumplirse las desolaciones de Jerusalén: setenta años.»",en los que habían de cumplirse las desolaciones de Jerusalén: setenta años,DAN9-V2-F03,DAN9-V2-F03-VARIANTS,verified,"en el primer año de su reinado, yo, Daniel, miré atentamente en los libros el número de los años de que habló Jehová al profeta Jeremías, en los que habían de cumplirse las desolaciones de Jerusalén: setenta años."
DAN9-0041,DANIEL7-12,DAN9,"PDF p.20, Daniel 9:3",fill_blank,medium,preparación y confesión de Daniel,"Según PDF p.20, Daniel 9:3, en el pasaje sobre preparación y confesión de Daniel, complete la formulación del PDF: «Volví mi rostro a Dios, el Señor, buscándolo en _____ y ruego, en ayuno, ropas ásperas y ceniza.»","[""capital"", ""heredad"", ""segunda"", ""oración""]",3,oración,"El PDF emplea la expresión «oración» en este contexto: «Dios, el Señor, buscándolo en oración y ruego, en ayuno, ropas ásperas y».","Dios, el Señor, buscándolo en oración y ruego, en ayuno, ropas ásperas y",DAN9-V3-F03,DAN9-V3-F03-VARIANTS,verified,
DAN9-0042,DANIEL7-12,DAN9,"PDF p.20, Daniel 9:4",multiple_choice,hard,preparación y confesión de Daniel,"Según PDF p.20, Daniel 9:4, en el pasaje sobre preparación y confesión de Daniel, ¿Qué opción restituye con precisión la relación descrita? Marco: «te aman y guardan tus [DETALLE]»","[""te aman y guardan tus mandamientos"", ""te aman y guardan tus desolaciones"", ""te aman y guardan tus pensamientos"", ""te aman y guardan tus angustiosos""]",0,te aman y guardan tus mandamientos,La opción correcta conserva el detalle «mandamientos» tal como aparece en la fuente: «te aman y guardan tus mandamientos».,te aman y guardan tus mandamientos,DAN9-V4-F03,DAN9-V4-F03-VARIANTS,verified,
DAN9-0043,DANIEL7-12,DAN9,"PDF p.20, Daniel 9:5",true_false,medium,"justicia, confusión, ley y maldición","Según PDF p.20, Daniel 9:5, en el pasaje sobre justicia, confusión, ley y maldición, determine si el detalle entre corchetes hace verdadera o falsa esta afirmación: «hemos pecado, hemos cometido iniquidad, hemos actuado impíamente, hemos sido rebeldes y nos hemos apartado de tus ⟦mandamientos⟧ y de tus ordenanzas.»","[""Verdadero"", ""Falso""]",0,Verdadero,La afirmación coincide con el PDF: «nos hemos apartado de tus mandamientos y de tus ordenanzas».,nos hemos apartado de tus mandamientos y de tus ordenanzas,DAN9-V5-F03,DAN9-V5-F03-VARIANTS,verified,
DAN9-0044,DANIEL7-12,DAN9,"PDF p.20, Daniel 9:6",fill_blank,hard,"justicia, confusión, ley y maldición","Según PDF p.20, Daniel 9:6, en el pasaje sobre justicia, confusión, ley y maldición, complete la formulación del PDF: «No hemos obedecido a tus _____ los profetas, que en tu nombre hablaron a nuestros reyes, a nuestros príncipes, a nuestros padres y a todo el pueblo de la tierra.»","[""siervos"", ""después"", ""grandes"", ""mañanas""]",0,siervos,"El PDF emplea la expresión «siervos» en este contexto: «No hemos obedecido a tus siervos los profetas, que en tu nombre hablaron».","No hemos obedecido a tus siervos los profetas, que en tu nombre hablaron",DAN9-V6-F03,DAN9-V6-F03-VARIANTS,verified,
DAN9-0045,DANIEL7-12,DAN9,"PDF p.20, Daniel 9:7",multiple_choice,medium,"justicia, confusión, ley y maldición","Según PDF p.20, Daniel 9:7, en el pasaje sobre justicia, confusión, ley y maldición, ¿Cuál opción conserva el dato exacto de la fuente? Marco: «de Judá, los habitantes de [DETALLE] y todo Israel, los de cerca y»","[""de Judá, los habitantes de Babilonia y todo Israel, los de cerca y"", ""de Judá, los habitantes de Jerusalén y todo Israel, los de cerca y"", ""de Judá, los habitantes de Jerusalem y todo Israel, los de cerca y"", ""de Judá, los habitantes de Atenas y todo Israel, los de cerca y""]",1,"de Judá, los habitantes de Jerusalén y todo Israel, los de cerca y","La opción correcta conserva el detalle «Jerusalén» tal como aparece en la fuente: «de Judá, los habitantes de Jerusalén y todo Israel, los de cerca y».","de Judá, los habitantes de Jerusalén y todo Israel, los de cerca y",DAN9-V7-F03,DAN9-V7-F03-VARIANTS,verified,
DAN9-0046,DANIEL7-12,DAN9,"PDF p.20, Daniel 9:8",true_false,hard,"justicia, confusión, ley y maldición","Según PDF p.20, Daniel 9:8, en el pasaje sobre justicia, confusión, ley y maldición, determine si el detalle entre corchetes hace verdadera o falsa esta afirmación: «Nuestra es, Jehová, la confusión de ⟦cabrío⟧, y de nuestros reyes, de nuestros príncipes y de nuestros padres, porque contra ti pecamos.»","[""Verdadero"", ""Falso""]",1,Falso,"La afirmación cambia «rostro». La corrección exacta es: «Nuestra es, Jehová, la confusión de rostro, y de nuestros reyes, de nuestros príncipes y de nuestros padres, porque contra ti pecamos.»","es, Jehová, la confusión de rostro, y de nuestros reyes, de nuestros príncipes",DAN9-V8-F03,DAN9-V8-F03-VARIANTS,verified,"Nuestra es, Jehová, la confusión de rostro, y de nuestros reyes, de nuestros príncipes y de nuestros padres, porque contra ti pecamos."
DAN9-0047,DANIEL7-12,DAN9,"PDF p.20, Daniel 9:9",fill_blank,medium,"justicia, confusión, ley y maldición","Según PDF p.20, Daniel 9:9, en el pasaje sobre justicia, confusión, ley y maldición, complete la formulación del PDF: «De Jehová, nuestro Dios, es el tener misericordia y el _____, aunque contra él nos hemos rebelado»","[""ejército"", ""perdonar"", ""espíritu"", ""leopardo""]",1,perdonar,"El PDF emplea la expresión «perdonar» en este contexto: «el tener misericordia y el perdonar, aunque contra él nos hemos rebelado».","el tener misericordia y el perdonar, aunque contra él nos hemos rebelado",DAN9-V9-F03,DAN9-V9-F03-VARIANTS,verified,
DAN9-0048,DANIEL7-12,DAN9,"PDF p.20, Daniel 9:10",multiple_choice,hard,"justicia, confusión, ley y maldición","Según PDF p.20, Daniel 9:10, en el pasaje sobre justicia, confusión, ley y maldición, ¿Qué opción restituye con precisión la relación descrita? Marco: «Dios, para andar en sus [DETALLE], que él puso delante de nosotros por»","[""Dios, para andar en sus padres, que él puso delante de nosotros por"", ""Dios, para andar en sus santos, que él puso delante de nosotros por"", ""Dios, para andar en sus leyes, que él puso delante de nosotros por"", ""Dios, para andar en sus cuernos, que él puso delante de nosotros por""]",2,"Dios, para andar en sus leyes, que él puso delante de nosotros por","La opción correcta conserva el detalle «leyes» tal como aparece en la fuente: «Dios, para andar en sus leyes, que él puso delante de nosotros por».","Dios, para andar en sus leyes, que él puso delante de nosotros por",DAN9-V10-F03,DAN9-V10-F03-VARIANTS,verified,
DAN9-0049,DANIEL7-12,DAN9,"PDF p.20, Daniel 9:11",true_false,hard,"justicia, confusión, ley y maldición","Según PDF p.20, Daniel 9:11, en el pasaje sobre justicia, confusión, ley y maldición, determine si el detalle entre corchetes hace verdadera o falsa esta afirmación: «Por lo cual ha caído sobre nosotros la maldición y el ⟦juramento⟧ que está escrito en la ley de Moisés, siervo de Dios, porque contra Dios pecamos.»","[""Verdadero"", ""Falso""]",0,Verdadero,La afirmación coincide con el PDF: «nosotros la maldición y el juramento que está escrito en la ley de».,nosotros la maldición y el juramento que está escrito en la ley de,DAN9-V11-F06,DAN9-V11-F06-VARIANTS,verified,
DAN9-0050,DANIEL7-12,DAN9,"PDF p.20, Daniel 9:12",fill_blank,easy,misericordia y Jerusalén,"Según PDF p.20, Daniel 9:12, en el pasaje sobre misericordia y Jerusalén, complete la formulación del PDF: «pues nunca fue hecho debajo del cielo nada semejante a lo que se ha hecho contra _____.»","[""Babilonia"", ""Jerusalem"", ""Jerusalén"", ""Atenas""]",2,Jerusalén,El PDF emplea la expresión «Jerusalén» en este contexto: «que se ha hecho contra Jerusalén».,que se ha hecho contra Jerusalén,DAN9-V12-F09,DAN9-V12-F09-VARIANTS,verified,
DAN9-0051,DANIEL7-12,DAN9,"PDF p.20, Daniel 9:13",multiple_choice,hard,misericordia y Jerusalén,"Según PDF p.20, Daniel 9:13, en el pasaje sobre misericordia y Jerusalén, ¿Qué opción restituye con precisión la relación descrita? Marco: «convertido de nuestras maldades ni [DETALLE] tu verdad»","[""convertido de nuestras maldades ni arruinado tu verdad"", ""convertido de nuestras maldades ni confiados tu verdad"", ""convertido de nuestras maldades ni consumida tu verdad"", ""convertido de nuestras maldades ni entendido tu verdad""]",3,convertido de nuestras maldades ni entendido tu verdad,La opción correcta conserva el detalle «entendido» tal como aparece en la fuente: «convertido de nuestras maldades ni entendido tu verdad».,convertido de nuestras maldades ni entendido tu verdad,DAN9-V13-F07,DAN9-V13-F07-VARIANTS,verified,
DAN9-0052,DANIEL7-12,DAN9,"PDF p.20, Daniel 9:14",true_false,easy,misericordia y Jerusalén,"Según PDF p.20, Daniel 9:14, en el pasaje sobre misericordia y Jerusalén, determine si el detalle entre corchetes hace verdadera o falsa esta afirmación: «Por tanto, Jehová veló sobre el mal y lo trajo sobre ⟦nosotros⟧»","[""Verdadero"", ""Falso""]",0,Verdadero,La afirmación coincide con el PDF: «mal y lo trajo sobre nosotros».,mal y lo trajo sobre nosotros,DAN9-V14-F02,DAN9-V14-F02-VARIANTS,verified,
DAN9-0053,DANIEL7-12,DAN9,"PDF p.20, Daniel 9:15",fill_blank,hard,misericordia y Jerusalén,"Según PDF p.20, Daniel 9:15, en el pasaje sobre misericordia y Jerusalén, complete la formulación del PDF: «”Ahora pues, Señor, Dios nuestro, que sacaste a tu pueblo de la _____ de Egipto con mano poderosa y te hiciste renombre cual lo tienes hoy, hemos pecado, hemos actuado impíamente.»","[""cuarta"", ""nación"", ""ribera"", ""tierra""]",3,tierra,El PDF emplea la expresión «tierra» en este contexto: «a tu pueblo de la tierra de Egipto con mano poderosa y te».,a tu pueblo de la tierra de Egipto con mano poderosa y te,DAN9-V15-F03,DAN9-V15-F03-VARIANTS,verified,
DAN9-0054,DANIEL7-12,DAN9,"PDF p.20, Daniel 9:16",multiple_choice,medium,misericordia y Jerusalén,"Según PDF p.20, Daniel 9:16, en el pasaje sobre misericordia y Jerusalén, ¿Cuál opción conserva el dato exacto de la fuente? Marco: «Señor, conforme a todos tus [DETALLE] de justicia, apártese ahora tu ira y»","[""Señor, conforme a todos tus actos de justicia, apártese ahora tu ira y"", ""Señor, conforme a todos tus cosas de justicia, apártese ahora tu ira y"", ""Señor, conforme a todos tus otros de justicia, apártese ahora tu ira y"", ""Señor, conforme a todos tus reyes de justicia, apártese ahora tu ira y""]",0,"Señor, conforme a todos tus actos de justicia, apártese ahora tu ira y","La opción correcta conserva el detalle «actos» tal como aparece en la fuente: «Señor, conforme a todos tus actos de justicia, apártese ahora tu ira y».","Señor, conforme a todos tus actos de justicia, apártese ahora tu ira y",DAN9-V16-F02,DAN9-V16-F02-VARIANTS,verified,
DAN9-0055,DANIEL7-12,DAN9,"PDF p.20, Daniel 9:17",true_false,medium,ruegos y súplica final,"Según PDF p.20, Daniel 9:17, en el pasaje sobre ruegos y súplica final, determine si el detalle entre corchetes hace verdadera o falsa esta afirmación: «Ahora pues, Dios nuestro, oye la ⟦oración⟧ y los ruegos de tu siervo, y haz que tu rostro resplandezca sobre tu santuario asolado, por amor del Señor.»","[""Verdadero"", ""Falso""]",0,Verdadero,"La afirmación coincide con el PDF: «pues, Dios nuestro, oye la oración y los ruegos de tu siervo, y».","pues, Dios nuestro, oye la oración y los ruegos de tu siervo, y",DAN9-V17-F03,DAN9-V17-F03-VARIANTS,verified,
DAN9-0056,DANIEL7-12,DAN9,"PDF p.20, Daniel 9:18",fill_blank,medium,ruegos y súplica final,"Según PDF p.20, Daniel 9:18, en el pasaje sobre ruegos y súplica final, complete la formulación del PDF: «porque no elevamos nuestros ruegos ante ti confiados en nuestras _____, sino en tus muchas misericordias.»","[""justicias"", ""combatían"", ""derramaba"", ""pisoteaba""]",0,justicias,"El PDF emplea la expresión «justicias» en este contexto: «ante ti confiados en nuestras justicias, sino en tus muchas misericordias».","ante ti confiados en nuestras justicias, sino en tus muchas misericordias",DAN9-V18-F07,DAN9-V18-F07-VARIANTS,verified,
DAN9-0057,DANIEL7-12,DAN9,"PDF p.20, Daniel 9:19",multiple_choice,medium,ruegos y súplica final,"Según PDF p.20, Daniel 9:19, en el pasaje sobre ruegos y súplica final, ¿Cuál opción conserva el dato exacto de la fuente? Marco: «tardes, por amor de ti [DETALLE], Dios mío, porque tu nombre es invocado»","[""tardes, por amor de ti cielo, Dios mío, porque tu nombre es invocado"", ""tardes, por amor de ti mismo, Dios mío, porque tu nombre es invocado"", ""tardes, por amor de ti libro, Dios mío, porque tu nombre es invocado"", ""tardes, por amor de ti lugar, Dios mío, porque tu nombre es invocado""]",1,"tardes, por amor de ti mismo, Dios mío, porque tu nombre es invocado","La opción correcta conserva el detalle «mismo» tal como aparece en la fuente: «tardes, por amor de ti mismo, Dios mío, porque tu nombre es invocado».","tardes, por amor de ti mismo, Dios mío, porque tu nombre es invocado",DAN9-V19-F03,DAN9-V19-F03-VARIANTS,verified,
DAN9-0058,DANIEL7-12,DAN9,"PDF p.20, Daniel 9:1",true_false,medium,"Darío, Asuero, Jeremías y setenta años","Según PDF p.20, Daniel 9:1, en el pasaje sobre Darío, Asuero, Jeremías y setenta años, determine si el detalle entre corchetes hace verdadera o falsa esta afirmación: «En el primer año de Darío hijo de Asuero, de la ⟦nación⟧ de los medos, que vino a ser rey sobre el reino de los caldeos,»","[""Verdadero"", ""Falso""]",0,Verdadero,"La afirmación coincide con el PDF: «hijo de Asuero, de la nación de los medos, que vino a ser».","hijo de Asuero, de la nación de los medos, que vino a ser",DAN9-V1-F04,DAN9-V1-F04-VARIANTS,verified,
DAN9-0059,DANIEL7-12,DAN9,"PDF p.20, Daniel 9:1",fill_blank,medium,"Darío, Asuero, Jeremías y setenta años","Según PDF p.20, Daniel 9:1, en el pasaje sobre Darío, Asuero, Jeremías y setenta años, complete la formulación del PDF: «En el _____ año de Darío hijo de Asuero, de la nación de los medos, que vino a ser rey sobre el reino de los caldeos,»","[""cuarto"", ""primer"", ""hombre"", ""rostro""]",1,primer,"El PDF emplea la expresión «primer» en este contexto: «En el primer año de Darío hijo de Asuero, de».","En el primer año de Darío hijo de Asuero, de",DAN9-V1-F01,DAN9-V1-F01-VARIANTS,verified,
DAN9-0060,DANIEL7-12,DAN9,"PDF p.20, Daniel 9:2",multiple_choice,expert,"Darío, Asuero, Jeremías y setenta años","Según PDF p.20, Daniel 9:2, en el pasaje sobre Darío, Asuero, Jeremías y setenta años, ¿Cuál opción mantiene sin alterar el detalle y el orden de la fuente? Marco: «cumplirse las desolaciones de Jerusalén: [DETALLE]»","[""cumplirse las desolaciones de Jerusalén: diez cuernos"", ""cumplirse las desolaciones de Jerusalén: tres semanas"", ""cumplirse las desolaciones de Jerusalén: setenta años"", ""cumplirse las desolaciones de Jerusalén: cuatro reinos""]",2,cumplirse las desolaciones de Jerusalén: setenta años,La opción correcta conserva el detalle «setenta años» tal como aparece en la fuente: «cumplirse las desolaciones de Jerusalén: setenta años».,cumplirse las desolaciones de Jerusalén: setenta años,DAN9-V2-F01,DAN9-V2-F01-VARIANTS,verified,
DAN9-0061,DANIEL7-12,DAN9,"PDF p.20, Daniel 9:3",true_false,medium,preparación y confesión de Daniel,"Según PDF p.20, Daniel 9:3, en el pasaje sobre preparación y confesión de Daniel, determine si el detalle entre corchetes hace verdadera o falsa esta afirmación: «Volví mi rostro a Dios, el Señor, ⟦buscándolo⟧ en oración y ruego, en ayuno, ropas ásperas y ceniza.»","[""Verdadero"", ""Falso""]",0,Verdadero,"La afirmación coincide con el PDF: «rostro a Dios, el Señor, buscándolo en oración y ruego, en ayuno, ropas».","rostro a Dios, el Señor, buscándolo en oración y ruego, en ayuno, ropas",DAN9-V3-F01,DAN9-V3-F01-VARIANTS,verified,
DAN9-0062,DANIEL7-12,DAN9,"PDF p.20, Daniel 9:4",multiple_choice,hard,preparación y confesión de Daniel,"Según PDF p.20, Daniel 9:4, en el pasaje sobre preparación y confesión de Daniel, ¿Qué opción restituye con precisión la relación descrita? Marco: «Jehová, mi Dios, e hice [DETALLE] diciendo: “Ahora, Señor, Dios grande, digno de»","[""Jehová, mi Dios, e hice confusión diciendo: “Ahora, Señor, Dios grande, digno de"", ""Jehová, mi Dios, e hice eternidad diciendo: “Ahora, Señor, Dios grande, digno de"", ""Jehová, mi Dios, e hice fortaleza diciendo: “Ahora, Señor, Dios grande, digno de"", ""Jehová, mi Dios, e hice confesión diciendo: “Ahora, Señor, Dios grande, digno de""]",3,"Jehová, mi Dios, e hice confesión diciendo: “Ahora, Señor, Dios grande, digno de","La opción correcta conserva el detalle «confesión» tal como aparece en la fuente: «Jehová, mi Dios, e hice confesión diciendo: “Ahora, Señor, Dios grande, digno de».","Jehová, mi Dios, e hice confesión diciendo: “Ahora, Señor, Dios grande, digno de",DAN9-V4-F01,DAN9-V4-F01-VARIANTS,verified,
DAN9-0063,DANIEL7-12,DAN9,"PDF p.20, Daniel 9:5",fill_blank,medium,"justicia, confusión, ley y maldición","Según PDF p.20, Daniel 9:5, en el pasaje sobre justicia, confusión, ley y maldición, complete la formulación del PDF: «hemos pecado, hemos cometido _____, hemos actuado impíamente, hemos sido rebeldes y nos hemos apartado de tus mandamientos y de tus ordenanzas.»","[""confesión"", ""confusión"", ""iniquidad"", ""eternidad""]",2,iniquidad,"El PDF emplea la expresión «iniquidad» en este contexto: «hemos pecado, hemos cometido iniquidad, hemos actuado impíamente, hemos sido rebeldes y».","hemos pecado, hemos cometido iniquidad, hemos actuado impíamente, hemos sido rebeldes y",DAN9-V5-F01,DAN9-V5-F01-VARIANTS,verified,
DAN9-0064,DANIEL7-12,DAN9,"PDF p.20, Daniel 9:6",true_false,hard,"justicia, confusión, ley y maldición","Según PDF p.20, Daniel 9:6, en el pasaje sobre justicia, confusión, ley y maldición, determine si el detalle entre corchetes hace verdadera o falsa esta afirmación: «No hemos ⟦obedecido⟧ a tus siervos los profetas, que en tu nombre hablaron a nuestros reyes, a nuestros príncipes, a nuestros padres y a todo el pueblo de la tierra.»","[""Verdadero"", ""Falso""]",0,Verdadero,"La afirmación coincide con el PDF: «No hemos obedecido a tus siervos los profetas, que en».","No hemos obedecido a tus siervos los profetas, que en",DAN9-V6-F01,DAN9-V6-F01-VARIANTS,verified,
DAN9-0065,DANIEL7-12,DAN9,"PDF p.20, Daniel 9:7",fill_blank,expert,"justicia, confusión, ley y maldición","Según PDF p.20, Daniel 9:7, en el pasaje sobre justicia, confusión, ley y maldición, complete la formulación del PDF: «Tuya es, Señor, la justicia, y nuestra la _____ de rostro que en el día de hoy lleva todo hombre de Judá, los habitantes de Jerusalén y todo Israel, los de cerca y los de lejos, en todas las tierras adonde los has echado a causa de su rebelión con que se rebelaron contra ti.»","[""confesión"", ""eternidad"", ""fortaleza"", ""confusión""]",3,confusión,"El PDF emplea la expresión «confusión» en este contexto: «la justicia, y nuestra la confusión de rostro que en el día de».","la justicia, y nuestra la confusión de rostro que en el día de",DAN9-V7-F01,DAN9-V7-F01-VARIANTS,verified,
DAN9-0066,DANIEL7-12,DAN9,"PDF p.20, Daniel 9:8",multiple_choice,hard,"justicia, confusión, ley y maldición","Según PDF p.20, Daniel 9:8, en el pasaje sobre justicia, confusión, ley y maldición, ¿Qué opción restituye con precisión la relación descrita? Marco: «Nuestra es, Jehová, la [DETALLE] de rostro, y de nuestros reyes, de»","[""Nuestra es, Jehová, la confusión de rostro, y de nuestros reyes, de"", ""Nuestra es, Jehová, la confesión de rostro, y de nuestros reyes, de"", ""Nuestra es, Jehová, la eternidad de rostro, y de nuestros reyes, de"", ""Nuestra es, Jehová, la fortaleza de rostro, y de nuestros reyes, de""]",0,"Nuestra es, Jehová, la confusión de rostro, y de nuestros reyes, de","La opción correcta conserva el detalle «confusión» tal como aparece en la fuente: «Nuestra es, Jehová, la confusión de rostro, y de nuestros reyes, de».","Nuestra es, Jehová, la confusión de rostro, y de nuestros reyes, de",DAN9-V8-F01,DAN9-V8-F01-VARIANTS,verified,
DAN9-0067,DANIEL7-12,DAN9,"PDF p.20, Daniel 9:9",true_false,hard,"justicia, confusión, ley y maldición","Según PDF p.20, Daniel 9:9, en el pasaje sobre justicia, confusión, ley y maldición, determine si el detalle entre corchetes hace verdadera o falsa esta afirmación: «De Jehová, nuestro Dios, es el tener ⟦consideraba⟧ y el perdonar, aunque contra él nos hemos rebelado»","[""Verdadero"", ""Falso""]",1,Falso,"La afirmación cambia «misericordia». La corrección exacta es: «De Jehová, nuestro Dios, es el tener misericordia y el perdonar, aunque contra él nos hemos rebelado»","nuestro Dios, es el tener misericordia y el perdonar, aunque contra él nos",DAN9-V9-F01,DAN9-V9-F01-VARIANTS,verified,"De Jehová, nuestro Dios, es el tener misericordia y el perdonar, aunque contra él nos hemos rebelado"
DAN9-0068,DANIEL7-12,DAN9,"PDF p.20, Daniel 9:10",fill_blank,hard,"justicia, confusión, ley y maldición","Según PDF p.20, Daniel 9:10, en el pasaje sobre justicia, confusión, ley y maldición, complete la formulación del PDF: «y no _____ a la voz de Jehová, nuestro Dios, para andar en sus leyes, que él puso delante de nosotros por medio de sus siervos los profetas.»","[""obedecimos"", ""diferentes"", ""maravillas"", ""angustiosos""]",0,obedecimos,"El PDF emplea la expresión «obedecimos» en este contexto: «y no obedecimos a la voz de Jehová, nuestro Dios».","y no obedecimos a la voz de Jehová, nuestro Dios",DAN9-V10-F01,DAN9-V10-F01-VARIANTS,verified,
DAN9-0069,DANIEL7-12,DAN9,"PDF p.20, Daniel 9:11",multiple_choice,medium,"justicia, confusión, ley y maldición","Según PDF p.20, Daniel 9:11, en el pasaje sobre justicia, confusión, ley y maldición, ¿Cuál opción conserva el dato exacto de la fuente? Marco: «Todo Israel traspasó tu Ley, [DETALLE] para no obedecer a tu voz»","[""Todo Israel traspasó tu Ley, enseñártela para no obedecer a tu voz"", ""Todo Israel traspasó tu Ley, apartándose para no obedecer a tu voz"", ""Todo Israel traspasó tu Ley, buscándolo para no obedecer a tu voz"", ""Todo Israel traspasó tu Ley, comprenderla para no obedecer a tu voz""]",1,"Todo Israel traspasó tu Ley, apartándose para no obedecer a tu voz","La opción correcta conserva el detalle «apartándose» tal como aparece en la fuente: «Todo Israel traspasó tu Ley, apartándose para no obedecer a tu voz».","Todo Israel traspasó tu Ley, apartándose para no obedecer a tu voz",DAN9-V11-F01,DAN9-V11-F01-VARIANTS,verified,
DAN9-0070,DANIEL7-12,DAN9,"PDF p.20, Daniel 9:12",true_false,hard,misericordia y Jerusalén,"Según PDF p.20, Daniel 9:12, en el pasaje sobre misericordia y Jerusalén, determine si el detalle entre corchetes hace verdadera o falsa esta afirmación: «Y él ha cumplido la palabra que habló contra nosotros y contra nuestros jefes que nos ⟦gobernaron⟧, trayendo sobre nosotros tan gran mal»","[""Verdadero"", ""Falso""]",0,Verdadero,"La afirmación coincide con el PDF: «contra nuestros jefes que nos gobernaron, trayendo sobre nosotros tan gran mal».","contra nuestros jefes que nos gobernaron, trayendo sobre nosotros tan gran mal",DAN9-V12-F01,DAN9-V12-F01-VARIANTS,verified,
DAN9-0071,DANIEL7-12,DAN9,"PDF p.20, Daniel 9:13",fill_blank,hard,misericordia y Jerusalén,"Según PDF p.20, Daniel 9:13, en el pasaje sobre misericordia y Jerusalén, complete la formulación del PDF: «pero no hemos _____ el favor de Jehová, nuestro Dios, y no nos hemos convertido de nuestras maldades ni entendido tu verdad.»","[""arruinado"", ""implorado"", ""confiados"", ""consumida""]",1,implorado,"El PDF emplea la expresión «implorado» en este contexto: «pero no hemos implorado el favor de Jehová, nuestro Dios, y».","pero no hemos implorado el favor de Jehová, nuestro Dios, y",DAN9-V13-F05,DAN9-V13-F05-VARIANTS,verified,
DAN9-0072,DANIEL7-12,DAN9,"PDF p.20, Daniel 9:14",multiple_choice,hard,misericordia y Jerusalén,"Según PDF p.20, Daniel 9:14, en el pasaje sobre misericordia y Jerusalén, ¿Qué opción restituye con precisión la relación descrita? Marco: «ha hecho, y nosotros no [DETALLE] a su voz»","[""ha hecho, y nosotros no diferentes a su voz"", ""ha hecho, y nosotros no maravillas a su voz"", ""ha hecho, y nosotros no obedecimos a su voz"", ""ha hecho, y nosotros no angustiosos a su voz""]",2,"ha hecho, y nosotros no obedecimos a su voz","La opción correcta conserva el detalle «obedecimos» tal como aparece en la fuente: «ha hecho, y nosotros no obedecimos a su voz».","ha hecho, y nosotros no obedecimos a su voz",DAN9-V14-F04,DAN9-V14-F04-VARIANTS,verified,
DAN9-0073,DANIEL7-12,DAN9,"PDF p.20, Daniel 9:15",true_false,hard,misericordia y Jerusalén,"Según PDF p.20, Daniel 9:15, en el pasaje sobre misericordia y Jerusalén, determine si el detalle entre corchetes hace verdadera o falsa esta afirmación: «”Ahora pues, Señor, Dios nuestro, que sacaste a tu pueblo de la tierra de Egipto con mano poderosa y te hiciste renombre cual lo tienes hoy, hemos pecado, hemos actuado ⟦atentamente⟧.»","[""Verdadero"", ""Falso""]",1,Falso,"La afirmación cambia «impíamente». La corrección exacta es: «”Ahora pues, Señor, Dios nuestro, que sacaste a tu pueblo de la tierra de Egipto con mano poderosa y te hiciste renombre cual lo tienes hoy, hemos pecado, hemos actuado impíamente.»","hoy, hemos pecado, hemos actuado impíamente",DAN9-V15-F01,DAN9-V15-F01-VARIANTS,verified,"”Ahora pues, Señor, Dios nuestro, que sacaste a tu pueblo de la tierra de Egipto con mano poderosa y te hiciste renombre cual lo tienes hoy, hemos pecado, hemos actuado impíamente."
DAN9-0074,DANIEL7-12,DAN9,"PDF p.20, Daniel 9:16",fill_blank,easy,misericordia y Jerusalén,"Según PDF p.20, Daniel 9:16, en el pasaje sobre misericordia y Jerusalén, complete la formulación del PDF: «Señor, conforme a todos tus actos de justicia, apártese ahora tu ira y tu furor de sobre tu ciudad _____, tu santo monte»","[""Babilonia"", ""Jerusalem"", ""Jerusalén"", ""Atenas""]",2,Jerusalén,"El PDF emplea la expresión «Jerusalén» en este contexto: «furor de sobre tu ciudad Jerusalén, tu santo monte».","furor de sobre tu ciudad Jerusalén, tu santo monte",DAN9-V16-F01,DAN9-V16-F01-VARIANTS,verified,
DAN9-0075,DANIEL7-12,DAN9,"PDF p.20, Daniel 9:17",multiple_choice,hard,ruegos y súplica final,"Según PDF p.20, Daniel 9:17, en el pasaje sobre ruegos y súplica final, ¿Qué opción restituye con precisión la relación descrita? Marco: «y haz que tu rostro [DETALLE] sobre tu santuario asolado, por amor del»","[""y haz que tu rostro comprenderla sobre tu santuario asolado, por amor del"", ""y haz que tu rostro despreciable sobre tu santuario asolado, por amor del"", ""y haz que tu rostro veinticuatro sobre tu santuario asolado, por amor del"", ""y haz que tu rostro resplandezca sobre tu santuario asolado, por amor del""]",3,"y haz que tu rostro resplandezca sobre tu santuario asolado, por amor del","La opción correcta conserva el detalle «resplandezca» tal como aparece en la fuente: «y haz que tu rostro resplandezca sobre tu santuario asolado, por amor del».","y haz que tu rostro resplandezca sobre tu santuario asolado, por amor del",DAN9-V17-F01,DAN9-V17-F01-VARIANTS,verified,
DAN9-0076,DANIEL7-12,DAN9,"PDF p.20, Daniel 9:18",true_false,hard,ruegos y súplica final,"Según PDF p.20, Daniel 9:18, en el pasaje sobre ruegos y súplica final, determine si el detalle entre corchetes hace verdadera o falsa esta afirmación: «abre tus ojos y mira nuestras ⟦mandamientos⟧ y la ciudad sobre la cual es invocado tu nombre»","[""Verdadero"", ""Falso""]",1,Falso,La afirmación cambia «desolaciones». La corrección exacta es: «abre tus ojos y mira nuestras desolaciones y la ciudad sobre la cual es invocado tu nombre»,tus ojos y mira nuestras desolaciones y la ciudad sobre la cual es,DAN9-V18-F02,DAN9-V18-F02-VARIANTS,verified,abre tus ojos y mira nuestras desolaciones y la ciudad sobre la cual es invocado tu nombre
DAN9-0077,DANIEL7-12,DAN9,"PDF p.20, Daniel 9:19",fill_blank,medium,ruegos y súplica final,"Según PDF p.20, Daniel 9:19, en el pasaje sobre ruegos y súplica final, complete la formulación del PDF: «Profecía de las _____»","[""cuatro cabezas"", ""tres costillas"", ""cuatro reinos"", ""setenta semanas""]",3,setenta semanas,El PDF emplea la expresión «setenta semanas» en este contexto: «Profecía de las setenta semanas».,Profecía de las setenta semanas,DAN9-V19-F08,DAN9-V19-F08-VARIANTS,verified,
DAN9-0078,DANIEL7-12,DAN9,"PDF p.20, Daniel 9:1",multiple_choice,easy,"Darío, Asuero, Jeremías y setenta años","Según PDF p.20, Daniel 9:1, en el pasaje sobre Darío, Asuero, Jeremías y setenta años, ¿Qué expresión completa correctamente el detalle señalado? Marco: «En el primer año de [DETALLE] hijo de Asuero, de la nación de»","[""En el primer año de Darío hijo de Asuero, de la nación de"", ""En el primer año de Arioc hijo de Asuero, de la nación de"", ""En el primer año de Pablo hijo de Asuero, de la nación de"", ""En el primer año de Asuero hijo de Asuero, de la nación de""]",0,"En el primer año de Darío hijo de Asuero, de la nación de","La opción correcta conserva el detalle «Darío» tal como aparece en la fuente: «En el primer año de Darío hijo de Asuero, de la nación de».","En el primer año de Darío hijo de Asuero, de la nación de",DAN9-V1-F02,DAN9-V1-F02-VARIANTS,verified,
DAN9-0079,DANIEL7-12,DAN9,"PDF p.20, Daniel 9:2",true_false,hard,"Darío, Asuero, Jeremías y setenta años","Según PDF p.20, Daniel 9:2, en el pasaje sobre Darío, Asuero, Jeremías y setenta años, determine si el detalle entre corchetes hace verdadera o falsa esta afirmación: «en el primer año de su reinado, yo, Daniel, miré ⟦atentamente⟧ en los libros el número de los años de que habló Jehová al profeta Jeremías, en los que habían de cumplirse las desolaciones de Jerusalén: setenta años.»","[""Verdadero"", ""Falso""]",0,Verdadero,"La afirmación coincide con el PDF: «su reinado, yo, Daniel, miré atentamente en los libros el número de los».","su reinado, yo, Daniel, miré atentamente en los libros el número de los",DAN9-V2-F02,DAN9-V2-F02-VARIANTS,verified,
DAN9-0080,DANIEL7-12,DAN9,"PDF p.20, Daniel 9:3",fill_blank,medium,preparación y confesión de Daniel,"Según PDF p.20, Daniel 9:3, en el pasaje sobre preparación y confesión de Daniel, complete la formulación del PDF: «Volví mi _____ a Dios, el Señor, buscándolo en oración y ruego, en ayuno, ropas ásperas y ceniza.»","[""rostro"", ""cabrío"", ""cierra"", ""creció""]",0,rostro,"El PDF emplea la expresión «rostro» en este contexto: «Volví mi rostro a Dios, el Señor, buscándolo en oración».","Volví mi rostro a Dios, el Señor, buscándolo en oración",DAN9-V3-F02,DAN9-V3-F02-VARIANTS,verified,
DAN9-0081,DANIEL7-12,DAN9,"PDF p.20, Daniel 9:4",multiple_choice,hard,preparación y confesión de Daniel,"Según PDF p.20, Daniel 9:4, en el pasaje sobre preparación y confesión de Daniel, ¿Qué opción restituye con precisión la relación descrita? Marco: «guardas el pacto y la [DETALLE] con los que te aman y guardan»","[""guardas el pacto y la consumación con los que te aman y guardan"", ""guardas el pacto y la misericordia con los que te aman y guardan"", ""guardas el pacto y la muchedumbre con los que te aman y guardan"", ""guardas el pacto y la prevaricación con los que te aman y guardan""]",1,guardas el pacto y la misericordia con los que te aman y guardan,La opción correcta conserva el detalle «misericordia» tal como aparece en la fuente: «guardas el pacto y la misericordia con los que te aman y guardan».,guardas el pacto y la misericordia con los que te aman y guardan,DAN9-V4-F02,DAN9-V4-F02-VARIANTS,verified,
DAN9-0082,DANIEL7-12,DAN9,"PDF p.20, Daniel 9:5",true_false,hard,"justicia, confusión, ley y maldición","Según PDF p.20, Daniel 9:5, en el pasaje sobre justicia, confusión, ley y maldición, determine si el detalle entre corchetes hace verdadera o falsa esta afirmación: «hemos pecado, hemos cometido iniquidad, hemos actuado ⟦atentamente⟧, hemos sido rebeldes y nos hemos apartado de tus mandamientos y de tus ordenanzas.»","[""Verdadero"", ""Falso""]",1,Falso,"La afirmación cambia «impíamente». La corrección exacta es: «hemos pecado, hemos cometido iniquidad, hemos actuado impíamente, hemos sido rebeldes y nos hemos apartado de tus mandamientos y de tus ordenanzas.»","hemos cometido iniquidad, hemos actuado impíamente, hemos sido rebeldes y nos hemos apartado",DAN9-V5-F02,DAN9-V5-F02-VARIANTS,verified,"hemos pecado, hemos cometido iniquidad, hemos actuado impíamente, hemos sido rebeldes y nos hemos apartado de tus mandamientos y de tus ordenanzas."
DAN9-0083,DANIEL7-12,DAN9,"PDF p.20, Daniel 9:6",fill_blank,hard,"justicia, confusión, ley y maldición","Según PDF p.20, Daniel 9:6, en el pasaje sobre justicia, confusión, ley y maldición, complete la formulación del PDF: «No hemos obedecido a tus siervos los profetas, que en tu nombre hablaron a nuestros reyes, a nuestros _____, a nuestros padres y a todo el pueblo de la tierra.»","[""antorchas"", ""príncipes"", ""convenios"", ""ejércitos""]",1,príncipes,"El PDF emplea la expresión «príncipes» en este contexto: «a nuestros reyes, a nuestros príncipes, a nuestros padres y a todo el».","a nuestros reyes, a nuestros príncipes, a nuestros padres y a todo el",DAN9-V6-F02,DAN9-V6-F02-VARIANTS,verified,
DAN9-0084,DANIEL7-12,DAN9,"PDF p.20, Daniel 9:7",multiple_choice,expert,"justicia, confusión, ley y maldición","Según PDF p.20, Daniel 9:7, en el pasaje sobre justicia, confusión, ley y maldición, ¿Cuál opción mantiene sin alterar el detalle y el orden de la fuente? Marco: «todo hombre de Judá, los [DETALLE] de Jerusalén y todo Israel, los de»","[""todo hombre de Judá, los compañeros de Jerusalén y todo Israel, los de"", ""todo hombre de Judá, los entendidos de Jerusalén y todo Israel, los de"", ""todo hombre de Judá, los habitantes de Jerusalén y todo Israel, los de"", ""todo hombre de Judá, los violadores de Jerusalén y todo Israel, los de""]",2,"todo hombre de Judá, los habitantes de Jerusalén y todo Israel, los de","La opción correcta conserva el detalle «habitantes» tal como aparece en la fuente: «todo hombre de Judá, los habitantes de Jerusalén y todo Israel, los de».","todo hombre de Judá, los habitantes de Jerusalén y todo Israel, los de",DAN9-V7-F02,DAN9-V7-F02-VARIANTS,verified,
DAN9-0085,DANIEL7-12,DAN9,"PDF p.20, Daniel 9:8",true_false,medium,"justicia, confusión, ley y maldición","Según PDF p.20, Daniel 9:8, en el pasaje sobre justicia, confusión, ley y maldición, determine si el detalle entre corchetes hace verdadera o falsa esta afirmación: «Nuestra es, Jehová, la confusión de rostro, y de nuestros reyes, de nuestros ⟦príncipes⟧ y de nuestros padres, porque contra ti pecamos.»","[""Verdadero"", ""Falso""]",0,Verdadero,"La afirmación coincide con el PDF: «de nuestros reyes, de nuestros príncipes y de nuestros padres, porque contra ti».","de nuestros reyes, de nuestros príncipes y de nuestros padres, porque contra ti",DAN9-V8-F02,DAN9-V8-F02-VARIANTS,verified,
DAN9-0086,DANIEL7-12,DAN9,"PDF p.20, Daniel 9:9",fill_blank,easy,"justicia, confusión, ley y maldición","Según PDF p.20, Daniel 9:9, en el pasaje sobre justicia, confusión, ley y maldición, complete la formulación del PDF: «De Jehová, nuestro Dios, es el _____ misericordia y el perdonar, aunque contra él nos hemos rebelado»","[""cielo"", ""libro"", ""tener"", ""lugar""]",2,tener,"El PDF emplea la expresión «tener» en este contexto: «Jehová, nuestro Dios, es el tener misericordia y el perdonar, aunque contra él».","Jehová, nuestro Dios, es el tener misericordia y el perdonar, aunque contra él",DAN9-V9-F02,DAN9-V9-F02-VARIANTS,verified,
DAN9-0087,DANIEL7-12,DAN9,"PDF p.20, Daniel 9:10",multiple_choice,hard,"justicia, confusión, ley y maldición","Según PDF p.20, Daniel 9:10, en el pasaje sobre justicia, confusión, ley y maldición, ¿Qué opción restituye con precisión la relación descrita? Marco: «de Jehová, nuestro Dios, para [DETALLE] en sus leyes, que él puso delante»","[""de Jehová, nuestro Dios, para hacer en sus leyes, que él puso delante"", ""de Jehová, nuestro Dios, para pasar en sus leyes, que él puso delante"", ""de Jehová, nuestro Dios, para poder en sus leyes, que él puso delante"", ""de Jehová, nuestro Dios, para andar en sus leyes, que él puso delante""]",3,"de Jehová, nuestro Dios, para andar en sus leyes, que él puso delante","La opción correcta conserva el detalle «andar» tal como aparece en la fuente: «de Jehová, nuestro Dios, para andar en sus leyes, que él puso delante».","de Jehová, nuestro Dios, para andar en sus leyes, que él puso delante",DAN9-V10-F02,DAN9-V10-F02-VARIANTS,verified,
DAN9-0088,DANIEL7-12,DAN9,"PDF p.20, Daniel 9:11",true_false,hard,"justicia, confusión, ley y maldición","Según PDF p.20, Daniel 9:11, en el pasaje sobre justicia, confusión, ley y maldición, determine si el detalle entre corchetes hace verdadera o falsa esta afirmación: «Por lo cual ha caído sobre nosotros la ⟦confesión⟧ y el juramento que está escrito en la ley de Moisés, siervo de Dios, porque contra Dios pecamos.»","[""Verdadero"", ""Falso""]",1,Falso,"La afirmación cambia «maldición». La corrección exacta es: «Por lo cual ha caído sobre nosotros la maldición y el juramento que está escrito en la ley de Moisés, siervo de Dios, porque contra Dios pecamos.»",ha caído sobre nosotros la maldición y el juramento que está escrito en,DAN9-V11-F05,DAN9-V11-F05-VARIANTS,verified,"Por lo cual ha caído sobre nosotros la maldición y el juramento que está escrito en la ley de Moisés, siervo de Dios, porque contra Dios pecamos."
DAN9-0089,DANIEL7-12,DAN9,"PDF p.20, Daniel 9:12",fill_blank,medium,misericordia y Jerusalén,"Según PDF p.20, Daniel 9:12, en el pasaje sobre misericordia y Jerusalén, complete la formulación del PDF: «pues nunca fue hecho debajo del cielo nada _____ a lo que se ha hecho contra Jerusalén.»","[""Aconteció"", ""asoladora"", ""diferente"", ""semejante""]",3,semejante,El PDF emplea la expresión «semejante» en este contexto: «hecho debajo del cielo nada semejante a lo que se ha hecho contra».,hecho debajo del cielo nada semejante a lo que se ha hecho contra,DAN9-V12-F08,DAN9-V12-F08-VARIANTS,verified,
DAN9-0090,DANIEL7-12,DAN9,"PDF p.20, Daniel 9:13",multiple_choice,hard,misericordia y Jerusalén,"Según PDF p.20, Daniel 9:13, en el pasaje sobre misericordia y Jerusalén, ¿Qué opción restituye con precisión la relación descrita? Marco: «Dios, y no nos hemos [DETALLE] de nuestras maldades ni entendido tu verdad»","[""Dios, y no nos hemos convertido de nuestras maldades ni entendido tu verdad"", ""Dios, y no nos hemos arrancadas de nuestras maldades ni entendido tu verdad"", ""Dios, y no nos hemos arrancados de nuestras maldades ni entendido tu verdad"", ""Dios, y no nos hemos destrozado de nuestras maldades ni entendido tu verdad""]",0,"Dios, y no nos hemos convertido de nuestras maldades ni entendido tu verdad","La opción correcta conserva el detalle «convertido» tal como aparece en la fuente: «Dios, y no nos hemos convertido de nuestras maldades ni entendido tu verdad».","Dios, y no nos hemos convertido de nuestras maldades ni entendido tu verdad",DAN9-V13-F06,DAN9-V13-F06-VARIANTS,verified,
DAN9-0091,DANIEL7-12,DAN9,"PDF p.21, Daniel 9:20",multiple_choice,hard,"Gabriel, sacrificio de la tarde y muy amado","Según PDF p.21, Daniel 9:20, en el pasaje sobre Gabriel, sacrificio de la tarde y muy amado, ¿Qué opción restituye con precisión la relación descrita? Marco: «Aún estaba hablando, orando y [DETALLE] mi pecado y el pecado de mi»","[""Aún estaba hablando, orando y temblando mi pecado y el pecado de mi"", ""Aún estaba hablando, orando y confesando mi pecado y el pecado de mi"", ""Aún estaba hablando, orando y diciendo mi pecado y el pecado de mi"", ""Aún estaba hablando, orando y hablando mi pecado y el pecado de mi""]",1,"Aún estaba hablando, orando y confesando mi pecado y el pecado de mi","La opción correcta conserva el detalle «confesando» tal como aparece en la fuente: «Aún estaba hablando, orando y confesando mi pecado y el pecado de mi».","Aún estaba hablando, orando y confesando mi pecado y el pecado de mi",DAN9-V20-F01,DAN9-V20-F01-VARIANTS,verified,
DAN9-0092,DANIEL7-12,DAN9,"PDF p.21, Daniel 9:21",fill_blank,expert,"Gabriel, sacrificio de la tarde y muy amado","Según PDF p.21, Daniel 9:21, en el pasaje sobre Gabriel, sacrificio de la tarde y muy amado, complete la formulación del PDF: «aún estaba hablando en oración, cuando el varón Gabriel, a quien había visto en la visión, al principio, volando con presteza vino a mí como a la hora del _____.»","[""sacrificio de la tarde"", ""dios de las fortalezas"", ""blanco como la nieve"", ""Príncipe de los príncipes""]",0,sacrificio de la tarde,El PDF emplea la expresión «sacrificio de la tarde» en este contexto: «como a la hora del sacrificio de la tarde».,como a la hora del sacrificio de la tarde,DAN9-V21-F01,DAN9-V21-F01-VARIANTS,verified,
DAN9-0093,DANIEL7-12,DAN9,"PDF p.21, Daniel 9:22",multiple_choice,hard,"Gabriel, sacrificio de la tarde y muy amado","Según PDF p.21, Daniel 9:22, en el pasaje sobre Gabriel, sacrificio de la tarde y muy amado, ¿Qué opción restituye con precisión la relación descrita? Marco: «ahora he salido para darte [DETALLE] y entendimiento»","[""ahora he salido para darte combatían y entendimiento"", ""ahora he salido para darte derramaba y entendimiento"", ""ahora he salido para darte sabiduría y entendimiento"", ""ahora he salido para darte justicias y entendimiento""]",2,ahora he salido para darte sabiduría y entendimiento,La opción correcta conserva el detalle «sabiduría» tal como aparece en la fuente: «ahora he salido para darte sabiduría y entendimiento».,ahora he salido para darte sabiduría y entendimiento,DAN9-V22-F01,DAN9-V22-F01-VARIANTS,verified,
DAN9-0094,DANIEL7-12,DAN9,"PDF p.21, Daniel 9:23",fill_blank,expert,"Gabriel, sacrificio de la tarde y muy amado","Según PDF p.21, Daniel 9:23, en el pasaje sobre Gabriel, sacrificio de la tarde y muy amado, complete la formulación del PDF: «Al principio de tus ruegos fue dada la orden, y yo he venido para enseñártela, porque tú eres _____.»","[""gran mar"", ""muy amado"", ""pacto santo"", ""reino eterno""]",1,muy amado,"El PDF emplea la expresión «muy amado» en este contexto: «para enseñártela, porque tú eres muy amado».","para enseñártela, porque tú eres muy amado",DAN9-V23-F01,DAN9-V23-F01-VARIANTS,verified,
DAN9-0095,DANIEL7-12,DAN9,"PDF p.21, Daniel 9:24",multiple_choice,expert,"setenta semanas, Mesías, pacto y desolación","Según PDF p.21, Daniel 9:24, en el pasaje sobre setenta semanas, Mesías, pacto y desolación, ¿Cuál opción mantiene sin alterar el detalle y el orden de la fuente? Marco: «[DETALLE] están determinadas sobre tu pueblo y sobre»","[""cuatro cabezas están determinadas sobre tu pueblo y sobre"", ""tres costillas están determinadas sobre tu pueblo y sobre"", ""cuatro reinos están determinadas sobre tu pueblo y sobre"", ""Setenta semanas están determinadas sobre tu pueblo y sobre""]",3,Setenta semanas están determinadas sobre tu pueblo y sobre,La opción correcta conserva el detalle «Setenta semanas» tal como aparece en la fuente: «Setenta semanas están determinadas sobre tu pueblo y sobre».,Setenta semanas están determinadas sobre tu pueblo y sobre,DAN9-V24-F01,DAN9-V24-F01-VARIANTS,verified,
DAN9-0096,DANIEL7-12,DAN9,"PDF p.21, Daniel 9:25",fill_blank,easy,"setenta semanas, Mesías, pacto y desolación","Según PDF p.21, Daniel 9:25, en el pasaje sobre setenta semanas, Mesías, pacto y desolación, complete la formulación del PDF: «Sabe, pues, y entiende que desde la salida de la orden para restaurar y edificar a Jerusalén hasta el Mesías Príncipe, habrá _____ semanas y sesenta y dos semanas»","[""cuatro"", ""sesenta"", ""siete"", ""dos cuernos""]",2,siete,"El PDF emplea la expresión «siete» en este contexto: «hasta el Mesías Príncipe, habrá siete semanas y sesenta y dos semanas».","hasta el Mesías Príncipe, habrá siete semanas y sesenta y dos semanas",DAN9-V25-F01,DAN9-V25-F01-VARIANTS,verified,
DAN9-0097,DANIEL7-12,DAN9,"PDF p.21, Daniel 9:26",multiple_choice,easy,"setenta semanas, Mesías, pacto y desolación","Según PDF p.21, Daniel 9:26, en el pasaje sobre setenta semanas, Mesías, pacto y desolación, ¿Qué expresión completa correctamente el detalle señalado? Marco: «Después de las [DETALLE] y dos semanas se quitará la vida»","[""Después de las sesenta y dos semanas se quitará la vida"", ""Después de las cuatro y dos semanas se quitará la vida"", ""Después de las siete y dos semanas se quitará la vida"", ""Después de las dos cuernos y dos semanas se quitará la vida""]",0,Después de las sesenta y dos semanas se quitará la vida,La opción correcta conserva el detalle «sesenta» tal como aparece en la fuente: «Después de las sesenta y dos semanas se quitará la vida».,Después de las sesenta y dos semanas se quitará la vida,DAN9-V26-F01,DAN9-V26-F01-VARIANTS,verified,
DAN9-0098,DANIEL7-12,DAN9,"PDF p.21, Daniel 9:27",fill_blank,medium,"setenta semanas, Mesías, pacto y desolación","Según PDF p.21, Daniel 9:27, en el pasaje sobre setenta semanas, Mesías, pacto y desolación, complete la formulación del PDF: «Por otra semana más _____ el pacto con muchos»","[""contenderá"", ""Despertará"", ""enfurecerá"", ""confirmará""]",3,confirmará,El PDF emplea la expresión «confirmará» en este contexto: «Por otra semana más confirmará el pacto con muchos».,Por otra semana más confirmará el pacto con muchos,DAN9-V27-F01,DAN9-V27-F01-VARIANTS,verified,
DAN9-0099,DANIEL7-12,DAN9,"PDF p.21, Daniel 9:20",multiple_choice,hard,"Gabriel, sacrificio de la tarde y muy amado","Según PDF p.21, Daniel 9:20, en el pasaje sobre Gabriel, sacrificio de la tarde y muy amado, ¿Qué opción restituye con precisión la relación descrita? Marco: «de mi pueblo Israel, y [DETALLE] mi ruego delante de Jehová, mi Dios»","[""de mi pueblo Israel, y combatían mi ruego delante de Jehová, mi Dios"", ""de mi pueblo Israel, y derramaba mi ruego delante de Jehová, mi Dios"", ""de mi pueblo Israel, y justicias mi ruego delante de Jehová, mi Dios"", ""de mi pueblo Israel, y pisoteaba mi ruego delante de Jehová, mi Dios""]",1,"de mi pueblo Israel, y derramaba mi ruego delante de Jehová, mi Dios","La opción correcta conserva el detalle «derramaba» tal como aparece en la fuente: «de mi pueblo Israel, y derramaba mi ruego delante de Jehová, mi Dios».","de mi pueblo Israel, y derramaba mi ruego delante de Jehová, mi Dios",DAN9-V20-F02,DAN9-V20-F02-VARIANTS,verified,
DAN9-0100,DANIEL7-12,DAN9,"PDF p.21, Daniel 9:21",true_false,hard,"Gabriel, sacrificio de la tarde y muy amado","Según PDF p.21, Daniel 9:21, en el pasaje sobre Gabriel, sacrificio de la tarde y muy amado, determine si el detalle entre corchetes hace verdadera o falsa esta afirmación: «aún estaba hablando en oración, cuando el varón Gabriel, a quien había visto en la visión, al ⟦principio⟧, volando con presteza vino a mí como a la hora del sacrificio de la tarde.»","[""Verdadero"", ""Falso""]",0,Verdadero,"La afirmación coincide con el PDF: «visto en la visión, al principio, volando con presteza vino a mí como».","visto en la visión, al principio, volando con presteza vino a mí como",DAN9-V21-F02,DAN9-V21-F02-VARIANTS,verified,
DAN9-0101,DANIEL7-12,DAN9,"PDF p.21, Daniel 9:22",fill_blank,medium,"Gabriel, sacrificio de la tarde y muy amado","Según PDF p.21, Daniel 9:22, en el pasaje sobre Gabriel, sacrificio de la tarde y muy amado, complete la formulación del PDF: «Me hizo entender, y habló conmigo diciendo: “Daniel, ahora he salido para darte sabiduría y _____.»","[""entendimiento"", ""desfallecimiento"", ""destruidas"", ""firmamento""]",0,entendimiento,El PDF emplea la expresión «entendimiento» en este contexto: «salido para darte sabiduría y entendimiento».,salido para darte sabiduría y entendimiento,DAN9-V22-F02,DAN9-V22-F02-VARIANTS,verified,
DAN9-0102,DANIEL7-12,DAN9,"PDF p.21, Daniel 9:23",multiple_choice,hard,"Gabriel, sacrificio de la tarde y muy amado","Según PDF p.21, Daniel 9:23, en el pasaje sobre Gabriel, sacrificio de la tarde y muy amado, ¿Qué opción restituye con precisión la relación descrita? Marco: «y yo he venido para [DETALLE], porque tú eres muy amado»","[""y yo he venido para apartándose, porque tú eres muy amado"", ""y yo he venido para buscándolo, porque tú eres muy amado"", ""y yo he venido para enseñártela, porque tú eres muy amado"", ""y yo he venido para comprenderla, porque tú eres muy amado""]",2,"y yo he venido para enseñártela, porque tú eres muy amado","La opción correcta conserva el detalle «enseñártela» tal como aparece en la fuente: «y yo he venido para enseñártela, porque tú eres muy amado».","y yo he venido para enseñártela, porque tú eres muy amado",DAN9-V23-F02,DAN9-V23-F02-VARIANTS,verified,
DAN9-0103,DANIEL7-12,DAN9,"PDF p.21, Daniel 9:24",true_false,expert,"setenta semanas, Mesías, pacto y desolación","Según PDF p.21, Daniel 9:24, en el pasaje sobre setenta semanas, Mesías, pacto y desolación, determine si el detalle entre corchetes hace verdadera o falsa esta afirmación: «”Setenta semanas están ⟦despertados⟧ sobre tu pueblo y sobre tu santa ciudad, para terminar la prevaricación, poner fin al pecado y expiar la iniquidad, para traer la justicia perdurable, sellar la visión y la profecía y ungir al Santo de los santos.»","[""Verdadero"", ""Falso""]",1,Falso,"La afirmación cambia «determinadas». La corrección exacta es: «”Setenta semanas están determinadas sobre tu pueblo y sobre tu santa ciudad, para terminar la prevaricación, poner fin al pecado y expiar la iniquidad, para traer la justicia perdurable, sellar la visión y la profecía y ungir al Santo de los santos.»",Setenta semanas están determinadas sobre tu pueblo y sobre tu santa,DAN9-V24-F02,DAN9-V24-F02-VARIANTS,verified,"”Setenta semanas están determinadas sobre tu pueblo y sobre tu santa ciudad, para terminar la prevaricación, poner fin al pecado y expiar la iniquidad, para traer la justicia perdurable, sellar la visión y la profecía y ungir al Santo de los santos."
DAN9-0104,DANIEL7-12,DAN9,"PDF p.21, Daniel 9:25",fill_blank,easy,"setenta semanas, Mesías, pacto y desolación","Según PDF p.21, Daniel 9:25, en el pasaje sobre setenta semanas, Mesías, pacto y desolación, complete la formulación del PDF: «Sabe, pues, y entiende que desde la salida de la orden para restaurar y edificar a Jerusalén hasta el Mesías Príncipe, habrá siete semanas y _____ y dos semanas»","[""cuatro"", ""sesenta"", ""siete"", ""dos cuernos""]",1,sesenta,"El PDF emplea la expresión «sesenta» en este contexto: «Príncipe, habrá siete semanas y sesenta y dos semanas».","Príncipe, habrá siete semanas y sesenta y dos semanas",DAN9-V25-F02,DAN9-V25-F02-VARIANTS,verified,
DAN9-0105,DANIEL7-12,DAN9,"PDF p.21, Daniel 9:26",multiple_choice,hard,"setenta semanas, Mesías, pacto y desolación","Según PDF p.21, Daniel 9:26, en el pasaje sobre setenta semanas, Mesías, pacto y desolación, ¿Qué opción restituye con precisión la relación descrita? Marco: «príncipe que ha de venir [DETALLE] la ciudad y el santuario, su final»","[""príncipe que ha de venir apoderará la ciudad y el santuario, su final"", ""príncipe que ha de venir aumentará la ciudad y el santuario, su final"", ""príncipe que ha de venir cumplirán la ciudad y el santuario, su final"", ""príncipe que ha de venir destruirá la ciudad y el santuario, su final""]",3,"príncipe que ha de venir destruirá la ciudad y el santuario, su final","La opción correcta conserva el detalle «destruirá» tal como aparece en la fuente: «príncipe que ha de venir destruirá la ciudad y el santuario, su final».","príncipe que ha de venir destruirá la ciudad y el santuario, su final",DAN9-V26-F07,DAN9-V26-F07-VARIANTS,verified,
DAN9-0106,DANIEL7-12,DAN9,"PDF p.21, Daniel 9:27",true_false,hard,"setenta semanas, Mesías, pacto y desolación","Según PDF p.21, Daniel 9:27, en el pasaje sobre setenta semanas, Mesías, pacto y desolación, determine si el detalle entre corchetes hace verdadera o falsa esta afirmación: «a la mitad de la semana hará cesar el ⟦destruidas⟧ y la ofrenda.»","[""Verdadero"", ""Falso""]",1,Falso,La afirmación cambia «sacrificio». La corrección exacta es: «a la mitad de la semana hará cesar el sacrificio y la ofrenda.»,la semana hará cesar el sacrificio y la ofrenda,DAN9-V27-F05,DAN9-V27-F05-VARIANTS,verified,a la mitad de la semana hará cesar el sacrificio y la ofrenda.
DAN9-0107,DANIEL7-12,DAN9,"PDF p.21, Daniel 9:20",fill_blank,hard,"Gabriel, sacrificio de la tarde y muy amado","Según PDF p.21, Daniel 9:20, en el pasaje sobre Gabriel, sacrificio de la tarde y muy amado, complete la formulación del PDF: «Aún estaba _____, orando y confesando mi pecado y el pecado de mi pueblo Israel, y derramaba mi ruego delante de Jehová, mi Dios, por el monte santo de mi Dios;»","[""diciendo"", ""mirando"", ""hablando"", ""temblando""]",2,hablando,"El PDF emplea la expresión «hablando» en este contexto: «Aún estaba hablando, orando y confesando mi pecado y el».","Aún estaba hablando, orando y confesando mi pecado y el",DAN9-V20-F03,DAN9-V20-F03-VARIANTS,verified,
DAN9-0108,DANIEL7-12,DAN9,"PDF p.21, Daniel 9:21",multiple_choice,expert,"Gabriel, sacrificio de la tarde y muy amado","Según PDF p.21, Daniel 9:21, en el pasaje sobre Gabriel, sacrificio de la tarde y muy amado, ¿Cuál opción mantiene sin alterar el detalle y el orden de la fuente? Marco: «aún estaba [DETALLE] en oración, cuando el varón Gabriel, a»","[""aún estaba hablando en oración, cuando el varón Gabriel, a"", ""aún estaba diciendo en oración, cuando el varón Gabriel, a"", ""aún estaba mirando en oración, cuando el varón Gabriel, a"", ""aún estaba temblando en oración, cuando el varón Gabriel, a""]",0,"aún estaba hablando en oración, cuando el varón Gabriel, a","La opción correcta conserva el detalle «hablando» tal como aparece en la fuente: «aún estaba hablando en oración, cuando el varón Gabriel, a».","aún estaba hablando en oración, cuando el varón Gabriel, a",DAN9-V21-F03,DAN9-V21-F03-VARIANTS,verified,
DAN9-0109,DANIEL7-12,DAN9,"PDF p.21, Daniel 9:22",true_false,medium,"Gabriel, sacrificio de la tarde y muy amado","Según PDF p.21, Daniel 9:22, en el pasaje sobre Gabriel, sacrificio de la tarde y muy amado, determine si el detalle entre corchetes hace verdadera o falsa esta afirmación: «Me hizo ⟦entender⟧, y habló conmigo diciendo: “Daniel, ahora he salido para darte sabiduría y entendimiento.»","[""Verdadero"", ""Falso""]",0,Verdadero,"La afirmación coincide con el PDF: «Me hizo entender, y habló conmigo diciendo: “Daniel, ahora he».","Me hizo entender, y habló conmigo diciendo: “Daniel, ahora he",DAN9-V22-F03,DAN9-V22-F03-VARIANTS,verified,
DAN9-0110,DANIEL7-12,DAN9,"PDF p.21, Daniel 9:23",fill_blank,medium,"Gabriel, sacrificio de la tarde y muy amado","Según PDF p.21, Daniel 9:23, en el pasaje sobre Gabriel, sacrificio de la tarde y muy amado, complete la formulación del PDF: «Al _____ de tus ruegos fue dada la orden, y yo he venido para enseñártela, porque tú eres muy amado.»","[""conflicto"", ""desolador"", ""estruendo"", ""principio""]",3,principio,El PDF emplea la expresión «principio» en este contexto: «Al principio de tus ruegos fue dada la orden».,Al principio de tus ruegos fue dada la orden,DAN9-V23-F03,DAN9-V23-F03-VARIANTS,verified,
DAN9-0111,DANIEL7-12,DAN9,"PDF p.21, Daniel 9:24",multiple_choice,expert,"setenta semanas, Mesías, pacto y desolación","Según PDF p.21, Daniel 9:24, en el pasaje sobre setenta semanas, Mesías, pacto y desolación, ¿Cuál opción mantiene sin alterar el detalle y el orden de la fuente? Marco: «santa ciudad, para terminar la [DETALLE], poner fin al pecado y expiar la»","[""santa ciudad, para terminar la interpretación, poner fin al pecado y expiar la"", ""santa ciudad, para terminar la prevaricación, poner fin al pecado y expiar la"", ""santa ciudad, para terminar la misericordia, poner fin al pecado y expiar la"", ""santa ciudad, para terminar la consumación, poner fin al pecado y expiar la""]",1,"santa ciudad, para terminar la prevaricación, poner fin al pecado y expiar la","La opción correcta conserva el detalle «prevaricación» tal como aparece en la fuente: «santa ciudad, para terminar la prevaricación, poner fin al pecado y expiar la».","santa ciudad, para terminar la prevaricación, poner fin al pecado y expiar la",DAN9-V24-F03,DAN9-V24-F03-VARIANTS,verified,
DAN9-0112,DANIEL7-12,DAN9,"PDF p.21, Daniel 9:25",true_false,hard,"setenta semanas, Mesías, pacto y desolación","Según PDF p.21, Daniel 9:25, en el pasaje sobre setenta semanas, Mesías, pacto y desolación, determine si el detalle entre corchetes hace verdadera o falsa esta afirmación: «Sabe, pues, y entiende que desde la salida de la orden para ⟦restaurar⟧ y edificar a Jerusalén hasta el Mesías Príncipe, habrá siete semanas y sesenta y dos semanas»","[""Verdadero"", ""Falso""]",0,Verdadero,La afirmación coincide con el PDF: «salida de la orden para restaurar y edificar a Jerusalén hasta el Mesías».,salida de la orden para restaurar y edificar a Jerusalén hasta el Mesías,DAN9-V25-F03,DAN9-V25-F03-VARIANTS,verified,
DAN9-0113,DANIEL7-12,DAN9,"PDF p.21, Daniel 9:26",fill_blank,hard,"setenta semanas, Mesías, pacto y desolación","Según PDF p.21, Daniel 9:26, en el pasaje sobre setenta semanas, Mesías, pacto y desolación, complete la formulación del PDF: «El pueblo de un príncipe que ha de venir destruirá la ciudad y el _____, su final llegará como una inundación, y hasta el fin de la guerra durarán las devastaciones.»","[""santuario"", ""conflicto"", ""desolador"", ""estruendo""]",0,santuario,"El PDF emplea la expresión «santuario» en este contexto: «destruirá la ciudad y el santuario, su final llegará como una inundación, y».","destruirá la ciudad y el santuario, su final llegará como una inundación, y",DAN9-V26-F08,DAN9-V26-F08-VARIANTS,verified,
DAN9-0114,DANIEL7-12,DAN9,"PDF p.21, Daniel 9:27",multiple_choice,hard,"setenta semanas, Mesías, pacto y desolación","Según PDF p.21, Daniel 9:27, en el pasaje sobre setenta semanas, Mesías, pacto y desolación, ¿Qué opción restituye con precisión la relación descrita? Marco: «Después, con la [DETALLE] de las abominaciones, vendrá el desolador, hasta»","[""Después, con la consumación de las abominaciones, vendrá el desolador, hasta"", ""Después, con la cautividad de las abominaciones, vendrá el desolador, hasta"", ""Después, con la muchedumbre de las abominaciones, vendrá el desolador, hasta"", ""Después, con la dispersión de las abominaciones, vendrá el desolador, hasta""]",2,"Después, con la muchedumbre de las abominaciones, vendrá el desolador, hasta","La opción correcta conserva el detalle «muchedumbre» tal como aparece en la fuente: «Después, con la muchedumbre de las abominaciones, vendrá el desolador, hasta».","Después, con la muchedumbre de las abominaciones, vendrá el desolador, hasta",DAN9-V27-F10,DAN9-V27-F10-VARIANTS,verified,
DAN9-0115,DANIEL7-12,DAN9,"PDF p.21, Daniel 9:20",true_false,expert,"Gabriel, sacrificio de la tarde y muy amado","Según PDF p.21, Daniel 9:20, en el pasaje sobre Gabriel, sacrificio de la tarde y muy amado, determine si el detalle entre corchetes hace verdadera o falsa esta afirmación: «Aún estaba hablando, ⟦mirando⟧ y confesando mi pecado y el pecado de mi pueblo Israel, y derramaba mi ruego delante de Jehová, mi Dios, por el monte santo de mi Dios;»","[""Verdadero"", ""Falso""]",1,Falso,"La afirmación cambia «orando». La corrección exacta es: «Aún estaba hablando, orando y confesando mi pecado y el pecado de mi pueblo Israel, y derramaba mi ruego delante de Jehová, mi Dios, por el monte santo de mi Dios;»","Aún estaba hablando, orando y confesando mi pecado y el pecado",DAN9-V20-F04,DAN9-V20-F04-VARIANTS,verified,"Aún estaba hablando, orando y confesando mi pecado y el pecado de mi pueblo Israel, y derramaba mi ruego delante de Jehová, mi Dios, por el monte santo de mi Dios;"
DAN9-0116,DANIEL7-12,DAN9,"PDF p.21, Daniel 9:21",fill_blank,hard,"Gabriel, sacrificio de la tarde y muy amado","Según PDF p.21, Daniel 9:21, en el pasaje sobre Gabriel, sacrificio de la tarde y muy amado, complete la formulación del PDF: «aún estaba hablando en _____, cuando el varón Gabriel, a quien había visto en la visión, al principio, volando con presteza vino a mí como a la hora del sacrificio de la tarde.»","[""capital"", ""oración"", ""heredad"", ""segunda""]",1,oración,"El PDF emplea la expresión «oración» en este contexto: «aún estaba hablando en oración, cuando el varón Gabriel, a quien había».","aún estaba hablando en oración, cuando el varón Gabriel, a quien había",DAN9-V21-F04,DAN9-V21-F04-VARIANTS,verified,
DAN9-0117,DANIEL7-12,DAN9,"PDF p.21, Daniel 9:22",multiple_choice,medium,"Gabriel, sacrificio de la tarde y muy amado","Según PDF p.21, Daniel 9:22, en el pasaje sobre Gabriel, sacrificio de la tarde y muy amado, ¿Cuál opción conserva el dato exacto de la fuente? Marco: «Me hizo entender, y [DETALLE] conmigo diciendo: “Daniel, ahora he salido para»","[""Me hizo entender, y ahora conmigo diciendo: “Daniel, ahora he salido para"", ""Me hizo entender, y causa conmigo diciendo: “Daniel, ahora he salido para"", ""Me hizo entender, y cerca conmigo diciendo: “Daniel, ahora he salido para"", ""Me hizo entender, y habló conmigo diciendo: “Daniel, ahora he salido para""]",3,"Me hizo entender, y habló conmigo diciendo: “Daniel, ahora he salido para","La opción correcta conserva el detalle «habló» tal como aparece en la fuente: «Me hizo entender, y habló conmigo diciendo: “Daniel, ahora he salido para».","Me hizo entender, y habló conmigo diciendo: “Daniel, ahora he salido para",DAN9-V22-F04,DAN9-V22-F04-VARIANTS,verified,
DAN9-0118,DANIEL7-12,DAN9,"PDF p.21, Daniel 9:23",true_false,medium,"Gabriel, sacrificio de la tarde y muy amado","Según PDF p.21, Daniel 9:23, en el pasaje sobre Gabriel, sacrificio de la tarde y muy amado, determine si el detalle entre corchetes hace verdadera o falsa esta afirmación: «Al principio de tus ⟦ruegos⟧ fue dada la orden, y yo he venido para enseñártela, porque tú eres muy amado.»","[""Verdadero"", ""Falso""]",0,Verdadero,"La afirmación coincide con el PDF: «Al principio de tus ruegos fue dada la orden, y yo he».","Al principio de tus ruegos fue dada la orden, y yo he",DAN9-V23-F04,DAN9-V23-F04-VARIANTS,verified,
DAN9-0119,DANIEL7-12,DAN9,"PDF p.21, Daniel 9:24",fill_blank,hard,"setenta semanas, Mesías, pacto y desolación","Según PDF p.21, Daniel 9:24, en el pasaje sobre setenta semanas, Mesías, pacto y desolación, complete la formulación del PDF: «”Setenta semanas están determinadas sobre tu pueblo y sobre tu santa ciudad, para terminar la prevaricación, poner fin al pecado y expiar la _____, para traer la justicia perdurable, sellar la visión y la profecía y ungir al Santo de los santos.»","[""confesión"", ""confusión"", ""iniquidad"", ""eternidad""]",2,iniquidad,"El PDF emplea la expresión «iniquidad» en este contexto: «al pecado y expiar la iniquidad, para traer la justicia perdurable, sellar la».","al pecado y expiar la iniquidad, para traer la justicia perdurable, sellar la",DAN9-V24-F04,DAN9-V24-F04-VARIANTS,verified,
DAN9-0120,DANIEL7-12,DAN9,"PDF p.21, Daniel 9:25",multiple_choice,easy,"setenta semanas, Mesías, pacto y desolación","Según PDF p.21, Daniel 9:25, en el pasaje sobre setenta semanas, Mesías, pacto y desolación, ¿Qué expresión completa correctamente el detalle señalado? Marco: «para restaurar y edificar a [DETALLE] hasta el Mesías Príncipe, habrá siete semanas»","[""para restaurar y edificar a Jerusalén hasta el Mesías Príncipe, habrá siete semanas"", ""para restaurar y edificar a Babilonia hasta el Mesías Príncipe, habrá siete semanas"", ""para restaurar y edificar a Jerusalem hasta el Mesías Príncipe, habrá siete semanas"", ""para restaurar y edificar a Atenas hasta el Mesías Príncipe, habrá siete semanas""]",0,"para restaurar y edificar a Jerusalén hasta el Mesías Príncipe, habrá siete semanas","La opción correcta conserva el detalle «Jerusalén» tal como aparece en la fuente: «para restaurar y edificar a Jerusalén hasta el Mesías Príncipe, habrá siete semanas».","para restaurar y edificar a Jerusalén hasta el Mesías Príncipe, habrá siete semanas",DAN9-V25-F04,DAN9-V25-F04-VARIANTS,verified,
DAN9-0121,DANIEL7-12,DAN9,"PDF p.21, Daniel 9:26",true_false,hard,"setenta semanas, Mesías, pacto y desolación","Según PDF p.21, Daniel 9:26, en el pasaje sobre setenta semanas, Mesías, pacto y desolación, determine si el detalle entre corchetes hace verdadera o falsa esta afirmación: «El pueblo de un príncipe que ha de venir destruirá la ciudad y el santuario, su final llegará como una ⟦inundación⟧, y hasta el fin de la guerra durarán las devastaciones.»","[""Verdadero"", ""Falso""]",0,Verdadero,"La afirmación coincide con el PDF: «su final llegará como una inundación, y hasta el fin de la guerra».","su final llegará como una inundación, y hasta el fin de la guerra",DAN9-V26-F09,DAN9-V26-F09-VARIANTS,verified,
DAN9-0122,DANIEL7-12,DAN9,"PDF p.21, Daniel 9:27",fill_blank,hard,"setenta semanas, Mesías, pacto y desolación","Según PDF p.21, Daniel 9:27, en el pasaje sobre setenta semanas, Mesías, pacto y desolación, complete la formulación del PDF: «Después, con la muchedumbre de las _____, vendrá el desolador, hasta que venga la consumación y lo que está determinado se derrame sobre el desolador.”»","[""devastaciones"", ""fortalezas"", ""estrellas"", ""abominaciones""]",3,abominaciones,"El PDF emplea la expresión «abominaciones» en este contexto: «con la muchedumbre de las abominaciones, vendrá el desolador, hasta que venga la».","con la muchedumbre de las abominaciones, vendrá el desolador, hasta que venga la",DAN9-V27-F11,DAN9-V27-F11-VARIANTS,verified,
DAN9-0123,DANIEL7-12,DAN9,"PDF p.21, Daniel 9:20",multiple_choice,hard,"Gabriel, sacrificio de la tarde y muy amado","Según PDF p.21, Daniel 9:20, en el pasaje sobre Gabriel, sacrificio de la tarde y muy amado, ¿Qué opción restituye con precisión la relación descrita? Marco: «hablando, orando y confesando mi [DETALLE] y el pecado de mi pueblo Israel»","[""hablando, orando y confesando mi salido y el pecado de mi pueblo Israel"", ""hablando, orando y confesando mi pecado y el pecado de mi pueblo Israel"", ""hablando, orando y confesando mi venido y el pecado de mi pueblo Israel"", ""hablando, orando y confesando mi dormido y el pecado de mi pueblo Israel""]",1,"hablando, orando y confesando mi pecado y el pecado de mi pueblo Israel","La opción correcta conserva el detalle «pecado» tal como aparece en la fuente: «hablando, orando y confesando mi pecado y el pecado de mi pueblo Israel».","hablando, orando y confesando mi pecado y el pecado de mi pueblo Israel",DAN9-V20-F05,DAN9-V20-F05-VARIANTS,verified,
DAN9-0124,DANIEL7-12,DAN9,"PDF p.21, Daniel 9:21",true_false,hard,"Gabriel, sacrificio de la tarde y muy amado","Según PDF p.21, Daniel 9:21, en el pasaje sobre Gabriel, sacrificio de la tarde y muy amado, determine si el detalle entre corchetes hace verdadera o falsa esta afirmación: «aún estaba hablando en oración, cuando el ⟦cielo⟧ Gabriel, a quien había visto en la visión, al principio, volando con presteza vino a mí como a la hora del sacrificio de la tarde.»","[""Verdadero"", ""Falso""]",1,Falso,"La afirmación cambia «varón». La corrección exacta es: «aún estaba hablando en oración, cuando el varón Gabriel, a quien había visto en la visión, al principio, volando con presteza vino a mí como a la hora del sacrificio de la tarde.»","hablando en oración, cuando el varón Gabriel, a quien había visto en la",DAN9-V21-F05,DAN9-V21-F05-VARIANTS,verified,"aún estaba hablando en oración, cuando el varón Gabriel, a quien había visto en la visión, al principio, volando con presteza vino a mí como a la hora del sacrificio de la tarde."
DAN9-0125,DANIEL7-12,DAN9,"PDF p.21, Daniel 9:22",fill_blank,easy,"Gabriel, sacrificio de la tarde y muy amado","Según PDF p.21, Daniel 9:22, en el pasaje sobre Gabriel, sacrificio de la tarde y muy amado, complete la formulación del PDF: «Me hizo entender, y habló _____ diciendo: “Daniel, ahora he salido para darte sabiduría y entendimiento.»","[""conmigo"", ""delante"", ""dominio"", ""duermen""]",0,conmigo,"El PDF emplea la expresión «conmigo» en este contexto: «Me hizo entender, y habló conmigo diciendo: “Daniel, ahora he salido para darte».","Me hizo entender, y habló conmigo diciendo: “Daniel, ahora he salido para darte",DAN9-V22-F05,DAN9-V22-F05-VARIANTS,verified,
DAN9-0126,DANIEL7-12,DAN9,"PDF p.21, Daniel 9:23",multiple_choice,medium,"Gabriel, sacrificio de la tarde y muy amado","Según PDF p.21, Daniel 9:23, en el pasaje sobre Gabriel, sacrificio de la tarde y muy amado, ¿Cuál opción conserva el dato exacto de la fuente? Marco: «tus ruegos fue dada la [DETALLE], y yo he venido para enseñártela, porque»","[""tus ruegos fue dada la caída, y yo he venido para enseñártela, porque"", ""tus ruegos fue dada la cuarta, y yo he venido para enseñártela, porque"", ""tus ruegos fue dada la orden, y yo he venido para enseñártela, porque"", ""tus ruegos fue dada la nación, y yo he venido para enseñártela, porque""]",2,"tus ruegos fue dada la orden, y yo he venido para enseñártela, porque","La opción correcta conserva el detalle «orden» tal como aparece en la fuente: «tus ruegos fue dada la orden, y yo he venido para enseñártela, porque».","tus ruegos fue dada la orden, y yo he venido para enseñártela, porque",DAN9-V23-F05,DAN9-V23-F05-VARIANTS,verified,
DAN9-0127,DANIEL7-12,DAN9,"PDF p.21, Daniel 9:24",true_false,hard,"setenta semanas, Mesías, pacto y desolación","Según PDF p.21, Daniel 9:24, en el pasaje sobre setenta semanas, Mesías, pacto y desolación, determine si el detalle entre corchetes hace verdadera o falsa esta afirmación: «”Setenta semanas están determinadas sobre tu pueblo y sobre tu santa ciudad, para terminar la prevaricación, poner fin al pecado y expiar la iniquidad, para traer la justicia ⟦perdurable⟧, sellar la visión y la profecía y ungir al Santo de los santos.»","[""Verdadero"", ""Falso""]",0,Verdadero,"La afirmación coincide con el PDF: «iniquidad, para traer la justicia perdurable, sellar la visión y la profecía y».","iniquidad, para traer la justicia perdurable, sellar la visión y la profecía y",DAN9-V24-F05,DAN9-V24-F05-VARIANTS,verified,
DAN9-0128,DANIEL7-12,DAN9,"PDF p.21, Daniel 9:25",fill_blank,easy,"setenta semanas, Mesías, pacto y desolación","Según PDF p.21, Daniel 9:25, en el pasaje sobre setenta semanas, Mesías, pacto y desolación, complete la formulación del PDF: «se volverán a edificar la plaza y el muro en tiempos _____.»","[""trescientas"", ""angustiosos"", ""desolaciones"", ""diferentes""]",1,angustiosos,El PDF emplea la expresión «angustiosos» en este contexto: «y el muro en tiempos angustiosos».,y el muro en tiempos angustiosos,DAN9-V25-F13,DAN9-V25-F13-VARIANTS,verified,
DAN9-0129,DANIEL7-12,DAN9,"PDF p.21, Daniel 9:26",multiple_choice,hard,"setenta semanas, Mesías, pacto y desolación","Según PDF p.21, Daniel 9:26, en el pasaje sobre setenta semanas, Mesías, pacto y desolación, ¿Qué opción restituye con precisión la relación descrita? Marco: «de la guerra durarán las [DETALLE]»","[""de la guerra durarán las abominaciones"", ""de la guerra durarán las fortalezas"", ""de la guerra durarán las estrellas"", ""de la guerra durarán las devastaciones""]",3,de la guerra durarán las devastaciones,La opción correcta conserva el detalle «devastaciones» tal como aparece en la fuente: «de la guerra durarán las devastaciones».,de la guerra durarán las devastaciones,DAN9-V26-F10,DAN9-V26-F10-VARIANTS,verified,
DAN9-0130,DANIEL7-12,DAN9,"PDF p.21, Daniel 9:27",true_false,hard,"setenta semanas, Mesías, pacto y desolación","Según PDF p.21, Daniel 9:27, en el pasaje sobre setenta semanas, Mesías, pacto y desolación, determine si el detalle entre corchetes hace verdadera o falsa esta afirmación: «Después, con la muchedumbre de las abominaciones, vendrá el ⟦conflicto⟧, hasta que venga la consumación y lo que está determinado se derrame sobre el desolador.”»","[""Verdadero"", ""Falso""]",1,Falso,"La afirmación cambia «desolador». La corrección exacta es: «Después, con la muchedumbre de las abominaciones, vendrá el desolador, hasta que venga la consumación y lo que está determinado se derrame sobre el desolador.”»","de las abominaciones, vendrá el desolador, hasta que venga la consumación y lo",DAN9-V27-F12,DAN9-V27-F12-VARIANTS,verified,"Después, con la muchedumbre de las abominaciones, vendrá el desolador, hasta que venga la consumación y lo que está determinado se derrame sobre el desolador.”"
DAN9-0131,DANIEL7-12,DAN9,"PDF p.21, Daniel 9:20",fill_blank,hard,"Gabriel, sacrificio de la tarde y muy amado","Según PDF p.21, Daniel 9:20, en el pasaje sobre Gabriel, sacrificio de la tarde y muy amado, complete la formulación del PDF: «Aún estaba hablando, orando y confesando mi pecado y el pecado de mi pueblo _____, y derramaba mi ruego delante de Jehová, mi Dios, por el monte santo de mi Dios;»","[""cabrío"", ""cierra"", ""Israel"", ""creció""]",2,Israel,"El PDF emplea la expresión «Israel» en este contexto: «el pecado de mi pueblo Israel, y derramaba mi ruego delante de Jehová».","el pecado de mi pueblo Israel, y derramaba mi ruego delante de Jehová",DAN9-V20-F06,DAN9-V20-F06-VARIANTS,verified,
DAN9-0132,DANIEL7-12,DAN9,"PDF p.21, Daniel 9:21",multiple_choice,easy,"Gabriel, sacrificio de la tarde y muy amado","Según PDF p.21, Daniel 9:21, en el pasaje sobre Gabriel, sacrificio de la tarde y muy amado, ¿Qué expresión completa correctamente el detalle señalado? Marco: «en oración, cuando el varón [DETALLE], a quien había visto en la visión»","[""en oración, cuando el varón Gabriel, a quien había visto en la visión"", ""en oración, cuando el varón Sadrach, a quien había visto en la visión"", ""en oración, cuando el varón Asuero, a quien había visto en la visión"", ""en oración, cuando el varón Belsasar, a quien había visto en la visión""]",0,"en oración, cuando el varón Gabriel, a quien había visto en la visión","La opción correcta conserva el detalle «Gabriel» tal como aparece en la fuente: «en oración, cuando el varón Gabriel, a quien había visto en la visión».","en oración, cuando el varón Gabriel, a quien había visto en la visión",DAN9-V21-F06,DAN9-V21-F06-VARIANTS,verified,
DAN9-0133,DANIEL7-12,DAN9,"PDF p.21, Daniel 9:22",true_false,hard,"Gabriel, sacrificio de la tarde y muy amado","Según PDF p.21, Daniel 9:22, en el pasaje sobre Gabriel, sacrificio de la tarde y muy amado, determine si el detalle entre corchetes hace verdadera o falsa esta afirmación: «Me hizo entender, y habló conmigo ⟦hablando⟧: “Daniel, ahora he salido para darte sabiduría y entendimiento.»","[""Verdadero"", ""Falso""]",1,Falso,"La afirmación cambia «diciendo». La corrección exacta es: «Me hizo entender, y habló conmigo diciendo: “Daniel, ahora he salido para darte sabiduría y entendimiento.»","hizo entender, y habló conmigo diciendo: “Daniel, ahora he salido para darte sabiduría",DAN9-V22-F06,DAN9-V22-F06-VARIANTS,verified,"Me hizo entender, y habló conmigo diciendo: “Daniel, ahora he salido para darte sabiduría y entendimiento."
DAN9-0134,DANIEL7-12,DAN9,"PDF p.21, Daniel 9:23",fill_blank,medium,"Gabriel, sacrificio de la tarde y muy amado","Según PDF p.21, Daniel 9:23, en el pasaje sobre Gabriel, sacrificio de la tarde y muy amado, complete la formulación del PDF: «Al principio de tus ruegos fue dada la orden, y yo he _____ para enseñártela, porque tú eres muy amado.»","[""pecado"", ""salido"", ""dormido"", ""venido""]",3,venido,"El PDF emplea la expresión «venido» en este contexto: «la orden, y yo he venido para enseñártela, porque tú eres muy amado».","la orden, y yo he venido para enseñártela, porque tú eres muy amado",DAN9-V23-F06,DAN9-V23-F06-VARIANTS,verified,
DAN9-0135,DANIEL7-12,DAN9,"PDF p.21, Daniel 9:24",multiple_choice,hard,"setenta semanas, Mesías, pacto y desolación","Según PDF p.21, Daniel 9:24, en el pasaje sobre setenta semanas, Mesías, pacto y desolación, ¿Qué opción restituye con precisión la relación descrita? Marco: «Setenta semanas [DETALLE] determinadas sobre tu pueblo y sobre tu»","[""Setenta semanas ahora determinadas sobre tu pueblo y sobre tu"", ""Setenta semanas están determinadas sobre tu pueblo y sobre tu"", ""Setenta semanas causa determinadas sobre tu pueblo y sobre tu"", ""Setenta semanas cerca determinadas sobre tu pueblo y sobre tu""]",1,Setenta semanas están determinadas sobre tu pueblo y sobre tu,La opción correcta conserva el detalle «están» tal como aparece en la fuente: «Setenta semanas están determinadas sobre tu pueblo y sobre tu».,Setenta semanas están determinadas sobre tu pueblo y sobre tu,DAN9-V24-F06,DAN9-V24-F06-VARIANTS,verified,
DAN9-0136,DANIEL7-12,DAN9,"PDF p.21, Daniel 9:25",true_false,hard,"setenta semanas, Mesías, pacto y desolación","Según PDF p.21, Daniel 9:25, en el pasaje sobre setenta semanas, Mesías, pacto y desolación, determine si el detalle entre corchetes hace verdadera o falsa esta afirmación: «Sabe, pues, y ⟦entiende⟧ que desde la salida de la orden para restaurar y edificar a Jerusalén hasta el Mesías Príncipe, habrá siete semanas y sesenta y dos semanas»","[""Verdadero"", ""Falso""]",0,Verdadero,"La afirmación coincide con el PDF: «Sabe, pues, y entiende que desde la salida de la orden».","Sabe, pues, y entiende que desde la salida de la orden",DAN9-V25-F05,DAN9-V25-F05-VARIANTS,verified,
DAN9-0137,DANIEL7-12,DAN9,"PDF p.21, Daniel 9:26",fill_blank,medium,"setenta semanas, Mesías, pacto y desolación","Según PDF p.21, Daniel 9:26, en el pasaje sobre setenta semanas, Mesías, pacto y desolación, complete la formulación del PDF: «Después de las sesenta y dos _____ se quitará la vida al Mesías, y nada ya le quedará.»","[""semanas"", ""después"", ""grandes"", ""mañanas""]",0,semanas,"El PDF emplea la expresión «semanas» en este contexto: «de las sesenta y dos semanas se quitará la vida al Mesías, y».","de las sesenta y dos semanas se quitará la vida al Mesías, y",DAN9-V26-F02,DAN9-V26-F02-VARIANTS,verified,
DAN9-0138,DANIEL7-12,DAN9,"PDF p.21, Daniel 9:27",multiple_choice,hard,"setenta semanas, Mesías, pacto y desolación","Según PDF p.21, Daniel 9:27, en el pasaje sobre setenta semanas, Mesías, pacto y desolación, ¿Qué opción restituye con precisión la relación descrita? Marco: «desolador, hasta que venga la [DETALLE] y lo que está determinado se derrame»","[""desolador, hasta que venga la muchedumbre y lo que está determinado se derrame"", ""desolador, hasta que venga la cautividad y lo que está determinado se derrame"", ""desolador, hasta que venga la consumación y lo que está determinado se derrame"", ""desolador, hasta que venga la dispersión y lo que está determinado se derrame""]",2,"desolador, hasta que venga la consumación y lo que está determinado se derrame","La opción correcta conserva el detalle «consumación» tal como aparece en la fuente: «desolador, hasta que venga la consumación y lo que está determinado se derrame».","desolador, hasta que venga la consumación y lo que está determinado se derrame",DAN9-V27-F13,DAN9-V27-F13-VARIANTS,verified,
DAN9-0139,DANIEL7-12,DAN9,"PDF p.21, Daniel 9:20",true_false,hard,"Gabriel, sacrificio de la tarde y muy amado","Según PDF p.21, Daniel 9:20, en el pasaje sobre Gabriel, sacrificio de la tarde y muy amado, determine si el detalle entre corchetes hace verdadera o falsa esta afirmación: «Aún estaba hablando, orando y confesando mi pecado y el pecado de mi pueblo Israel, y derramaba mi ⟦ahora⟧ delante de Jehová, mi Dios, por el monte santo de mi Dios;»","[""Verdadero"", ""Falso""]",1,Falso,"La afirmación cambia «ruego». La corrección exacta es: «Aún estaba hablando, orando y confesando mi pecado y el pecado de mi pueblo Israel, y derramaba mi ruego delante de Jehová, mi Dios, por el monte santo de mi Dios;»","pueblo Israel, y derramaba mi ruego delante de Jehová, mi Dios, por el",DAN9-V20-F07,DAN9-V20-F07-VARIANTS,verified,"Aún estaba hablando, orando y confesando mi pecado y el pecado de mi pueblo Israel, y derramaba mi ruego delante de Jehová, mi Dios, por el monte santo de mi Dios;"
DAN9-0140,DANIEL7-12,DAN9,"PDF p.21, Daniel 9:21",fill_blank,hard,"Gabriel, sacrificio de la tarde y muy amado","Según PDF p.21, Daniel 9:21, en el pasaje sobre Gabriel, sacrificio de la tarde y muy amado, complete la formulación del PDF: «aún estaba hablando en oración, cuando el varón Gabriel, a _____ había visto en la visión, al principio, volando con presteza vino a mí como a la hora del sacrificio de la tarde.»","[""ahora"", ""quien"", ""causa"", ""cerca""]",1,quien,"El PDF emplea la expresión «quien» en este contexto: «cuando el varón Gabriel, a quien había visto en la visión, al principio».","cuando el varón Gabriel, a quien había visto en la visión, al principio",DAN9-V21-F07,DAN9-V21-F07-VARIANTS,verified,
DAN9-0141,DANIEL7-12,DAN9,"PDF p.21, Daniel 9:22",multiple_choice,medium,"Gabriel, sacrificio de la tarde y muy amado","Según PDF p.21, Daniel 9:22, en el pasaje sobre Gabriel, sacrificio de la tarde y muy amado, ¿Cuál opción conserva el dato exacto de la fuente? Marco: «y habló conmigo diciendo: “Daniel, [DETALLE] he salido para darte sabiduría y entendimiento»","[""y habló conmigo diciendo: “Daniel, causa he salido para darte sabiduría y entendimiento"", ""y habló conmigo diciendo: “Daniel, cerca he salido para darte sabiduría y entendimiento"", ""y habló conmigo diciendo: “Daniel, coman he salido para darte sabiduría y entendimiento"", ""y habló conmigo diciendo: “Daniel, ahora he salido para darte sabiduría y entendimiento""]",3,"y habló conmigo diciendo: “Daniel, ahora he salido para darte sabiduría y entendimiento","La opción correcta conserva el detalle «ahora» tal como aparece en la fuente: «y habló conmigo diciendo: “Daniel, ahora he salido para darte sabiduría y entendimiento».","y habló conmigo diciendo: “Daniel, ahora he salido para darte sabiduría y entendimiento",DAN9-V22-F07,DAN9-V22-F07-VARIANTS,verified,
DAN9-0142,DANIEL7-12,DAN9,"PDF p.21, Daniel 9:23",true_false,easy,"Gabriel, sacrificio de la tarde y muy amado","Según PDF p.21, Daniel 9:23, en el pasaje sobre Gabriel, sacrificio de la tarde y muy amado, determine si el detalle entre corchetes hace verdadera o falsa esta afirmación: «Entiende, pues, la ⟦orden⟧, y entiende la visión.»","[""Verdadero"", ""Falso""]",0,Verdadero,"La afirmación coincide con el PDF: «Entiende, pues, la orden, y entiende la visión».","Entiende, pues, la orden, y entiende la visión",DAN9-V23-F07,DAN9-V23-F07-VARIANTS,verified,
DAN9-0143,DANIEL7-12,DAN9,"PDF p.21, Daniel 9:24",fill_blank,hard,"setenta semanas, Mesías, pacto y desolación","Según PDF p.21, Daniel 9:24, en el pasaje sobre setenta semanas, Mesías, pacto y desolación, complete la formulación del PDF: «”Setenta semanas están determinadas sobre tu pueblo y sobre tu _____ ciudad, para terminar la prevaricación, poner fin al pecado y expiar la iniquidad, para traer la justicia perdurable, sellar la visión y la profecía y ungir al Santo de los santos.»","[""ahora"", ""causa"", ""santa"", ""cerca""]",2,santa,"El PDF emplea la expresión «santa» en este contexto: «tu pueblo y sobre tu santa ciudad, para terminar la prevaricación, poner fin».","tu pueblo y sobre tu santa ciudad, para terminar la prevaricación, poner fin",DAN9-V24-F07,DAN9-V24-F07-VARIANTS,verified,
DAN9-0144,DANIEL7-12,DAN9,"PDF p.21, Daniel 9:25",multiple_choice,hard,"setenta semanas, Mesías, pacto y desolación","Según PDF p.21, Daniel 9:25, en el pasaje sobre setenta semanas, Mesías, pacto y desolación, ¿Qué opción restituye con precisión la relación descrita? Marco: «y entiende que desde la [DETALLE] de la orden para restaurar y edificar»","[""y entiende que desde la salida de la orden para restaurar y edificar"", ""y entiende que desde la cuarta de la orden para restaurar y edificar"", ""y entiende que desde la nación de la orden para restaurar y edificar"", ""y entiende que desde la ribera de la orden para restaurar y edificar""]",0,y entiende que desde la salida de la orden para restaurar y edificar,La opción correcta conserva el detalle «salida» tal como aparece en la fuente: «y entiende que desde la salida de la orden para restaurar y edificar».,y entiende que desde la salida de la orden para restaurar y edificar,DAN9-V25-F06,DAN9-V25-F06-VARIANTS,verified,
DAN9-0145,DANIEL7-12,DAN9,"PDF p.21, Daniel 9:26",true_false,hard,"setenta semanas, Mesías, pacto y desolación","Según PDF p.21, Daniel 9:26, en el pasaje sobre setenta semanas, Mesías, pacto y desolación, determine si el detalle entre corchetes hace verdadera o falsa esta afirmación: «Después de las sesenta y dos semanas se ⟦elevará⟧ la vida al Mesías, y nada ya le quedará.»","[""Verdadero"", ""Falso""]",1,Falso,"La afirmación cambia «quitará». La corrección exacta es: «Después de las sesenta y dos semanas se quitará la vida al Mesías, y nada ya le quedará.»","sesenta y dos semanas se quitará la vida al Mesías, y nada ya",DAN9-V26-F03,DAN9-V26-F03-VARIANTS,verified,"Después de las sesenta y dos semanas se quitará la vida al Mesías, y nada ya le quedará."
DAN9-0146,DANIEL7-12,DAN9,"PDF p.21, Daniel 9:27",fill_blank,hard,"setenta semanas, Mesías, pacto y desolación","Según PDF p.21, Daniel 9:27, en el pasaje sobre setenta semanas, Mesías, pacto y desolación, complete la formulación del PDF: «Después, con la muchedumbre de las abominaciones, vendrá el desolador, hasta que venga la consumación y lo que está _____ se derrame sobre el desolador.”»","[""despertados"", ""fortalecido"", ""purificados"", ""determinado""]",3,determinado,El PDF emplea la expresión «determinado» en este contexto: «consumación y lo que está determinado se derrame sobre el desolador».,consumación y lo que está determinado se derrame sobre el desolador,DAN9-V27-F14,DAN9-V27-F14-VARIANTS,verified,
DAN9-0147,DANIEL7-12,DAN9,"PDF p.21, Daniel 9:20",multiple_choice,hard,"Gabriel, sacrificio de la tarde y muy amado","Según PDF p.21, Daniel 9:20, en el pasaje sobre Gabriel, sacrificio de la tarde y muy amado, ¿Qué opción restituye con precisión la relación descrita? Marco: «Israel, y derramaba mi ruego [DETALLE] de Jehová, mi Dios, por el monte»","[""Israel, y derramaba mi ruego conmigo de Jehová, mi Dios, por el monte"", ""Israel, y derramaba mi ruego delante de Jehová, mi Dios, por el monte"", ""Israel, y derramaba mi ruego dominio de Jehová, mi Dios, por el monte"", ""Israel, y derramaba mi ruego duermen de Jehová, mi Dios, por el monte""]",1,"Israel, y derramaba mi ruego delante de Jehová, mi Dios, por el monte","La opción correcta conserva el detalle «delante» tal como aparece en la fuente: «Israel, y derramaba mi ruego delante de Jehová, mi Dios, por el monte».","Israel, y derramaba mi ruego delante de Jehová, mi Dios, por el monte",DAN9-V20-F08,DAN9-V20-F08-VARIANTS,verified,
DAN9-0148,DANIEL7-12,DAN9,"PDF p.21, Daniel 9:21",true_false,expert,"Gabriel, sacrificio de la tarde y muy amado","Según PDF p.21, Daniel 9:21, en el pasaje sobre Gabriel, sacrificio de la tarde y muy amado, determine si el detalle entre corchetes hace verdadera o falsa esta afirmación: «aún estaba hablando en oración, cuando el varón Gabriel, a quien ⟦decía⟧ visto en la visión, al principio, volando con presteza vino a mí como a la hora del sacrificio de la tarde.»","[""Verdadero"", ""Falso""]",1,Falso,"La afirmación cambia «había». La corrección exacta es: «aún estaba hablando en oración, cuando el varón Gabriel, a quien había visto en la visión, al principio, volando con presteza vino a mí como a la hora del sacrificio de la tarde.»","el varón Gabriel, a quien había visto en la visión, al principio, volando",DAN9-V21-F08,DAN9-V21-F08-VARIANTS,verified,"aún estaba hablando en oración, cuando el varón Gabriel, a quien había visto en la visión, al principio, volando con presteza vino a mí como a la hora del sacrificio de la tarde."
DAN9-0149,DANIEL7-12,DAN9,"PDF p.21, Daniel 9:22",fill_blank,medium,"Gabriel, sacrificio de la tarde y muy amado","Según PDF p.21, Daniel 9:22, en el pasaje sobre Gabriel, sacrificio de la tarde y muy amado, complete la formulación del PDF: «Me hizo entender, y habló conmigo diciendo: “Daniel, ahora he _____ para darte sabiduría y entendimiento.»","[""salido"", ""pecado"", ""venido"", ""dormido""]",0,salido,"El PDF emplea la expresión «salido» en este contexto: «conmigo diciendo: “Daniel, ahora he salido para darte sabiduría y entendimiento».","conmigo diciendo: “Daniel, ahora he salido para darte sabiduría y entendimiento",DAN9-V22-F08,DAN9-V22-F08-VARIANTS,verified,
DAN9-0150,DANIEL7-12,DAN9,"PDF p.21, Daniel 9:20",true_false,hard,"Gabriel, sacrificio de la tarde y muy amado","Según PDF p.21, Daniel 9:20, en el pasaje sobre Gabriel, sacrificio de la tarde y muy amado, determine si el detalle entre corchetes hace verdadera o falsa esta afirmación: «Aún estaba hablando, orando y ⟦confesando⟧ mi pecado y el pecado de mi pueblo Israel, y derramaba mi ruego delante de Jehová, mi Dios, por el monte santo de mi Dios;»","[""Verdadero"", ""Falso""]",0,Verdadero,"La afirmación coincide con el PDF: «Aún estaba hablando, orando y confesando mi pecado y el pecado de mi».","Aún estaba hablando, orando y confesando mi pecado y el pecado de mi",DAN9-V20-F01,DAN9-V20-F01-VARIANTS,verified,
DAN9-0151,DANIEL7-12,DAN9,"PDF p.21, Daniel 9:21",multiple_choice,expert,"Gabriel, sacrificio de la tarde y muy amado","Según PDF p.21, Daniel 9:21, en el pasaje sobre Gabriel, sacrificio de la tarde y muy amado, ¿Cuál opción mantiene sin alterar el detalle y el orden de la fuente? Marco: «como a la hora del [DETALLE]»","[""como a la hora del dios de las fortalezas"", ""como a la hora del blanco como la nieve"", ""como a la hora del sacrificio de la tarde"", ""como a la hora del Príncipe de los príncipes""]",2,como a la hora del sacrificio de la tarde,La opción correcta conserva el detalle «sacrificio de la tarde» tal como aparece en la fuente: «como a la hora del sacrificio de la tarde».,como a la hora del sacrificio de la tarde,DAN9-V21-F01,DAN9-V21-F01-VARIANTS,verified,
DAN9-0152,DANIEL7-12,DAN9,"PDF p.21, Daniel 9:22",fill_blank,medium,"Gabriel, sacrificio de la tarde y muy amado","Según PDF p.21, Daniel 9:22, en el pasaje sobre Gabriel, sacrificio de la tarde y muy amado, complete la formulación del PDF: «Me hizo entender, y habló conmigo diciendo: “Daniel, ahora he salido para darte _____ y entendimiento.»","[""combatían"", ""sabiduría"", ""derramaba"", ""justicias""]",1,sabiduría,El PDF emplea la expresión «sabiduría» en este contexto: «ahora he salido para darte sabiduría y entendimiento».,ahora he salido para darte sabiduría y entendimiento,DAN9-V22-F01,DAN9-V22-F01-VARIANTS,verified,
DAN9-0153,DANIEL7-12,DAN9,"PDF p.21, Daniel 9:23",multiple_choice,expert,"Gabriel, sacrificio de la tarde y muy amado","Según PDF p.21, Daniel 9:23, en el pasaje sobre Gabriel, sacrificio de la tarde y muy amado, ¿Cuál opción mantiene sin alterar el detalle y el orden de la fuente? Marco: «para enseñártela, porque tú eres [DETALLE]»","[""para enseñártela, porque tú eres gran mar"", ""para enseñártela, porque tú eres pacto santo"", ""para enseñártela, porque tú eres reino eterno"", ""para enseñártela, porque tú eres muy amado""]",3,"para enseñártela, porque tú eres muy amado","La opción correcta conserva el detalle «muy amado» tal como aparece en la fuente: «para enseñártela, porque tú eres muy amado».","para enseñártela, porque tú eres muy amado",DAN9-V23-F01,DAN9-V23-F01-VARIANTS,verified,
DAN9-0154,DANIEL7-12,DAN9,"PDF p.21, Daniel 9:24",true_false,expert,"setenta semanas, Mesías, pacto y desolación","Según PDF p.21, Daniel 9:24, en el pasaje sobre setenta semanas, Mesías, pacto y desolación, determine si el detalle entre corchetes hace verdadera o falsa esta afirmación: «”⟦cuatro cabezas⟧ están determinadas sobre tu pueblo y sobre tu santa ciudad, para terminar la prevaricación, poner fin al pecado y expiar la iniquidad, para traer la justicia perdurable, sellar la visión y la profecía y ungir al Santo de los santos.»","[""Verdadero"", ""Falso""]",1,Falso,"La afirmación cambia «Setenta semanas». La corrección exacta es: «”Setenta semanas están determinadas sobre tu pueblo y sobre tu santa ciudad, para terminar la prevaricación, poner fin al pecado y expiar la iniquidad, para traer la justicia perdurable, sellar la visión y la profecía y ungir al Santo de los santos.»",Setenta semanas están determinadas sobre tu pueblo y sobre,DAN9-V24-F01,DAN9-V24-F01-VARIANTS,verified,"”Setenta semanas están determinadas sobre tu pueblo y sobre tu santa ciudad, para terminar la prevaricación, poner fin al pecado y expiar la iniquidad, para traer la justicia perdurable, sellar la visión y la profecía y ungir al Santo de los santos."
DAN9-0155,DANIEL7-12,DAN9,"PDF p.21, Daniel 9:25",multiple_choice,easy,"setenta semanas, Mesías, pacto y desolación","Según PDF p.21, Daniel 9:25, en el pasaje sobre setenta semanas, Mesías, pacto y desolación, ¿Qué expresión completa correctamente el detalle señalado? Marco: «hasta el Mesías Príncipe, habrá [DETALLE] semanas y sesenta y dos semanas»","[""hasta el Mesías Príncipe, habrá siete semanas y sesenta y dos semanas"", ""hasta el Mesías Príncipe, habrá cuatro semanas y sesenta y dos semanas"", ""hasta el Mesías Príncipe, habrá sesenta semanas y sesenta y dos semanas"", ""hasta el Mesías Príncipe, habrá dos cuernos semanas y sesenta y dos semanas""]",0,"hasta el Mesías Príncipe, habrá siete semanas y sesenta y dos semanas","La opción correcta conserva el detalle «siete» tal como aparece en la fuente: «hasta el Mesías Príncipe, habrá siete semanas y sesenta y dos semanas».","hasta el Mesías Príncipe, habrá siete semanas y sesenta y dos semanas",DAN9-V25-F01,DAN9-V25-F01-VARIANTS,verified,
DAN9-0156,DANIEL7-12,DAN9,"PDF p.21, Daniel 9:26",fill_blank,easy,"setenta semanas, Mesías, pacto y desolación","Según PDF p.21, Daniel 9:26, en el pasaje sobre setenta semanas, Mesías, pacto y desolación, complete la formulación del PDF: «Después de las _____ y dos semanas se quitará la vida al Mesías, y nada ya le quedará.»","[""cuatro"", ""siete"", ""sesenta"", ""dos cuernos""]",2,sesenta,El PDF emplea la expresión «sesenta» en este contexto: «Después de las sesenta y dos semanas se quitará la vida».,Después de las sesenta y dos semanas se quitará la vida,DAN9-V26-F01,DAN9-V26-F01-VARIANTS,verified,
DAN9-0157,DANIEL7-12,DAN9,"PDF p.21, Daniel 9:27",true_false,medium,"setenta semanas, Mesías, pacto y desolación","Según PDF p.21, Daniel 9:27, en el pasaje sobre setenta semanas, Mesías, pacto y desolación, determine si el detalle entre corchetes hace verdadera o falsa esta afirmación: «Por otra semana más ⟦confirmará⟧ el pacto con muchos»","[""Verdadero"", ""Falso""]",0,Verdadero,La afirmación coincide con el PDF: «Por otra semana más confirmará el pacto con muchos».,Por otra semana más confirmará el pacto con muchos,DAN9-V27-F01,DAN9-V27-F01-VARIANTS,verified,
DAN9-0158,DANIEL7-12,DAN9,"PDF p.21, Daniel 9:20",fill_blank,hard,"Gabriel, sacrificio de la tarde y muy amado","Según PDF p.21, Daniel 9:20, en el pasaje sobre Gabriel, sacrificio de la tarde y muy amado, complete la formulación del PDF: «Aún estaba hablando, orando y confesando mi pecado y el pecado de mi pueblo Israel, y _____ mi ruego delante de Jehová, mi Dios, por el monte santo de mi Dios;»","[""combatían"", ""justicias"", ""pisoteaba"", ""derramaba""]",3,derramaba,"El PDF emplea la expresión «derramaba» en este contexto: «de mi pueblo Israel, y derramaba mi ruego delante de Jehová, mi Dios».","de mi pueblo Israel, y derramaba mi ruego delante de Jehová, mi Dios",DAN9-V20-F02,DAN9-V20-F02-VARIANTS,verified,
DAN9-0159,DANIEL7-12,DAN9,"PDF p.21, Daniel 9:21",multiple_choice,hard,"Gabriel, sacrificio de la tarde y muy amado","Según PDF p.21, Daniel 9:21, en el pasaje sobre Gabriel, sacrificio de la tarde y muy amado, ¿Qué opción restituye con precisión la relación descrita? Marco: «visto en la visión, al [DETALLE], volando con presteza vino a mí como»","[""visto en la visión, al conflicto, volando con presteza vino a mí como"", ""visto en la visión, al principio, volando con presteza vino a mí como"", ""visto en la visión, al desolador, volando con presteza vino a mí como"", ""visto en la visión, al estruendo, volando con presteza vino a mí como""]",1,"visto en la visión, al principio, volando con presteza vino a mí como","La opción correcta conserva el detalle «principio» tal como aparece en la fuente: «visto en la visión, al principio, volando con presteza vino a mí como».","visto en la visión, al principio, volando con presteza vino a mí como",DAN9-V21-F02,DAN9-V21-F02-VARIANTS,verified,
DAN9-0160,DANIEL7-12,DAN9,"PDF p.21, Daniel 9:22",true_false,medium,"Gabriel, sacrificio de la tarde y muy amado","Según PDF p.21, Daniel 9:22, en el pasaje sobre Gabriel, sacrificio de la tarde y muy amado, determine si el detalle entre corchetes hace verdadera o falsa esta afirmación: «Me hizo entender, y habló conmigo diciendo: “Daniel, ahora he salido para darte sabiduría y ⟦entendimiento⟧.»","[""Verdadero"", ""Falso""]",0,Verdadero,La afirmación coincide con el PDF: «salido para darte sabiduría y entendimiento».,salido para darte sabiduría y entendimiento,DAN9-V22-F02,DAN9-V22-F02-VARIANTS,verified,
DAN9-0161,DANIEL7-12,DAN9,"PDF p.21, Daniel 9:23",fill_blank,medium,"Gabriel, sacrificio de la tarde y muy amado","Según PDF p.21, Daniel 9:23, en el pasaje sobre Gabriel, sacrificio de la tarde y muy amado, complete la formulación del PDF: «Al principio de tus ruegos fue dada la orden, y yo he venido para _____, porque tú eres muy amado.»","[""enseñártela"", ""apartándose"", ""buscándolo"", ""comprenderla""]",0,enseñártela,"El PDF emplea la expresión «enseñártela» en este contexto: «y yo he venido para enseñártela, porque tú eres muy amado».","y yo he venido para enseñártela, porque tú eres muy amado",DAN9-V23-F02,DAN9-V23-F02-VARIANTS,verified,
DAN9-0162,DANIEL7-12,DAN9,"PDF p.21, Daniel 9:24",multiple_choice,expert,"setenta semanas, Mesías, pacto y desolación","Según PDF p.21, Daniel 9:24, en el pasaje sobre setenta semanas, Mesías, pacto y desolación, ¿Cuál opción mantiene sin alterar el detalle y el orden de la fuente? Marco: «Setenta semanas están [DETALLE] sobre tu pueblo y sobre tu santa»","[""Setenta semanas están despertados sobre tu pueblo y sobre tu santa"", ""Setenta semanas están determinado sobre tu pueblo y sobre tu santa"", ""Setenta semanas están determinadas sobre tu pueblo y sobre tu santa"", ""Setenta semanas están fortalecido sobre tu pueblo y sobre tu santa""]",2,Setenta semanas están determinadas sobre tu pueblo y sobre tu santa,La opción correcta conserva el detalle «determinadas» tal como aparece en la fuente: «Setenta semanas están determinadas sobre tu pueblo y sobre tu santa».,Setenta semanas están determinadas sobre tu pueblo y sobre tu santa,DAN9-V24-F02,DAN9-V24-F02-VARIANTS,verified,
DAN9-0163,DANIEL7-12,DAN9,"PDF p.21, Daniel 9:25",true_false,medium,"setenta semanas, Mesías, pacto y desolación","Según PDF p.21, Daniel 9:25, en el pasaje sobre setenta semanas, Mesías, pacto y desolación, determine si el detalle entre corchetes hace verdadera o falsa esta afirmación: «Sabe, pues, y entiende que desde la salida de la orden para restaurar y edificar a Jerusalén hasta el Mesías Príncipe, habrá siete semanas y ⟦cuatro⟧ y dos semanas»","[""Verdadero"", ""Falso""]",1,Falso,"La afirmación cambia «sesenta». La corrección exacta es: «Sabe, pues, y entiende que desde la salida de la orden para restaurar y edificar a Jerusalén hasta el Mesías Príncipe, habrá siete semanas y sesenta y dos semanas»","Príncipe, habrá siete semanas y sesenta y dos semanas",DAN9-V25-F02,DAN9-V25-F02-VARIANTS,verified,"Sabe, pues, y entiende que desde la salida de la orden para restaurar y edificar a Jerusalén hasta el Mesías Príncipe, habrá siete semanas y sesenta y dos semanas"
DAN9-0164,DANIEL7-12,DAN9,"PDF p.21, Daniel 9:26",fill_blank,hard,"setenta semanas, Mesías, pacto y desolación","Según PDF p.21, Daniel 9:26, en el pasaje sobre setenta semanas, Mesías, pacto y desolación, complete la formulación del PDF: «El pueblo de un príncipe que ha de venir _____ la ciudad y el santuario, su final llegará como una inundación, y hasta el fin de la guerra durarán las devastaciones.»","[""apoderará"", ""destruirá"", ""aumentará"", ""cumplirán""]",1,destruirá,"El PDF emplea la expresión «destruirá» en este contexto: «príncipe que ha de venir destruirá la ciudad y el santuario, su final».","príncipe que ha de venir destruirá la ciudad y el santuario, su final",DAN9-V26-F07,DAN9-V26-F07-VARIANTS,verified,
DAN9-0165,DANIEL7-12,DAN9,"PDF p.21, Daniel 9:27",multiple_choice,medium,"setenta semanas, Mesías, pacto y desolación","Según PDF p.21, Daniel 9:27, en el pasaje sobre setenta semanas, Mesías, pacto y desolación, ¿Cuál opción conserva el dato exacto de la fuente? Marco: «la semana hará cesar el [DETALLE] y la ofrenda»","[""la semana hará cesar el destruidas y la ofrenda"", ""la semana hará cesar el firmamento y la ofrenda"", ""la semana hará cesar el resplandor y la ofrenda"", ""la semana hará cesar el sacrificio y la ofrenda""]",3,la semana hará cesar el sacrificio y la ofrenda,La opción correcta conserva el detalle «sacrificio» tal como aparece en la fuente: «la semana hará cesar el sacrificio y la ofrenda».,la semana hará cesar el sacrificio y la ofrenda,DAN9-V27-F05,DAN9-V27-F05-VARIANTS,verified,
DAN9-0166,DANIEL7-12,DAN9,"PDF p.21, Daniel 9:20",true_false,hard,"Gabriel, sacrificio de la tarde y muy amado","Según PDF p.21, Daniel 9:20, en el pasaje sobre Gabriel, sacrificio de la tarde y muy amado, determine si el detalle entre corchetes hace verdadera o falsa esta afirmación: «Aún estaba ⟦hablando⟧, orando y confesando mi pecado y el pecado de mi pueblo Israel, y derramaba mi ruego delante de Jehová, mi Dios, por el monte santo de mi Dios;»","[""Verdadero"", ""Falso""]",0,Verdadero,"La afirmación coincide con el PDF: «Aún estaba hablando, orando y confesando mi pecado y el».","Aún estaba hablando, orando y confesando mi pecado y el",DAN9-V20-F03,DAN9-V20-F03-VARIANTS,verified,
DAN9-0167,DANIEL7-12,DAN9,"PDF p.21, Daniel 9:21",fill_blank,hard,"Gabriel, sacrificio de la tarde y muy amado","Según PDF p.21, Daniel 9:21, en el pasaje sobre Gabriel, sacrificio de la tarde y muy amado, complete la formulación del PDF: «aún estaba _____ en oración, cuando el varón Gabriel, a quien había visto en la visión, al principio, volando con presteza vino a mí como a la hora del sacrificio de la tarde.»","[""diciendo"", ""mirando"", ""hablando"", ""temblando""]",2,hablando,"El PDF emplea la expresión «hablando» en este contexto: «aún estaba hablando en oración, cuando el varón Gabriel, a».","aún estaba hablando en oración, cuando el varón Gabriel, a",DAN9-V21-F03,DAN9-V21-F03-VARIANTS,verified,
DAN9-0168,DANIEL7-12,DAN9,"PDF p.21, Daniel 9:22",multiple_choice,hard,"Gabriel, sacrificio de la tarde y muy amado","Según PDF p.21, Daniel 9:22, en el pasaje sobre Gabriel, sacrificio de la tarde y muy amado, ¿Qué opción restituye con precisión la relación descrita? Marco: «Me hizo [DETALLE], y habló conmigo diciendo: “Daniel, ahora he»","[""Me hizo entender, y habló conmigo diciendo: “Daniel, ahora he"", ""Me hizo animarlo, y habló conmigo diciendo: “Daniel, ahora he"", ""Me hizo destruir, y habló conmigo diciendo: “Daniel, ahora he"", ""Me hizo acercarse, y habló conmigo diciendo: “Daniel, ahora he""]",0,"Me hizo entender, y habló conmigo diciendo: “Daniel, ahora he","La opción correcta conserva el detalle «entender» tal como aparece en la fuente: «Me hizo entender, y habló conmigo diciendo: “Daniel, ahora he».","Me hizo entender, y habló conmigo diciendo: “Daniel, ahora he",DAN9-V22-F03,DAN9-V22-F03-VARIANTS,verified,
DAN9-0169,DANIEL7-12,DAN9,"PDF p.21, Daniel 9:23",true_false,medium,"Gabriel, sacrificio de la tarde y muy amado","Según PDF p.21, Daniel 9:23, en el pasaje sobre Gabriel, sacrificio de la tarde y muy amado, determine si el detalle entre corchetes hace verdadera o falsa esta afirmación: «Al ⟦principio⟧ de tus ruegos fue dada la orden, y yo he venido para enseñártela, porque tú eres muy amado.»","[""Verdadero"", ""Falso""]",0,Verdadero,La afirmación coincide con el PDF: «Al principio de tus ruegos fue dada la orden».,Al principio de tus ruegos fue dada la orden,DAN9-V23-F03,DAN9-V23-F03-VARIANTS,verified,
DAN9-0170,DANIEL7-12,DAN9,"PDF p.21, Daniel 9:24",fill_blank,hard,"setenta semanas, Mesías, pacto y desolación","Según PDF p.21, Daniel 9:24, en el pasaje sobre setenta semanas, Mesías, pacto y desolación, complete la formulación del PDF: «”Setenta semanas están determinadas sobre tu pueblo y sobre tu santa ciudad, para terminar la _____, poner fin al pecado y expiar la iniquidad, para traer la justicia perdurable, sellar la visión y la profecía y ungir al Santo de los santos.»","[""interpretación"", ""misericordia"", ""consumación"", ""prevaricación""]",3,prevaricación,"El PDF emplea la expresión «prevaricación» en este contexto: «santa ciudad, para terminar la prevaricación, poner fin al pecado y expiar la».","santa ciudad, para terminar la prevaricación, poner fin al pecado y expiar la",DAN9-V24-F03,DAN9-V24-F03-VARIANTS,verified,
DAN9-0171,DANIEL7-12,DAN9,"PDF p.21, Daniel 9:25",multiple_choice,hard,"setenta semanas, Mesías, pacto y desolación","Según PDF p.21, Daniel 9:25, en el pasaje sobre setenta semanas, Mesías, pacto y desolación, ¿Qué opción restituye con precisión la relación descrita? Marco: «salida de la orden para [DETALLE] y edificar a Jerusalén hasta el Mesías»","[""salida de la orden para acercarse y edificar a Jerusalén hasta el Mesías"", ""salida de la orden para restaurar y edificar a Jerusalén hasta el Mesías"", ""salida de la orden para cumplirse y edificar a Jerusalén hasta el Mesías"", ""salida de la orden para enfrentar y edificar a Jerusalén hasta el Mesías""]",1,salida de la orden para restaurar y edificar a Jerusalén hasta el Mesías,La opción correcta conserva el detalle «restaurar» tal como aparece en la fuente: «salida de la orden para restaurar y edificar a Jerusalén hasta el Mesías».,salida de la orden para restaurar y edificar a Jerusalén hasta el Mesías,DAN9-V25-F03,DAN9-V25-F03-VARIANTS,verified,
DAN9-0172,DANIEL7-12,DAN9,"PDF p.21, Daniel 9:26",true_false,hard,"setenta semanas, Mesías, pacto y desolación","Según PDF p.21, Daniel 9:26, en el pasaje sobre setenta semanas, Mesías, pacto y desolación, determine si el detalle entre corchetes hace verdadera o falsa esta afirmación: «El pueblo de un príncipe que ha de venir destruirá la ciudad y el ⟦santuario⟧, su final llegará como una inundación, y hasta el fin de la guerra durarán las devastaciones.»","[""Verdadero"", ""Falso""]",0,Verdadero,"La afirmación coincide con el PDF: «destruirá la ciudad y el santuario, su final llegará como una inundación, y».","destruirá la ciudad y el santuario, su final llegará como una inundación, y",DAN9-V26-F08,DAN9-V26-F08-VARIANTS,verified,
DAN9-0173,DANIEL7-12,DAN9,"PDF p.21, Daniel 9:27",fill_blank,medium,"setenta semanas, Mesías, pacto y desolación","Según PDF p.21, Daniel 9:27, en el pasaje sobre setenta semanas, Mesías, pacto y desolación, complete la formulación del PDF: «Después, con la _____ de las abominaciones, vendrá el desolador, hasta que venga la consumación y lo que está determinado se derrame sobre el desolador.”»","[""muchedumbre"", ""consumación"", ""cautividad"", ""dispersión""]",0,muchedumbre,"El PDF emplea la expresión «muchedumbre» en este contexto: «Después, con la muchedumbre de las abominaciones, vendrá el desolador, hasta».","Después, con la muchedumbre de las abominaciones, vendrá el desolador, hasta",DAN9-V27-F10,DAN9-V27-F10-VARIANTS,verified,
DAN9-0174,DANIEL7-12,DAN9,"PDF p.21, Daniel 9:20",multiple_choice,hard,"Gabriel, sacrificio de la tarde y muy amado","Según PDF p.21, Daniel 9:20, en el pasaje sobre Gabriel, sacrificio de la tarde y muy amado, ¿Qué opción restituye con precisión la relación descrita? Marco: «Aún estaba hablando, [DETALLE] y confesando mi pecado y el pecado»","[""Aún estaba hablando, mirando y confesando mi pecado y el pecado"", ""Aún estaba hablando, diciendo y confesando mi pecado y el pecado"", ""Aún estaba hablando, orando y confesando mi pecado y el pecado"", ""Aún estaba hablando, hablando y confesando mi pecado y el pecado""]",2,"Aún estaba hablando, orando y confesando mi pecado y el pecado","La opción correcta conserva el detalle «orando» tal como aparece en la fuente: «Aún estaba hablando, orando y confesando mi pecado y el pecado».","Aún estaba hablando, orando y confesando mi pecado y el pecado",DAN9-V20-F04,DAN9-V20-F04-VARIANTS,verified,
DAN9-0175,DANIEL7-12,DAN9,"PDF p.21, Daniel 9:21",true_false,hard,"Gabriel, sacrificio de la tarde y muy amado","Según PDF p.21, Daniel 9:21, en el pasaje sobre Gabriel, sacrificio de la tarde y muy amado, determine si el detalle entre corchetes hace verdadera o falsa esta afirmación: «aún estaba hablando en ⟦capital⟧, cuando el varón Gabriel, a quien había visto en la visión, al principio, volando con presteza vino a mí como a la hora del sacrificio de la tarde.»","[""Verdadero"", ""Falso""]",1,Falso,"La afirmación cambia «oración». La corrección exacta es: «aún estaba hablando en oración, cuando el varón Gabriel, a quien había visto en la visión, al principio, volando con presteza vino a mí como a la hora del sacrificio de la tarde.»","aún estaba hablando en oración, cuando el varón Gabriel, a quien había",DAN9-V21-F04,DAN9-V21-F04-VARIANTS,verified,"aún estaba hablando en oración, cuando el varón Gabriel, a quien había visto en la visión, al principio, volando con presteza vino a mí como a la hora del sacrificio de la tarde."
DAN9-0176,DANIEL7-12,DAN9,"PDF p.21, Daniel 9:22",fill_blank,easy,"Gabriel, sacrificio de la tarde y muy amado","Según PDF p.21, Daniel 9:22, en el pasaje sobre Gabriel, sacrificio de la tarde y muy amado, complete la formulación del PDF: «Me hizo entender, y _____ conmigo diciendo: “Daniel, ahora he salido para darte sabiduría y entendimiento.»","[""ahora"", ""habló"", ""causa"", ""cerca""]",1,habló,"El PDF emplea la expresión «habló» en este contexto: «Me hizo entender, y habló conmigo diciendo: “Daniel, ahora he salido para».","Me hizo entender, y habló conmigo diciendo: “Daniel, ahora he salido para",DAN9-V22-F04,DAN9-V22-F04-VARIANTS,verified,
DAN9-0177,DANIEL7-12,DAN9,"PDF p.21, Daniel 9:23",multiple_choice,medium,"Gabriel, sacrificio de la tarde y muy amado","Según PDF p.21, Daniel 9:23, en el pasaje sobre Gabriel, sacrificio de la tarde y muy amado, ¿Cuál opción conserva el dato exacto de la fuente? Marco: «Al principio de tus [DETALLE] fue dada la orden, y yo he»","[""Al principio de tus muchos fue dada la orden, y yo he"", ""Al principio de tus tardes fue dada la orden, y yo he"", ""Al principio de tus actos fue dada la orden, y yo he"", ""Al principio de tus ruegos fue dada la orden, y yo he""]",3,"Al principio de tus ruegos fue dada la orden, y yo he","La opción correcta conserva el detalle «ruegos» tal como aparece en la fuente: «Al principio de tus ruegos fue dada la orden, y yo he».","Al principio de tus ruegos fue dada la orden, y yo he",DAN9-V23-F04,DAN9-V23-F04-VARIANTS,verified,
DAN9-0178,DANIEL7-12,DAN9,"PDF p.21, Daniel 9:24",true_false,hard,"setenta semanas, Mesías, pacto y desolación","Según PDF p.21, Daniel 9:24, en el pasaje sobre setenta semanas, Mesías, pacto y desolación, determine si el detalle entre corchetes hace verdadera o falsa esta afirmación: «”Setenta semanas están determinadas sobre tu pueblo y sobre tu santa ciudad, para terminar la prevaricación, poner fin al pecado y expiar la ⟦iniquidad⟧, para traer la justicia perdurable, sellar la visión y la profecía y ungir al Santo de los santos.»","[""Verdadero"", ""Falso""]",0,Verdadero,"La afirmación coincide con el PDF: «al pecado y expiar la iniquidad, para traer la justicia perdurable, sellar la».","al pecado y expiar la iniquidad, para traer la justicia perdurable, sellar la",DAN9-V24-F04,DAN9-V24-F04-VARIANTS,verified,
DAN9-0179,DANIEL7-12,DAN9,"PDF p.21, Daniel 9:25",fill_blank,easy,"setenta semanas, Mesías, pacto y desolación","Según PDF p.21, Daniel 9:25, en el pasaje sobre setenta semanas, Mesías, pacto y desolación, complete la formulación del PDF: «Sabe, pues, y entiende que desde la salida de la orden para restaurar y edificar a _____ hasta el Mesías Príncipe, habrá siete semanas y sesenta y dos semanas»","[""Babilonia"", ""Jerusalem"", ""Jerusalén"", ""Atenas""]",2,Jerusalén,"El PDF emplea la expresión «Jerusalén» en este contexto: «para restaurar y edificar a Jerusalén hasta el Mesías Príncipe, habrá siete semanas».","para restaurar y edificar a Jerusalén hasta el Mesías Príncipe, habrá siete semanas",DAN9-V25-F04,DAN9-V25-F04-VARIANTS,verified,
DAN9-0180,DANIEL7-12,DAN9,"PDF p.21, Daniel 9:26",multiple_choice,hard,"setenta semanas, Mesías, pacto y desolación","Según PDF p.21, Daniel 9:26, en el pasaje sobre setenta semanas, Mesías, pacto y desolación, ¿Qué opción restituye con precisión la relación descrita? Marco: «su final llegará como una [DETALLE], y hasta el fin de la guerra»","[""su final llegará como una inundación, y hasta el fin de la guerra"", ""su final llegará como una cautividad, y hasta el fin de la guerra"", ""su final llegará como una dispersión, y hasta el fin de la guerra"", ""su final llegará como una confesión, y hasta el fin de la guerra""]",0,"su final llegará como una inundación, y hasta el fin de la guerra","La opción correcta conserva el detalle «inundación» tal como aparece en la fuente: «su final llegará como una inundación, y hasta el fin de la guerra».","su final llegará como una inundación, y hasta el fin de la guerra",DAN9-V26-F09,DAN9-V26-F09-VARIANTS,verified,
DAN10-0001,DANIEL7-12,DAN10,"PDF p.22, Daniel 10:1",fill_blank,easy,"tercer año de Ciro, conflicto y tres semanas","Según PDF p.22, Daniel 10:1, en el pasaje sobre tercer año de Ciro, conflicto y tres semanas, complete la formulación del PDF: «En el tercer año de Ciro, rey de Persia, fue revelada palabra a Daniel, llamado _____.»","[""Abed-nego"", ""Belsasar"", ""Gabriel"", ""Beltsasar""]",3,Beltsasar,"El PDF emplea la expresión «Beltsasar» en este contexto: «revelada palabra a Daniel, llamado Beltsasar».","revelada palabra a Daniel, llamado Beltsasar",DAN10-V1-F01,DAN10-V1-F01-VARIANTS,verified,
DAN10-0002,DANIEL7-12,DAN10,"PDF p.22, Daniel 10:2",multiple_choice,hard,"tercer año de Ciro, conflicto y tres semanas","Según PDF p.22, Daniel 10:2, en el pasaje sobre tercer año de Ciro, conflicto y tres semanas, ¿Qué opción restituye con precisión la relación descrita? Marco: «estuve afligido por espacio de [DETALLE]»","[""estuve afligido por espacio de diez cuernos"", ""estuve afligido por espacio de tres semanas"", ""estuve afligido por espacio de setenta años"", ""estuve afligido por espacio de cuatro reinos""]",1,estuve afligido por espacio de tres semanas,La opción correcta conserva el detalle «tres semanas» tal como aparece en la fuente: «estuve afligido por espacio de tres semanas».,estuve afligido por espacio de tres semanas,DAN10-V2-F01,DAN10-V2-F01-VARIANTS,verified,
DAN10-0003,DANIEL7-12,DAN10,"PDF p.22, Daniel 10:3",fill_blank,hard,"tercer año de Ciro, conflicto y tres semanas","Según PDF p.22, Daniel 10:3, en el pasaje sobre tercer año de Ciro, conflicto y tres semanas, complete la formulación del PDF: «No comí manjar delicado, ni entró en mi boca carne ni vino, ni me ungí con perfume, hasta que se cumplieron las _____.»","[""tres semanas"", ""diez cuernos"", ""setenta años"", ""cuatro reinos""]",0,tres semanas,El PDF emplea la expresión «tres semanas» en este contexto: «hasta que se cumplieron las tres semanas».,hasta que se cumplieron las tres semanas,DAN10-V3-F01,DAN10-V3-F01-VARIANTS,verified,
DAN10-0004,DANIEL7-12,DAN10,"PDF p.22, Daniel 10:4",multiple_choice,medium,día y río Hidekel,"Según PDF p.22, Daniel 10:4, en el pasaje sobre día y río Hidekel, ¿Cuál opción conserva el dato exacto de la fuente? Marco: «El día [DETALLE] del primer mes estaba yo a la»","[""El día comprenderla del primer mes estaba yo a la"", ""El día despreciable del primer mes estaba yo a la"", ""El día veinticuatro del primer mes estaba yo a la"", ""El día resplandezca del primer mes estaba yo a la""]",2,El día veinticuatro del primer mes estaba yo a la,La opción correcta conserva el detalle «veinticuatro» tal como aparece en la fuente: «El día veinticuatro del primer mes estaba yo a la».,El día veinticuatro del primer mes estaba yo a la,DAN10-V4-F01,DAN10-V4-F01-VARIANTS,verified,
DAN10-0005,DANIEL7-12,DAN10,"PDF p.22, Daniel 10:5",fill_blank,expert,"varón de lino, oro de Ufaz y descripción corporal","Según PDF p.22, Daniel 10:5, en el pasaje sobre varón de lino, oro de Ufaz y descripción corporal, complete la formulación del PDF: «Alcé mis ojos y miré, y vi un varón vestido de lino y ceñida su cintura con _____.»","[""rey del sur"", ""oro de Ufaz"", ""río de fuego"", ""rey del norte""]",1,oro de Ufaz,El PDF emplea la expresión «oro de Ufaz» en este contexto: «y ceñida su cintura con oro de Ufaz».,y ceñida su cintura con oro de Ufaz,DAN10-V5-F01,DAN10-V5-F01-VARIANTS,verified,
DAN10-0006,DANIEL7-12,DAN10,"PDF p.22, Daniel 10:6",multiple_choice,hard,"varón de lino, oro de Ufaz y descripción corporal","Según PDF p.22, Daniel 10:6, en el pasaje sobre varón de lino, oro de Ufaz y descripción corporal, ¿Qué opción restituye con precisión la relación descrita? Marco: «berilo, su rostro parecía un [DETALLE], sus ojos como antorchas de fuego, sus»","[""berilo, su rostro parecía un conflicto, sus ojos como antorchas de fuego, sus"", ""berilo, su rostro parecía un desolador, sus ojos como antorchas de fuego, sus"", ""berilo, su rostro parecía un estruendo, sus ojos como antorchas de fuego, sus"", ""berilo, su rostro parecía un relámpago, sus ojos como antorchas de fuego, sus""]",3,"berilo, su rostro parecía un relámpago, sus ojos como antorchas de fuego, sus","La opción correcta conserva el detalle «relámpago» tal como aparece en la fuente: «berilo, su rostro parecía un relámpago, sus ojos como antorchas de fuego, sus».","berilo, su rostro parecía un relámpago, sus ojos como antorchas de fuego, sus",DAN10-V6-F01,DAN10-V6-F01-VARIANTS,verified,
DAN10-0007,DANIEL7-12,DAN10,"PDF p.22, Daniel 10:7",fill_blank,hard,acompañantes y caída de Daniel,"Según PDF p.22, Daniel 10:7, en el pasaje sobre acompañantes y caída de Daniel, complete la formulación del PDF: «No la vieron los hombres que estaban conmigo, sino que se apoderó de ellos un gran temor y huyeron y se _____.»","[""abandonaron"", ""asombraron"", ""escondieron"", ""conocieron""]",2,escondieron,El PDF emplea la expresión «escondieron» en este contexto: «temor y huyeron y se escondieron».,temor y huyeron y se escondieron,DAN10-V7-F02,DAN10-V7-F02-VARIANTS,verified,
DAN10-0008,DANIEL7-12,DAN10,"PDF p.22, Daniel 10:8",multiple_choice,hard,acompañantes y caída de Daniel,"Según PDF p.22, Daniel 10:8, en el pasaje sobre acompañantes y caída de Daniel, ¿Qué opción restituye con precisión la relación descrita? Marco: «antes bien, mis fuerzas se [DETALLE] en desfallecimiento, pues me abandonaron totalmente»","[""antes bien, mis fuerzas se cambiaron en desfallecimiento, pues me abandonaron totalmente"", ""antes bien, mis fuerzas se asombraron en desfallecimiento, pues me abandonaron totalmente"", ""antes bien, mis fuerzas se conocieron en desfallecimiento, pues me abandonaron totalmente"", ""antes bien, mis fuerzas se cumplieron en desfallecimiento, pues me abandonaron totalmente""]",0,"antes bien, mis fuerzas se cambiaron en desfallecimiento, pues me abandonaron totalmente","La opción correcta conserva el detalle «cambiaron» tal como aparece en la fuente: «antes bien, mis fuerzas se cambiaron en desfallecimiento, pues me abandonaron totalmente».","antes bien, mis fuerzas se cambiaron en desfallecimiento, pues me abandonaron totalmente",DAN10-V8-F01,DAN10-V8-F01-VARIANTS,verified,
DAN10-0009,DANIEL7-12,DAN10,"PDF p.22, Daniel 10:9",fill_blank,easy,acompañantes y caída de Daniel,"Según PDF p.22, Daniel 10:9, en el pasaje sobre acompañantes y caída de Daniel, complete la formulación del PDF: «Pero oí el _____ de sus palabras»","[""cuarto"", ""hombre"", ""primer"", ""sonido""]",3,sonido,El PDF emplea la expresión «sonido» en este contexto: «Pero oí el sonido de sus palabras».,Pero oí el sonido de sus palabras,DAN10-V9-F01,DAN10-V9-F01-VARIANTS,verified,
DAN10-0010,DANIEL7-12,DAN10,"PDF p.22, Daniel 10:10",multiple_choice,hard,"primer día, príncipe de Persia, Miguel y últimos días","Según PDF p.22, Daniel 10:10, en el pasaje sobre primer día, príncipe de Persia, Miguel y últimos días, ¿Qué opción restituye con precisión la relación descrita? Marco: «tocó e hizo que me [DETALLE] sobre mis rodillas y sobre las palmas»","[""tocó e hizo que me elevará sobre mis rodillas y sobre las palmas"", ""tocó e hizo que me pusiera sobre mis rodillas y sobre las palmas"", ""tocó e hizo que me entrará sobre mis rodillas y sobre las palmas"", ""tocó e hizo que me hablará sobre mis rodillas y sobre las palmas""]",1,tocó e hizo que me pusiera sobre mis rodillas y sobre las palmas,La opción correcta conserva el detalle «pusiera» tal como aparece en la fuente: «tocó e hizo que me pusiera sobre mis rodillas y sobre las palmas».,tocó e hizo que me pusiera sobre mis rodillas y sobre las palmas,DAN10-V10-F01,DAN10-V10-F01-VARIANTS,verified,
DAN10-0011,DANIEL7-12,DAN10,"PDF p.22, Daniel 10:11",true_false,expert,"primer día, príncipe de Persia, Miguel y últimos días","Según PDF p.22, Daniel 10:11, en el pasaje sobre primer día, príncipe de Persia, Miguel y últimos días, determine si el detalle entre corchetes hace verdadera o falsa esta afirmación: «Me dijo: “Daniel, varón ⟦muy amado⟧, está atento a las palabras que he de decirte y ponte en pie, porque a ti he sido enviado ahora.»","[""Verdadero"", ""Falso""]",0,Verdadero,"La afirmación coincide con el PDF: «Me dijo: “Daniel, varón muy amado, está atento a las palabras que he».","Me dijo: “Daniel, varón muy amado, está atento a las palabras que he",DAN10-V11-F01,DAN10-V11-F01-VARIANTS,verified,
DAN10-0012,DANIEL7-12,DAN10,"PDF p.22, Daniel 10:12",fill_blank,hard,"primer día, príncipe de Persia, Miguel y últimos días","Según PDF p.22, Daniel 10:12, en el pasaje sobre primer día, príncipe de Persia, Miguel y últimos días, complete la formulación del PDF: «Entonces me dijo: “Daniel, no temas, porque desde el primer día que _____ tu corazón a entender y a humillarte en la presencia de tu Dios, fueron oídas tus palabras»","[""dispusiste"", ""asombraron"", ""conocieron"", ""cumplieron""]",0,dispusiste,El PDF emplea la expresión «dispusiste» en este contexto: «desde el primer día que dispusiste tu corazón a entender y a humillarte».,desde el primer día que dispusiste tu corazón a entender y a humillarte,DAN10-V12-F01,DAN10-V12-F01-VARIANTS,verified,
DAN10-0013,DANIEL7-12,DAN10,"PDF p.22, Daniel 10:13",multiple_choice,expert,"primer día, príncipe de Persia, Miguel y últimos días","Según PDF p.22, Daniel 10:13, en el pasaje sobre primer día, príncipe de Persia, Miguel y últimos días, ¿Cuál opción mantiene sin alterar el detalle y el orden de la fuente? Marco: «Mas el [DETALLE] se me opuso durante veintiún días»","[""Mas el tiempo, tiempos y medio tiempo se me opuso durante veintiún días"", ""Mas el Príncipe de los príncipes se me opuso durante veintiún días"", ""Mas el príncipe del reino de Persia se me opuso durante veintiún días"", ""Mas el dios de las fortalezas se me opuso durante veintiún días""]",2,Mas el príncipe del reino de Persia se me opuso durante veintiún días,La opción correcta conserva el detalle «príncipe del reino de Persia» tal como aparece en la fuente: «Mas el príncipe del reino de Persia se me opuso durante veintiún días».,Mas el príncipe del reino de Persia se me opuso durante veintiún días,DAN10-V13-F01,DAN10-V13-F01-VARIANTS,verified,
DAN10-0014,DANIEL7-12,DAN10,"PDF p.22, Daniel 10:14",true_false,hard,"primer día, príncipe de Persia, Miguel y últimos días","Según PDF p.22, Daniel 10:14, en el pasaje sobre primer día, príncipe de Persia, Miguel y últimos días, determine si el detalle entre corchetes hace verdadera o falsa esta afirmación: «He venido para hacerte saber lo que ha de ⟦sucederle⟧ a tu pueblo en los últimos días, porque la visión es para esos días.”»","[""Verdadero"", ""Falso""]",0,Verdadero,La afirmación coincide con el PDF: «saber lo que ha de sucederle a tu pueblo en los últimos días».,saber lo que ha de sucederle a tu pueblo en los últimos días,DAN10-V14-F01,DAN10-V14-F01-VARIANTS,verified,
DAN10-0015,DANIEL7-12,DAN10,"PDF p.22, Daniel 10:15",fill_blank,medium,"labios, dolores, fuerzas, paz y ánimo","Según PDF p.22, Daniel 10:15, en el pasaje sobre labios, dolores, fuerzas, paz y ánimo, complete la formulación del PDF: «Mientras me decía estas palabras, yo tenía los ojos puestos en tierra y había _____.»","[""arrancadas"", ""enmudecido"", ""arrancados"", ""convertido""]",1,enmudecido,El PDF emplea la expresión «enmudecido» en este contexto: «puestos en tierra y había enmudecido».,puestos en tierra y había enmudecido,DAN10-V15-F01,DAN10-V15-F01-VARIANTS,verified,
DAN10-0016,DANIEL7-12,DAN10,"PDF p.22, Daniel 10:16",multiple_choice,expert,"labios, dolores, fuerzas, paz y ánimo","Según PDF p.22, Daniel 10:16, en el pasaje sobre labios, dolores, fuerzas, paz y ánimo, ¿Cuál opción mantiene sin alterar el detalle y el orden de la fuente? Marco: «Pero uno con semejanza de [DETALLE] tocó mis labios»","[""Pero uno con semejanza de tiempo del fin tocó mis labios"", ""Pero uno con semejanza de Anciano de días tocó mis labios"", ""Pero uno con semejanza de rey del norte tocó mis labios"", ""Pero uno con semejanza de hijo de hombre tocó mis labios""]",3,Pero uno con semejanza de hijo de hombre tocó mis labios,La opción correcta conserva el detalle «hijo de hombre» tal como aparece en la fuente: «Pero uno con semejanza de hijo de hombre tocó mis labios».,Pero uno con semejanza de hijo de hombre tocó mis labios,DAN10-V16-F01,DAN10-V16-F01-VARIANTS,verified,
DAN10-0017,DANIEL7-12,DAN10,"PDF p.22, Daniel 10:17",true_false,medium,"labios, dolores, fuerzas, paz y ánimo","Según PDF p.22, Daniel 10:17, en el pasaje sobre labios, dolores, fuerzas, paz y ánimo, determine si el detalle entre corchetes hace verdadera o falsa esta afirmación: «¿Cómo, pues, ⟦ahora⟧ el siervo de mi señor hablar con mi señor?»","[""Verdadero"", ""Falso""]",1,Falso,"La afirmación cambia «podrá». La corrección exacta es: «¿Cómo, pues, podrá el siervo de mi señor hablar con mi señor?»","Cómo, pues, podrá el siervo de mi señor hablar con",DAN10-V17-F01,DAN10-V17-F01-VARIANTS,verified,"¿Cómo, pues, podrá el siervo de mi señor hablar con mi señor?"
DAN10-0018,DANIEL7-12,DAN10,"PDF p.22, Daniel 10:18",fill_blank,easy,"labios, dolores, fuerzas, paz y ánimo","Según PDF p.22, Daniel 10:18, en el pasaje sobre labios, dolores, fuerzas, paz y ánimo, complete la formulación del PDF: «Aquel que tenía _____ de hombre me tocó otra vez, me fortaleció»","[""Aconteció"", ""asoladora"", ""semejanza"", ""diferente""]",2,semejanza,"El PDF emplea la expresión «semejanza» en este contexto: «Aquel que tenía semejanza de hombre me tocó otra vez, me».","Aquel que tenía semejanza de hombre me tocó otra vez, me",DAN10-V18-F01,DAN10-V18-F01-VARIANTS,verified,
DAN10-0019,DANIEL7-12,DAN10,"PDF p.22, Daniel 10:19",multiple_choice,hard,"labios, dolores, fuerzas, paz y ánimo","Según PDF p.22, Daniel 10:19, en el pasaje sobre labios, dolores, fuerzas, paz y ánimo, ¿Qué opción restituye con precisión la relación descrita? Marco: «y me dijo: “[DETALLE], no temas»","[""y me dijo: “Muy amado, no temas"", ""y me dijo: “gran mar, no temas"", ""y me dijo: “pacto santo, no temas"", ""y me dijo: “reino eterno, no temas""]",0,"y me dijo: “Muy amado, no temas","La opción correcta conserva el detalle «Muy amado» tal como aparece en la fuente: «y me dijo: “Muy amado, no temas».","y me dijo: “Muy amado, no temas",DAN10-V19-F01,DAN10-V19-F01-VARIANTS,verified,
DAN10-0020,DANIEL7-12,DAN10,"PDF p.22, Daniel 10:20",true_false,medium,Grecia y libro de la verdad,"Según PDF p.22, Daniel 10:20, en el pasaje sobre Grecia y libro de la verdad, determine si el detalle entre corchetes hace verdadera o falsa esta afirmación: «Él me dijo: “¿⟦actos⟧ por qué he venido a ti?»","[""Verdadero"", ""Falso""]",1,Falso,La afirmación cambia «Sabes». La corrección exacta es: «Él me dijo: “¿Sabes por qué he venido a ti?»,Él me dijo: “¿Sabes por qué he venido a ti,DAN10-V20-F01,DAN10-V20-F01-VARIANTS,verified,Él me dijo: “¿Sabes por qué he venido a ti?
DAN10-0021,DANIEL7-12,DAN10,"PDF p.22, Daniel 10:21",fill_blank,expert,Grecia y libro de la verdad,"Según PDF p.22, Daniel 10:21, en el pasaje sobre Grecia y libro de la verdad, complete la formulación del PDF: «Pero yo te declararé lo que está escrito en el _____: nadie me ayuda contra ellos, sino Miguel vuestro príncipe.”»","[""blanco como la nieve"", ""dios de las fortalezas"", ""sacrificio de la tarde"", ""libro de la verdad""]",3,libro de la verdad,"El PDF emplea la expresión «libro de la verdad» en este contexto: «que está escrito en el libro de la verdad: nadie me ayuda contra ellos, sino Miguel».","que está escrito en el libro de la verdad: nadie me ayuda contra ellos, sino Miguel",DAN10-V21-F01,DAN10-V21-F01-VARIANTS,verified,
DAN10-0022,DANIEL7-12,DAN10,"PDF p.22, Daniel 10:1",multiple_choice,hard,"tercer año de Ciro, conflicto y tres semanas","Según PDF p.22, Daniel 10:1, en el pasaje sobre tercer año de Ciro, conflicto y tres semanas, ¿Qué opción restituye con precisión la relación descrita? Marco: «La palabra era [DETALLE] y el conflicto grande, pero él comprendió»","[""La palabra era apoderará y el conflicto grande, pero él comprendió"", ""La palabra era verdadera y el conflicto grande, pero él comprendió"", ""La palabra era aumentará y el conflicto grande, pero él comprendió"", ""La palabra era cumplirán y el conflicto grande, pero él comprendió""]",1,"La palabra era verdadera y el conflicto grande, pero él comprendió","La opción correcta conserva el detalle «verdadera» tal como aparece en la fuente: «La palabra era verdadera y el conflicto grande, pero él comprendió».","La palabra era verdadera y el conflicto grande, pero él comprendió",DAN10-V1-F07,DAN10-V1-F07-VARIANTS,verified,
DAN10-0023,DANIEL7-12,DAN10,"PDF p.22, Daniel 10:2",true_false,medium,"tercer año de Ciro, conflicto y tres semanas","Según PDF p.22, Daniel 10:2, en el pasaje sobre tercer año de Ciro, conflicto y tres semanas, determine si el detalle entre corchetes hace verdadera o falsa esta afirmación: «En aquellos días yo, Daniel, ⟦cabrío⟧ afligido por espacio de tres semanas.»","[""Verdadero"", ""Falso""]",1,Falso,"La afirmación cambia «estuve». La corrección exacta es: ««En aquellos días yo, Daniel, estuve afligido por espacio de tres semanas.»","En aquellos días yo, Daniel, estuve afligido por espacio de tres semanas",DAN10-V2-F02,DAN10-V2-F02-VARIANTS,verified,"«En aquellos días yo, Daniel, estuve afligido por espacio de tres semanas."
DAN10-0024,DANIEL7-12,DAN10,"PDF p.22, Daniel 10:3",fill_blank,hard,"tercer año de Ciro, conflicto y tres semanas","Según PDF p.22, Daniel 10:3, en el pasaje sobre tercer año de Ciro, conflicto y tres semanas, complete la formulación del PDF: «No comí manjar delicado, ni entró en mi boca carne ni vino, ni me ungí con perfume, hasta que se _____ las tres semanas.»","[""cumplieron"", ""asombraron"", ""conocieron"", ""dispusiste""]",0,cumplieron,"El PDF emplea la expresión «cumplieron» en este contexto: «con perfume, hasta que se cumplieron las tres semanas».","con perfume, hasta que se cumplieron las tres semanas",DAN10-V3-F02,DAN10-V3-F02-VARIANTS,verified,
DAN10-0025,DANIEL7-12,DAN10,"PDF p.22, Daniel 10:4",multiple_choice,medium,día y río Hidekel,"Según PDF p.22, Daniel 10:4, en el pasaje sobre día y río Hidekel, ¿Cuál opción conserva el dato exacto de la fuente? Marco: «El día veinticuatro del [DETALLE] mes estaba yo a la orilla del»","[""El día veinticuatro del cuarto mes estaba yo a la orilla del"", ""El día veinticuatro del hombre mes estaba yo a la orilla del"", ""El día veinticuatro del primer mes estaba yo a la orilla del"", ""El día veinticuatro del rostro mes estaba yo a la orilla del""]",2,El día veinticuatro del primer mes estaba yo a la orilla del,La opción correcta conserva el detalle «primer» tal como aparece en la fuente: «El día veinticuatro del primer mes estaba yo a la orilla del».,El día veinticuatro del primer mes estaba yo a la orilla del,DAN10-V4-F02,DAN10-V4-F02-VARIANTS,verified,
DAN10-0026,DANIEL7-12,DAN10,"PDF p.22, Daniel 10:5",true_false,medium,"varón de lino, oro de Ufaz y descripción corporal","Según PDF p.22, Daniel 10:5, en el pasaje sobre varón de lino, oro de Ufaz y descripción corporal, determine si el detalle entre corchetes hace verdadera o falsa esta afirmación: «Alcé mis ojos y miré, y vi un ⟦varón⟧ vestido de lino y ceñida su cintura con oro de Ufaz.»","[""Verdadero"", ""Falso""]",0,Verdadero,"La afirmación coincide con el PDF: «y miré, y vi un varón vestido de lino y ceñida su cintura».","y miré, y vi un varón vestido de lino y ceñida su cintura",DAN10-V5-F02,DAN10-V5-F02-VARIANTS,verified,
DAN10-0027,DANIEL7-12,DAN10,"PDF p.22, Daniel 10:6",fill_blank,hard,"varón de lino, oro de Ufaz y descripción corporal","Según PDF p.22, Daniel 10:6, en el pasaje sobre varón de lino, oro de Ufaz y descripción corporal, complete la formulación del PDF: «Su cuerpo era como de berilo, su rostro parecía un relámpago, sus ojos como _____ de fuego, sus brazos y sus pies como de color de bronce bruñido, y el sonido de sus palabras como el estruendo de una multitud.»","[""convenios"", ""antorchas"", ""ejércitos"", ""inscritos""]",1,antorchas,"El PDF emplea la expresión «antorchas» en este contexto: «un relámpago, sus ojos como antorchas de fuego, sus brazos y sus pies».","un relámpago, sus ojos como antorchas de fuego, sus brazos y sus pies",DAN10-V6-F02,DAN10-V6-F02-VARIANTS,verified,
DAN10-0028,DANIEL7-12,DAN10,"PDF p.22, Daniel 10:7",multiple_choice,easy,acompañantes y caída de Daniel,"Según PDF p.22, Daniel 10:7, en el pasaje sobre acompañantes y caída de Daniel, ¿Qué expresión completa correctamente el detalle señalado? Marco: «Sólo yo, Daniel, vi aquella [DETALLE]»","[""Sólo yo, Daniel, vi aquella cuarta"", ""Sólo yo, Daniel, vi aquella nación"", ""Sólo yo, Daniel, vi aquella ribera"", ""Sólo yo, Daniel, vi aquella visión""]",3,"Sólo yo, Daniel, vi aquella visión","La opción correcta conserva el detalle «visión» tal como aparece en la fuente: «Sólo yo, Daniel, vi aquella visión».","Sólo yo, Daniel, vi aquella visión",DAN10-V7-F01,DAN10-V7-F01-VARIANTS,verified,
DAN10-0029,DANIEL7-12,DAN10,"PDF p.22, Daniel 10:8",true_false,hard,acompañantes y caída de Daniel,"Según PDF p.22, Daniel 10:8, en el pasaje sobre acompañantes y caída de Daniel, determine si el detalle entre corchetes hace verdadera o falsa esta afirmación: «Quedé, pues, yo solo ante esta gran visión, pero no quedaron fuerzas en mí, antes bien, mis fuerzas se cambiaron en ⟦desfallecimiento⟧, pues me abandonaron totalmente.»","[""Verdadero"", ""Falso""]",0,Verdadero,"La afirmación coincide con el PDF: «mis fuerzas se cambiaron en desfallecimiento, pues me abandonaron totalmente».","mis fuerzas se cambiaron en desfallecimiento, pues me abandonaron totalmente",DAN10-V8-F02,DAN10-V8-F02-VARIANTS,verified,
DAN10-0030,DANIEL7-12,DAN10,"PDF p.22, Daniel 10:9",fill_blank,easy,acompañantes y caída de Daniel,"Según PDF p.22, Daniel 10:9, en el pasaje sobre acompañantes y caída de Daniel, complete la formulación del PDF: «Pero oí el sonido de sus _____»","[""espaldas"", ""manjares"", ""palabras"", ""cuernos""]",2,palabras,El PDF emplea la expresión «palabras» en este contexto: «oí el sonido de sus palabras».,oí el sonido de sus palabras,DAN10-V9-F02,DAN10-V9-F02-VARIANTS,verified,
DAN10-0031,DANIEL7-12,DAN10,"PDF p.22, Daniel 10:10",multiple_choice,medium,"primer día, príncipe de Persia, Miguel y últimos días","Según PDF p.22, Daniel 10:10, en el pasaje sobre primer día, príncipe de Persia, Miguel y últimos días, ¿Cuál opción conserva el dato exacto de la fuente? Marco: «que me pusiera sobre mis [DETALLE] y sobre las palmas de mis manos»","[""que me pusiera sobre mis rodillas y sobre las palmas de mis manos"", ""que me pusiera sobre mis enemigas y sobre las palmas de mis manos"", ""que me pusiera sobre mis entonces y sobre las palmas de mis manos"", ""que me pusiera sobre mis nosotros y sobre las palmas de mis manos""]",0,que me pusiera sobre mis rodillas y sobre las palmas de mis manos,La opción correcta conserva el detalle «rodillas» tal como aparece en la fuente: «que me pusiera sobre mis rodillas y sobre las palmas de mis manos».,que me pusiera sobre mis rodillas y sobre las palmas de mis manos,DAN10-V10-F02,DAN10-V10-F02-VARIANTS,verified,
DAN10-0032,DANIEL7-12,DAN10,"PDF p.22, Daniel 10:11",true_false,medium,"primer día, príncipe de Persia, Miguel y últimos días","Según PDF p.22, Daniel 10:11, en el pasaje sobre primer día, príncipe de Persia, Miguel y últimos días, determine si el detalle entre corchetes hace verdadera o falsa esta afirmación: «Mientras hablaba esto conmigo, me puse en pie ⟦temblando⟧.»","[""Verdadero"", ""Falso""]",0,Verdadero,"La afirmación coincide con el PDF: «conmigo, me puse en pie temblando».","conmigo, me puse en pie temblando",DAN10-V11-F09,DAN10-V11-F09-VARIANTS,verified,
DAN10-0033,DANIEL7-12,DAN10,"PDF p.22, Daniel 10:12",fill_blank,hard,"primer día, príncipe de Persia, Miguel y últimos días","Según PDF p.22, Daniel 10:12, en el pasaje sobre primer día, príncipe de Persia, Miguel y últimos días, complete la formulación del PDF: «Entonces me dijo: “Daniel, no temas, porque desde el primer día que dispusiste tu corazón a entender y a _____ en la presencia de tu Dios, fueron oídas tus palabras»","[""buscándolo"", ""esfuérzate"", ""perdurable"", ""humillarte""]",3,humillarte,"El PDF emplea la expresión «humillarte» en este contexto: «corazón a entender y a humillarte en la presencia de tu Dios, fueron».","corazón a entender y a humillarte en la presencia de tu Dios, fueron",DAN10-V12-F02,DAN10-V12-F02-VARIANTS,verified,
DAN10-0034,DANIEL7-12,DAN10,"PDF p.22, Daniel 10:13",multiple_choice,medium,"primer día, príncipe de Persia, Miguel y últimos días","Según PDF p.22, Daniel 10:13, en el pasaje sobre primer día, príncipe de Persia, Miguel y últimos días, ¿Cuál opción conserva el dato exacto de la fuente? Marco: «pero Miguel, uno de los [DETALLE] príncipes, vino para ayudarme, y quedé allí»","[""pero Miguel, uno de los compañeros príncipes, vino para ayudarme, y quedé allí"", ""pero Miguel, uno de los principales príncipes, vino para ayudarme, y quedé allí"", ""pero Miguel, uno de los entendidos príncipes, vino para ayudarme, y quedé allí"", ""pero Miguel, uno de los habitantes príncipes, vino para ayudarme, y quedé allí""]",1,"pero Miguel, uno de los principales príncipes, vino para ayudarme, y quedé allí","La opción correcta conserva el detalle «principales» tal como aparece en la fuente: «pero Miguel, uno de los principales príncipes, vino para ayudarme, y quedé allí».","pero Miguel, uno de los principales príncipes, vino para ayudarme, y quedé allí",DAN10-V13-F04,DAN10-V13-F04-VARIANTS,verified,
DAN10-0035,DANIEL7-12,DAN10,"PDF p.22, Daniel 10:14",true_false,medium,"primer día, príncipe de Persia, Miguel y últimos días","Según PDF p.22, Daniel 10:14, en el pasaje sobre primer día, príncipe de Persia, Miguel y últimos días, determine si el detalle entre corchetes hace verdadera o falsa esta afirmación: «He venido para ⟦hacerte⟧ saber lo que ha de sucederle a tu pueblo en los últimos días, porque la visión es para esos días.”»","[""Verdadero"", ""Falso""]",0,Verdadero,La afirmación coincide con el PDF: «He venido para hacerte saber lo que ha de sucederle a».,He venido para hacerte saber lo que ha de sucederle a,DAN10-V14-F02,DAN10-V14-F02-VARIANTS,verified,
DAN10-0036,DANIEL7-12,DAN10,"PDF p.22, Daniel 10:15",fill_blank,medium,"labios, dolores, fuerzas, paz y ánimo","Según PDF p.22, Daniel 10:15, en el pasaje sobre labios, dolores, fuerzas, paz y ánimo, complete la formulación del PDF: «Mientras me _____ estas palabras, yo tenía los ojos puestos en tierra y había enmudecido.»","[""decía"", ""había"", ""hacía"", ""salía""]",0,decía,"El PDF emplea la expresión «decía» en este contexto: «Mientras me decía estas palabras, yo tenía los ojos puestos».","Mientras me decía estas palabras, yo tenía los ojos puestos",DAN10-V15-F02,DAN10-V15-F02-VARIANTS,verified,
DAN10-0037,DANIEL7-12,DAN10,"PDF p.22, Daniel 10:16",multiple_choice,medium,"labios, dolores, fuerzas, paz y ánimo","Según PDF p.22, Daniel 10:16, en el pasaje sobre labios, dolores, fuerzas, paz y ánimo, ¿Cuál opción conserva el dato exacto de la fuente? Marco: «Pero uno con [DETALLE] de hijo de hombre tocó mis labios»","[""Pero uno con Aconteció de hijo de hombre tocó mis labios"", ""Pero uno con asoladora de hijo de hombre tocó mis labios"", ""Pero uno con semejanza de hijo de hombre tocó mis labios"", ""Pero uno con diferente de hijo de hombre tocó mis labios""]",2,Pero uno con semejanza de hijo de hombre tocó mis labios,La opción correcta conserva el detalle «semejanza» tal como aparece en la fuente: «Pero uno con semejanza de hijo de hombre tocó mis labios».,Pero uno con semejanza de hijo de hombre tocó mis labios,DAN10-V16-F02,DAN10-V16-F02-VARIANTS,verified,
DAN10-0038,DANIEL7-12,DAN10,"PDF p.22, Daniel 10:17",true_false,medium,"labios, dolores, fuerzas, paz y ánimo","Según PDF p.22, Daniel 10:17, en el pasaje sobre labios, dolores, fuerzas, paz y ánimo, determine si el detalle entre corchetes hace verdadera o falsa esta afirmación: «¿Cómo, pues, podrá el ⟦cuarto⟧ de mi señor hablar con mi señor?»","[""Verdadero"", ""Falso""]",1,Falso,"La afirmación cambia «siervo». La corrección exacta es: «¿Cómo, pues, podrá el siervo de mi señor hablar con mi señor?»","Cómo, pues, podrá el siervo de mi señor hablar con mi señor",DAN10-V17-F02,DAN10-V17-F02-VARIANTS,verified,"¿Cómo, pues, podrá el siervo de mi señor hablar con mi señor?"
DAN10-0039,DANIEL7-12,DAN10,"PDF p.22, Daniel 10:18",fill_blank,medium,"labios, dolores, fuerzas, paz y ánimo","Según PDF p.22, Daniel 10:18, en el pasaje sobre labios, dolores, fuerzas, paz y ánimo, complete la formulación del PDF: «Aquel que tenía semejanza de hombre me tocó otra vez, me _____»","[""engrandeció"", ""fortaleció"", ""respondió"", ""preguntó""]",1,fortaleció,"El PDF emplea la expresión «fortaleció» en este contexto: «me tocó otra vez, me fortaleció».","me tocó otra vez, me fortaleció",DAN10-V18-F02,DAN10-V18-F02-VARIANTS,verified,
DAN10-0040,DANIEL7-12,DAN10,"PDF p.22, Daniel 10:19",multiple_choice,hard,"labios, dolores, fuerzas, paz y ánimo","Según PDF p.22, Daniel 10:19, en el pasaje sobre labios, dolores, fuerzas, paz y ánimo, ¿Qué opción restituye con precisión la relación descrita? Marco: «mi señor, porque me has [DETALLE]»","[""mi señor, porque me has despertados"", ""mi señor, porque me has determinado"", ""mi señor, porque me has purificados"", ""mi señor, porque me has fortalecido""]",3,"mi señor, porque me has fortalecido","La opción correcta conserva el detalle «fortalecido» tal como aparece en la fuente: «mi señor, porque me has fortalecido».","mi señor, porque me has fortalecido",DAN10-V19-F07,DAN10-V19-F07-VARIANTS,verified,
DAN10-0041,DANIEL7-12,DAN10,"PDF p.22, Daniel 10:20",true_false,hard,Grecia y libro de la verdad,"Según PDF p.22, Daniel 10:20, en el pasaje sobre Grecia y libro de la verdad, determine si el detalle entre corchetes hace verdadera o falsa esta afirmación: «Él me dijo: “¿Sabes por qué he ⟦pecado⟧ a ti?»","[""Verdadero"", ""Falso""]",1,Falso,La afirmación cambia «venido». La corrección exacta es: «Él me dijo: “¿Sabes por qué he venido a ti?»,dijo: “¿Sabes por qué he venido a ti,DAN10-V20-F02,DAN10-V20-F02-VARIANTS,verified,Él me dijo: “¿Sabes por qué he venido a ti?
DAN10-0042,DANIEL7-12,DAN10,"PDF p.22, Daniel 10:21",fill_blank,hard,Grecia y libro de la verdad,"Según PDF p.22, Daniel 10:21, en el pasaje sobre Grecia y libro de la verdad, complete la formulación del PDF: «Pero yo te _____ lo que está escrito en el libro de la verdad: nadie me ayuda contra ellos, sino Miguel vuestro príncipe.”»","[""apoderará"", ""aumentará"", ""declararé"", ""cumplirán""]",2,declararé,El PDF emplea la expresión «declararé» en este contexto: «Pero yo te declararé lo que está escrito en el libro».,Pero yo te declararé lo que está escrito en el libro,DAN10-V21-F02,DAN10-V21-F02-VARIANTS,verified,
DAN10-0043,DANIEL7-12,DAN10,"PDF p.22, Daniel 10:1",multiple_choice,medium,"tercer año de Ciro, conflicto y tres semanas","Según PDF p.22, Daniel 10:1, en el pasaje sobre tercer año de Ciro, conflicto y tres semanas, ¿Cuál opción conserva el dato exacto de la fuente? Marco: «palabra era verdadera y el [DETALLE] grande, pero él comprendió la palabra y»","[""palabra era verdadera y el conflicto grande, pero él comprendió la palabra y"", ""palabra era verdadera y el desolador grande, pero él comprendió la palabra y"", ""palabra era verdadera y el estruendo grande, pero él comprendió la palabra y"", ""palabra era verdadera y el juramento grande, pero él comprendió la palabra y""]",0,"palabra era verdadera y el conflicto grande, pero él comprendió la palabra y","La opción correcta conserva el detalle «conflicto» tal como aparece en la fuente: «palabra era verdadera y el conflicto grande, pero él comprendió la palabra y».","palabra era verdadera y el conflicto grande, pero él comprendió la palabra y",DAN10-V1-F08,DAN10-V1-F08-VARIANTS,verified,
DAN10-0044,DANIEL7-12,DAN10,"PDF p.22, Daniel 10:2",true_false,medium,"tercer año de Ciro, conflicto y tres semanas","Según PDF p.22, Daniel 10:2, en el pasaje sobre tercer año de Ciro, conflicto y tres semanas, determine si el detalle entre corchetes hace verdadera o falsa esta afirmación: «En aquellos días yo, Daniel, estuve ⟦afligido⟧ por espacio de tres semanas.»","[""Verdadero"", ""Falso""]",0,Verdadero,"La afirmación coincide con el PDF: «aquellos días yo, Daniel, estuve afligido por espacio de tres semanas».","aquellos días yo, Daniel, estuve afligido por espacio de tres semanas",DAN10-V2-F03,DAN10-V2-F03-VARIANTS,verified,
DAN10-0045,DANIEL7-12,DAN10,"PDF p.22, Daniel 10:3",fill_blank,hard,"tercer año de Ciro, conflicto y tres semanas","Según PDF p.22, Daniel 10:3, en el pasaje sobre tercer año de Ciro, conflicto y tres semanas, complete la formulación del PDF: «No comí _____ delicado, ni entró en mi boca carne ni vino, ni me ungí con perfume, hasta que se cumplieron las tres semanas.»","[""hablar"", ""llegar"", ""volver"", ""manjar""]",3,manjar,"El PDF emplea la expresión «manjar» en este contexto: «No comí manjar delicado, ni entró en mi boca carne».","No comí manjar delicado, ni entró en mi boca carne",DAN10-V3-F03,DAN10-V3-F03-VARIANTS,verified,
DAN10-0046,DANIEL7-12,DAN10,"PDF p.22, Daniel 10:4",multiple_choice,hard,día y río Hidekel,"Según PDF p.22, Daniel 10:4, en el pasaje sobre día y río Hidekel, ¿Qué opción restituye con precisión la relación descrita? Marco: «día veinticuatro del primer mes [DETALLE] yo a la orilla del gran río»","[""día veinticuatro del primer mes bestia yo a la orilla del gran río"", ""día veinticuatro del primer mes estaba yo a la orilla del gran río"", ""día veinticuatro del primer mes habían yo a la orilla del gran río"", ""día veinticuatro del primer mes Miraba yo a la orilla del gran río""]",1,día veinticuatro del primer mes estaba yo a la orilla del gran río,La opción correcta conserva el detalle «estaba» tal como aparece en la fuente: «día veinticuatro del primer mes estaba yo a la orilla del gran río».,día veinticuatro del primer mes estaba yo a la orilla del gran río,DAN10-V4-F03,DAN10-V4-F03-VARIANTS,verified,
DAN10-0047,DANIEL7-12,DAN10,"PDF p.22, Daniel 10:5",true_false,hard,"varón de lino, oro de Ufaz y descripción corporal","Según PDF p.22, Daniel 10:5, en el pasaje sobre varón de lino, oro de Ufaz y descripción corporal, determine si el detalle entre corchetes hace verdadera o falsa esta afirmación: «Alcé mis ojos y miré, y vi un varón ⟦dormido⟧ de lino y ceñida su cintura con oro de Ufaz.»","[""Verdadero"", ""Falso""]",1,Falso,"La afirmación cambia «vestido». La corrección exacta es: «Alcé mis ojos y miré, y vi un varón vestido de lino y ceñida su cintura con oro de Ufaz.»","miré, y vi un varón vestido de lino y ceñida su cintura con",DAN10-V5-F03,DAN10-V5-F03-VARIANTS,verified,"Alcé mis ojos y miré, y vi un varón vestido de lino y ceñida su cintura con oro de Ufaz."
DAN10-0048,DANIEL7-12,DAN10,"PDF p.22, Daniel 10:6",fill_blank,hard,"varón de lino, oro de Ufaz y descripción corporal","Según PDF p.22, Daniel 10:6, en el pasaje sobre varón de lino, oro de Ufaz y descripción corporal, complete la formulación del PDF: «Su cuerpo era como de berilo, su rostro parecía un relámpago, sus ojos como antorchas de fuego, sus brazos y sus pies como de color de bronce bruñido, y el sonido de sus palabras como el _____ de una multitud.»","[""estruendo"", ""conflicto"", ""desolador"", ""juramento""]",0,estruendo,El PDF emplea la expresión «estruendo» en este contexto: «de sus palabras como el estruendo de una multitud».,de sus palabras como el estruendo de una multitud,DAN10-V6-F03,DAN10-V6-F03-VARIANTS,verified,
DAN10-0049,DANIEL7-12,DAN10,"PDF p.22, Daniel 10:7",multiple_choice,medium,acompañantes y caída de Daniel,"Según PDF p.22, Daniel 10:7, en el pasaje sobre acompañantes y caída de Daniel, ¿Cuál opción conserva el dato exacto de la fuente? Marco: «No la [DETALLE] los hombres que estaban conmigo, sino que»","[""No la cuarta los hombres que estaban conmigo, sino que"", ""No la nación los hombres que estaban conmigo, sino que"", ""No la vieron los hombres que estaban conmigo, sino que"", ""No la ribera los hombres que estaban conmigo, sino que""]",2,"No la vieron los hombres que estaban conmigo, sino que","La opción correcta conserva el detalle «vieron» tal como aparece en la fuente: «No la vieron los hombres que estaban conmigo, sino que».","No la vieron los hombres que estaban conmigo, sino que",DAN10-V7-F03,DAN10-V7-F03-VARIANTS,verified,
DAN10-0050,DANIEL7-12,DAN10,"PDF p.22, Daniel 10:8",true_false,hard,acompañantes y caída de Daniel,"Según PDF p.22, Daniel 10:8, en el pasaje sobre acompañantes y caída de Daniel, determine si el detalle entre corchetes hace verdadera o falsa esta afirmación: «Quedé, pues, yo solo ante esta gran visión, pero no quedaron fuerzas en mí, antes bien, mis fuerzas se cambiaron en desfallecimiento, pues me ⟦abandonaron⟧ totalmente.»","[""Verdadero"", ""Falso""]",0,Verdadero,"La afirmación coincide con el PDF: «cambiaron en desfallecimiento, pues me abandonaron totalmente».","cambiaron en desfallecimiento, pues me abandonaron totalmente",DAN10-V8-F03,DAN10-V8-F03-VARIANTS,verified,
DAN10-0051,DANIEL7-12,DAN10,"PDF p.22, Daniel 10:9",fill_blank,medium,acompañantes y caída de Daniel,"Según PDF p.22, Daniel 10:9, en el pasaje sobre acompañantes y caída de Daniel, complete la formulación del PDF: «y al oír el _____ de sus palabras caí sobre mi rostro en un profundo sueño, con mi rostro en tierra.»","[""cuarto"", ""sonido"", ""hombre"", ""primer""]",1,sonido,El PDF emplea la expresión «sonido» en este contexto: «y al oír el sonido de sus palabras caí sobre mi rostro».,y al oír el sonido de sus palabras caí sobre mi rostro,DAN10-V9-F03,DAN10-V9-F03-VARIANTS,verified,
DAN10-0052,DANIEL7-12,DAN10,"PDF p.22, Daniel 10:10",multiple_choice,medium,"primer día, príncipe de Persia, Miguel y últimos días","Según PDF p.22, Daniel 10:10, en el pasaje sobre primer día, príncipe de Persia, Miguel y últimos días, ¿Cuál opción conserva el dato exacto de la fuente? Marco: «mis rodillas y sobre las [DETALLE] de mis manos»","[""mis rodillas y sobre las costas de mis manos"", ""mis rodillas y sobre las tardes de mis manos"", ""mis rodillas y sobre las aguas de mis manos"", ""mis rodillas y sobre las palmas de mis manos""]",3,mis rodillas y sobre las palmas de mis manos,La opción correcta conserva el detalle «palmas» tal como aparece en la fuente: «mis rodillas y sobre las palmas de mis manos».,mis rodillas y sobre las palmas de mis manos,DAN10-V10-F03,DAN10-V10-F03-VARIANTS,verified,
DAN10-0053,DANIEL7-12,DAN10,"PDF p.22, Daniel 10:11",true_false,hard,"primer día, príncipe de Persia, Miguel y últimos días","Según PDF p.22, Daniel 10:11, en el pasaje sobre primer día, príncipe de Persia, Miguel y últimos días, determine si el detalle entre corchetes hace verdadera o falsa esta afirmación: «Me dijo: “Daniel, ⟦viste⟧ muy amado, está atento a las palabras que he de decirte y ponte en pie, porque a ti he sido enviado ahora.»","[""Verdadero"", ""Falso""]",1,Falso,"La afirmación cambia «varón». La corrección exacta es: «Me dijo: “Daniel, varón muy amado, está atento a las palabras que he de decirte y ponte en pie, porque a ti he sido enviado ahora.»","Me dijo: “Daniel, varón muy amado, está atento a las palabras",DAN10-V11-F02,DAN10-V11-F02-VARIANTS,verified,"Me dijo: “Daniel, varón muy amado, está atento a las palabras que he de decirte y ponte en pie, porque a ti he sido enviado ahora."
DAN10-0054,DANIEL7-12,DAN10,"PDF p.22, Daniel 10:12",fill_blank,hard,"primer día, príncipe de Persia, Miguel y últimos días","Según PDF p.22, Daniel 10:12, en el pasaje sobre primer día, príncipe de Persia, Miguel y últimos días, complete la formulación del PDF: «Entonces me dijo: “Daniel, no temas, porque desde el primer día que dispusiste tu corazón a entender y a humillarte en la _____ de tu Dios, fueron oídas tus palabras»","[""confesión"", ""confusión"", ""presencia"", ""eternidad""]",2,presencia,"El PDF emplea la expresión «presencia» en este contexto: «y a humillarte en la presencia de tu Dios, fueron oídas tus palabras».","y a humillarte en la presencia de tu Dios, fueron oídas tus palabras",DAN10-V12-F03,DAN10-V12-F03-VARIANTS,verified,
DAN10-0055,DANIEL7-12,DAN10,"PDF p.22, Daniel 10:13",multiple_choice,medium,"primer día, príncipe de Persia, Miguel y últimos días","Según PDF p.22, Daniel 10:13, en el pasaje sobre primer día, príncipe de Persia, Miguel y últimos días, ¿Cuál opción conserva el dato exacto de la fuente? Marco: «Miguel, uno de los principales [DETALLE], vino para ayudarme, y quedé allí con»","[""Miguel, uno de los principales príncipes, vino para ayudarme, y quedé allí con"", ""Miguel, uno de los principales antorchas, vino para ayudarme, y quedé allí con"", ""Miguel, uno de los principales convenios, vino para ayudarme, y quedé allí con"", ""Miguel, uno de los principales ejércitos, vino para ayudarme, y quedé allí con""]",0,"Miguel, uno de los principales príncipes, vino para ayudarme, y quedé allí con","La opción correcta conserva el detalle «príncipes» tal como aparece en la fuente: «Miguel, uno de los principales príncipes, vino para ayudarme, y quedé allí con».","Miguel, uno de los principales príncipes, vino para ayudarme, y quedé allí con",DAN10-V13-F05,DAN10-V13-F05-VARIANTS,verified,
DAN10-0056,DANIEL7-12,DAN10,"PDF p.22, Daniel 10:14",true_false,hard,"primer día, príncipe de Persia, Miguel y últimos días","Según PDF p.22, Daniel 10:14, en el pasaje sobre primer día, príncipe de Persia, Miguel y últimos días, determine si el detalle entre corchetes hace verdadera o falsa esta afirmación: «He venido para hacerte ⟦andar⟧ lo que ha de sucederle a tu pueblo en los últimos días, porque la visión es para esos días.”»","[""Verdadero"", ""Falso""]",1,Falso,"La afirmación cambia «saber». La corrección exacta es: «He venido para hacerte saber lo que ha de sucederle a tu pueblo en los últimos días, porque la visión es para esos días.”»",He venido para hacerte saber lo que ha de sucederle a tu,DAN10-V14-F03,DAN10-V14-F03-VARIANTS,verified,"He venido para hacerte saber lo que ha de sucederle a tu pueblo en los últimos días, porque la visión es para esos días.”"
DAN10-0057,DANIEL7-12,DAN10,"PDF p.22, Daniel 10:15",fill_blank,easy,"labios, dolores, fuerzas, paz y ánimo","Según PDF p.22, Daniel 10:15, en el pasaje sobre labios, dolores, fuerzas, paz y ánimo, complete la formulación del PDF: «Mientras me decía estas _____, yo tenía los ojos puestos en tierra y había enmudecido.»","[""enemigas"", ""entonces"", ""nosotros"", ""palabras""]",3,palabras,"El PDF emplea la expresión «palabras» en este contexto: «Mientras me decía estas palabras, yo tenía los ojos puestos en tierra».","Mientras me decía estas palabras, yo tenía los ojos puestos en tierra",DAN10-V15-F03,DAN10-V15-F03-VARIANTS,verified,
DAN10-0058,DANIEL7-12,DAN10,"PDF p.22, Daniel 10:16",multiple_choice,hard,"labios, dolores, fuerzas, paz y ánimo","Según PDF p.22, Daniel 10:16, en el pasaje sobre labios, dolores, fuerzas, paz y ánimo, ¿Qué opción restituye con precisión la relación descrita? Marco: «con la visión me han [DETALLE] dolores y no me quedan fuerzas»","[""con la visión me han despertados dolores y no me quedan fuerzas"", ""con la visión me han sobrevenido dolores y no me quedan fuerzas"", ""con la visión me han determinado dolores y no me quedan fuerzas"", ""con la visión me han fortalecido dolores y no me quedan fuerzas""]",1,con la visión me han sobrevenido dolores y no me quedan fuerzas,La opción correcta conserva el detalle «sobrevenido» tal como aparece en la fuente: «con la visión me han sobrevenido dolores y no me quedan fuerzas».,con la visión me han sobrevenido dolores y no me quedan fuerzas,DAN10-V16-F04,DAN10-V16-F04-VARIANTS,verified,
DAN10-0059,DANIEL7-12,DAN10,"PDF p.22, Daniel 10:17",true_false,hard,"labios, dolores, fuerzas, paz y ánimo","Según PDF p.22, Daniel 10:17, en el pasaje sobre labios, dolores, fuerzas, paz y ánimo, determine si el detalle entre corchetes hace verdadera o falsa esta afirmación: «¿Cómo, pues, podrá el siervo de mi señor ⟦llegar⟧ con mi señor?»","[""Verdadero"", ""Falso""]",1,Falso,"La afirmación cambia «hablar». La corrección exacta es: «¿Cómo, pues, podrá el siervo de mi señor hablar con mi señor?»",el siervo de mi señor hablar con mi señor,DAN10-V17-F03,DAN10-V17-F03-VARIANTS,verified,"¿Cómo, pues, podrá el siervo de mi señor hablar con mi señor?"
DAN10-0060,DANIEL7-12,DAN10,"PDF p.22, Daniel 10:18",fill_blank,medium,"labios, dolores, fuerzas, paz y ánimo","Según PDF p.22, Daniel 10:18, en el pasaje sobre labios, dolores, fuerzas, paz y ánimo, complete la formulación del PDF: «Aquel que _____ semejanza de hombre me tocó otra vez, me fortaleció»","[""tenía"", ""decía"", ""había"", ""hacía""]",0,tenía,El PDF emplea la expresión «tenía» en este contexto: «Aquel que tenía semejanza de hombre me tocó otra vez».,Aquel que tenía semejanza de hombre me tocó otra vez,DAN10-V18-F03,DAN10-V18-F03-VARIANTS,verified,
DAN10-0061,DANIEL7-12,DAN10,"PDF p.22, Daniel 10:19",multiple_choice,easy,"labios, dolores, fuerzas, paz y ánimo","Según PDF p.22, Daniel 10:19, en el pasaje sobre labios, dolores, fuerzas, paz y ánimo, ¿Qué expresión completa correctamente el detalle señalado? Marco: «[DETALLE] y cobra aliento»","[""buscándolo y cobra aliento"", ""humillarte y cobra aliento"", ""esfuérzate y cobra aliento"", ""perdurable y cobra aliento""]",2,esfuérzate y cobra aliento,La opción correcta conserva el detalle «esfuérzate» tal como aparece en la fuente: «esfuérzate y cobra aliento».,esfuérzate y cobra aliento,DAN10-V19-F04,DAN10-V19-F04-VARIANTS,verified,
DAN10-0062,DANIEL7-12,DAN10,"PDF p.22, Daniel 10:20",true_false,medium,Grecia y libro de la verdad,"Según PDF p.22, Daniel 10:20, en el pasaje sobre Grecia y libro de la verdad, determine si el detalle entre corchetes hace verdadera o falsa esta afirmación: «Ahora tengo que ⟦volver⟧ para pelear contra el príncipe de Persia»","[""Verdadero"", ""Falso""]",0,Verdadero,La afirmación coincide con el PDF: «Ahora tengo que volver para pelear contra el príncipe de Persia».,Ahora tengo que volver para pelear contra el príncipe de Persia,DAN10-V20-F03,DAN10-V20-F03-VARIANTS,verified,
DAN10-0063,DANIEL7-12,DAN10,"PDF p.22, Daniel 10:21",fill_blank,medium,Grecia y libro de la verdad,"Según PDF p.22, Daniel 10:21, en el pasaje sobre Grecia y libro de la verdad, complete la formulación del PDF: «Pero yo te declararé lo que está _____ en el libro de la verdad: nadie me ayuda contra ellos, sino Miguel vuestro príncipe.”»","[""conmigo"", ""escrito"", ""delante"", ""dominio""]",1,escrito,El PDF emplea la expresión «escrito» en este contexto: «te declararé lo que está escrito en el libro de la verdad: nadie».,te declararé lo que está escrito en el libro de la verdad: nadie,DAN10-V21-F03,DAN10-V21-F03-VARIANTS,verified,
DAN10-0064,DANIEL7-12,DAN10,"PDF p.22, Daniel 10:1",multiple_choice,hard,"tercer año de Ciro, conflicto y tres semanas","Según PDF p.22, Daniel 10:1, en el pasaje sobre tercer año de Ciro, conflicto y tres semanas, ¿Qué opción restituye con precisión la relación descrita? Marco: «el conflicto grande, pero él [DETALLE] la palabra y tuvo inteligencia en la»","[""el conflicto grande, pero él respondió la palabra y tuvo inteligencia en la"", ""el conflicto grande, pero él estaba la palabra y tuvo inteligencia en la"", ""el conflicto grande, pero él era la palabra y tuvo inteligencia en la"", ""el conflicto grande, pero él comprendió la palabra y tuvo inteligencia en la""]",3,"el conflicto grande, pero él comprendió la palabra y tuvo inteligencia en la","La opción correcta conserva el detalle «comprendió» tal como aparece en la fuente: «el conflicto grande, pero él comprendió la palabra y tuvo inteligencia en la».","el conflicto grande, pero él comprendió la palabra y tuvo inteligencia en la",DAN10-V1-F09,DAN10-V1-F09-VARIANTS,verified,
DAN10-0065,DANIEL7-12,DAN10,"PDF p.22, Daniel 10:2",true_false,medium,"tercer año de Ciro, conflicto y tres semanas","Según PDF p.22, Daniel 10:2, en el pasaje sobre tercer año de Ciro, conflicto y tres semanas, determine si el detalle entre corchetes hace verdadera o falsa esta afirmación: «En aquellos días yo, Daniel, estuve afligido por ⟦conmigo⟧ de tres semanas.»","[""Verdadero"", ""Falso""]",1,Falso,"La afirmación cambia «espacio». La corrección exacta es: ««En aquellos días yo, Daniel, estuve afligido por espacio de tres semanas.»","yo, Daniel, estuve afligido por espacio de tres semanas",DAN10-V2-F04,DAN10-V2-F04-VARIANTS,verified,"«En aquellos días yo, Daniel, estuve afligido por espacio de tres semanas."
DAN10-0066,DANIEL7-12,DAN10,"PDF p.22, Daniel 10:1",multiple_choice,easy,"tercer año de Ciro, conflicto y tres semanas","Según PDF p.22, Daniel 10:1, en el pasaje sobre tercer año de Ciro, conflicto y tres semanas, ¿Qué expresión completa correctamente el detalle señalado? Marco: «revelada palabra a Daniel, llamado [DETALLE]»","[""revelada palabra a Daniel, llamado Beltsasar"", ""revelada palabra a Daniel, llamado Abed-nego"", ""revelada palabra a Daniel, llamado Belsasar"", ""revelada palabra a Daniel, llamado Gabriel""]",0,"revelada palabra a Daniel, llamado Beltsasar","La opción correcta conserva el detalle «Beltsasar» tal como aparece en la fuente: «revelada palabra a Daniel, llamado Beltsasar».","revelada palabra a Daniel, llamado Beltsasar",DAN10-V1-F01,DAN10-V1-F01-VARIANTS,verified,
DAN10-0067,DANIEL7-12,DAN10,"PDF p.22, Daniel 10:2",fill_blank,hard,"tercer año de Ciro, conflicto y tres semanas","Según PDF p.22, Daniel 10:2, en el pasaje sobre tercer año de Ciro, conflicto y tres semanas, complete la formulación del PDF: «En aquellos días yo, Daniel, estuve afligido por espacio de _____.»","[""diez cuernos"", ""setenta años"", ""tres semanas"", ""cuatro reinos""]",2,tres semanas,El PDF emplea la expresión «tres semanas» en este contexto: «estuve afligido por espacio de tres semanas».,estuve afligido por espacio de tres semanas,DAN10-V2-F01,DAN10-V2-F01-VARIANTS,verified,
DAN10-0068,DANIEL7-12,DAN10,"PDF p.22, Daniel 10:3",true_false,expert,"tercer año de Ciro, conflicto y tres semanas","Según PDF p.22, Daniel 10:3, en el pasaje sobre tercer año de Ciro, conflicto y tres semanas, determine si el detalle entre corchetes hace verdadera o falsa esta afirmación: «No comí manjar delicado, ni entró en mi boca carne ni vino, ni me ungí con perfume, hasta que se cumplieron las ⟦diez cuernos⟧.»","[""Verdadero"", ""Falso""]",1,Falso,"La afirmación cambia «tres semanas». La corrección exacta es: «No comí manjar delicado, ni entró en mi boca carne ni vino, ni me ungí con perfume, hasta que se cumplieron las tres semanas.»",hasta que se cumplieron las tres semanas,DAN10-V3-F01,DAN10-V3-F01-VARIANTS,verified,"No comí manjar delicado, ni entró en mi boca carne ni vino, ni me ungí con perfume, hasta que se cumplieron las tres semanas."
DAN10-0069,DANIEL7-12,DAN10,"PDF p.22, Daniel 10:4",fill_blank,medium,día y río Hidekel,"Según PDF p.22, Daniel 10:4, en el pasaje sobre día y río Hidekel, complete la formulación del PDF: «El día _____ del primer mes estaba yo a la orilla del gran río Hidekel.»","[""comprenderla"", ""despreciable"", ""resplandezca"", ""veinticuatro""]",3,veinticuatro,El PDF emplea la expresión «veinticuatro» en este contexto: «El día veinticuatro del primer mes estaba yo a la».,El día veinticuatro del primer mes estaba yo a la,DAN10-V4-F01,DAN10-V4-F01-VARIANTS,verified,
DAN10-0070,DANIEL7-12,DAN10,"PDF p.22, Daniel 10:5",multiple_choice,expert,"varón de lino, oro de Ufaz y descripción corporal","Según PDF p.22, Daniel 10:5, en el pasaje sobre varón de lino, oro de Ufaz y descripción corporal, ¿Cuál opción mantiene sin alterar el detalle y el orden de la fuente? Marco: «y ceñida su cintura con [DETALLE]»","[""y ceñida su cintura con rey del sur"", ""y ceñida su cintura con oro de Ufaz"", ""y ceñida su cintura con río de fuego"", ""y ceñida su cintura con rey del norte""]",1,y ceñida su cintura con oro de Ufaz,La opción correcta conserva el detalle «oro de Ufaz» tal como aparece en la fuente: «y ceñida su cintura con oro de Ufaz».,y ceñida su cintura con oro de Ufaz,DAN10-V5-F01,DAN10-V5-F01-VARIANTS,verified,
DAN10-0071,DANIEL7-12,DAN10,"PDF p.22, Daniel 10:6",true_false,expert,"varón de lino, oro de Ufaz y descripción corporal","Según PDF p.22, Daniel 10:6, en el pasaje sobre varón de lino, oro de Ufaz y descripción corporal, determine si el detalle entre corchetes hace verdadera o falsa esta afirmación: «Su cuerpo era como de berilo, su rostro parecía un ⟦conflicto⟧, sus ojos como antorchas de fuego, sus brazos y sus pies como de color de bronce bruñido, y el sonido de sus palabras como el estruendo de una multitud.»","[""Verdadero"", ""Falso""]",1,Falso,"La afirmación cambia «relámpago». La corrección exacta es: «Su cuerpo era como de berilo, su rostro parecía un relámpago, sus ojos como antorchas de fuego, sus brazos y sus pies como de color de bronce bruñido, y el sonido de sus palabras como el estruendo de una multitud.»","berilo, su rostro parecía un relámpago, sus ojos como antorchas de fuego, sus",DAN10-V6-F01,DAN10-V6-F01-VARIANTS,verified,"Su cuerpo era como de berilo, su rostro parecía un relámpago, sus ojos como antorchas de fuego, sus brazos y sus pies como de color de bronce bruñido, y el sonido de sus palabras como el estruendo de una multitud."
DAN10-0072,DANIEL7-12,DAN10,"PDF p.22, Daniel 10:7",multiple_choice,hard,acompañantes y caída de Daniel,"Según PDF p.22, Daniel 10:7, en el pasaje sobre acompañantes y caída de Daniel, ¿Qué opción restituye con precisión la relación descrita? Marco: «temor y huyeron y se [DETALLE]»","[""temor y huyeron y se abandonaron"", ""temor y huyeron y se asombraron"", ""temor y huyeron y se escondieron"", ""temor y huyeron y se conocieron""]",2,temor y huyeron y se escondieron,La opción correcta conserva el detalle «escondieron» tal como aparece en la fuente: «temor y huyeron y se escondieron».,temor y huyeron y se escondieron,DAN10-V7-F02,DAN10-V7-F02-VARIANTS,verified,
DAN10-0073,DANIEL7-12,DAN10,"PDF p.22, Daniel 10:8",fill_blank,hard,acompañantes y caída de Daniel,"Según PDF p.22, Daniel 10:8, en el pasaje sobre acompañantes y caída de Daniel, complete la formulación del PDF: «Quedé, pues, yo solo ante esta gran visión, pero no quedaron fuerzas en mí, antes bien, mis fuerzas se _____ en desfallecimiento, pues me abandonaron totalmente.»","[""cambiaron"", ""asombraron"", ""conocieron"", ""cumplieron""]",0,cambiaron,"El PDF emplea la expresión «cambiaron» en este contexto: «antes bien, mis fuerzas se cambiaron en desfallecimiento, pues me abandonaron totalmente».","antes bien, mis fuerzas se cambiaron en desfallecimiento, pues me abandonaron totalmente",DAN10-V8-F01,DAN10-V8-F01-VARIANTS,verified,
DAN10-0074,DANIEL7-12,DAN10,"PDF p.22, Daniel 10:9",true_false,easy,acompañantes y caída de Daniel,"Según PDF p.22, Daniel 10:9, en el pasaje sobre acompañantes y caída de Daniel, determine si el detalle entre corchetes hace verdadera o falsa esta afirmación: «Pero oí el ⟦sonido⟧ de sus palabras»","[""Verdadero"", ""Falso""]",0,Verdadero,La afirmación coincide con el PDF: «Pero oí el sonido de sus palabras».,Pero oí el sonido de sus palabras,DAN10-V9-F01,DAN10-V9-F01-VARIANTS,verified,
DAN10-0075,DANIEL7-12,DAN10,"PDF p.22, Daniel 10:10",fill_blank,hard,"primer día, príncipe de Persia, Miguel y últimos días","Según PDF p.22, Daniel 10:10, en el pasaje sobre primer día, príncipe de Persia, Miguel y últimos días, complete la formulación del PDF: «Y una mano me tocó e hizo que me _____ sobre mis rodillas y sobre las palmas de mis manos.»","[""elevará"", ""pusiera"", ""entrará"", ""hablará""]",1,pusiera,El PDF emplea la expresión «pusiera» en este contexto: «tocó e hizo que me pusiera sobre mis rodillas y sobre las palmas».,tocó e hizo que me pusiera sobre mis rodillas y sobre las palmas,DAN10-V10-F01,DAN10-V10-F01-VARIANTS,verified,
DAN10-0076,DANIEL7-12,DAN10,"PDF p.22, Daniel 10:11",multiple_choice,expert,"primer día, príncipe de Persia, Miguel y últimos días","Según PDF p.22, Daniel 10:11, en el pasaje sobre primer día, príncipe de Persia, Miguel y últimos días, ¿Cuál opción mantiene sin alterar el detalle y el orden de la fuente? Marco: «Me dijo: “Daniel, varón [DETALLE], está atento a las palabras que he»","[""Me dijo: “Daniel, varón gran mar, está atento a las palabras que he"", ""Me dijo: “Daniel, varón pacto santo, está atento a las palabras que he"", ""Me dijo: “Daniel, varón reino eterno, está atento a las palabras que he"", ""Me dijo: “Daniel, varón muy amado, está atento a las palabras que he""]",3,"Me dijo: “Daniel, varón muy amado, está atento a las palabras que he","La opción correcta conserva el detalle «muy amado» tal como aparece en la fuente: «Me dijo: “Daniel, varón muy amado, está atento a las palabras que he».","Me dijo: “Daniel, varón muy amado, está atento a las palabras que he",DAN10-V11-F01,DAN10-V11-F01-VARIANTS,verified,
DAN10-0077,DANIEL7-12,DAN10,"PDF p.22, Daniel 10:12",true_false,expert,"primer día, príncipe de Persia, Miguel y últimos días","Según PDF p.22, Daniel 10:12, en el pasaje sobre primer día, príncipe de Persia, Miguel y últimos días, determine si el detalle entre corchetes hace verdadera o falsa esta afirmación: «Entonces me dijo: “Daniel, no temas, porque desde el primer día que ⟦asombraron⟧ tu corazón a entender y a humillarte en la presencia de tu Dios, fueron oídas tus palabras»","[""Verdadero"", ""Falso""]",1,Falso,"La afirmación cambia «dispusiste». La corrección exacta es: «Entonces me dijo: “Daniel, no temas, porque desde el primer día que dispusiste tu corazón a entender y a humillarte en la presencia de tu Dios, fueron oídas tus palabras»",desde el primer día que dispusiste tu corazón a entender y a humillarte,DAN10-V12-F01,DAN10-V12-F01-VARIANTS,verified,"Entonces me dijo: “Daniel, no temas, porque desde el primer día que dispusiste tu corazón a entender y a humillarte en la presencia de tu Dios, fueron oídas tus palabras"
DAN10-0078,DANIEL7-12,DAN10,"PDF p.22, Daniel 10:13",fill_blank,expert,"primer día, príncipe de Persia, Miguel y últimos días","Según PDF p.22, Daniel 10:13, en el pasaje sobre primer día, príncipe de Persia, Miguel y últimos días, complete la formulación del PDF: «Mas el _____ se me opuso durante veintiún días»","[""tiempo, tiempos y medio tiempo"", ""Príncipe de los príncipes"", ""príncipe del reino de Persia"", ""dios de las fortalezas""]",2,príncipe del reino de Persia,El PDF emplea la expresión «príncipe del reino de Persia» en este contexto: «Mas el príncipe del reino de Persia se me opuso durante veintiún días».,Mas el príncipe del reino de Persia se me opuso durante veintiún días,DAN10-V13-F01,DAN10-V13-F01-VARIANTS,verified,
DAN10-0079,DANIEL7-12,DAN10,"PDF p.22, Daniel 10:14",multiple_choice,hard,"primer día, príncipe de Persia, Miguel y últimos días","Según PDF p.22, Daniel 10:14, en el pasaje sobre primer día, príncipe de Persia, Miguel y últimos días, ¿Qué opción restituye con precisión la relación descrita? Marco: «saber lo que ha de [DETALLE] a tu pueblo en los últimos días»","[""saber lo que ha de sucederle a tu pueblo en los últimos días"", ""saber lo que ha de acercarse a tu pueblo en los últimos días"", ""saber lo que ha de cumplirse a tu pueblo en los últimos días"", ""saber lo que ha de enfrentar a tu pueblo en los últimos días""]",0,saber lo que ha de sucederle a tu pueblo en los últimos días,La opción correcta conserva el detalle «sucederle» tal como aparece en la fuente: «saber lo que ha de sucederle a tu pueblo en los últimos días».,saber lo que ha de sucederle a tu pueblo en los últimos días,DAN10-V14-F01,DAN10-V14-F01-VARIANTS,verified,
DAN10-0080,DANIEL7-12,DAN10,"PDF p.22, Daniel 10:15",true_false,hard,"labios, dolores, fuerzas, paz y ánimo","Según PDF p.22, Daniel 10:15, en el pasaje sobre labios, dolores, fuerzas, paz y ánimo, determine si el detalle entre corchetes hace verdadera o falsa esta afirmación: «Mientras me decía estas palabras, yo tenía los ojos puestos en tierra y había ⟦arrancadas⟧.»","[""Verdadero"", ""Falso""]",1,Falso,"La afirmación cambia «enmudecido». La corrección exacta es: «Mientras me decía estas palabras, yo tenía los ojos puestos en tierra y había enmudecido.»",puestos en tierra y había enmudecido,DAN10-V15-F01,DAN10-V15-F01-VARIANTS,verified,"Mientras me decía estas palabras, yo tenía los ojos puestos en tierra y había enmudecido."
DAN10-0081,DANIEL7-12,DAN10,"PDF p.22, Daniel 10:16",fill_blank,expert,"labios, dolores, fuerzas, paz y ánimo","Según PDF p.22, Daniel 10:16, en el pasaje sobre labios, dolores, fuerzas, paz y ánimo, complete la formulación del PDF: «Pero uno con semejanza de _____ tocó mis labios.»","[""tiempo del fin"", ""Anciano de días"", ""rey del norte"", ""hijo de hombre""]",3,hijo de hombre,El PDF emplea la expresión «hijo de hombre» en este contexto: «Pero uno con semejanza de hijo de hombre tocó mis labios».,Pero uno con semejanza de hijo de hombre tocó mis labios,DAN10-V16-F01,DAN10-V16-F01-VARIANTS,verified,
DAN10-0082,DANIEL7-12,DAN10,"PDF p.22, Daniel 10:17",multiple_choice,medium,"labios, dolores, fuerzas, paz y ánimo","Según PDF p.22, Daniel 10:17, en el pasaje sobre labios, dolores, fuerzas, paz y ánimo, ¿Cuál opción conserva el dato exacto de la fuente? Marco: «Cómo, pues, [DETALLE] el siervo de mi señor hablar con»","[""Cómo, pues, ahora el siervo de mi señor hablar con"", ""Cómo, pues, podrá el siervo de mi señor hablar con"", ""Cómo, pues, causa el siervo de mi señor hablar con"", ""Cómo, pues, cerca el siervo de mi señor hablar con""]",1,"Cómo, pues, podrá el siervo de mi señor hablar con","La opción correcta conserva el detalle «podrá» tal como aparece en la fuente: «Cómo, pues, podrá el siervo de mi señor hablar con».","Cómo, pues, podrá el siervo de mi señor hablar con",DAN10-V17-F01,DAN10-V17-F01-VARIANTS,verified,
DAN10-0083,DANIEL7-12,DAN10,"PDF p.22, Daniel 10:18",true_false,easy,"labios, dolores, fuerzas, paz y ánimo","Según PDF p.22, Daniel 10:18, en el pasaje sobre labios, dolores, fuerzas, paz y ánimo, determine si el detalle entre corchetes hace verdadera o falsa esta afirmación: «Aquel que tenía ⟦semejanza⟧ de hombre me tocó otra vez, me fortaleció»","[""Verdadero"", ""Falso""]",0,Verdadero,"La afirmación coincide con el PDF: «Aquel que tenía semejanza de hombre me tocó otra vez, me».","Aquel que tenía semejanza de hombre me tocó otra vez, me",DAN10-V18-F01,DAN10-V18-F01-VARIANTS,verified,
DAN10-0084,DANIEL7-12,DAN10,"PDF p.22, Daniel 10:19",fill_blank,hard,"labios, dolores, fuerzas, paz y ánimo","Según PDF p.22, Daniel 10:19, en el pasaje sobre labios, dolores, fuerzas, paz y ánimo, complete la formulación del PDF: «y me dijo: “_____, no temas»","[""Muy amado"", ""gran mar"", ""pacto santo"", ""reino eterno""]",0,Muy amado,"El PDF emplea la expresión «Muy amado» en este contexto: «y me dijo: “Muy amado, no temas».","y me dijo: “Muy amado, no temas",DAN10-V19-F01,DAN10-V19-F01-VARIANTS,verified,
DAN10-0085,DANIEL7-12,DAN10,"PDF p.22, Daniel 10:20",multiple_choice,easy,Grecia y libro de la verdad,"Según PDF p.22, Daniel 10:20, en el pasaje sobre Grecia y libro de la verdad, ¿Qué expresión completa correctamente el detalle señalado? Marco: «Él me dijo: “¿[DETALLE] por qué he venido a ti»","[""Él me dijo: “¿actos por qué he venido a ti"", ""Él me dijo: “¿cosas por qué he venido a ti"", ""Él me dijo: “¿Sabes por qué he venido a ti"", ""Él me dijo: “¿otros por qué he venido a ti""]",2,Él me dijo: “¿Sabes por qué he venido a ti,La opción correcta conserva el detalle «Sabes» tal como aparece en la fuente: «Él me dijo: “¿Sabes por qué he venido a ti».,Él me dijo: “¿Sabes por qué he venido a ti,DAN10-V20-F01,DAN10-V20-F01-VARIANTS,verified,
DAN10-0086,DANIEL7-12,DAN10,"PDF p.22, Daniel 10:21",true_false,expert,Grecia y libro de la verdad,"Según PDF p.22, Daniel 10:21, en el pasaje sobre Grecia y libro de la verdad, determine si el detalle entre corchetes hace verdadera o falsa esta afirmación: «Pero yo te declararé lo que está escrito en el ⟦libro de la verdad⟧: nadie me ayuda contra ellos, sino Miguel vuestro príncipe.”»","[""Verdadero"", ""Falso""]",0,Verdadero,"La afirmación coincide con el PDF: «que está escrito en el libro de la verdad: nadie me ayuda contra ellos, sino Miguel».","que está escrito en el libro de la verdad: nadie me ayuda contra ellos, sino Miguel",DAN10-V21-F01,DAN10-V21-F01-VARIANTS,verified,
DAN10-0087,DANIEL7-12,DAN10,"PDF p.22, Daniel 10:1",fill_blank,hard,"tercer año de Ciro, conflicto y tres semanas","Según PDF p.22, Daniel 10:1, en el pasaje sobre tercer año de Ciro, conflicto y tres semanas, complete la formulación del PDF: «La palabra era _____ y el conflicto grande, pero él comprendió la palabra y tuvo inteligencia en la visión.»","[""apoderará"", ""verdadera"", ""aumentará"", ""cumplirán""]",1,verdadera,"El PDF emplea la expresión «verdadera» en este contexto: «La palabra era verdadera y el conflicto grande, pero él comprendió».","La palabra era verdadera y el conflicto grande, pero él comprendió",DAN10-V1-F07,DAN10-V1-F07-VARIANTS,verified,
DAN10-0088,DANIEL7-12,DAN10,"PDF p.22, Daniel 10:2",multiple_choice,medium,"tercer año de Ciro, conflicto y tres semanas","Según PDF p.22, Daniel 10:2, en el pasaje sobre tercer año de Ciro, conflicto y tres semanas, ¿Cuál opción conserva el dato exacto de la fuente? Marco: «En aquellos días yo, Daniel, [DETALLE] afligido por espacio de tres semanas»","[""En aquellos días yo, Daniel, cabrío afligido por espacio de tres semanas"", ""En aquellos días yo, Daniel, cierra afligido por espacio de tres semanas"", ""En aquellos días yo, Daniel, creció afligido por espacio de tres semanas"", ""En aquellos días yo, Daniel, estuve afligido por espacio de tres semanas""]",3,"En aquellos días yo, Daniel, estuve afligido por espacio de tres semanas","La opción correcta conserva el detalle «estuve» tal como aparece en la fuente: «En aquellos días yo, Daniel, estuve afligido por espacio de tres semanas».","En aquellos días yo, Daniel, estuve afligido por espacio de tres semanas",DAN10-V2-F02,DAN10-V2-F02-VARIANTS,verified,
DAN10-0089,DANIEL7-12,DAN10,"PDF p.22, Daniel 10:3",true_false,hard,"tercer año de Ciro, conflicto y tres semanas","Según PDF p.22, Daniel 10:3, en el pasaje sobre tercer año de Ciro, conflicto y tres semanas, determine si el detalle entre corchetes hace verdadera o falsa esta afirmación: «No comí manjar delicado, ni entró en mi boca carne ni vino, ni me ungí con perfume, hasta que se ⟦cumplieron⟧ las tres semanas.»","[""Verdadero"", ""Falso""]",0,Verdadero,"La afirmación coincide con el PDF: «con perfume, hasta que se cumplieron las tres semanas».","con perfume, hasta que se cumplieron las tres semanas",DAN10-V3-F02,DAN10-V3-F02-VARIANTS,verified,
DAN10-0090,DANIEL7-12,DAN10,"PDF p.22, Daniel 10:4",fill_blank,easy,día y río Hidekel,"Según PDF p.22, Daniel 10:4, en el pasaje sobre día y río Hidekel, complete la formulación del PDF: «El día veinticuatro del _____ mes estaba yo a la orilla del gran río Hidekel.»","[""cuarto"", ""hombre"", ""primer"", ""rostro""]",2,primer,El PDF emplea la expresión «primer» en este contexto: «El día veinticuatro del primer mes estaba yo a la orilla del».,El día veinticuatro del primer mes estaba yo a la orilla del,DAN10-V4-F02,DAN10-V4-F02-VARIANTS,verified,
DAN10-0091,DANIEL7-12,DAN10,"PDF p.22, Daniel 10:5",multiple_choice,medium,"varón de lino, oro de Ufaz y descripción corporal","Según PDF p.22, Daniel 10:5, en el pasaje sobre varón de lino, oro de Ufaz y descripción corporal, ¿Cuál opción conserva el dato exacto de la fuente? Marco: «y miré, y vi un [DETALLE] vestido de lino y ceñida su cintura»","[""y miré, y vi un varón vestido de lino y ceñida su cintura"", ""y miré, y vi un cielo vestido de lino y ceñida su cintura"", ""y miré, y vi un libro vestido de lino y ceñida su cintura"", ""y miré, y vi un lugar vestido de lino y ceñida su cintura""]",0,"y miré, y vi un varón vestido de lino y ceñida su cintura","La opción correcta conserva el detalle «varón» tal como aparece en la fuente: «y miré, y vi un varón vestido de lino y ceñida su cintura».","y miré, y vi un varón vestido de lino y ceñida su cintura",DAN10-V5-F02,DAN10-V5-F02-VARIANTS,verified,
DAN10-0092,DANIEL7-12,DAN10,"PDF p.22, Daniel 10:6",true_false,expert,"varón de lino, oro de Ufaz y descripción corporal","Según PDF p.22, Daniel 10:6, en el pasaje sobre varón de lino, oro de Ufaz y descripción corporal, determine si el detalle entre corchetes hace verdadera o falsa esta afirmación: «Su cuerpo era como de berilo, su rostro parecía un relámpago, sus ojos como ⟦convenios⟧ de fuego, sus brazos y sus pies como de color de bronce bruñido, y el sonido de sus palabras como el estruendo de una multitud.»","[""Verdadero"", ""Falso""]",1,Falso,"La afirmación cambia «antorchas». La corrección exacta es: «Su cuerpo era como de berilo, su rostro parecía un relámpago, sus ojos como antorchas de fuego, sus brazos y sus pies como de color de bronce bruñido, y el sonido de sus palabras como el estruendo de una multitud.»","un relámpago, sus ojos como antorchas de fuego, sus brazos y sus pies",DAN10-V6-F02,DAN10-V6-F02-VARIANTS,verified,"Su cuerpo era como de berilo, su rostro parecía un relámpago, sus ojos como antorchas de fuego, sus brazos y sus pies como de color de bronce bruñido, y el sonido de sus palabras como el estruendo de una multitud."
DAN10-0093,DANIEL7-12,DAN10,"PDF p.22, Daniel 10:7",fill_blank,easy,acompañantes y caída de Daniel,"Según PDF p.22, Daniel 10:7, en el pasaje sobre acompañantes y caída de Daniel, complete la formulación del PDF: «Sólo yo, Daniel, vi aquella _____.»","[""cuarta"", ""nación"", ""ribera"", ""visión""]",3,visión,"El PDF emplea la expresión «visión» en este contexto: «Sólo yo, Daniel, vi aquella visión».","Sólo yo, Daniel, vi aquella visión",DAN10-V7-F01,DAN10-V7-F01-VARIANTS,verified,
DAN10-0094,DANIEL7-12,DAN10,"PDF p.22, Daniel 10:8",multiple_choice,hard,acompañantes y caída de Daniel,"Según PDF p.22, Daniel 10:8, en el pasaje sobre acompañantes y caída de Daniel, ¿Qué opción restituye con precisión la relación descrita? Marco: «mis fuerzas se cambiaron en [DETALLE], pues me abandonaron totalmente»","[""mis fuerzas se cambiaron en entendimiento, pues me abandonaron totalmente"", ""mis fuerzas se cambiaron en desfallecimiento, pues me abandonaron totalmente"", ""mis fuerzas se cambiaron en destruidas, pues me abandonaron totalmente"", ""mis fuerzas se cambiaron en firmamento, pues me abandonaron totalmente""]",1,"mis fuerzas se cambiaron en desfallecimiento, pues me abandonaron totalmente","La opción correcta conserva el detalle «desfallecimiento» tal como aparece en la fuente: «mis fuerzas se cambiaron en desfallecimiento, pues me abandonaron totalmente».","mis fuerzas se cambiaron en desfallecimiento, pues me abandonaron totalmente",DAN10-V8-F02,DAN10-V8-F02-VARIANTS,verified,
DAN10-0095,DANIEL7-12,DAN10,"PDF p.22, Daniel 10:9",true_false,medium,acompañantes y caída de Daniel,"Según PDF p.22, Daniel 10:9, en el pasaje sobre acompañantes y caída de Daniel, determine si el detalle entre corchetes hace verdadera o falsa esta afirmación: «Pero oí el sonido de sus ⟦espaldas⟧»","[""Verdadero"", ""Falso""]",1,Falso,La afirmación cambia «palabras». La corrección exacta es: «Pero oí el sonido de sus palabras»,oí el sonido de sus palabras,DAN10-V9-F02,DAN10-V9-F02-VARIANTS,verified,Pero oí el sonido de sus palabras
DAN10-0096,DANIEL7-12,DAN10,"PDF p.22, Daniel 10:10",fill_blank,medium,"primer día, príncipe de Persia, Miguel y últimos días","Según PDF p.22, Daniel 10:10, en el pasaje sobre primer día, príncipe de Persia, Miguel y últimos días, complete la formulación del PDF: «Y una mano me tocó e hizo que me pusiera sobre mis _____ y sobre las palmas de mis manos.»","[""rodillas"", ""enemigas"", ""entonces"", ""nosotros""]",0,rodillas,El PDF emplea la expresión «rodillas» en este contexto: «que me pusiera sobre mis rodillas y sobre las palmas de mis manos».,que me pusiera sobre mis rodillas y sobre las palmas de mis manos,DAN10-V10-F02,DAN10-V10-F02-VARIANTS,verified,
DAN10-0097,DANIEL7-12,DAN10,"PDF p.22, Daniel 10:11",multiple_choice,medium,"primer día, príncipe de Persia, Miguel y últimos días","Según PDF p.22, Daniel 10:11, en el pasaje sobre primer día, príncipe de Persia, Miguel y últimos días, ¿Cuál opción conserva el dato exacto de la fuente? Marco: «conmigo, me puse en pie [DETALLE]»","[""conmigo, me puse en pie confesando"", ""conmigo, me puse en pie diciendo"", ""conmigo, me puse en pie temblando"", ""conmigo, me puse en pie hablando""]",2,"conmigo, me puse en pie temblando","La opción correcta conserva el detalle «temblando» tal como aparece en la fuente: «conmigo, me puse en pie temblando».","conmigo, me puse en pie temblando",DAN10-V11-F09,DAN10-V11-F09-VARIANTS,verified,
DAN10-0098,DANIEL7-12,DAN10,"PDF p.22, Daniel 10:12",true_false,hard,"primer día, príncipe de Persia, Miguel y últimos días","Según PDF p.22, Daniel 10:12, en el pasaje sobre primer día, príncipe de Persia, Miguel y últimos días, determine si el detalle entre corchetes hace verdadera o falsa esta afirmación: «Entonces me dijo: “Daniel, no temas, porque desde el primer día que dispusiste tu corazón a entender y a ⟦humillarte⟧ en la presencia de tu Dios, fueron oídas tus palabras»","[""Verdadero"", ""Falso""]",0,Verdadero,"La afirmación coincide con el PDF: «corazón a entender y a humillarte en la presencia de tu Dios, fueron».","corazón a entender y a humillarte en la presencia de tu Dios, fueron",DAN10-V12-F02,DAN10-V12-F02-VARIANTS,verified,
DAN10-0099,DANIEL7-12,DAN10,"PDF p.22, Daniel 10:13",fill_blank,medium,"primer día, príncipe de Persia, Miguel y últimos días","Según PDF p.22, Daniel 10:13, en el pasaje sobre primer día, príncipe de Persia, Miguel y últimos días, complete la formulación del PDF: «pero Miguel, uno de los _____ príncipes, vino para ayudarme, y quedé allí con los reyes de Persia.»","[""compañeros"", ""principales"", ""entendidos"", ""habitantes""]",1,principales,"El PDF emplea la expresión «principales» en este contexto: «pero Miguel, uno de los principales príncipes, vino para ayudarme, y quedé allí».","pero Miguel, uno de los principales príncipes, vino para ayudarme, y quedé allí",DAN10-V13-F04,DAN10-V13-F04-VARIANTS,verified,
DAN10-0100,DANIEL7-12,DAN10,"PDF p.22, Daniel 10:14",multiple_choice,hard,"primer día, príncipe de Persia, Miguel y últimos días","Según PDF p.22, Daniel 10:14, en el pasaje sobre primer día, príncipe de Persia, Miguel y últimos días, ¿Qué opción restituye con precisión la relación descrita? Marco: «He venido para [DETALLE] saber lo que ha de sucederle a»","[""He venido para conmigo saber lo que ha de sucederle a"", ""He venido para delante saber lo que ha de sucederle a"", ""He venido para dominio saber lo que ha de sucederle a"", ""He venido para hacerte saber lo que ha de sucederle a""]",3,He venido para hacerte saber lo que ha de sucederle a,La opción correcta conserva el detalle «hacerte» tal como aparece en la fuente: «He venido para hacerte saber lo que ha de sucederle a».,He venido para hacerte saber lo que ha de sucederle a,DAN10-V14-F02,DAN10-V14-F02-VARIANTS,verified,
DAN11-0001,DANIEL7-12,DAN11,"PDF p.23, Daniel 11:1",fill_blank,hard,"reyes de Persia, Grecia y reino repartido","Según PDF p.23, Daniel 11:1, en el pasaje sobre reyes de Persia, Grecia y reino repartido, complete la formulación del PDF: «También yo en el primer año de Darío, el medo, estuve para animarlo y _____.»","[""destruirlo"", ""acercarse"", ""fortalecerlo"", ""cumplirse""]",2,fortalecerlo,"El PDF emplea la expresión «fortalecerlo» en este contexto: «medo, estuve para animarlo y fortalecerlo».","medo, estuve para animarlo y fortalecerlo",DAN11-V1-F01,DAN11-V1-F01-VARIANTS,verified,
DAN11-0002,DANIEL7-12,DAN11,"PDF p.23, Daniel 11:2",fill_blank,hard,"reyes de Persia, Grecia y reino repartido","Según PDF p.23, Daniel 11:2, en el pasaje sobre reyes de Persia, Grecia y reino repartido, complete la formulación del PDF: «Éste, al hacerse fuerte con sus riquezas, _____ a todos contra el reino de Grecia.»","[""apoderará"", ""aumentará"", ""cumplirán"", ""levantará""]",3,levantará,"El PDF emplea la expresión «levantará» en este contexto: «hacerse fuerte con sus riquezas, levantará a todos contra el reino de Grecia».","hacerse fuerte con sus riquezas, levantará a todos contra el reino de Grecia",DAN11-V2-F10,DAN11-V2-F10-VARIANTS,verified,
DAN11-0003,DANIEL7-12,DAN11,"PDF p.23, Daniel 11:3",fill_blank,hard,"reyes de Persia, Grecia y reino repartido","Según PDF p.23, Daniel 11:3, en el pasaje sobre reyes de Persia, Grecia y reino repartido, complete la formulación del PDF: «Se _____ luego un rey valiente, que dominará con gran poder y hará su voluntad.»","[""levantará"", ""apoderará"", ""aumentará"", ""cumplirán""]",0,levantará,"El PDF emplea la expresión «levantará» en este contexto: «Se levantará luego un rey valiente, que dominará con».","Se levantará luego un rey valiente, que dominará con",DAN11-V3-F01,DAN11-V3-F01-VARIANTS,verified,
DAN11-0004,DANIEL7-12,DAN11,"PDF p.23, Daniel 11:4",multiple_choice,expert,"reyes de Persia, Grecia y reino repartido","Según PDF p.23, Daniel 11:4, en el pasaje sobre reyes de Persia, Grecia y reino repartido, ¿Cuál opción mantiene sin alterar el detalle y el orden de la fuente? Marco: «quebrantado y repartido hacia los [DETALLE]»","[""quebrantado y repartido hacia los cuatro vientos del cielo"", ""quebrantado y repartido hacia los mil doscientos noventa días"", ""quebrantado y repartido hacia los cuatro alas de ave"", ""quebrantado y repartido hacia los millones de millones""]",0,quebrantado y repartido hacia los cuatro vientos del cielo,La opción correcta conserva el detalle «cuatro vientos del cielo» tal como aparece en la fuente: «quebrantado y repartido hacia los cuatro vientos del cielo».,quebrantado y repartido hacia los cuatro vientos del cielo,DAN11-V4-F01,DAN11-V4-F01-VARIANTS,verified,
DAN11-0005,DANIEL7-12,DAN11,"PDF p.23, Daniel 11:1",fill_blank,hard,"reyes de Persia, Grecia y reino repartido","Según PDF p.23, Daniel 11:1, en el pasaje sobre reyes de Persia, Grecia y reino repartido, complete la formulación del PDF: «También yo en el _____ año de Darío, el medo, estuve para animarlo y fortalecerlo.»","[""cuarto"", ""primer"", ""hombre"", ""rostro""]",1,primer,"El PDF emplea la expresión «primer» en este contexto: «También yo en el primer año de Darío, el medo, estuve para».","También yo en el primer año de Darío, el medo, estuve para",DAN11-V1-F02,DAN11-V1-F02-VARIANTS,verified,
DAN11-0006,DANIEL7-12,DAN11,"PDF p.23, Daniel 11:2",multiple_choice,hard,"reyes de Persia, Grecia y reino repartido","Según PDF p.23, Daniel 11:2, en el pasaje sobre reyes de Persia, Grecia y reino repartido, ¿Qué opción restituye con precisión la relación descrita? Marco: «Ahora yo te [DETALLE] la verdad»","[""Ahora yo te cumplirá la verdad"", ""Ahora yo te mostraré la verdad"", ""Ahora yo te dominará la verdad"", ""Ahora yo te engañará la verdad""]",1,Ahora yo te mostraré la verdad,La opción correcta conserva el detalle «mostraré» tal como aparece en la fuente: «Ahora yo te mostraré la verdad».,Ahora yo te mostraré la verdad,DAN11-V2-F01,DAN11-V2-F01-VARIANTS,verified,
DAN11-0007,DANIEL7-12,DAN11,"PDF p.23, Daniel 11:3",true_false,hard,"reyes de Persia, Grecia y reino repartido","Según PDF p.23, Daniel 11:3, en el pasaje sobre reyes de Persia, Grecia y reino repartido, determine si el detalle entre corchetes hace verdadera o falsa esta afirmación: «Se levantará ⟦ahora⟧ un rey valiente, que dominará con gran poder y hará su voluntad.»","[""Verdadero"", ""Falso""]",1,Falso,"La afirmación cambia «luego». La corrección exacta es: «Se levantará luego un rey valiente, que dominará con gran poder y hará su voluntad.»","Se levantará luego un rey valiente, que dominará con gran",DAN11-V3-F02,DAN11-V3-F02-VARIANTS,verified,"Se levantará luego un rey valiente, que dominará con gran poder y hará su voluntad."
DAN11-0008,DANIEL7-12,DAN11,"PDF p.23, Daniel 11:4",fill_blank,hard,"reyes de Persia, Grecia y reino repartido","Según PDF p.23, Daniel 11:4, en el pasaje sobre reyes de Persia, Grecia y reino repartido, complete la formulación del PDF: «Pero cuando se haya _____, su reino será quebrantado y repartido hacia los cuatro vientos del cielo»","[""arruinado"", ""confiados"", ""levantado"", ""consumida""]",2,levantado,"El PDF emplea la expresión «levantado» en este contexto: «Pero cuando se haya levantado, su reino será quebrantado y repartido hacia».","Pero cuando se haya levantado, su reino será quebrantado y repartido hacia",DAN11-V4-F02,DAN11-V4-F02-VARIANTS,verified,
DAN11-0009,DANIEL7-12,DAN11,"PDF p.23, Daniel 11:1",multiple_choice,easy,"reyes de Persia, Grecia y reino repartido","Según PDF p.23, Daniel 11:1, en el pasaje sobre reyes de Persia, Grecia y reino repartido, ¿Qué expresión completa correctamente el detalle señalado? Marco: «en el primer año de [DETALLE], el medo, estuve para animarlo y fortalecerlo»","[""en el primer año de Arioc, el medo, estuve para animarlo y fortalecerlo"", ""en el primer año de Pablo, el medo, estuve para animarlo y fortalecerlo"", ""en el primer año de Darío, el medo, estuve para animarlo y fortalecerlo"", ""en el primer año de Asuero, el medo, estuve para animarlo y fortalecerlo""]",2,"en el primer año de Darío, el medo, estuve para animarlo y fortalecerlo","La opción correcta conserva el detalle «Darío» tal como aparece en la fuente: «en el primer año de Darío, el medo, estuve para animarlo y fortalecerlo».","en el primer año de Darío, el medo, estuve para animarlo y fortalecerlo",DAN11-V1-F03,DAN11-V1-F03-VARIANTS,verified,
DAN11-0010,DANIEL7-12,DAN11,"PDF p.23, Daniel 11:2",true_false,hard,"reyes de Persia, Grecia y reino repartido","Según PDF p.23, Daniel 11:2, en el pasaje sobre reyes de Persia, Grecia y reino repartido, determine si el detalle entre corchetes hace verdadera o falsa esta afirmación: «Ahora yo te mostraré la ⟦cuarta⟧.»","[""Verdadero"", ""Falso""]",1,Falso,La afirmación cambia «verdad». La corrección exacta es: «Ahora yo te mostraré la verdad.»,Ahora yo te mostraré la verdad,DAN11-V2-F02,DAN11-V2-F02-VARIANTS,verified,Ahora yo te mostraré la verdad.
DAN11-0011,DANIEL7-12,DAN11,"PDF p.23, Daniel 11:3",fill_blank,hard,"reyes de Persia, Grecia y reino repartido","Según PDF p.23, Daniel 11:3, en el pasaje sobre reyes de Persia, Grecia y reino repartido, complete la formulación del PDF: «Se levantará luego un rey _____, que dominará con gran poder y hará su voluntad.»","[""entiende"", ""poderoso"", ""pregunté"", ""valiente""]",3,valiente,"El PDF emplea la expresión «valiente» en este contexto: «Se levantará luego un rey valiente, que dominará con gran poder y hará».","Se levantará luego un rey valiente, que dominará con gran poder y hará",DAN11-V3-F03,DAN11-V3-F03-VARIANTS,verified,
DAN11-0012,DANIEL7-12,DAN11,"PDF p.23, Daniel 11:4",multiple_choice,expert,"reyes de Persia, Grecia y reino repartido","Según PDF p.23, Daniel 11:4, en el pasaje sobre reyes de Persia, Grecia y reino repartido, ¿Cuál opción mantiene sin alterar el detalle y el orden de la fuente? Marco: «haya levantado, su reino será [DETALLE] y repartido hacia los cuatro vientos del»","[""haya levantado, su reino será despertados y repartido hacia los cuatro vientos del"", ""haya levantado, su reino será determinado y repartido hacia los cuatro vientos del"", ""haya levantado, su reino será fortalecido y repartido hacia los cuatro vientos del"", ""haya levantado, su reino será quebrantado y repartido hacia los cuatro vientos del""]",3,"haya levantado, su reino será quebrantado y repartido hacia los cuatro vientos del","La opción correcta conserva el detalle «quebrantado» tal como aparece en la fuente: «haya levantado, su reino será quebrantado y repartido hacia los cuatro vientos del».","haya levantado, su reino será quebrantado y repartido hacia los cuatro vientos del",DAN11-V4-F03,DAN11-V4-F03-VARIANTS,verified,
DAN11-0013,DANIEL7-12,DAN11,"PDF p.23, Daniel 11:1",true_false,hard,"reyes de Persia, Grecia y reino repartido","Según PDF p.23, Daniel 11:1, en el pasaje sobre reyes de Persia, Grecia y reino repartido, determine si el detalle entre corchetes hace verdadera o falsa esta afirmación: «También yo en el primer año de Darío, el medo, ⟦estuve⟧ para animarlo y fortalecerlo.»","[""Verdadero"", ""Falso""]",0,Verdadero,"La afirmación coincide con el PDF: «año de Darío, el medo, estuve para animarlo y fortalecerlo».","año de Darío, el medo, estuve para animarlo y fortalecerlo",DAN11-V1-F04,DAN11-V1-F04-VARIANTS,verified,
DAN11-0014,DANIEL7-12,DAN11,"PDF p.23, Daniel 11:2",fill_blank,hard,"reyes de Persia, Grecia y reino repartido","Según PDF p.23, Daniel 11:2, en el pasaje sobre reyes de Persia, Grecia y reino repartido, complete la formulación del PDF: «Aún habrá tres _____ en Persia, y el cuarto se hará de grandes riquezas, más que todos ellos.»","[""reyes"", ""actos"", ""cosas"", ""otros""]",0,reyes,"El PDF emplea la expresión «reyes» en este contexto: «Aún habrá tres reyes en Persia, y el cuarto se hará».","Aún habrá tres reyes en Persia, y el cuarto se hará",DAN11-V2-F04,DAN11-V2-F04-VARIANTS,verified,
DAN11-0015,DANIEL7-12,DAN11,"PDF p.23, Daniel 11:3",multiple_choice,hard,"reyes de Persia, Grecia y reino repartido","Según PDF p.23, Daniel 11:3, en el pasaje sobre reyes de Persia, Grecia y reino repartido, ¿Qué opción restituye con precisión la relación descrita? Marco: «luego un rey valiente, que [DETALLE] con gran poder y hará su voluntad»","[""luego un rey valiente, que dominará con gran poder y hará su voluntad"", ""luego un rey valiente, que cumplirá con gran poder y hará su voluntad"", ""luego un rey valiente, que engañará con gran poder y hará su voluntad"", ""luego un rey valiente, que enseñaré con gran poder y hará su voluntad""]",0,"luego un rey valiente, que dominará con gran poder y hará su voluntad","La opción correcta conserva el detalle «dominará» tal como aparece en la fuente: «luego un rey valiente, que dominará con gran poder y hará su voluntad».","luego un rey valiente, que dominará con gran poder y hará su voluntad",DAN11-V3-F04,DAN11-V3-F04-VARIANTS,verified,
DAN11-0016,DANIEL7-12,DAN11,"PDF p.23, Daniel 11:4",true_false,hard,"reyes de Persia, Grecia y reino repartido","Según PDF p.23, Daniel 11:4, en el pasaje sobre reyes de Persia, Grecia y reino repartido, determine si el detalle entre corchetes hace verdadera o falsa esta afirmación: «Pero cuando se haya levantado, su reino será quebrantado y ⟦repartido⟧ hacia los cuatro vientos del cielo»","[""Verdadero"", ""Falso""]",0,Verdadero,La afirmación coincide con el PDF: «su reino será quebrantado y repartido hacia los cuatro vientos del cielo».,su reino será quebrantado y repartido hacia los cuatro vientos del cielo,DAN11-V4-F04,DAN11-V4-F04-VARIANTS,verified,
DAN11-0017,DANIEL7-12,DAN11,"PDF p.23, Daniel 11:1",fill_blank,hard,"reyes de Persia, Grecia y reino repartido","Según PDF p.23, Daniel 11:1, en el pasaje sobre reyes de Persia, Grecia y reino repartido, complete la formulación del PDF: «También yo en el primer año de Darío, el medo, estuve para _____ y fortalecerlo.»","[""destruir"", ""animarlo"", ""entender"", ""acercarse""]",1,animarlo,"El PDF emplea la expresión «animarlo» en este contexto: «Darío, el medo, estuve para animarlo y fortalecerlo».","Darío, el medo, estuve para animarlo y fortalecerlo",DAN11-V1-F05,DAN11-V1-F05-VARIANTS,verified,
DAN11-0018,DANIEL7-12,DAN11,"PDF p.23, Daniel 11:2",multiple_choice,easy,"reyes de Persia, Grecia y reino repartido","Según PDF p.23, Daniel 11:2, en el pasaje sobre reyes de Persia, Grecia y reino repartido, ¿Qué expresión completa correctamente el detalle señalado? Marco: «Aún habrá tres reyes en [DETALLE], y el cuarto se hará de grandes»","[""Aún habrá tres reyes en Atenas, y el cuarto se hará de grandes"", ""Aún habrá tres reyes en Persia, y el cuarto se hará de grandes"", ""Aún habrá tres reyes en Egipto, y el cuarto se hará de grandes"", ""Aún habrá tres reyes en Grecia, y el cuarto se hará de grandes""]",1,"Aún habrá tres reyes en Persia, y el cuarto se hará de grandes","La opción correcta conserva el detalle «Persia» tal como aparece en la fuente: «Aún habrá tres reyes en Persia, y el cuarto se hará de grandes».","Aún habrá tres reyes en Persia, y el cuarto se hará de grandes",DAN11-V2-F05,DAN11-V2-F05-VARIANTS,verified,
DAN11-0019,DANIEL7-12,DAN11,"PDF p.23, Daniel 11:3",true_false,expert,"reyes de Persia, Grecia y reino repartido","Según PDF p.23, Daniel 11:3, en el pasaje sobre reyes de Persia, Grecia y reino repartido, determine si el detalle entre corchetes hace verdadera o falsa esta afirmación: «Se levantará luego un rey valiente, que dominará con gran ⟦andar⟧ y hará su voluntad.»","[""Verdadero"", ""Falso""]",1,Falso,"La afirmación cambia «poder». La corrección exacta es: «Se levantará luego un rey valiente, que dominará con gran poder y hará su voluntad.»","valiente, que dominará con gran poder y hará su voluntad",DAN11-V3-F05,DAN11-V3-F05-VARIANTS,verified,"Se levantará luego un rey valiente, que dominará con gran poder y hará su voluntad."
DAN11-0020,DANIEL7-12,DAN11,"PDF p.23, Daniel 11:4",fill_blank,hard,"reyes de Persia, Grecia y reino repartido","Según PDF p.23, Daniel 11:4, en el pasaje sobre reyes de Persia, Grecia y reino repartido, complete la formulación del PDF: «pero no será para sus _____, ni según el dominio con que él dominó, porque su reino quedará deshecho y será para otros aparte de ellos.»","[""transgresores"", ""principales"", ""descendientes"", ""compañeros""]",2,descendientes,"El PDF emplea la expresión «descendientes» en este contexto: «pero no será para sus descendientes, ni según el dominio con que él».","pero no será para sus descendientes, ni según el dominio con que él",DAN11-V4-F06,DAN11-V4-F06-VARIANTS,verified,
DAN11-0021,DANIEL7-12,DAN11,"PDF p.23, Daniel 11:1",multiple_choice,hard,"reyes de Persia, Grecia y reino repartido","Según PDF p.23, Daniel 11:1, en el pasaje sobre reyes de Persia, Grecia y reino repartido, ¿Qué opción restituye con precisión la relación descrita? Marco: «[DETALLE] yo en el primer año de Darío»","[""conmigo yo en el primer año de Darío"", ""delante yo en el primer año de Darío"", ""También yo en el primer año de Darío"", ""dominio yo en el primer año de Darío""]",2,También yo en el primer año de Darío,La opción correcta conserva el detalle «También» tal como aparece en la fuente: «También yo en el primer año de Darío».,También yo en el primer año de Darío,DAN11-V1-F06,DAN11-V1-F06-VARIANTS,verified,
DAN11-0022,DANIEL7-12,DAN11,"PDF p.23, Daniel 11:2",true_false,hard,"reyes de Persia, Grecia y reino repartido","Según PDF p.23, Daniel 11:2, en el pasaje sobre reyes de Persia, Grecia y reino repartido, determine si el detalle entre corchetes hace verdadera o falsa esta afirmación: «Aún habrá tres reyes en Persia, y el ⟦hombre⟧ se hará de grandes riquezas, más que todos ellos.»","[""Verdadero"", ""Falso""]",1,Falso,"La afirmación cambia «cuarto». La corrección exacta es: «Aún habrá tres reyes en Persia, y el cuarto se hará de grandes riquezas, más que todos ellos.»","reyes en Persia, y el cuarto se hará de grandes riquezas, más que",DAN11-V2-F06,DAN11-V2-F06-VARIANTS,verified,"Aún habrá tres reyes en Persia, y el cuarto se hará de grandes riquezas, más que todos ellos."
DAN11-0023,DANIEL7-12,DAN11,"PDF p.23, Daniel 11:3",fill_blank,hard,"reyes de Persia, Grecia y reino repartido","Según PDF p.23, Daniel 11:3, en el pasaje sobre reyes de Persia, Grecia y reino repartido, complete la formulación del PDF: «Se levantará luego un rey valiente, que dominará con gran poder y hará su _____.»","[""multitud"", ""capital"", ""confesión"", ""voluntad""]",3,voluntad,El PDF emplea la expresión «voluntad» en este contexto: «gran poder y hará su voluntad».,gran poder y hará su voluntad,DAN11-V3-F06,DAN11-V3-F06-VARIANTS,verified,
DAN11-0024,DANIEL7-12,DAN11,"PDF p.23, Daniel 11:4",multiple_choice,hard,"reyes de Persia, Grecia y reino repartido","Según PDF p.23, Daniel 11:4, en el pasaje sobre reyes de Persia, Grecia y reino repartido, ¿Qué opción restituye con precisión la relación descrita? Marco: «reino será quebrantado y repartido [DETALLE] los cuatro vientos del cielo»","[""reino será quebrantado y repartido decía los cuatro vientos del cielo"", ""reino será quebrantado y repartido había los cuatro vientos del cielo"", ""reino será quebrantado y repartido salía los cuatro vientos del cielo"", ""reino será quebrantado y repartido hacia los cuatro vientos del cielo""]",3,reino será quebrantado y repartido hacia los cuatro vientos del cielo,La opción correcta conserva el detalle «hacia» tal como aparece en la fuente: «reino será quebrantado y repartido hacia los cuatro vientos del cielo».,reino será quebrantado y repartido hacia los cuatro vientos del cielo,DAN11-V4-F05,DAN11-V4-F05-VARIANTS,verified,
DAN11-0025,DANIEL7-12,DAN11,"PDF p.23, Daniel 11:2",true_false,hard,"reyes de Persia, Grecia y reino repartido","Según PDF p.23, Daniel 11:2, en el pasaje sobre reyes de Persia, Grecia y reino repartido, determine si el detalle entre corchetes hace verdadera o falsa esta afirmación: «Aún habrá tres reyes en Persia, y el cuarto se hará de ⟦después⟧ riquezas, más que todos ellos.»","[""Verdadero"", ""Falso""]",1,Falso,"La afirmación cambia «grandes». La corrección exacta es: «Aún habrá tres reyes en Persia, y el cuarto se hará de grandes riquezas, más que todos ellos.»","el cuarto se hará de grandes riquezas, más que todos ellos",DAN11-V2-F07,DAN11-V2-F07-VARIANTS,verified,"Aún habrá tres reyes en Persia, y el cuarto se hará de grandes riquezas, más que todos ellos."
DAN11-0026,DANIEL7-12,DAN11,"PDF p.23, Daniel 11:4",fill_blank,hard,"reyes de Persia, Grecia y reino repartido","Según PDF p.23, Daniel 11:4, en el pasaje sobre reyes de Persia, Grecia y reino repartido, complete la formulación del PDF: «pero no será para sus descendientes, ni _____ el dominio con que él dominó, porque su reino quedará deshecho y será para otros aparte de ellos.»","[""según"", ""ahora"", ""causa"", ""cerca""]",0,según,"El PDF emplea la expresión «según» en este contexto: «será para sus descendientes, ni según el dominio con que él dominó, porque».","será para sus descendientes, ni según el dominio con que él dominó, porque",DAN11-V4-F07,DAN11-V4-F07-VARIANTS,verified,
DAN11-0027,DANIEL7-12,DAN11,"PDF p.23, Daniel 11:2",multiple_choice,hard,"reyes de Persia, Grecia y reino repartido","Según PDF p.23, Daniel 11:2, en el pasaje sobre reyes de Persia, Grecia y reino repartido, ¿Qué opción restituye con precisión la relación descrita? Marco: «cuarto se hará de grandes [DETALLE], más que todos ellos»","[""cuarto se hará de grandes riquezas, más que todos ellos"", ""cuarto se hará de grandes enemigas, más que todos ellos"", ""cuarto se hará de grandes entonces, más que todos ellos"", ""cuarto se hará de grandes nosotros, más que todos ellos""]",0,"cuarto se hará de grandes riquezas, más que todos ellos","La opción correcta conserva el detalle «riquezas» tal como aparece en la fuente: «cuarto se hará de grandes riquezas, más que todos ellos».","cuarto se hará de grandes riquezas, más que todos ellos",DAN11-V2-F08,DAN11-V2-F08-VARIANTS,verified,
DAN11-0028,DANIEL7-12,DAN11,"PDF p.23, Daniel 11:4",true_false,expert,"reyes de Persia, Grecia y reino repartido","Según PDF p.23, Daniel 11:4, en el pasaje sobre reyes de Persia, Grecia y reino repartido, determine si el detalle entre corchetes hace verdadera o falsa esta afirmación: «pero no será para sus descendientes, ni según el ⟦carnero⟧ con que él dominó, porque su reino quedará deshecho y será para otros aparte de ellos.»","[""Verdadero"", ""Falso""]",1,Falso,"La afirmación cambia «dominio». La corrección exacta es: «pero no será para sus descendientes, ni según el dominio con que él dominó, porque su reino quedará deshecho y será para otros aparte de ellos.»","sus descendientes, ni según el dominio con que él dominó, porque su reino",DAN11-V4-F08,DAN11-V4-F08-VARIANTS,verified,"pero no será para sus descendientes, ni según el dominio con que él dominó, porque su reino quedará deshecho y será para otros aparte de ellos."
DAN11-0029,DANIEL7-12,DAN11,"PDF p.23, Daniel 11:2",fill_blank,hard,"reyes de Persia, Grecia y reino repartido","Según PDF p.23, Daniel 11:2, en el pasaje sobre reyes de Persia, Grecia y reino repartido, complete la formulación del PDF: «Éste, al _____ fuerte con sus riquezas, levantará a todos contra el reino de Grecia.»","[""carnero"", ""hacerse"", ""corazón"", ""dominio""]",1,hacerse,"El PDF emplea la expresión «hacerse» en este contexto: «Éste, al hacerse fuerte con sus riquezas, levantará a todos».","Éste, al hacerse fuerte con sus riquezas, levantará a todos",DAN11-V2-F11,DAN11-V2-F11-VARIANTS,verified,
DAN11-0030,DANIEL7-12,DAN11,"PDF p.23, Daniel 11:1",multiple_choice,hard,"reyes de Persia, Grecia y reino repartido","Según PDF p.23, Daniel 11:1, en el pasaje sobre reyes de Persia, Grecia y reino repartido, ¿Qué opción restituye con precisión la relación descrita? Marco: «medo, estuve para animarlo y [DETALLE]»","[""medo, estuve para animarlo y destruirlo"", ""medo, estuve para animarlo y fortalecerlo"", ""medo, estuve para animarlo y acercarse"", ""medo, estuve para animarlo y cumplirse""]",1,"medo, estuve para animarlo y fortalecerlo","La opción correcta conserva el detalle «fortalecerlo» tal como aparece en la fuente: «medo, estuve para animarlo y fortalecerlo».","medo, estuve para animarlo y fortalecerlo",DAN11-V1-F01,DAN11-V1-F01-VARIANTS,verified,
DAN11-0031,DANIEL7-12,DAN11,"PDF p.23, Daniel 11:2",true_false,hard,"reyes de Persia, Grecia y reino repartido","Según PDF p.23, Daniel 11:2, en el pasaje sobre reyes de Persia, Grecia y reino repartido, determine si el detalle entre corchetes hace verdadera o falsa esta afirmación: «Éste, al hacerse fuerte con sus riquezas, ⟦levantará⟧ a todos contra el reino de Grecia.»","[""Verdadero"", ""Falso""]",0,Verdadero,"La afirmación coincide con el PDF: «hacerse fuerte con sus riquezas, levantará a todos contra el reino de Grecia».","hacerse fuerte con sus riquezas, levantará a todos contra el reino de Grecia",DAN11-V2-F10,DAN11-V2-F10-VARIANTS,verified,
DAN11-0032,DANIEL7-12,DAN11,"PDF p.23, Daniel 11:3",multiple_choice,hard,"reyes de Persia, Grecia y reino repartido","Según PDF p.23, Daniel 11:3, en el pasaje sobre reyes de Persia, Grecia y reino repartido, ¿Qué opción restituye con precisión la relación descrita? Marco: «Se [DETALLE] luego un rey valiente, que dominará con»","[""Se apoderará luego un rey valiente, que dominará con"", ""Se aumentará luego un rey valiente, que dominará con"", ""Se levantará luego un rey valiente, que dominará con"", ""Se cumplirán luego un rey valiente, que dominará con""]",2,"Se levantará luego un rey valiente, que dominará con","La opción correcta conserva el detalle «levantará» tal como aparece en la fuente: «Se levantará luego un rey valiente, que dominará con».","Se levantará luego un rey valiente, que dominará con",DAN11-V3-F01,DAN11-V3-F01-VARIANTS,verified,
DAN11-0033,DANIEL7-12,DAN11,"PDF p.23, Daniel 11:4",fill_blank,expert,"reyes de Persia, Grecia y reino repartido","Según PDF p.23, Daniel 11:4, en el pasaje sobre reyes de Persia, Grecia y reino repartido, complete la formulación del PDF: «Pero cuando se haya levantado, su reino será quebrantado y repartido hacia los _____»","[""mil doscientos noventa días"", ""cuatro alas de ave"", ""cuatro vientos del cielo"", ""millones de millones""]",2,cuatro vientos del cielo,El PDF emplea la expresión «cuatro vientos del cielo» en este contexto: «quebrantado y repartido hacia los cuatro vientos del cielo».,quebrantado y repartido hacia los cuatro vientos del cielo,DAN11-V4-F01,DAN11-V4-F01-VARIANTS,verified,
DAN11-0034,DANIEL7-12,DAN11,"PDF p.23, Daniel 11:1",true_false,hard,"reyes de Persia, Grecia y reino repartido","Según PDF p.23, Daniel 11:1, en el pasaje sobre reyes de Persia, Grecia y reino repartido, determine si el detalle entre corchetes hace verdadera o falsa esta afirmación: «También yo en el ⟦cuarto⟧ año de Darío, el medo, estuve para animarlo y fortalecerlo.»","[""Verdadero"", ""Falso""]",1,Falso,"La afirmación cambia «primer». La corrección exacta es: «También yo en el primer año de Darío, el medo, estuve para animarlo y fortalecerlo.»","También yo en el primer año de Darío, el medo, estuve para",DAN11-V1-F02,DAN11-V1-F02-VARIANTS,verified,"También yo en el primer año de Darío, el medo, estuve para animarlo y fortalecerlo."
DAN11-0035,DANIEL7-12,DAN11,"PDF p.23, Daniel 11:2",fill_blank,hard,"reyes de Persia, Grecia y reino repartido","Según PDF p.23, Daniel 11:2, en el pasaje sobre reyes de Persia, Grecia y reino repartido, complete la formulación del PDF: «Ahora yo te _____ la verdad.»","[""cumplirá"", ""dominará"", ""engañará"", ""mostraré""]",3,mostraré,El PDF emplea la expresión «mostraré» en este contexto: «Ahora yo te mostraré la verdad».,Ahora yo te mostraré la verdad,DAN11-V2-F01,DAN11-V2-F01-VARIANTS,verified,
DAN11-0036,DANIEL7-12,DAN11,"PDF p.23, Daniel 11:3",multiple_choice,hard,"reyes de Persia, Grecia y reino repartido","Según PDF p.23, Daniel 11:3, en el pasaje sobre reyes de Persia, Grecia y reino repartido, ¿Qué opción restituye con precisión la relación descrita? Marco: «Se levantará [DETALLE] un rey valiente, que dominará con gran»","[""Se levantará ahora un rey valiente, que dominará con gran"", ""Se levantará causa un rey valiente, que dominará con gran"", ""Se levantará cerca un rey valiente, que dominará con gran"", ""Se levantará luego un rey valiente, que dominará con gran""]",3,"Se levantará luego un rey valiente, que dominará con gran","La opción correcta conserva el detalle «luego» tal como aparece en la fuente: «Se levantará luego un rey valiente, que dominará con gran».","Se levantará luego un rey valiente, que dominará con gran",DAN11-V3-F02,DAN11-V3-F02-VARIANTS,verified,
DAN11-0037,DANIEL7-12,DAN11,"PDF p.23, Daniel 11:4",true_false,expert,"reyes de Persia, Grecia y reino repartido","Según PDF p.23, Daniel 11:4, en el pasaje sobre reyes de Persia, Grecia y reino repartido, determine si el detalle entre corchetes hace verdadera o falsa esta afirmación: «Pero cuando se haya ⟦arruinado⟧, su reino será quebrantado y repartido hacia los cuatro vientos del cielo»","[""Verdadero"", ""Falso""]",1,Falso,"La afirmación cambia «levantado». La corrección exacta es: «Pero cuando se haya levantado, su reino será quebrantado y repartido hacia los cuatro vientos del cielo»","Pero cuando se haya levantado, su reino será quebrantado y repartido hacia",DAN11-V4-F02,DAN11-V4-F02-VARIANTS,verified,"Pero cuando se haya levantado, su reino será quebrantado y repartido hacia los cuatro vientos del cielo"
DAN11-0038,DANIEL7-12,DAN11,"PDF p.23, Daniel 11:1",fill_blank,easy,"reyes de Persia, Grecia y reino repartido","Según PDF p.23, Daniel 11:1, en el pasaje sobre reyes de Persia, Grecia y reino repartido, complete la formulación del PDF: «También yo en el primer año de _____, el medo, estuve para animarlo y fortalecerlo.»","[""Darío"", ""Arioc"", ""Pablo"", ""Asuero""]",0,Darío,"El PDF emplea la expresión «Darío» en este contexto: «en el primer año de Darío, el medo, estuve para animarlo y fortalecerlo».","en el primer año de Darío, el medo, estuve para animarlo y fortalecerlo",DAN11-V1-F03,DAN11-V1-F03-VARIANTS,verified,
DAN11-0039,DANIEL7-12,DAN11,"PDF p.23, Daniel 11:2",multiple_choice,medium,"reyes de Persia, Grecia y reino repartido","Según PDF p.23, Daniel 11:2, en el pasaje sobre reyes de Persia, Grecia y reino repartido, ¿Cuál opción conserva el dato exacto de la fuente? Marco: «Ahora yo te mostraré la [DETALLE]»","[""Ahora yo te mostraré la verdad"", ""Ahora yo te mostraré la cuarta"", ""Ahora yo te mostraré la nación"", ""Ahora yo te mostraré la ribera""]",0,Ahora yo te mostraré la verdad,La opción correcta conserva el detalle «verdad» tal como aparece en la fuente: «Ahora yo te mostraré la verdad».,Ahora yo te mostraré la verdad,DAN11-V2-F02,DAN11-V2-F02-VARIANTS,verified,
DAN11-0040,DANIEL7-12,DAN11,"PDF p.23, Daniel 11:3",true_false,hard,"reyes de Persia, Grecia y reino repartido","Según PDF p.23, Daniel 11:3, en el pasaje sobre reyes de Persia, Grecia y reino repartido, determine si el detalle entre corchetes hace verdadera o falsa esta afirmación: «Se levantará luego un rey ⟦valiente⟧, que dominará con gran poder y hará su voluntad.»","[""Verdadero"", ""Falso""]",0,Verdadero,"La afirmación coincide con el PDF: «Se levantará luego un rey valiente, que dominará con gran poder y hará».","Se levantará luego un rey valiente, que dominará con gran poder y hará",DAN11-V3-F03,DAN11-V3-F03-VARIANTS,verified,
DAN11-0041,DANIEL7-12,DAN11,"PDF p.23, Daniel 11:4",fill_blank,hard,"reyes de Persia, Grecia y reino repartido","Según PDF p.23, Daniel 11:4, en el pasaje sobre reyes de Persia, Grecia y reino repartido, complete la formulación del PDF: «Pero cuando se haya levantado, su reino será _____ y repartido hacia los cuatro vientos del cielo»","[""despertados"", ""quebrantado"", ""determinado"", ""fortalecido""]",1,quebrantado,"El PDF emplea la expresión «quebrantado» en este contexto: «haya levantado, su reino será quebrantado y repartido hacia los cuatro vientos del».","haya levantado, su reino será quebrantado y repartido hacia los cuatro vientos del",DAN11-V4-F03,DAN11-V4-F03-VARIANTS,verified,
DAN11-0042,DANIEL7-12,DAN11,"PDF p.23, Daniel 11:1",multiple_choice,hard,"reyes de Persia, Grecia y reino repartido","Según PDF p.23, Daniel 11:1, en el pasaje sobre reyes de Persia, Grecia y reino repartido, ¿Qué opción restituye con precisión la relación descrita? Marco: «año de Darío, el medo, [DETALLE] para animarlo y fortalecerlo»","[""año de Darío, el medo, cabrío para animarlo y fortalecerlo"", ""año de Darío, el medo, estuve para animarlo y fortalecerlo"", ""año de Darío, el medo, cierra para animarlo y fortalecerlo"", ""año de Darío, el medo, creció para animarlo y fortalecerlo""]",1,"año de Darío, el medo, estuve para animarlo y fortalecerlo","La opción correcta conserva el detalle «estuve» tal como aparece en la fuente: «año de Darío, el medo, estuve para animarlo y fortalecerlo».","año de Darío, el medo, estuve para animarlo y fortalecerlo",DAN11-V1-F04,DAN11-V1-F04-VARIANTS,verified,
DAN11-0043,DANIEL7-12,DAN11,"PDF p.23, Daniel 11:2",true_false,hard,"reyes de Persia, Grecia y reino repartido","Según PDF p.23, Daniel 11:2, en el pasaje sobre reyes de Persia, Grecia y reino repartido, determine si el detalle entre corchetes hace verdadera o falsa esta afirmación: «Aún habrá tres ⟦actos⟧ en Persia, y el cuarto se hará de grandes riquezas, más que todos ellos.»","[""Verdadero"", ""Falso""]",1,Falso,"La afirmación cambia «reyes». La corrección exacta es: «Aún habrá tres reyes en Persia, y el cuarto se hará de grandes riquezas, más que todos ellos.»","Aún habrá tres reyes en Persia, y el cuarto se hará",DAN11-V2-F04,DAN11-V2-F04-VARIANTS,verified,"Aún habrá tres reyes en Persia, y el cuarto se hará de grandes riquezas, más que todos ellos."
DAN11-0044,DANIEL7-12,DAN11,"PDF p.23, Daniel 11:3",fill_blank,hard,"reyes de Persia, Grecia y reino repartido","Según PDF p.23, Daniel 11:3, en el pasaje sobre reyes de Persia, Grecia y reino repartido, complete la formulación del PDF: «Se levantará luego un rey valiente, que _____ con gran poder y hará su voluntad.»","[""cumplirá"", ""engañará"", ""dominará"", ""enseñaré""]",2,dominará,"El PDF emplea la expresión «dominará» en este contexto: «luego un rey valiente, que dominará con gran poder y hará su voluntad».","luego un rey valiente, que dominará con gran poder y hará su voluntad",DAN11-V3-F04,DAN11-V3-F04-VARIANTS,verified,
DAN11-0045,DANIEL7-12,DAN11,"PDF p.23, Daniel 11:4",multiple_choice,hard,"reyes de Persia, Grecia y reino repartido","Según PDF p.23, Daniel 11:4, en el pasaje sobre reyes de Persia, Grecia y reino repartido, ¿Qué opción restituye con precisión la relación descrita? Marco: «su reino será quebrantado y [DETALLE] hacia los cuatro vientos del cielo»","[""su reino será quebrantado y arruinado hacia los cuatro vientos del cielo"", ""su reino será quebrantado y confiados hacia los cuatro vientos del cielo"", ""su reino será quebrantado y repartido hacia los cuatro vientos del cielo"", ""su reino será quebrantado y consumida hacia los cuatro vientos del cielo""]",2,su reino será quebrantado y repartido hacia los cuatro vientos del cielo,La opción correcta conserva el detalle «repartido» tal como aparece en la fuente: «su reino será quebrantado y repartido hacia los cuatro vientos del cielo».,su reino será quebrantado y repartido hacia los cuatro vientos del cielo,DAN11-V4-F04,DAN11-V4-F04-VARIANTS,verified,
DAN11-0046,DANIEL7-12,DAN11,"PDF p.23, Daniel 11:5",fill_blank,expert,"norte, sur, alianza, hija y renuevo","Según PDF p.23, Daniel 11:5, en el pasaje sobre norte, sur, alianza, hija y renuevo, complete la formulación del PDF: «El _____ se hará fuerte, pero uno de sus príncipes será más fuerte que él, se hará poderoso y su dominio será grande.»","[""oro de Ufaz"", ""río de fuego"", ""rey del norte"", ""rey del sur""]",3,rey del sur,"El PDF emplea la expresión «rey del sur» en este contexto: «El rey del sur se hará fuerte, pero uno de sus».","El rey del sur se hará fuerte, pero uno de sus",DAN11-V5-F01,DAN11-V5-F01-VARIANTS,verified,
DAN11-0047,DANIEL7-12,DAN11,"PDF p.23, Daniel 11:6",multiple_choice,expert,"norte, sur, alianza, hija y renuevo","Según PDF p.23, Daniel 11:6, en el pasaje sobre norte, sur, alianza, hija y renuevo, ¿Cuál opción mantiene sin alterar el detalle y el orden de la fuente? Marco: «alianza, y la hija del [DETALLE] vendrá al rey del norte para hacer»","[""alianza, y la hija del oro de Ufaz vendrá al rey del norte para hacer"", ""alianza, y la hija del río de fuego vendrá al rey del norte para hacer"", ""alianza, y la hija del rey del norte vendrá al rey del norte para hacer"", ""alianza, y la hija del rey del sur vendrá al rey del norte para hacer""]",3,"alianza, y la hija del rey del sur vendrá al rey del norte para hacer","La opción correcta conserva el detalle «rey del sur» tal como aparece en la fuente: «alianza, y la hija del rey del sur vendrá al rey del norte para hacer».","alianza, y la hija del rey del sur vendrá al rey del norte para hacer",DAN11-V6-F01,DAN11-V6-F01-VARIANTS,verified,
DAN11-0048,DANIEL7-12,DAN11,"PDF p.23, Daniel 11:7",fill_blank,expert,"norte, sur, alianza, hija y renuevo","Según PDF p.23, Daniel 11:7, en el pasaje sobre norte, sur, alianza, hija y renuevo, complete la formulación del PDF: «Pero un renuevo de sus raíces se levantará sobre su trono, vendrá con un ejército contra el _____, entrará en la fortaleza y hará con ellos a su arbitrio, y predominará.»","[""rey del norte"", ""hijo de hombre"", ""río de fuego"", ""tiempo del fin""]",0,rey del norte,"El PDF emplea la expresión «rey del norte» en este contexto: «con un ejército contra el rey del norte, entrará en la fortaleza y hará con».","con un ejército contra el rey del norte, entrará en la fortaleza y hará con",DAN11-V7-F01,DAN11-V7-F01-VARIANTS,verified,
DAN11-0049,DANIEL7-12,DAN11,"PDF p.23, Daniel 11:8",multiple_choice,expert,"norte, sur, alianza, hija y renuevo","Según PDF p.23, Daniel 11:8, en el pasaje sobre norte, sur, alianza, hija y renuevo, ¿Cuál opción mantiene sin alterar el detalle y el orden de la fuente? Marco: «se mantendrá él alejado del [DETALLE]»","[""se mantendrá él alejado del rey del norte"", ""se mantendrá él alejado del hijo de hombre"", ""se mantendrá él alejado del río de fuego"", ""se mantendrá él alejado del tiempo del fin""]",0,se mantendrá él alejado del rey del norte,La opción correcta conserva el detalle «rey del norte» tal como aparece en la fuente: «se mantendrá él alejado del rey del norte».,se mantendrá él alejado del rey del norte,DAN11-V8-F10,DAN11-V8-F10-VARIANTS,verified,
DAN11-0050,DANIEL7-12,DAN11,"PDF p.23, Daniel 11:9",fill_blank,expert,"norte, sur, alianza, hija y renuevo","Según PDF p.23, Daniel 11:9, en el pasaje sobre norte, sur, alianza, hija y renuevo, complete la formulación del PDF: «Así entrará en el reino el _____, y volverá a su tierra.»","[""oro de Ufaz"", ""rey del sur"", ""río de fuego"", ""rey del norte""]",1,rey del sur,"El PDF emplea la expresión «rey del sur» en este contexto: «entrará en el reino el rey del sur, y volverá a su tierra».","entrará en el reino el rey del sur, y volverá a su tierra",DAN11-V9-F01,DAN11-V9-F01-VARIANTS,verified,
DAN11-0051,DANIEL7-12,DAN11,"PDF p.23, Daniel 11:10",multiple_choice,hard,"ejércitos, multitud y guerra","Según PDF p.23, Daniel 11:10, en el pasaje sobre ejércitos, multitud y guerra, ¿Qué opción restituye con precisión la relación descrita? Marco: «y reunirán multitud de grandes [DETALLE]»","[""y reunirán multitud de grandes antorchas"", ""y reunirán multitud de grandes ejércitos"", ""y reunirán multitud de grandes convenios"", ""y reunirán multitud de grandes inscritos""]",1,y reunirán multitud de grandes ejércitos,La opción correcta conserva el detalle «ejércitos» tal como aparece en la fuente: «y reunirán multitud de grandes ejércitos».,y reunirán multitud de grandes ejércitos,DAN11-V10-F01,DAN11-V10-F01-VARIANTS,verified,
DAN11-0052,DANIEL7-12,DAN11,"PDF p.23, Daniel 11:11",true_false,expert,"ejércitos, multitud y guerra","Según PDF p.23, Daniel 11:11, en el pasaje sobre ejércitos, multitud y guerra, determine si el detalle entre corchetes hace verdadera o falsa esta afirmación: «Por eso se enfurecerá el ⟦rey del sur⟧, y saldrá y peleará contra el rey del norte»","[""Verdadero"", ""Falso""]",0,Verdadero,"La afirmación coincide con el PDF: «Por eso se enfurecerá el rey del sur, y saldrá y peleará contra el rey».","Por eso se enfurecerá el rey del sur, y saldrá y peleará contra el rey",DAN11-V11-F01,DAN11-V11-F01-VARIANTS,verified,
DAN11-0053,DANIEL7-12,DAN11,"PDF p.23, Daniel 11:12",fill_blank,hard,"ejércitos, multitud y guerra","Según PDF p.23, Daniel 11:12, en el pasaje sobre ejércitos, multitud y guerra, complete la formulación del PDF: «Al llevarse él la multitud, se elevará su corazón y _____ a muchos millares»","[""apoderará"", ""aumentará"", ""derribará"", ""cumplirán""]",2,derribará,El PDF emplea la expresión «derribará» en este contexto: «se elevará su corazón y derribará a muchos millares».,se elevará su corazón y derribará a muchos millares,DAN11-V12-F01,DAN11-V12-F01-VARIANTS,verified,
DAN11-0054,DANIEL7-12,DAN11,"PDF p.23, Daniel 11:13",multiple_choice,expert,"ejércitos, multitud y guerra","Según PDF p.23, Daniel 11:13, en el pasaje sobre ejércitos, multitud y guerra, ¿Cuál opción mantiene sin alterar el detalle y el orden de la fuente? Marco: «El [DETALLE] volverá a poner en campaña una multitud»","[""El hijo de hombre volverá a poner en campaña una multitud"", ""El río de fuego volverá a poner en campaña una multitud"", ""El rey del norte volverá a poner en campaña una multitud"", ""El tiempo del fin volverá a poner en campaña una multitud""]",2,El rey del norte volverá a poner en campaña una multitud,La opción correcta conserva el detalle «rey del norte» tal como aparece en la fuente: «El rey del norte volverá a poner en campaña una multitud».,El rey del norte volverá a poner en campaña una multitud,DAN11-V13-F01,DAN11-V13-F01-VARIANTS,verified,
DAN11-0055,DANIEL7-12,DAN11,"PDF p.23, Daniel 11:14",true_false,expert,"ciudad fuerte, tierra gloriosa, costas y tributos","Según PDF p.23, Daniel 11:14, en el pasaje sobre ciudad fuerte, tierra gloriosa, costas y tributos, determine si el detalle entre corchetes hace verdadera o falsa esta afirmación: «En aquellos tiempos se levantarán muchos contra el ⟦oro de Ufaz⟧.»","[""Verdadero"", ""Falso""]",1,Falso,La afirmación cambia «rey del sur». La corrección exacta es: «En aquellos tiempos se levantarán muchos contra el rey del sur.»,se levantarán muchos contra el rey del sur,DAN11-V14-F01,DAN11-V14-F01-VARIANTS,verified,En aquellos tiempos se levantarán muchos contra el rey del sur.
DAN11-0056,DANIEL7-12,DAN11,"PDF p.23, Daniel 11:15",fill_blank,expert,"ciudad fuerte, tierra gloriosa, costas y tributos","Según PDF p.23, Daniel 11:15, en el pasaje sobre ciudad fuerte, tierra gloriosa, costas y tributos, complete la formulación del PDF: «Vendrá, pues, el _____, levantará baluartes y tomará la ciudad fuerte»","[""hijo de hombre"", ""río de fuego"", ""tiempo del fin"", ""rey del norte""]",3,rey del norte,"El PDF emplea la expresión «rey del norte» en este contexto: «Vendrá, pues, el rey del norte, levantará baluartes y tomará la ciudad fuerte».","Vendrá, pues, el rey del norte, levantará baluartes y tomará la ciudad fuerte",DAN11-V15-F01,DAN11-V15-F01-VARIANTS,verified,
DAN11-0057,DANIEL7-12,DAN11,"PDF p.23, Daniel 11:16",multiple_choice,expert,"ciudad fuerte, tierra gloriosa, costas y tributos","Según PDF p.23, Daniel 11:16, en el pasaje sobre ciudad fuerte, tierra gloriosa, costas y tributos, ¿Cuál opción mantiene sin alterar el detalle y el orden de la fuente? Marco: «y permanecerá en la [DETALLE], que será consumida bajo su poder»","[""y permanecerá en la ciudad fuerte, que será consumida bajo su poder"", ""y permanecerá en la lana limpia, que será consumida bajo su poder"", ""y permanecerá en la abominación desoladora, que será consumida bajo su poder"", ""y permanecerá en la tierra gloriosa, que será consumida bajo su poder""]",3,"y permanecerá en la tierra gloriosa, que será consumida bajo su poder","La opción correcta conserva el detalle «tierra gloriosa» tal como aparece en la fuente: «y permanecerá en la tierra gloriosa, que será consumida bajo su poder».","y permanecerá en la tierra gloriosa, que será consumida bajo su poder",DAN11-V16-F08,DAN11-V16-F08-VARIANTS,verified,
DAN11-0058,DANIEL7-12,DAN11,"PDF p.23, Daniel 11:17",true_false,expert,"ciudad fuerte, tierra gloriosa, costas y tributos","Según PDF p.23, Daniel 11:17, en el pasaje sobre ciudad fuerte, tierra gloriosa, costas y tributos, determine si el detalle entre corchetes hace verdadera o falsa esta afirmación: «Hará convenios con aquél, y le dará una hija por mujer, para ⟦acercarse⟧»","[""Verdadero"", ""Falso""]",1,Falso,"La afirmación cambia «destruirlo». La corrección exacta es: «Hará convenios con aquél, y le dará una hija por mujer, para destruirlo»","una hija por mujer, para destruirlo",DAN11-V17-F06,DAN11-V17-F06-VARIANTS,verified,"Hará convenios con aquél, y le dará una hija por mujer, para destruirlo"
DAN11-0059,DANIEL7-12,DAN11,"PDF p.23, Daniel 11:18",fill_blank,medium,"ciudad fuerte, tierra gloriosa, costas y tributos","Según PDF p.23, Daniel 11:18, en el pasaje sobre ciudad fuerte, tierra gloriosa, costas y tributos, complete la formulación del PDF: «Volverá después su _____ a las costas, y tomará muchas»","[""rostro"", ""cuarto"", ""hombre"", ""primer""]",0,rostro,"El PDF emplea la expresión «rostro» en este contexto: «Volverá después su rostro a las costas, y tomará muchas».","Volverá después su rostro a las costas, y tomará muchas",DAN11-V18-F01,DAN11-V18-F01-VARIANTS,verified,
DAN11-0060,DANIEL7-12,DAN11,"PDF p.23, Daniel 11:19",multiple_choice,hard,"ciudad fuerte, tierra gloriosa, costas y tributos","Según PDF p.23, Daniel 11:19, en el pasaje sobre ciudad fuerte, tierra gloriosa, costas y tributos, ¿Qué opción restituye con precisión la relación descrita? Marco: «volverá su rostro a las [DETALLE] de su tierra»","[""volverá su rostro a las fortalezas de su tierra"", ""volverá su rostro a las estrellas de su tierra"", ""volverá su rostro a las palabras de su tierra"", ""volverá su rostro a las abominaciones de su tierra""]",0,volverá su rostro a las fortalezas de su tierra,La opción correcta conserva el detalle «fortalezas» tal como aparece en la fuente: «volverá su rostro a las fortalezas de su tierra».,volverá su rostro a las fortalezas de su tierra,DAN11-V19-F01,DAN11-V19-F01-VARIANTS,verified,
DAN11-0061,DANIEL7-12,DAN11,"PDF p.23, Daniel 11:20",true_false,hard,"ciudad fuerte, tierra gloriosa, costas y tributos","Según PDF p.23, Daniel 11:20, en el pasaje sobre ciudad fuerte, tierra gloriosa, costas y tributos, determine si el detalle entre corchetes hace verdadera o falsa esta afirmación: «En su lugar se ⟦levantará⟧ uno que hará pasar un cobrador de tributos por la gloria del reino»","[""Verdadero"", ""Falso""]",0,Verdadero,La afirmación coincide con el PDF: «En su lugar se levantará uno que hará pasar un cobrador de».,En su lugar se levantará uno que hará pasar un cobrador de,DAN11-V20-F01,DAN11-V20-F01-VARIANTS,verified,
DAN11-0062,DANIEL7-12,DAN11,"PDF p.23, Daniel 11:5",fill_blank,hard,"norte, sur, alianza, hija y renuevo","Según PDF p.23, Daniel 11:5, en el pasaje sobre norte, sur, alianza, hija y renuevo, complete la formulación del PDF: «El rey del sur se hará fuerte, pero uno de sus _____ será más fuerte que él, se hará poderoso y su dominio será grande.»","[""ejércitos"", ""príncipes"", ""compañeros"", ""entendidos""]",1,príncipes,"El PDF emplea la expresión «príncipes» en este contexto: «fuerte, pero uno de sus príncipes será más fuerte que él, se hará».","fuerte, pero uno de sus príncipes será más fuerte que él, se hará",DAN11-V5-F02,DAN11-V5-F02-VARIANTS,verified,
DAN11-0063,DANIEL7-12,DAN11,"PDF p.23, Daniel 11:6",multiple_choice,expert,"norte, sur, alianza, hija y renuevo","Según PDF p.23, Daniel 11:6, en el pasaje sobre norte, sur, alianza, hija y renuevo, ¿Cuál opción mantiene sin alterar el detalle y el orden de la fuente? Marco: «rey del sur vendrá al [DETALLE] para hacer la paz»","[""rey del sur vendrá al hijo de hombre para hacer la paz"", ""rey del sur vendrá al rey del norte para hacer la paz"", ""rey del sur vendrá al río de fuego para hacer la paz"", ""rey del sur vendrá al tiempo del fin para hacer la paz""]",1,rey del sur vendrá al rey del norte para hacer la paz,La opción correcta conserva el detalle «rey del norte» tal como aparece en la fuente: «rey del sur vendrá al rey del norte para hacer la paz».,rey del sur vendrá al rey del norte para hacer la paz,DAN11-V6-F02,DAN11-V6-F02-VARIANTS,verified,
DAN11-0064,DANIEL7-12,DAN11,"PDF p.23, Daniel 11:7",true_false,expert,"norte, sur, alianza, hija y renuevo","Según PDF p.23, Daniel 11:7, en el pasaje sobre norte, sur, alianza, hija y renuevo, determine si el detalle entre corchetes hace verdadera o falsa esta afirmación: «Pero un renuevo de sus raíces se ⟦levantará⟧ sobre su trono, vendrá con un ejército contra el rey del norte, entrará en la fortaleza y hará con ellos a su arbitrio, y predominará.»","[""Verdadero"", ""Falso""]",0,Verdadero,"La afirmación coincide con el PDF: «renuevo de sus raíces se levantará sobre su trono, vendrá con un ejército».","renuevo de sus raíces se levantará sobre su trono, vendrá con un ejército",DAN11-V7-F02,DAN11-V7-F02-VARIANTS,verified,
DAN11-0065,DANIEL7-12,DAN11,"PDF p.23, Daniel 11:8",fill_blank,hard,"norte, sur, alianza, hija y renuevo","Según PDF p.23, Daniel 11:8, en el pasaje sobre norte, sur, alianza, hija y renuevo, complete la formulación del PDF: «Y aun a los dioses de ellos, sus imágenes fundidas y sus objetos _____ de plata y de oro, llevará cautivos a Egipto»","[""antorchas"", ""convenios"", ""preciosos"", ""ejércitos""]",2,preciosos,"El PDF emplea la expresión «preciosos» en este contexto: «imágenes fundidas y sus objetos preciosos de plata y de oro, llevará cautivos».","imágenes fundidas y sus objetos preciosos de plata y de oro, llevará cautivos",DAN11-V8-F01,DAN11-V8-F01-VARIANTS,verified,
DAN11-0066,DANIEL7-12,DAN11,"PDF p.23, Daniel 11:9",multiple_choice,hard,"norte, sur, alianza, hija y renuevo","Según PDF p.23, Daniel 11:9, en el pasaje sobre norte, sur, alianza, hija y renuevo, ¿Qué opción restituye con precisión la relación descrita? Marco: «el rey del sur, y [DETALLE] a su tierra»","[""el rey del sur, y elevará a su tierra"", ""el rey del sur, y entrará a su tierra"", ""el rey del sur, y volverá a su tierra"", ""el rey del sur, y hablará a su tierra""]",2,"el rey del sur, y volverá a su tierra","La opción correcta conserva el detalle «volverá» tal como aparece en la fuente: «el rey del sur, y volverá a su tierra».","el rey del sur, y volverá a su tierra",DAN11-V9-F02,DAN11-V9-F02-VARIANTS,verified,
DAN11-0067,DANIEL7-12,DAN11,"PDF p.23, Daniel 11:10",true_false,medium,"ejércitos, multitud y guerra","Según PDF p.23, Daniel 11:10, en el pasaje sobre ejércitos, multitud y guerra, determine si el detalle entre corchetes hace verdadera o falsa esta afirmación: «Vendrá uno ⟦apresuradamente⟧, inundará y pasará adelante»","[""Verdadero"", ""Falso""]",0,Verdadero,"La afirmación coincide con el PDF: «Vendrá uno apresuradamente, inundará y pasará adelante».","Vendrá uno apresuradamente, inundará y pasará adelante",DAN11-V10-F07,DAN11-V10-F07-VARIANTS,verified,
DAN11-0068,DANIEL7-12,DAN11,"PDF p.23, Daniel 11:11",fill_blank,expert,"ejércitos, multitud y guerra","Según PDF p.23, Daniel 11:11, en el pasaje sobre ejércitos, multitud y guerra, complete la formulación del PDF: «Por eso se enfurecerá el rey del sur, y saldrá y peleará contra el _____»","[""hijo de hombre"", ""río de fuego"", ""tiempo del fin"", ""rey del norte""]",3,rey del norte,El PDF emplea la expresión «rey del norte» en este contexto: «saldrá y peleará contra el rey del norte».,saldrá y peleará contra el rey del norte,DAN11-V11-F02,DAN11-V11-F02-VARIANTS,verified,
DAN11-0069,DANIEL7-12,DAN11,"PDF p.23, Daniel 11:12",multiple_choice,hard,"ejércitos, multitud y guerra","Según PDF p.23, Daniel 11:12, en el pasaje sobre ejércitos, multitud y guerra, ¿Qué opción restituye con precisión la relación descrita? Marco: «Al llevarse él la [DETALLE], se elevará su corazón y derribará a»","[""Al llevarse él la voluntad, se elevará su corazón y derribará a"", ""Al llevarse él la capital, se elevará su corazón y derribará a"", ""Al llevarse él la confesión, se elevará su corazón y derribará a"", ""Al llevarse él la multitud, se elevará su corazón y derribará a""]",3,"Al llevarse él la multitud, se elevará su corazón y derribará a","La opción correcta conserva el detalle «multitud» tal como aparece en la fuente: «Al llevarse él la multitud, se elevará su corazón y derribará a».","Al llevarse él la multitud, se elevará su corazón y derribará a",DAN11-V12-F02,DAN11-V12-F02-VARIANTS,verified,
DAN11-0070,DANIEL7-12,DAN11,"PDF p.23, Daniel 11:13",true_false,hard,"ejércitos, multitud y guerra","Según PDF p.23, Daniel 11:13, en el pasaje sobre ejércitos, multitud y guerra, determine si el detalle entre corchetes hace verdadera o falsa esta afirmación: «El rey del norte volverá a poner en campaña una multitud, mayor que la primera, y al cabo de algunos años vendrá ⟦rápidamente⟧, con un gran ejército y muchas riquezas.»","[""Verdadero"", ""Falso""]",0,Verdadero,"La afirmación coincide con el PDF: «cabo de algunos años vendrá rápidamente, con un gran ejército y muchas riquezas».","cabo de algunos años vendrá rápidamente, con un gran ejército y muchas riquezas",DAN11-V13-F02,DAN11-V13-F02-VARIANTS,verified,
DAN11-0071,DANIEL7-12,DAN11,"PDF p.23, Daniel 11:14",fill_blank,hard,"ciudad fuerte, tierra gloriosa, costas y tributos","Según PDF p.23, Daniel 11:14, en el pasaje sobre ciudad fuerte, tierra gloriosa, costas y tributos, complete la formulación del PDF: «En aquellos tiempos se _____ muchos contra el rey del sur.»","[""levantarán"", ""confirmará"", ""contenderá"", ""Despertará""]",0,levantarán,El PDF emplea la expresión «levantarán» en este contexto: «En aquellos tiempos se levantarán muchos contra el rey del sur».,En aquellos tiempos se levantarán muchos contra el rey del sur,DAN11-V14-F02,DAN11-V14-F02-VARIANTS,verified,
DAN11-0072,DANIEL7-12,DAN11,"PDF p.23, Daniel 11:15",multiple_choice,expert,"ciudad fuerte, tierra gloriosa, costas y tributos","Según PDF p.23, Daniel 11:15, en el pasaje sobre ciudad fuerte, tierra gloriosa, costas y tributos, ¿Cuál opción mantiene sin alterar el detalle y el orden de la fuente? Marco: «levantará baluartes y tomará la [DETALLE]»","[""levantará baluartes y tomará la ciudad fuerte"", ""levantará baluartes y tomará la lana limpia"", ""levantará baluartes y tomará la tierra gloriosa"", ""levantará baluartes y tomará la abominación desoladora""]",0,levantará baluartes y tomará la ciudad fuerte,La opción correcta conserva el detalle «ciudad fuerte» tal como aparece en la fuente: «levantará baluartes y tomará la ciudad fuerte».,levantará baluartes y tomará la ciudad fuerte,DAN11-V15-F02,DAN11-V15-F02-VARIANTS,verified,
DAN11-0073,DANIEL7-12,DAN11,"PDF p.23, Daniel 11:16",true_false,hard,"ciudad fuerte, tierra gloriosa, costas y tributos","Según PDF p.23, Daniel 11:16, en el pasaje sobre ciudad fuerte, tierra gloriosa, costas y tributos, determine si el detalle entre corchetes hace verdadera o falsa esta afirmación: «El que vendrá contra él hará su propia voluntad, y no habrá quien se le pueda ⟦enfrentar⟧»","[""Verdadero"", ""Falso""]",0,Verdadero,La afirmación coincide con el PDF: «habrá quien se le pueda enfrentar».,habrá quien se le pueda enfrentar,DAN11-V16-F01,DAN11-V16-F01-VARIANTS,verified,
DAN11-0074,DANIEL7-12,DAN11,"PDF p.23, Daniel 11:17",fill_blank,hard,"ciudad fuerte, tierra gloriosa, costas y tributos","Según PDF p.23, Daniel 11:17, en el pasaje sobre ciudad fuerte, tierra gloriosa, costas y tributos, complete la formulación del PDF: «pero no _____ ni tendrá éxito.»","[""contristará"", ""permanecerá"", ""despedazará"", ""fortalecerá""]",1,permanecerá,El PDF emplea la expresión «permanecerá» en este contexto: «pero no permanecerá ni tendrá éxito».,pero no permanecerá ni tendrá éxito,DAN11-V17-F09,DAN11-V17-F09-VARIANTS,verified,
DAN11-0075,DANIEL7-12,DAN11,"PDF p.23, Daniel 11:18",multiple_choice,hard,"ciudad fuerte, tierra gloriosa, costas y tributos","Según PDF p.23, Daniel 11:18, en el pasaje sobre ciudad fuerte, tierra gloriosa, costas y tributos, ¿Qué opción restituye con precisión la relación descrita? Marco: «después su rostro a las [DETALLE], y tomará muchas»","[""después su rostro a las palmas, y tomará muchas"", ""después su rostro a las costas, y tomará muchas"", ""después su rostro a las tardes, y tomará muchas"", ""después su rostro a las aguas, y tomará muchas""]",1,"después su rostro a las costas, y tomará muchas","La opción correcta conserva el detalle «costas» tal como aparece en la fuente: «después su rostro a las costas, y tomará muchas».","después su rostro a las costas, y tomará muchas",DAN11-V18-F02,DAN11-V18-F02-VARIANTS,verified,
DAN11-0076,DANIEL7-12,DAN11,"PDF p.23, Daniel 11:19",true_false,hard,"ciudad fuerte, tierra gloriosa, costas y tributos","Según PDF p.23, Daniel 11:19, en el pasaje sobre ciudad fuerte, tierra gloriosa, costas y tributos, determine si el detalle entre corchetes hace verdadera o falsa esta afirmación: «pero ⟦tropezará⟧ y caerá, y no será hallado.»","[""Verdadero"", ""Falso""]",0,Verdadero,"La afirmación coincide con el PDF: «pero tropezará y caerá, y no será hallado».","pero tropezará y caerá, y no será hallado",DAN11-V19-F06,DAN11-V19-F06-VARIANTS,verified,
DAN11-0077,DANIEL7-12,DAN11,"PDF p.23, Daniel 11:20",fill_blank,hard,"ciudad fuerte, tierra gloriosa, costas y tributos","Según PDF p.23, Daniel 11:20, en el pasaje sobre ciudad fuerte, tierra gloriosa, costas y tributos, complete la formulación del PDF: «En su _____ se levantará uno que hará pasar un cobrador de tributos por la gloria del reino»","[""cielo"", ""libro"", ""lugar"", ""macho""]",2,lugar,El PDF emplea la expresión «lugar» en este contexto: «En su lugar se levantará uno que hará pasar un».,En su lugar se levantará uno que hará pasar un,DAN11-V20-F02,DAN11-V20-F02-VARIANTS,verified,
DAN11-0078,DANIEL7-12,DAN11,"PDF p.23, Daniel 11:5",multiple_choice,hard,"norte, sur, alianza, hija y renuevo","Según PDF p.23, Daniel 11:5, en el pasaje sobre norte, sur, alianza, hija y renuevo, ¿Qué opción restituye con precisión la relación descrita? Marco: «rey del sur se hará [DETALLE], pero uno de sus príncipes será más»","[""rey del sur se hará cabrío, pero uno de sus príncipes será más"", ""rey del sur se hará cierra, pero uno de sus príncipes será más"", ""rey del sur se hará fuerte, pero uno de sus príncipes será más"", ""rey del sur se hará creció, pero uno de sus príncipes será más""]",2,"rey del sur se hará fuerte, pero uno de sus príncipes será más","La opción correcta conserva el detalle «fuerte» tal como aparece en la fuente: «rey del sur se hará fuerte, pero uno de sus príncipes será más».","rey del sur se hará fuerte, pero uno de sus príncipes será más",DAN11-V5-F03,DAN11-V5-F03-VARIANTS,verified,
DAN11-0079,DANIEL7-12,DAN11,"PDF p.23, Daniel 11:6",true_false,expert,"norte, sur, alianza, hija y renuevo","Según PDF p.23, Daniel 11:6, en el pasaje sobre norte, sur, alianza, hija y renuevo, determine si el detalle entre corchetes hace verdadera o falsa esta afirmación: «Pero ella no podrá retener la fuerza de su brazo, y ni él ni su brazo ⟦atemorizarán⟧»","[""Verdadero"", ""Falso""]",1,Falso,"La afirmación cambia «permanecerán». La corrección exacta es: «Pero ella no podrá retener la fuerza de su brazo, y ni él ni su brazo permanecerán»",ni él ni su brazo permanecerán,DAN11-V6-F07,DAN11-V6-F07-VARIANTS,verified,"Pero ella no podrá retener la fuerza de su brazo, y ni él ni su brazo permanecerán"
DAN11-0080,DANIEL7-12,DAN11,"PDF p.23, Daniel 11:7",fill_blank,expert,"norte, sur, alianza, hija y renuevo","Según PDF p.23, Daniel 11:7, en el pasaje sobre norte, sur, alianza, hija y renuevo, complete la formulación del PDF: «Pero un renuevo de sus raíces se levantará sobre su trono, vendrá con un ejército contra el rey del norte, entrará en la _____ y hará con ellos a su arbitrio, y predominará.»","[""confesión"", ""confusión"", ""eternidad"", ""fortaleza""]",3,fortaleza,"El PDF emplea la expresión «fortaleza» en este contexto: «del norte, entrará en la fortaleza y hará con ellos a su arbitrio».","del norte, entrará en la fortaleza y hará con ellos a su arbitrio",DAN11-V7-F03,DAN11-V7-F03-VARIANTS,verified,
DAN11-0081,DANIEL7-12,DAN11,"PDF p.23, Daniel 11:8",multiple_choice,hard,"norte, sur, alianza, hija y renuevo","Según PDF p.23, Daniel 11:8, en el pasaje sobre norte, sur, alianza, hija y renuevo, ¿Qué opción restituye con precisión la relación descrita? Marco: «y durante años se [DETALLE] él alejado del rey del norte»","[""y durante años se Aconteció él alejado del rey del norte"", ""y durante años se asoladora él alejado del rey del norte"", ""y durante años se diferente él alejado del rey del norte"", ""y durante años se mantendrá él alejado del rey del norte""]",3,y durante años se mantendrá él alejado del rey del norte,La opción correcta conserva el detalle «mantendrá» tal como aparece en la fuente: «y durante años se mantendrá él alejado del rey del norte».,y durante años se mantendrá él alejado del rey del norte,DAN11-V8-F11,DAN11-V8-F11-VARIANTS,verified,
DAN11-0082,DANIEL7-12,DAN11,"PDF p.23, Daniel 11:9",true_false,hard,"norte, sur, alianza, hija y renuevo","Según PDF p.23, Daniel 11:9, en el pasaje sobre norte, sur, alianza, hija y renuevo, determine si el detalle entre corchetes hace verdadera o falsa esta afirmación: «Así entrará en el reino el rey del sur, y volverá a su ⟦cuarta⟧.»","[""Verdadero"", ""Falso""]",1,Falso,"La afirmación cambia «tierra». La corrección exacta es: «Así entrará en el reino el rey del sur, y volverá a su tierra.»","sur, y volverá a su tierra",DAN11-V9-F03,DAN11-V9-F03-VARIANTS,verified,"Así entrará en el reino el rey del sur, y volverá a su tierra."
DAN11-0083,DANIEL7-12,DAN11,"PDF p.23, Daniel 11:10",fill_blank,medium,"ejércitos, multitud y guerra","Según PDF p.23, Daniel 11:10, en el pasaje sobre ejércitos, multitud y guerra, complete la formulación del PDF: «luego volverá y llevará la guerra hasta su _____.»","[""fortaleza"", ""confesión"", ""confusión"", ""eternidad""]",0,fortaleza,El PDF emplea la expresión «fortaleza» en este contexto: «llevará la guerra hasta su fortaleza».,llevará la guerra hasta su fortaleza,DAN11-V10-F12,DAN11-V10-F12-VARIANTS,verified,
DAN11-0084,DANIEL7-12,DAN11,"PDF p.23, Daniel 11:11",multiple_choice,expert,"ejércitos, multitud y guerra","Según PDF p.23, Daniel 11:11, en el pasaje sobre ejércitos, multitud y guerra, ¿Cuál opción mantiene sin alterar el detalle y el orden de la fuente? Marco: «Por eso se [DETALLE] el rey del sur, y saldrá y»","[""Por eso se enfurecerá el rey del sur, y saldrá y"", ""Por eso se confirmará el rey del sur, y saldrá y"", ""Por eso se contenderá el rey del sur, y saldrá y"", ""Por eso se Despertará el rey del sur, y saldrá y""]",0,"Por eso se enfurecerá el rey del sur, y saldrá y","La opción correcta conserva el detalle «enfurecerá» tal como aparece en la fuente: «Por eso se enfurecerá el rey del sur, y saldrá y».","Por eso se enfurecerá el rey del sur, y saldrá y",DAN11-V11-F03,DAN11-V11-F03-VARIANTS,verified,
DAN11-0085,DANIEL7-12,DAN11,"PDF p.23, Daniel 11:12",true_false,expert,"ejércitos, multitud y guerra","Según PDF p.23, Daniel 11:12, en el pasaje sobre ejércitos, multitud y guerra, determine si el detalle entre corchetes hace verdadera o falsa esta afirmación: «Al llevarse él la multitud, se ⟦entrará⟧ su corazón y derribará a muchos millares»","[""Verdadero"", ""Falso""]",1,Falso,"La afirmación cambia «elevará». La corrección exacta es: «Al llevarse él la multitud, se elevará su corazón y derribará a muchos millares»","llevarse él la multitud, se elevará su corazón y derribará a muchos millares",DAN11-V12-F03,DAN11-V12-F03-VARIANTS,verified,"Al llevarse él la multitud, se elevará su corazón y derribará a muchos millares"
DAN11-0086,DANIEL7-12,DAN11,"PDF p.23, Daniel 11:13",fill_blank,expert,"ejércitos, multitud y guerra","Según PDF p.23, Daniel 11:13, en el pasaje sobre ejércitos, multitud y guerra, complete la formulación del PDF: «El rey del norte _____ a poner en campaña una multitud, mayor que la primera, y al cabo de algunos años vendrá rápidamente, con un gran ejército y muchas riquezas.»","[""elevará"", ""volverá"", ""entrará"", ""hablará""]",1,volverá,"El PDF emplea la expresión «volverá» en este contexto: «El rey del norte volverá a poner en campaña una multitud, mayor».","El rey del norte volverá a poner en campaña una multitud, mayor",DAN11-V13-F03,DAN11-V13-F03-VARIANTS,verified,
DAN11-0087,DANIEL7-12,DAN11,"PDF p.23, Daniel 11:14",multiple_choice,hard,"ciudad fuerte, tierra gloriosa, costas y tributos","Según PDF p.23, Daniel 11:14, en el pasaje sobre ciudad fuerte, tierra gloriosa, costas y tributos, ¿Qué opción restituye con precisión la relación descrita? Marco: «turbulentos de tu pueblo se [DETALLE], para que se cumpla la visión, pero»","[""turbulentos de tu pueblo se confirmará, para que se cumpla la visión, pero"", ""turbulentos de tu pueblo se levantarán, para que se cumpla la visión, pero"", ""turbulentos de tu pueblo se contenderá, para que se cumpla la visión, pero"", ""turbulentos de tu pueblo se Despertará, para que se cumpla la visión, pero""]",1,"turbulentos de tu pueblo se levantarán, para que se cumpla la visión, pero","La opción correcta conserva el detalle «levantarán» tal como aparece en la fuente: «turbulentos de tu pueblo se levantarán, para que se cumpla la visión, pero».","turbulentos de tu pueblo se levantarán, para que se cumpla la visión, pero",DAN11-V14-F05,DAN11-V14-F05-VARIANTS,verified,
DAN11-0088,DANIEL7-12,DAN11,"PDF p.23, Daniel 11:15",true_false,expert,"ciudad fuerte, tierra gloriosa, costas y tributos","Según PDF p.23, Daniel 11:15, en el pasaje sobre ciudad fuerte, tierra gloriosa, costas y tributos, determine si el detalle entre corchetes hace verdadera o falsa esta afirmación: «Vendrá, pues, el rey del norte, ⟦apoderará⟧ baluartes y tomará la ciudad fuerte»","[""Verdadero"", ""Falso""]",1,Falso,"La afirmación cambia «levantará». La corrección exacta es: «Vendrá, pues, el rey del norte, levantará baluartes y tomará la ciudad fuerte»","pues, el rey del norte, levantará baluartes y tomará la ciudad fuerte",DAN11-V15-F03,DAN11-V15-F03-VARIANTS,verified,"Vendrá, pues, el rey del norte, levantará baluartes y tomará la ciudad fuerte"
DAN11-0089,DANIEL7-12,DAN11,"PDF p.23, Daniel 11:16",fill_blank,hard,"ciudad fuerte, tierra gloriosa, costas y tributos","Según PDF p.23, Daniel 11:16, en el pasaje sobre ciudad fuerte, tierra gloriosa, costas y tributos, complete la formulación del PDF: «y permanecerá en la tierra gloriosa, que será _____ bajo su poder.»","[""arruinado"", ""confiados"", ""consumida"", ""depurados""]",2,consumida,"El PDF emplea la expresión «consumida» en este contexto: «la tierra gloriosa, que será consumida bajo su poder».","la tierra gloriosa, que será consumida bajo su poder",DAN11-V16-F09,DAN11-V16-F09-VARIANTS,verified,
DAN11-0090,DANIEL7-12,DAN11,"PDF p.23, Daniel 11:17",multiple_choice,hard,"ciudad fuerte, tierra gloriosa, costas y tributos","Según PDF p.23, Daniel 11:17, en el pasaje sobre ciudad fuerte, tierra gloriosa, costas y tributos, ¿Qué opción restituye con precisión la relación descrita? Marco: «Hará [DETALLE] con aquél, y le dará una hija»","[""Hará antorchas con aquél, y le dará una hija"", ""Hará ejércitos con aquél, y le dará una hija"", ""Hará convenios con aquél, y le dará una hija"", ""Hará inscritos con aquél, y le dará una hija""]",2,"Hará convenios con aquél, y le dará una hija","La opción correcta conserva el detalle «convenios» tal como aparece en la fuente: «Hará convenios con aquél, y le dará una hija».","Hará convenios con aquél, y le dará una hija",DAN11-V17-F07,DAN11-V17-F07-VARIANTS,verified,
DAN11-0091,DANIEL7-12,DAN11,"PDF p.23, Daniel 11:18",true_false,hard,"ciudad fuerte, tierra gloriosa, costas y tributos","Según PDF p.23, Daniel 11:18, en el pasaje sobre ciudad fuerte, tierra gloriosa, costas y tributos, determine si el detalle entre corchetes hace verdadera o falsa esta afirmación: «Volverá después su rostro a las costas, y ⟦espere⟧ muchas»","[""Verdadero"", ""Falso""]",1,Falso,"La afirmación cambia «tomará». La corrección exacta es: «Volverá después su rostro a las costas, y tomará muchas»","rostro a las costas, y tomará muchas",DAN11-V18-F03,DAN11-V18-F03-VARIANTS,verified,"Volverá después su rostro a las costas, y tomará muchas"
DAN11-0092,DANIEL7-12,DAN11,"PDF p.23, Daniel 11:19",fill_blank,medium,"ciudad fuerte, tierra gloriosa, costas y tributos","Según PDF p.23, Daniel 11:19, en el pasaje sobre ciudad fuerte, tierra gloriosa, costas y tributos, complete la formulación del PDF: «Luego volverá su _____ a las fortalezas de su tierra»","[""cuarto"", ""hombre"", ""primer"", ""rostro""]",3,rostro,El PDF emplea la expresión «rostro» en este contexto: «Luego volverá su rostro a las fortalezas de su tierra».,Luego volverá su rostro a las fortalezas de su tierra,DAN11-V19-F02,DAN11-V19-F02-VARIANTS,verified,
DAN11-0093,DANIEL7-12,DAN11,"PDF p.23, Daniel 11:20",multiple_choice,hard,"ciudad fuerte, tierra gloriosa, costas y tributos","Según PDF p.23, Daniel 11:20, en el pasaje sobre ciudad fuerte, tierra gloriosa, costas y tributos, ¿Qué opción restituye con precisión la relación descrita? Marco: «se levantará uno que hará [DETALLE] un cobrador de tributos por la gloria»","[""se levantará uno que hará andar un cobrador de tributos por la gloria"", ""se levantará uno que hará hacer un cobrador de tributos por la gloria"", ""se levantará uno que hará poder un cobrador de tributos por la gloria"", ""se levantará uno que hará pasar un cobrador de tributos por la gloria""]",3,se levantará uno que hará pasar un cobrador de tributos por la gloria,La opción correcta conserva el detalle «pasar» tal como aparece en la fuente: «se levantará uno que hará pasar un cobrador de tributos por la gloria».,se levantará uno que hará pasar un cobrador de tributos por la gloria,DAN11-V20-F03,DAN11-V20-F03-VARIANTS,verified,
DAN11-0094,DANIEL7-12,DAN11,"PDF p.23, Daniel 11:5",true_false,expert,"norte, sur, alianza, hija y renuevo","Según PDF p.23, Daniel 11:5, en el pasaje sobre norte, sur, alianza, hija y renuevo, determine si el detalle entre corchetes hace verdadera o falsa esta afirmación: «El rey del sur se hará fuerte, pero uno de sus príncipes será más fuerte que él, se hará ⟦entiende⟧ y su dominio será grande.»","[""Verdadero"", ""Falso""]",1,Falso,"La afirmación cambia «poderoso». La corrección exacta es: «El rey del sur se hará fuerte, pero uno de sus príncipes será más fuerte que él, se hará poderoso y su dominio será grande.»","fuerte que él, se hará poderoso y su dominio será grande",DAN11-V5-F04,DAN11-V5-F04-VARIANTS,verified,"El rey del sur se hará fuerte, pero uno de sus príncipes será más fuerte que él, se hará poderoso y su dominio será grande."
DAN11-0095,DANIEL7-12,DAN11,"PDF p.23, Daniel 11:5",multiple_choice,expert,"norte, sur, alianza, hija y renuevo","Según PDF p.23, Daniel 11:5, en el pasaje sobre norte, sur, alianza, hija y renuevo, ¿Cuál opción mantiene sin alterar el detalle y el orden de la fuente? Marco: «El [DETALLE] se hará fuerte, pero uno de sus»","[""El rey del sur se hará fuerte, pero uno de sus"", ""El oro de Ufaz se hará fuerte, pero uno de sus"", ""El río de fuego se hará fuerte, pero uno de sus"", ""El rey del norte se hará fuerte, pero uno de sus""]",0,"El rey del sur se hará fuerte, pero uno de sus","La opción correcta conserva el detalle «rey del sur» tal como aparece en la fuente: «El rey del sur se hará fuerte, pero uno de sus».","El rey del sur se hará fuerte, pero uno de sus",DAN11-V5-F01,DAN11-V5-F01-VARIANTS,verified,
DAN11-0096,DANIEL7-12,DAN11,"PDF p.23, Daniel 11:6",fill_blank,expert,"norte, sur, alianza, hija y renuevo","Según PDF p.23, Daniel 11:6, en el pasaje sobre norte, sur, alianza, hija y renuevo, complete la formulación del PDF: «Al cabo de unos años harán alianza, y la hija del _____ vendrá al rey del norte para hacer la paz.»","[""rey del sur"", ""oro de Ufaz"", ""río de fuego"", ""rey del norte""]",0,rey del sur,"El PDF emplea la expresión «rey del sur» en este contexto: «alianza, y la hija del rey del sur vendrá al rey del norte para hacer».","alianza, y la hija del rey del sur vendrá al rey del norte para hacer",DAN11-V6-F01,DAN11-V6-F01-VARIANTS,verified,
DAN11-0097,DANIEL7-12,DAN11,"PDF p.23, Daniel 11:7",true_false,expert,"norte, sur, alianza, hija y renuevo","Según PDF p.23, Daniel 11:7, en el pasaje sobre norte, sur, alianza, hija y renuevo, determine si el detalle entre corchetes hace verdadera o falsa esta afirmación: «Pero un renuevo de sus raíces se levantará sobre su trono, vendrá con un ejército contra el ⟦hijo de hombre⟧, entrará en la fortaleza y hará con ellos a su arbitrio, y predominará.»","[""Verdadero"", ""Falso""]",1,Falso,"La afirmación cambia «rey del norte». La corrección exacta es: «Pero un renuevo de sus raíces se levantará sobre su trono, vendrá con un ejército contra el rey del norte, entrará en la fortaleza y hará con ellos a su arbitrio, y predominará.»","con un ejército contra el rey del norte, entrará en la fortaleza y hará con",DAN11-V7-F01,DAN11-V7-F01-VARIANTS,verified,"Pero un renuevo de sus raíces se levantará sobre su trono, vendrá con un ejército contra el rey del norte, entrará en la fortaleza y hará con ellos a su arbitrio, y predominará."
DAN11-0098,DANIEL7-12,DAN11,"PDF p.23, Daniel 11:8",fill_blank,expert,"norte, sur, alianza, hija y renuevo","Según PDF p.23, Daniel 11:8, en el pasaje sobre norte, sur, alianza, hija y renuevo, complete la formulación del PDF: «y durante años se mantendrá él alejado del _____.»","[""hijo de hombre"", ""rey del norte"", ""río de fuego"", ""tiempo del fin""]",1,rey del norte,El PDF emplea la expresión «rey del norte» en este contexto: «se mantendrá él alejado del rey del norte».,se mantendrá él alejado del rey del norte,DAN11-V8-F10,DAN11-V8-F10-VARIANTS,verified,
DAN11-0099,DANIEL7-12,DAN11,"PDF p.23, Daniel 11:9",multiple_choice,expert,"norte, sur, alianza, hija y renuevo","Según PDF p.23, Daniel 11:9, en el pasaje sobre norte, sur, alianza, hija y renuevo, ¿Cuál opción mantiene sin alterar el detalle y el orden de la fuente? Marco: «entrará en el reino el [DETALLE], y volverá a su tierra»","[""entrará en el reino el oro de Ufaz, y volverá a su tierra"", ""entrará en el reino el rey del sur, y volverá a su tierra"", ""entrará en el reino el río de fuego, y volverá a su tierra"", ""entrará en el reino el rey del norte, y volverá a su tierra""]",1,"entrará en el reino el rey del sur, y volverá a su tierra","La opción correcta conserva el detalle «rey del sur» tal como aparece en la fuente: «entrará en el reino el rey del sur, y volverá a su tierra».","entrará en el reino el rey del sur, y volverá a su tierra",DAN11-V9-F01,DAN11-V9-F01-VARIANTS,verified,
DAN11-0100,DANIEL7-12,DAN11,"PDF p.23, Daniel 11:10",true_false,hard,"ejércitos, multitud y guerra","Según PDF p.23, Daniel 11:10, en el pasaje sobre ejércitos, multitud y guerra, determine si el detalle entre corchetes hace verdadera o falsa esta afirmación: «Pero los hijos de aquél se airarán y reunirán multitud de grandes ⟦antorchas⟧.»","[""Verdadero"", ""Falso""]",1,Falso,La afirmación cambia «ejércitos». La corrección exacta es: «Pero los hijos de aquél se airarán y reunirán multitud de grandes ejércitos.»,y reunirán multitud de grandes ejércitos,DAN11-V10-F01,DAN11-V10-F01-VARIANTS,verified,Pero los hijos de aquél se airarán y reunirán multitud de grandes ejércitos.
DAN11-0101,DANIEL7-12,DAN11,"PDF p.23, Daniel 11:11",fill_blank,expert,"ejércitos, multitud y guerra","Según PDF p.23, Daniel 11:11, en el pasaje sobre ejércitos, multitud y guerra, complete la formulación del PDF: «Por eso se enfurecerá el _____, y saldrá y peleará contra el rey del norte»","[""oro de Ufaz"", ""río de fuego"", ""rey del sur"", ""rey del norte""]",2,rey del sur,"El PDF emplea la expresión «rey del sur» en este contexto: «Por eso se enfurecerá el rey del sur, y saldrá y peleará contra el rey».","Por eso se enfurecerá el rey del sur, y saldrá y peleará contra el rey",DAN11-V11-F01,DAN11-V11-F01-VARIANTS,verified,
DAN11-0102,DANIEL7-12,DAN11,"PDF p.23, Daniel 11:12",multiple_choice,hard,"ejércitos, multitud y guerra","Según PDF p.23, Daniel 11:12, en el pasaje sobre ejércitos, multitud y guerra, ¿Qué opción restituye con precisión la relación descrita? Marco: «se elevará su corazón y [DETALLE] a muchos millares»","[""se elevará su corazón y apoderará a muchos millares"", ""se elevará su corazón y aumentará a muchos millares"", ""se elevará su corazón y derribará a muchos millares"", ""se elevará su corazón y cumplirán a muchos millares""]",2,se elevará su corazón y derribará a muchos millares,La opción correcta conserva el detalle «derribará» tal como aparece en la fuente: «se elevará su corazón y derribará a muchos millares».,se elevará su corazón y derribará a muchos millares,DAN11-V12-F01,DAN11-V12-F01-VARIANTS,verified,
DAN11-0103,DANIEL7-12,DAN11,"PDF p.23, Daniel 11:13",true_false,expert,"ejércitos, multitud y guerra","Según PDF p.23, Daniel 11:13, en el pasaje sobre ejércitos, multitud y guerra, determine si el detalle entre corchetes hace verdadera o falsa esta afirmación: «El ⟦rey del norte⟧ volverá a poner en campaña una multitud, mayor que la primera, y al cabo de algunos años vendrá rápidamente, con un gran ejército y muchas riquezas.»","[""Verdadero"", ""Falso""]",0,Verdadero,La afirmación coincide con el PDF: «El rey del norte volverá a poner en campaña una multitud».,El rey del norte volverá a poner en campaña una multitud,DAN11-V13-F01,DAN11-V13-F01-VARIANTS,verified,
DAN11-0104,DANIEL7-12,DAN11,"PDF p.23, Daniel 11:14",fill_blank,expert,"ciudad fuerte, tierra gloriosa, costas y tributos","Según PDF p.23, Daniel 11:14, en el pasaje sobre ciudad fuerte, tierra gloriosa, costas y tributos, complete la formulación del PDF: «En aquellos tiempos se levantarán muchos contra el _____.»","[""oro de Ufaz"", ""río de fuego"", ""rey del norte"", ""rey del sur""]",3,rey del sur,El PDF emplea la expresión «rey del sur» en este contexto: «se levantarán muchos contra el rey del sur».,se levantarán muchos contra el rey del sur,DAN11-V14-F01,DAN11-V14-F01-VARIANTS,verified,
DAN11-0105,DANIEL7-12,DAN11,"PDF p.23, Daniel 11:15",multiple_choice,expert,"ciudad fuerte, tierra gloriosa, costas y tributos","Según PDF p.23, Daniel 11:15, en el pasaje sobre ciudad fuerte, tierra gloriosa, costas y tributos, ¿Cuál opción mantiene sin alterar el detalle y el orden de la fuente? Marco: «Vendrá, pues, el [DETALLE], levantará baluartes y tomará la ciudad fuerte»","[""Vendrá, pues, el hijo de hombre, levantará baluartes y tomará la ciudad fuerte"", ""Vendrá, pues, el río de fuego, levantará baluartes y tomará la ciudad fuerte"", ""Vendrá, pues, el tiempo del fin, levantará baluartes y tomará la ciudad fuerte"", ""Vendrá, pues, el rey del norte, levantará baluartes y tomará la ciudad fuerte""]",3,"Vendrá, pues, el rey del norte, levantará baluartes y tomará la ciudad fuerte","La opción correcta conserva el detalle «rey del norte» tal como aparece en la fuente: «Vendrá, pues, el rey del norte, levantará baluartes y tomará la ciudad fuerte».","Vendrá, pues, el rey del norte, levantará baluartes y tomará la ciudad fuerte",DAN11-V15-F01,DAN11-V15-F01-VARIANTS,verified,
DAN11-0106,DANIEL7-12,DAN11,"PDF p.23, Daniel 11:16",true_false,expert,"ciudad fuerte, tierra gloriosa, costas y tributos","Según PDF p.23, Daniel 11:16, en el pasaje sobre ciudad fuerte, tierra gloriosa, costas y tributos, determine si el detalle entre corchetes hace verdadera o falsa esta afirmación: «y permanecerá en la ⟦tierra gloriosa⟧, que será consumida bajo su poder.»","[""Verdadero"", ""Falso""]",0,Verdadero,"La afirmación coincide con el PDF: «y permanecerá en la tierra gloriosa, que será consumida bajo su poder».","y permanecerá en la tierra gloriosa, que será consumida bajo su poder",DAN11-V16-F08,DAN11-V16-F08-VARIANTS,verified,
DAN11-0107,DANIEL7-12,DAN11,"PDF p.23, Daniel 11:17",fill_blank,hard,"ciudad fuerte, tierra gloriosa, costas y tributos","Según PDF p.23, Daniel 11:17, en el pasaje sobre ciudad fuerte, tierra gloriosa, costas y tributos, complete la formulación del PDF: «Hará convenios con aquél, y le dará una hija por mujer, para _____»","[""destruirlo"", ""acercarse"", ""cumplirse"", ""enfrentar""]",0,destruirlo,"El PDF emplea la expresión «destruirlo» en este contexto: «una hija por mujer, para destruirlo».","una hija por mujer, para destruirlo",DAN11-V17-F06,DAN11-V17-F06-VARIANTS,verified,
DAN11-0108,DANIEL7-12,DAN11,"PDF p.23, Daniel 11:18",multiple_choice,hard,"ciudad fuerte, tierra gloriosa, costas y tributos","Según PDF p.23, Daniel 11:18, en el pasaje sobre ciudad fuerte, tierra gloriosa, costas y tributos, ¿Qué opción restituye con precisión la relación descrita? Marco: «Volverá después su [DETALLE] a las costas, y tomará muchas»","[""Volverá después su rostro a las costas, y tomará muchas"", ""Volverá después su cuarto a las costas, y tomará muchas"", ""Volverá después su hombre a las costas, y tomará muchas"", ""Volverá después su primer a las costas, y tomará muchas""]",0,"Volverá después su rostro a las costas, y tomará muchas","La opción correcta conserva el detalle «rostro» tal como aparece en la fuente: «Volverá después su rostro a las costas, y tomará muchas».","Volverá después su rostro a las costas, y tomará muchas",DAN11-V18-F01,DAN11-V18-F01-VARIANTS,verified,
DAN11-0109,DANIEL7-12,DAN11,"PDF p.23, Daniel 11:19",true_false,hard,"ciudad fuerte, tierra gloriosa, costas y tributos","Según PDF p.23, Daniel 11:19, en el pasaje sobre ciudad fuerte, tierra gloriosa, costas y tributos, determine si el detalle entre corchetes hace verdadera o falsa esta afirmación: «Luego volverá su rostro a las ⟦estrellas⟧ de su tierra»","[""Verdadero"", ""Falso""]",1,Falso,La afirmación cambia «fortalezas». La corrección exacta es: «Luego volverá su rostro a las fortalezas de su tierra»,volverá su rostro a las fortalezas de su tierra,DAN11-V19-F01,DAN11-V19-F01-VARIANTS,verified,Luego volverá su rostro a las fortalezas de su tierra
DAN11-0110,DANIEL7-12,DAN11,"PDF p.23, Daniel 11:20",fill_blank,hard,"ciudad fuerte, tierra gloriosa, costas y tributos","Según PDF p.23, Daniel 11:20, en el pasaje sobre ciudad fuerte, tierra gloriosa, costas y tributos, complete la formulación del PDF: «En su lugar se _____ uno que hará pasar un cobrador de tributos por la gloria del reino»","[""apoderará"", ""levantará"", ""aumentará"", ""cumplirán""]",1,levantará,El PDF emplea la expresión «levantará» en este contexto: «En su lugar se levantará uno que hará pasar un cobrador de».,En su lugar se levantará uno que hará pasar un cobrador de,DAN11-V20-F01,DAN11-V20-F01-VARIANTS,verified,
DAN11-0111,DANIEL7-12,DAN11,"PDF p.23, Daniel 11:5",multiple_choice,hard,"norte, sur, alianza, hija y renuevo","Según PDF p.23, Daniel 11:5, en el pasaje sobre norte, sur, alianza, hija y renuevo, ¿Qué opción restituye con precisión la relación descrita? Marco: «fuerte, pero uno de sus [DETALLE] será más fuerte que él, se hará»","[""fuerte, pero uno de sus ejércitos será más fuerte que él, se hará"", ""fuerte, pero uno de sus príncipes será más fuerte que él, se hará"", ""fuerte, pero uno de sus compañeros será más fuerte que él, se hará"", ""fuerte, pero uno de sus entendidos será más fuerte que él, se hará""]",1,"fuerte, pero uno de sus príncipes será más fuerte que él, se hará","La opción correcta conserva el detalle «príncipes» tal como aparece en la fuente: «fuerte, pero uno de sus príncipes será más fuerte que él, se hará».","fuerte, pero uno de sus príncipes será más fuerte que él, se hará",DAN11-V5-F02,DAN11-V5-F02-VARIANTS,verified,
DAN11-0112,DANIEL7-12,DAN11,"PDF p.23, Daniel 11:6",true_false,expert,"norte, sur, alianza, hija y renuevo","Según PDF p.23, Daniel 11:6, en el pasaje sobre norte, sur, alianza, hija y renuevo, determine si el detalle entre corchetes hace verdadera o falsa esta afirmación: «Al cabo de unos años harán alianza, y la hija del rey del sur vendrá al ⟦hijo de hombre⟧ para hacer la paz.»","[""Verdadero"", ""Falso""]",1,Falso,"La afirmación cambia «rey del norte». La corrección exacta es: «Al cabo de unos años harán alianza, y la hija del rey del sur vendrá al rey del norte para hacer la paz.»",rey del sur vendrá al rey del norte para hacer la paz,DAN11-V6-F02,DAN11-V6-F02-VARIANTS,verified,"Al cabo de unos años harán alianza, y la hija del rey del sur vendrá al rey del norte para hacer la paz."
DAN11-0113,DANIEL7-12,DAN11,"PDF p.23, Daniel 11:7",fill_blank,expert,"norte, sur, alianza, hija y renuevo","Según PDF p.23, Daniel 11:7, en el pasaje sobre norte, sur, alianza, hija y renuevo, complete la formulación del PDF: «Pero un renuevo de sus raíces se _____ sobre su trono, vendrá con un ejército contra el rey del norte, entrará en la fortaleza y hará con ellos a su arbitrio, y predominará.»","[""apoderará"", ""aumentará"", ""levantará"", ""cumplirán""]",2,levantará,"El PDF emplea la expresión «levantará» en este contexto: «renuevo de sus raíces se levantará sobre su trono, vendrá con un ejército».","renuevo de sus raíces se levantará sobre su trono, vendrá con un ejército",DAN11-V7-F02,DAN11-V7-F02-VARIANTS,verified,
DAN11-0114,DANIEL7-12,DAN11,"PDF p.23, Daniel 11:8",multiple_choice,hard,"norte, sur, alianza, hija y renuevo","Según PDF p.23, Daniel 11:8, en el pasaje sobre norte, sur, alianza, hija y renuevo, ¿Qué opción restituye con precisión la relación descrita? Marco: «imágenes fundidas y sus objetos [DETALLE] de plata y de oro, llevará cautivos»","[""imágenes fundidas y sus objetos antorchas de plata y de oro, llevará cautivos"", ""imágenes fundidas y sus objetos convenios de plata y de oro, llevará cautivos"", ""imágenes fundidas y sus objetos preciosos de plata y de oro, llevará cautivos"", ""imágenes fundidas y sus objetos ejércitos de plata y de oro, llevará cautivos""]",2,"imágenes fundidas y sus objetos preciosos de plata y de oro, llevará cautivos","La opción correcta conserva el detalle «preciosos» tal como aparece en la fuente: «imágenes fundidas y sus objetos preciosos de plata y de oro, llevará cautivos».","imágenes fundidas y sus objetos preciosos de plata y de oro, llevará cautivos",DAN11-V8-F01,DAN11-V8-F01-VARIANTS,verified,
DAN11-0115,DANIEL7-12,DAN11,"PDF p.23, Daniel 11:9",true_false,hard,"norte, sur, alianza, hija y renuevo","Según PDF p.23, Daniel 11:9, en el pasaje sobre norte, sur, alianza, hija y renuevo, determine si el detalle entre corchetes hace verdadera o falsa esta afirmación: «Así entrará en el reino el rey del sur, y ⟦volverá⟧ a su tierra.»","[""Verdadero"", ""Falso""]",0,Verdadero,"La afirmación coincide con el PDF: «el rey del sur, y volverá a su tierra».","el rey del sur, y volverá a su tierra",DAN11-V9-F02,DAN11-V9-F02-VARIANTS,verified,
DAN11-0116,DANIEL7-12,DAN11,"PDF p.23, Daniel 11:10",fill_blank,medium,"ejércitos, multitud y guerra","Según PDF p.23, Daniel 11:10, en el pasaje sobre ejércitos, multitud y guerra, complete la formulación del PDF: «Vendrá uno _____, inundará y pasará adelante»","[""arbitrariamente"", ""atentamente"", ""eternamente"", ""apresuradamente""]",3,apresuradamente,"El PDF emplea la expresión «apresuradamente» en este contexto: «Vendrá uno apresuradamente, inundará y pasará adelante».","Vendrá uno apresuradamente, inundará y pasará adelante",DAN11-V10-F07,DAN11-V10-F07-VARIANTS,verified,
DAN11-0117,DANIEL7-12,DAN11,"PDF p.23, Daniel 11:11",multiple_choice,expert,"ejércitos, multitud y guerra","Según PDF p.23, Daniel 11:11, en el pasaje sobre ejércitos, multitud y guerra, ¿Cuál opción mantiene sin alterar el detalle y el orden de la fuente? Marco: «saldrá y peleará contra el [DETALLE]»","[""saldrá y peleará contra el hijo de hombre"", ""saldrá y peleará contra el río de fuego"", ""saldrá y peleará contra el tiempo del fin"", ""saldrá y peleará contra el rey del norte""]",3,saldrá y peleará contra el rey del norte,La opción correcta conserva el detalle «rey del norte» tal como aparece en la fuente: «saldrá y peleará contra el rey del norte».,saldrá y peleará contra el rey del norte,DAN11-V11-F02,DAN11-V11-F02-VARIANTS,verified,
DAN11-0118,DANIEL7-12,DAN11,"PDF p.23, Daniel 11:12",true_false,hard,"ejércitos, multitud y guerra","Según PDF p.23, Daniel 11:12, en el pasaje sobre ejércitos, multitud y guerra, determine si el detalle entre corchetes hace verdadera o falsa esta afirmación: «Al llevarse él la ⟦multitud⟧, se elevará su corazón y derribará a muchos millares»","[""Verdadero"", ""Falso""]",0,Verdadero,"La afirmación coincide con el PDF: «Al llevarse él la multitud, se elevará su corazón y derribará a».","Al llevarse él la multitud, se elevará su corazón y derribará a",DAN11-V12-F02,DAN11-V12-F02-VARIANTS,verified,
DAN11-0119,DANIEL7-12,DAN11,"PDF p.23, Daniel 11:13",fill_blank,hard,"ejércitos, multitud y guerra","Según PDF p.23, Daniel 11:13, en el pasaje sobre ejércitos, multitud y guerra, complete la formulación del PDF: «El rey del norte volverá a poner en campaña una multitud, mayor que la primera, y al cabo de algunos años vendrá _____, con un gran ejército y muchas riquezas.»","[""rápidamente"", ""atentamente"", ""eternamente"", ""impíamente""]",0,rápidamente,"El PDF emplea la expresión «rápidamente» en este contexto: «cabo de algunos años vendrá rápidamente, con un gran ejército y muchas riquezas».","cabo de algunos años vendrá rápidamente, con un gran ejército y muchas riquezas",DAN11-V13-F02,DAN11-V13-F02-VARIANTS,verified,
DAN11-0120,DANIEL7-12,DAN11,"PDF p.23, Daniel 11:14",multiple_choice,hard,"ciudad fuerte, tierra gloriosa, costas y tributos","Según PDF p.23, Daniel 11:14, en el pasaje sobre ciudad fuerte, tierra gloriosa, costas y tributos, ¿Qué opción restituye con precisión la relación descrita? Marco: «En aquellos tiempos se [DETALLE] muchos contra el rey del sur»","[""En aquellos tiempos se levantarán muchos contra el rey del sur"", ""En aquellos tiempos se confirmará muchos contra el rey del sur"", ""En aquellos tiempos se contenderá muchos contra el rey del sur"", ""En aquellos tiempos se Despertará muchos contra el rey del sur""]",0,En aquellos tiempos se levantarán muchos contra el rey del sur,La opción correcta conserva el detalle «levantarán» tal como aparece en la fuente: «En aquellos tiempos se levantarán muchos contra el rey del sur».,En aquellos tiempos se levantarán muchos contra el rey del sur,DAN11-V14-F02,DAN11-V14-F02-VARIANTS,verified,
DAN11-0121,DANIEL7-12,DAN11,"PDF p.24, Daniel 11:21",fill_blank,hard,"hombre despreciable, pacto, halagos y reparto","Según PDF p.24, Daniel 11:21, en el pasaje sobre hombre despreciable, pacto, halagos y reparto, complete la formulación del PDF: «Ocupará su lugar un hombre _____, al cual no darán la honra del reino.»","[""comprenderla"", ""despreciable"", ""resplandezca"", ""veinticuatro""]",1,despreciable,"El PDF emplea la expresión «despreciable» en este contexto: «Ocupará su lugar un hombre despreciable, al cual no darán la honra del».","Ocupará su lugar un hombre despreciable, al cual no darán la honra del",DAN11-V21-F01,DAN11-V21-F01-VARIANTS,verified,
DAN11-0122,DANIEL7-12,DAN11,"PDF p.24, Daniel 11:22",multiple_choice,expert,"hombre despreciable, pacto, halagos y reparto","Según PDF p.24, Daniel 11:22, en el pasaje sobre hombre despreciable, pacto, halagos y reparto, ¿Cuál opción mantiene sin alterar el detalle y el orden de la fuente? Marco: «todo destruidas, junto con el [DETALLE]»","[""todo destruidas, junto con el corazón de hombre"", ""todo destruidas, junto con el príncipe del pacto"", ""todo destruidas, junto con el Anciano de días"", ""todo destruidas, junto con el hijo de hombre""]",1,"todo destruidas, junto con el príncipe del pacto","La opción correcta conserva el detalle «príncipe del pacto» tal como aparece en la fuente: «todo destruidas, junto con el príncipe del pacto».","todo destruidas, junto con el príncipe del pacto",DAN11-V22-F08,DAN11-V22-F08-VARIANTS,verified,
DAN11-0123,DANIEL7-12,DAN11,"PDF p.24, Daniel 11:23",fill_blank,medium,"hombre despreciable, pacto, halagos y reparto","Según PDF p.24, Daniel 11:23, en el pasaje sobre hombre despreciable, pacto, halagos y reparto, complete la formulación del PDF: «Él, después del _____, engañará, subirá y saldrá vencedor con poca gente.»","[""cielo"", ""libro"", ""pacto"", ""lugar""]",2,pacto,"El PDF emplea la expresión «pacto» en este contexto: «Él, después del pacto, engañará, subirá y saldrá vencedor con poca».","Él, después del pacto, engañará, subirá y saldrá vencedor con poca",DAN11-V23-F01,DAN11-V23-F01-VARIANTS,verified,
DAN11-0124,DANIEL7-12,DAN11,"PDF p.24, Daniel 11:24",multiple_choice,hard,"hombre despreciable, pacto, halagos y reparto","Según PDF p.24, Daniel 11:24, en el pasaje sobre hombre despreciable, pacto, halagos y reparto, ¿Qué opción restituye con precisión la relación descrita? Marco: «Estando la [DETALLE] en paz y en abundancia, entrará y»","[""Estando la confesión en paz y en abundancia, entrará y"", ""Estando la confusión en paz y en abundancia, entrará y"", ""Estando la provincia en paz y en abundancia, entrará y"", ""Estando la eternidad en paz y en abundancia, entrará y""]",2,"Estando la provincia en paz y en abundancia, entrará y","La opción correcta conserva el detalle «provincia» tal como aparece en la fuente: «Estando la provincia en paz y en abundancia, entrará y».","Estando la provincia en paz y en abundancia, entrará y",DAN11-V24-F01,DAN11-V24-F01-VARIANTS,verified,
DAN11-0125,DANIEL7-12,DAN11,"PDF p.24, Daniel 11:25",fill_blank,expert,"traición, mesa, Quitim y pacto santo","Según PDF p.24, Daniel 11:25, en el pasaje sobre traición, mesa, Quitim y pacto santo, complete la formulación del PDF: «Despertará sus fuerzas y su ardor con un gran ejército, contra el _____, y el rey del sur se empeñará en la guerra con un ejército grande y muy fuerte»","[""oro de Ufaz"", ""río de fuego"", ""rey del norte"", ""rey del sur""]",3,rey del sur,"El PDF emplea la expresión «rey del sur» en este contexto: «un gran ejército, contra el rey del sur, y el rey del sur se empeñará».","un gran ejército, contra el rey del sur, y el rey del sur se empeñará",DAN11-V25-F01,DAN11-V25-F01-VARIANTS,verified,
DAN11-0126,DANIEL7-12,DAN11,"PDF p.24, Daniel 11:26",multiple_choice,hard,"traición, mesa, Quitim y pacto santo","Según PDF p.24, Daniel 11:26, en el pasaje sobre traición, mesa, Quitim y pacto santo, ¿Qué opción restituye con precisión la relación descrita? Marco: «coman de sus manjares lo [DETALLE]»","[""coman de sus manjares lo atemorizarán"", ""coman de sus manjares lo engrandecerá"", ""coman de sus manjares lo permanecerán"", ""coman de sus manjares lo quebrantarán""]",3,coman de sus manjares lo quebrantarán,La opción correcta conserva el detalle «quebrantarán» tal como aparece en la fuente: «coman de sus manjares lo quebrantarán».,coman de sus manjares lo quebrantarán,DAN11-V26-F01,DAN11-V26-F01-VARIANTS,verified,
DAN11-0127,DANIEL7-12,DAN11,"PDF p.24, Daniel 11:27",fill_blank,medium,"traición, mesa, Quitim y pacto santo","Según PDF p.24, Daniel 11:27, en el pasaje sobre traición, mesa, Quitim y pacto santo, complete la formulación del PDF: «En su _____, estos dos reyes tramarán hacer mal.»","[""corazón"", ""carnero"", ""dominio"", ""hacerse""]",0,corazón,"El PDF emplea la expresión «corazón» en este contexto: «En su corazón, estos dos reyes tramarán hacer mal».","En su corazón, estos dos reyes tramarán hacer mal",DAN11-V27-F01,DAN11-V27-F01-VARIANTS,verified,
DAN11-0128,DANIEL7-12,DAN11,"PDF p.24, Daniel 11:28",multiple_choice,expert,"traición, mesa, Quitim y pacto santo","Según PDF p.24, Daniel 11:28, en el pasaje sobre traición, mesa, Quitim y pacto santo, ¿Cuál opción mantiene sin alterar el detalle y el orden de la fuente? Marco: «pondrá su corazón contra el [DETALLE]»","[""pondrá su corazón contra el pacto santo"", ""pondrá su corazón contra el reino eterno"", ""pondrá su corazón contra el cuerno grande"", ""pondrá su corazón contra el muy amado""]",0,pondrá su corazón contra el pacto santo,La opción correcta conserva el detalle «pacto santo» tal como aparece en la fuente: «pondrá su corazón contra el pacto santo».,pondrá su corazón contra el pacto santo,DAN11-V28-F01,DAN11-V28-F01-VARIANTS,verified,
DAN11-0129,DANIEL7-12,DAN11,"PDF p.24, Daniel 11:29",true_false,hard,"traición, mesa, Quitim y pacto santo","Según PDF p.24, Daniel 11:29, en el pasaje sobre traición, mesa, Quitim y pacto santo, determine si el detalle entre corchetes hace verdadera o falsa esta afirmación: «Al tiempo ⟦señalado⟧ volverá al sur»","[""Verdadero"", ""Falso""]",0,Verdadero,La afirmación coincide con el PDF: «Al tiempo señalado volverá al sur».,Al tiempo señalado volverá al sur,DAN11-V29-F01,DAN11-V29-F01-VARIANTS,verified,
DAN11-0130,DANIEL7-12,DAN11,"PDF p.24, Daniel 11:30",fill_blank,expert,"traición, mesa, Quitim y pacto santo","Según PDF p.24, Daniel 11:30, en el pasaje sobre traición, mesa, Quitim y pacto santo, complete la formulación del PDF: «Porque vendrán contra él _____, y él se contristará y retrocederá, se enojará contra el pacto santo y hará según su voluntad»","[""alas de águila"", ""naves de Quitim"", ""miles de miles"", ""santos del Altísimo""]",1,naves de Quitim,"El PDF emplea la expresión «naves de Quitim» en este contexto: «Porque vendrán contra él naves de Quitim, y él se contristará y retrocederá, se».","Porque vendrán contra él naves de Quitim, y él se contristará y retrocederá, se",DAN11-V30-F01,DAN11-V30-F01-VARIANTS,verified,
DAN11-0131,DANIEL7-12,DAN11,"PDF p.24, Daniel 11:31",multiple_choice,expert,"sacrificio continuo, abominación y sabios","Según PDF p.24, Daniel 11:31, en el pasaje sobre sacrificio continuo, abominación y sabios, ¿Cuál opción mantiene sin alterar el detalle y el orden de la fuente? Marco: «y la fortaleza, quitarán el [DETALLE] y pondrán la abominación desoladora»","[""y la fortaleza, quitarán el cuerno notable y pondrán la abominación desoladora"", ""y la fortaleza, quitarán el sacrificio continuo y pondrán la abominación desoladora"", ""y la fortaleza, quitarán el cuerno pequeño y pondrán la abominación desoladora"", ""y la fortaleza, quitarán el dominio eterno y pondrán la abominación desoladora""]",1,"y la fortaleza, quitarán el sacrificio continuo y pondrán la abominación desoladora","La opción correcta conserva el detalle «sacrificio continuo» tal como aparece en la fuente: «y la fortaleza, quitarán el sacrificio continuo y pondrán la abominación desoladora».","y la fortaleza, quitarán el sacrificio continuo y pondrán la abominación desoladora",DAN11-V31-F01,DAN11-V31-F01-VARIANTS,verified,
DAN11-0132,DANIEL7-12,DAN11,"PDF p.24, Daniel 11:32",true_false,hard,"sacrificio continuo, abominación y sabios","Según PDF p.24, Daniel 11:32, en el pasaje sobre sacrificio continuo, abominación y sabios, determine si el detalle entre corchetes hace verdadera o falsa esta afirmación: «Con lisonjas seducirá a los ⟦compañeros⟧ del pacto»","[""Verdadero"", ""Falso""]",1,Falso,La afirmación cambia «violadores». La corrección exacta es: «Con lisonjas seducirá a los violadores del pacto»,Con lisonjas seducirá a los violadores del pacto,DAN11-V32-F01,DAN11-V32-F01-VARIANTS,verified,Con lisonjas seducirá a los violadores del pacto
DAN11-0133,DANIEL7-12,DAN11,"PDF p.24, Daniel 11:33",fill_blank,hard,"sacrificio continuo, abominación y sabios","Según PDF p.24, Daniel 11:33, en el pasaje sobre sacrificio continuo, abominación y sabios, complete la formulación del PDF: «Los sabios del pueblo _____ a muchos»","[""confirmará"", ""contenderá"", ""instruirán"", ""Despertará""]",2,instruirán,El PDF emplea la expresión «instruirán» en este contexto: «Los sabios del pueblo instruirán a muchos».,Los sabios del pueblo instruirán a muchos,DAN11-V33-F01,DAN11-V33-F01-VARIANTS,verified,
DAN11-0134,DANIEL7-12,DAN11,"PDF p.24, Daniel 11:34",multiple_choice,hard,"sacrificio continuo, abominación y sabios","Según PDF p.24, Daniel 11:34, en el pasaje sobre sacrificio continuo, abominación y sabios, ¿Qué opción restituye con precisión la relación descrita? Marco: «En su [DETALLE] serán ayudados con un pequeño socorro, y»","[""En su orden serán ayudados con un pequeño socorro, y"", ""En su cuarta serán ayudados con un pequeño socorro, y"", ""En su caída serán ayudados con un pequeño socorro, y"", ""En su nación serán ayudados con un pequeño socorro, y""]",2,"En su caída serán ayudados con un pequeño socorro, y","La opción correcta conserva el detalle «caída» tal como aparece en la fuente: «En su caída serán ayudados con un pequeño socorro, y».","En su caída serán ayudados con un pequeño socorro, y",DAN11-V34-F01,DAN11-V34-F01-VARIANTS,verified,
DAN11-0135,DANIEL7-12,DAN11,"PDF p.24, Daniel 11:35",true_false,expert,"sacrificio continuo, abominación y sabios","Según PDF p.24, Daniel 11:35, en el pasaje sobre sacrificio continuo, abominación y sabios, determine si el detalle entre corchetes hace verdadera o falsa esta afirmación: «También algunos de los sabios caerán para ser ⟦arruinado⟧, limpiados y emblanquecidos, hasta el tiempo determinado»","[""Verdadero"", ""Falso""]",1,Falso,"La afirmación cambia «depurados». La corrección exacta es: «También algunos de los sabios caerán para ser depurados, limpiados y emblanquecidos, hasta el tiempo determinado»","los sabios caerán para ser depurados, limpiados y emblanquecidos, hasta el tiempo determinado",DAN11-V35-F01,DAN11-V35-F01-VARIANTS,verified,"También algunos de los sabios caerán para ser depurados, limpiados y emblanquecidos, hasta el tiempo determinado"
DAN11-0136,DANIEL7-12,DAN11,"PDF p.24, Daniel 11:21",fill_blank,medium,"hombre despreciable, pacto, halagos y reparto","Según PDF p.24, Daniel 11:21, en el pasaje sobre hombre despreciable, pacto, halagos y reparto, complete la formulación del PDF: «Ocupará su _____ un hombre despreciable, al cual no darán la honra del reino.»","[""cielo"", ""libro"", ""macho"", ""lugar""]",3,lugar,"El PDF emplea la expresión «lugar» en este contexto: «Ocupará su lugar un hombre despreciable, al cual no darán».","Ocupará su lugar un hombre despreciable, al cual no darán",DAN11-V21-F02,DAN11-V21-F02-VARIANTS,verified,
DAN11-0137,DANIEL7-12,DAN11,"PDF p.24, Daniel 11:22",multiple_choice,hard,"hombre despreciable, pacto, halagos y reparto","Según PDF p.24, Daniel 11:22, en el pasaje sobre hombre despreciable, pacto, halagos y reparto, ¿Qué opción restituye con precisión la relación descrita? Marco: «delante de él como por [DETALLE] de aguas»","[""delante de él como por cautividad de aguas"", ""delante de él como por dispersión de aguas"", ""delante de él como por confesión de aguas"", ""delante de él como por inundación de aguas""]",3,delante de él como por inundación de aguas,La opción correcta conserva el detalle «inundación» tal como aparece en la fuente: «delante de él como por inundación de aguas».,delante de él como por inundación de aguas,DAN11-V22-F01,DAN11-V22-F01-VARIANTS,verified,
DAN11-0138,DANIEL7-12,DAN11,"PDF p.24, Daniel 11:23",true_false,hard,"hombre despreciable, pacto, halagos y reparto","Según PDF p.24, Daniel 11:23, en el pasaje sobre hombre despreciable, pacto, halagos y reparto, determine si el detalle entre corchetes hace verdadera o falsa esta afirmación: «Él, después del pacto, ⟦engañará⟧, subirá y saldrá vencedor con poca gente.»","[""Verdadero"", ""Falso""]",0,Verdadero,"La afirmación coincide con el PDF: «Él, después del pacto, engañará, subirá y saldrá vencedor con poca gente».","Él, después del pacto, engañará, subirá y saldrá vencedor con poca gente",DAN11-V23-F02,DAN11-V23-F02-VARIANTS,verified,
DAN11-0139,DANIEL7-12,DAN11,"PDF p.24, Daniel 11:24",fill_blank,expert,"hombre despreciable, pacto, halagos y reparto","Según PDF p.24, Daniel 11:24, en el pasaje sobre hombre despreciable, pacto, halagos y reparto, complete la formulación del PDF: «Estando la provincia en paz y en _____, entrará y hará lo que no hicieron sus padres ni los padres de sus padres»","[""abundancia"", ""apariencia"", ""insolencia"", ""provincias""]",0,abundancia,"El PDF emplea la expresión «abundancia» en este contexto: «provincia en paz y en abundancia, entrará y hará lo que no hicieron».","provincia en paz y en abundancia, entrará y hará lo que no hicieron",DAN11-V24-F02,DAN11-V24-F02-VARIANTS,verified,
DAN11-0140,DANIEL7-12,DAN11,"PDF p.24, Daniel 11:25",multiple_choice,hard,"traición, mesa, Quitim y pacto santo","Según PDF p.24, Daniel 11:25, en el pasaje sobre traición, mesa, Quitim y pacto santo, ¿Qué opción restituye con precisión la relación descrita? Marco: «pero no [DETALLE], porque le harán traición»","[""pero no prevalecerá, porque le harán traición"", ""pero no contristará, porque le harán traición"", ""pero no despedazará, porque le harán traición"", ""pero no fortalecerá, porque le harán traición""]",0,"pero no prevalecerá, porque le harán traición","La opción correcta conserva el detalle «prevalecerá» tal como aparece en la fuente: «pero no prevalecerá, porque le harán traición».","pero no prevalecerá, porque le harán traición",DAN11-V25-F10,DAN11-V25-F10-VARIANTS,verified,
DAN11-0141,DANIEL7-12,DAN11,"PDF p.24, Daniel 11:26",true_false,hard,"traición, mesa, Quitim y pacto santo","Según PDF p.24, Daniel 11:26, en el pasaje sobre traición, mesa, Quitim y pacto santo, determine si el detalle entre corchetes hace verdadera o falsa esta afirmación: «su ejército será ⟦destruido⟧, y muchos caerán muertos.»","[""Verdadero"", ""Falso""]",0,Verdadero,"La afirmación coincide con el PDF: «su ejército será destruido, y muchos caerán muertos».","su ejército será destruido, y muchos caerán muertos",DAN11-V26-F04,DAN11-V26-F04-VARIANTS,verified,
DAN11-0142,DANIEL7-12,DAN11,"PDF p.24, Daniel 11:27",fill_blank,medium,"traición, mesa, Quitim y pacto santo","Según PDF p.24, Daniel 11:27, en el pasaje sobre traición, mesa, Quitim y pacto santo, complete la formulación del PDF: «En su corazón, estos dos _____ tramarán hacer mal.»","[""actos"", ""reyes"", ""cosas"", ""otros""]",1,reyes,"El PDF emplea la expresión «reyes» en este contexto: «En su corazón, estos dos reyes tramarán hacer mal».","En su corazón, estos dos reyes tramarán hacer mal",DAN11-V27-F02,DAN11-V27-F02-VARIANTS,verified,
DAN11-0143,DANIEL7-12,DAN11,"PDF p.24, Daniel 11:28",multiple_choice,hard,"traición, mesa, Quitim y pacto santo","Según PDF p.24, Daniel 11:28, en el pasaje sobre traición, mesa, Quitim y pacto santo, ¿Qué opción restituye con precisión la relación descrita? Marco: «Él volverá a su [DETALLE] con gran riqueza, y pondrá su corazón»","[""Él volverá a su cuarta con gran riqueza, y pondrá su corazón"", ""Él volverá a su tierra con gran riqueza, y pondrá su corazón"", ""Él volverá a su nación con gran riqueza, y pondrá su corazón"", ""Él volverá a su ribera con gran riqueza, y pondrá su corazón""]",1,"Él volverá a su tierra con gran riqueza, y pondrá su corazón","La opción correcta conserva el detalle «tierra» tal como aparece en la fuente: «Él volverá a su tierra con gran riqueza, y pondrá su corazón».","Él volverá a su tierra con gran riqueza, y pondrá su corazón",DAN11-V28-F02,DAN11-V28-F02-VARIANTS,verified,
DAN11-0144,DANIEL7-12,DAN11,"PDF p.24, Daniel 11:29",true_false,hard,"traición, mesa, Quitim y pacto santo","Según PDF p.24, Daniel 11:29, en el pasaje sobre traición, mesa, Quitim y pacto santo, determine si el detalle entre corchetes hace verdadera o falsa esta afirmación: «Al tiempo señalado ⟦volverá⟧ al sur»","[""Verdadero"", ""Falso""]",0,Verdadero,La afirmación coincide con el PDF: «Al tiempo señalado volverá al sur».,Al tiempo señalado volverá al sur,DAN11-V29-F02,DAN11-V29-F02-VARIANTS,verified,
DAN11-0145,DANIEL7-12,DAN11,"PDF p.24, Daniel 11:30",fill_blank,expert,"traición, mesa, Quitim y pacto santo","Según PDF p.24, Daniel 11:30, en el pasaje sobre traición, mesa, Quitim y pacto santo, complete la formulación del PDF: «Porque vendrán contra él naves de Quitim, y él se contristará y retrocederá, se enojará contra el _____ y hará según su voluntad»","[""reino eterno"", ""cuerno grande"", ""pacto santo"", ""muy amado""]",2,pacto santo,"El PDF emplea la expresión «pacto santo» en este contexto: «retrocederá, se enojará contra el pacto santo y hará según su voluntad».","retrocederá, se enojará contra el pacto santo y hará según su voluntad",DAN11-V30-F02,DAN11-V30-F02-VARIANTS,verified,
DAN11-0146,DANIEL7-12,DAN11,"PDF p.24, Daniel 11:31",multiple_choice,expert,"sacrificio continuo, abominación y sabios","Según PDF p.24, Daniel 11:31, en el pasaje sobre sacrificio continuo, abominación y sabios, ¿Cuál opción mantiene sin alterar el detalle y el orden de la fuente? Marco: «sacrificio continuo y pondrán la [DETALLE]»","[""sacrificio continuo y pondrán la tierra gloriosa"", ""sacrificio continuo y pondrán la ciudad fuerte"", ""sacrificio continuo y pondrán la abominación desoladora"", ""sacrificio continuo y pondrán la lana limpia""]",2,sacrificio continuo y pondrán la abominación desoladora,La opción correcta conserva el detalle «abominación desoladora» tal como aparece en la fuente: «sacrificio continuo y pondrán la abominación desoladora».,sacrificio continuo y pondrán la abominación desoladora,DAN11-V31-F02,DAN11-V31-F02-VARIANTS,verified,
DAN11-0147,DANIEL7-12,DAN11,"PDF p.24, Daniel 11:32",true_false,hard,"sacrificio continuo, abominación y sabios","Según PDF p.24, Daniel 11:32, en el pasaje sobre sacrificio continuo, abominación y sabios, determine si el detalle entre corchetes hace verdadera o falsa esta afirmación: «pero el pueblo que conoce a su Dios se ⟦esforzará⟧ y actuará.»","[""Verdadero"", ""Falso""]",0,Verdadero,La afirmación coincide con el PDF: «conoce a su Dios se esforzará y actuará».,conoce a su Dios se esforzará y actuará,DAN11-V32-F05,DAN11-V32-F05-VARIANTS,verified,
DAN11-0148,DANIEL7-12,DAN11,"PDF p.24, Daniel 11:33",fill_blank,hard,"sacrificio continuo, abominación y sabios","Según PDF p.24, Daniel 11:33, en el pasaje sobre sacrificio continuo, abominación y sabios, complete la formulación del PDF: «pero durante algunos días caerán a espada y a fuego, en _____ y despojo.»","[""dispersión"", ""inundación"", ""confesión"", ""cautividad""]",3,cautividad,"El PDF emplea la expresión «cautividad» en este contexto: «espada y a fuego, en cautividad y despojo».","espada y a fuego, en cautividad y despojo",DAN11-V33-F04,DAN11-V33-F04-VARIANTS,verified,
DAN11-0149,DANIEL7-12,DAN11,"PDF p.24, Daniel 11:34",multiple_choice,hard,"sacrificio continuo, abominación y sabios","Según PDF p.24, Daniel 11:34, en el pasaje sobre sacrificio continuo, abominación y sabios, ¿Qué opción restituye con precisión la relación descrita? Marco: «En su caída [DETALLE] ayudados con un pequeño socorro, y muchos»","[""En su caída darán ayudados con un pequeño socorro, y muchos"", ""En su caída espere ayudados con un pequeño socorro, y muchos"", ""En su caída manera ayudados con un pequeño socorro, y muchos"", ""En su caída serán ayudados con un pequeño socorro, y muchos""]",3,"En su caída serán ayudados con un pequeño socorro, y muchos","La opción correcta conserva el detalle «serán» tal como aparece en la fuente: «En su caída serán ayudados con un pequeño socorro, y muchos».","En su caída serán ayudados con un pequeño socorro, y muchos",DAN11-V34-F02,DAN11-V34-F02-VARIANTS,verified,
DAN11-0150,DANIEL7-12,DAN11,"PDF p.24, Daniel 11:35",true_false,hard,"sacrificio continuo, abominación y sabios","Según PDF p.24, Daniel 11:35, en el pasaje sobre sacrificio continuo, abominación y sabios, determine si el detalle entre corchetes hace verdadera o falsa esta afirmación: «También algunos de los sabios caerán para ser depurados, ⟦limpiados⟧ y emblanquecidos, hasta el tiempo determinado»","[""Verdadero"", ""Falso""]",0,Verdadero,"La afirmación coincide con el PDF: «sabios caerán para ser depurados, limpiados y emblanquecidos, hasta el tiempo determinado».","sabios caerán para ser depurados, limpiados y emblanquecidos, hasta el tiempo determinado",DAN11-V35-F02,DAN11-V35-F02-VARIANTS,verified,
DAN11-0151,DANIEL7-12,DAN11,"PDF p.24, Daniel 11:21",fill_blank,medium,"hombre despreciable, pacto, halagos y reparto","Según PDF p.24, Daniel 11:21, en el pasaje sobre hombre despreciable, pacto, halagos y reparto, complete la formulación del PDF: «Ocupará su lugar un _____ despreciable, al cual no darán la honra del reino.»","[""hombre"", ""cuarto"", ""primer"", ""rostro""]",0,hombre,"El PDF emplea la expresión «hombre» en este contexto: «Ocupará su lugar un hombre despreciable, al cual no darán la honra».","Ocupará su lugar un hombre despreciable, al cual no darán la honra",DAN11-V21-F03,DAN11-V21-F03-VARIANTS,verified,
DAN11-0152,DANIEL7-12,DAN11,"PDF p.24, Daniel 11:22",multiple_choice,hard,"hombre despreciable, pacto, halagos y reparto","Según PDF p.24, Daniel 11:22, en el pasaje sobre hombre despreciable, pacto, halagos y reparto, ¿Qué opción restituye con precisión la relación descrita? Marco: «serán del todo [DETALLE], junto con el príncipe del pacto»","[""serán del todo destruidas, junto con el príncipe del pacto"", ""serán del todo firmamento, junto con el príncipe del pacto"", ""serán del todo resplandor, junto con el príncipe del pacto"", ""serán del todo sacrificio, junto con el príncipe del pacto""]",0,"serán del todo destruidas, junto con el príncipe del pacto","La opción correcta conserva el detalle «destruidas» tal como aparece en la fuente: «serán del todo destruidas, junto con el príncipe del pacto».","serán del todo destruidas, junto con el príncipe del pacto",DAN11-V22-F09,DAN11-V22-F09-VARIANTS,verified,
DAN11-0153,DANIEL7-12,DAN11,"PDF p.24, Daniel 11:23",true_false,hard,"hombre despreciable, pacto, halagos y reparto","Según PDF p.24, Daniel 11:23, en el pasaje sobre hombre despreciable, pacto, halagos y reparto, determine si el detalle entre corchetes hace verdadera o falsa esta afirmación: «Él, después del pacto, engañará, ⟦subirá⟧ y saldrá vencedor con poca gente.»","[""Verdadero"", ""Falso""]",0,Verdadero,"La afirmación coincide con el PDF: «Él, después del pacto, engañará, subirá y saldrá vencedor con poca gente».","Él, después del pacto, engañará, subirá y saldrá vencedor con poca gente",DAN11-V23-F03,DAN11-V23-F03-VARIANTS,verified,
DAN11-0154,DANIEL7-12,DAN11,"PDF p.24, Daniel 11:24",fill_blank,hard,"hombre despreciable, pacto, halagos y reparto","Según PDF p.24, Daniel 11:24, en el pasaje sobre hombre despreciable, pacto, halagos y reparto, complete la formulación del PDF: «botín, despojos y riquezas _____ entre sus soldados, y contra las fortalezas formará sus designios.»","[""apoderará"", ""repartirá"", ""aumentará"", ""cumplirán""]",1,repartirá,"El PDF emplea la expresión «repartirá» en este contexto: «botín, despojos y riquezas repartirá entre sus soldados, y contra las fortalezas».","botín, despojos y riquezas repartirá entre sus soldados, y contra las fortalezas",DAN11-V24-F07,DAN11-V24-F07-VARIANTS,verified,
DAN11-0155,DANIEL7-12,DAN11,"PDF p.24, Daniel 11:25",multiple_choice,expert,"traición, mesa, Quitim y pacto santo","Según PDF p.24, Daniel 11:25, en el pasaje sobre traición, mesa, Quitim y pacto santo, ¿Cuál opción mantiene sin alterar el detalle y el orden de la fuente? Marco: «[DETALLE] sus fuerzas y su ardor con un»","[""confirmará sus fuerzas y su ardor con un"", ""Despertará sus fuerzas y su ardor con un"", ""contenderá sus fuerzas y su ardor con un"", ""enfurecerá sus fuerzas y su ardor con un""]",1,Despertará sus fuerzas y su ardor con un,La opción correcta conserva el detalle «Despertará» tal como aparece en la fuente: «Despertará sus fuerzas y su ardor con un».,Despertará sus fuerzas y su ardor con un,DAN11-V25-F02,DAN11-V25-F02-VARIANTS,verified,
DAN11-0156,DANIEL7-12,DAN11,"PDF p.24, Daniel 11:26",true_false,hard,"traición, mesa, Quitim y pacto santo","Según PDF p.24, Daniel 11:26, en el pasaje sobre traición, mesa, Quitim y pacto santo, determine si el detalle entre corchetes hace verdadera o falsa esta afirmación: «Aun los que ⟦ahora⟧ de sus manjares lo quebrantarán»","[""Verdadero"", ""Falso""]",1,Falso,La afirmación cambia «coman». La corrección exacta es: «Aun los que coman de sus manjares lo quebrantarán»,Aun los que coman de sus manjares lo quebrantarán,DAN11-V26-F02,DAN11-V26-F02-VARIANTS,verified,Aun los que coman de sus manjares lo quebrantarán
DAN11-0157,DANIEL7-12,DAN11,"PDF p.24, Daniel 11:27",fill_blank,hard,"traición, mesa, Quitim y pacto santo","Según PDF p.24, Daniel 11:27, en el pasaje sobre traición, mesa, Quitim y pacto santo, complete la formulación del PDF: «En su corazón, estos dos reyes _____ hacer mal.»","[""cumplirá"", ""dominará"", ""tramarán"", ""engañará""]",2,tramarán,"El PDF emplea la expresión «tramarán» en este contexto: «su corazón, estos dos reyes tramarán hacer mal».","su corazón, estos dos reyes tramarán hacer mal",DAN11-V27-F03,DAN11-V27-F03-VARIANTS,verified,
DAN11-0158,DANIEL7-12,DAN11,"PDF p.24, Daniel 11:28",multiple_choice,hard,"traición, mesa, Quitim y pacto santo","Según PDF p.24, Daniel 11:28, en el pasaje sobre traición, mesa, Quitim y pacto santo, ¿Qué opción restituye con precisión la relación descrita? Marco: «a su tierra con gran [DETALLE], y pondrá su corazón contra el pacto»","[""a su tierra con gran conmigo, y pondrá su corazón contra el pacto"", ""a su tierra con gran delante, y pondrá su corazón contra el pacto"", ""a su tierra con gran riqueza, y pondrá su corazón contra el pacto"", ""a su tierra con gran dominio, y pondrá su corazón contra el pacto""]",2,"a su tierra con gran riqueza, y pondrá su corazón contra el pacto","La opción correcta conserva el detalle «riqueza» tal como aparece en la fuente: «a su tierra con gran riqueza, y pondrá su corazón contra el pacto».","a su tierra con gran riqueza, y pondrá su corazón contra el pacto",DAN11-V28-F03,DAN11-V28-F03-VARIANTS,verified,
DAN11-0159,DANIEL7-12,DAN11,"PDF p.24, Daniel 11:29",true_false,medium,"traición, mesa, Quitim y pacto santo","Según PDF p.24, Daniel 11:29, en el pasaje sobre traición, mesa, Quitim y pacto santo, determine si el detalle entre corchetes hace verdadera o falsa esta afirmación: «pero la ⟦última⟧ venida no será como la primera.»","[""Verdadero"", ""Falso""]",0,Verdadero,La afirmación coincide con el PDF: «pero la última venida no será como la primera».,pero la última venida no será como la primera,DAN11-V29-F04,DAN11-V29-F04-VARIANTS,verified,
DAN11-0160,DANIEL7-12,DAN11,"PDF p.24, Daniel 11:30",fill_blank,expert,"traición, mesa, Quitim y pacto santo","Según PDF p.24, Daniel 11:30, en el pasaje sobre traición, mesa, Quitim y pacto santo, complete la formulación del PDF: «Porque vendrán contra él naves de Quitim, y él se _____ y retrocederá, se enojará contra el pacto santo y hará según su voluntad»","[""despedazará"", ""fortalecerá"", ""permanecerá"", ""contristará""]",3,contristará,"El PDF emplea la expresión «contristará» en este contexto: «de Quitim, y él se contristará y retrocederá, se enojará contra el pacto».","de Quitim, y él se contristará y retrocederá, se enojará contra el pacto",DAN11-V30-F03,DAN11-V30-F03-VARIANTS,verified,
DAN11-0161,DANIEL7-12,DAN11,"PDF p.24, Daniel 11:31",multiple_choice,expert,"sacrificio continuo, abominación y sabios","Según PDF p.24, Daniel 11:31, en el pasaje sobre sacrificio continuo, abominación y sabios, ¿Cuál opción mantiene sin alterar el detalle y el orden de la fuente? Marco: «Se levantarán sus tropas, que [DETALLE] el santuario y la fortaleza, quitarán el»","[""Se levantarán sus tropas, que confirmará el santuario y la fortaleza, quitarán el"", ""Se levantarán sus tropas, que contenderá el santuario y la fortaleza, quitarán el"", ""Se levantarán sus tropas, que Despertará el santuario y la fortaleza, quitarán el"", ""Se levantarán sus tropas, que profanarán el santuario y la fortaleza, quitarán el""]",3,"Se levantarán sus tropas, que profanarán el santuario y la fortaleza, quitarán el","La opción correcta conserva el detalle «profanarán» tal como aparece en la fuente: «Se levantarán sus tropas, que profanarán el santuario y la fortaleza, quitarán el».","Se levantarán sus tropas, que profanarán el santuario y la fortaleza, quitarán el",DAN11-V31-F03,DAN11-V31-F03-VARIANTS,verified,
DAN11-0162,DANIEL7-12,DAN11,"PDF p.24, Daniel 11:32",true_false,hard,"sacrificio continuo, abominación y sabios","Según PDF p.24, Daniel 11:32, en el pasaje sobre sacrificio continuo, abominación y sabios, determine si el detalle entre corchetes hace verdadera o falsa esta afirmación: «Con lisonjas ⟦seducirá⟧ a los violadores del pacto»","[""Verdadero"", ""Falso""]",0,Verdadero,La afirmación coincide con el PDF: «Con lisonjas seducirá a los violadores del pacto».,Con lisonjas seducirá a los violadores del pacto,DAN11-V32-F02,DAN11-V32-F02-VARIANTS,verified,
DAN11-0163,DANIEL7-12,DAN11,"PDF p.24, Daniel 11:33",fill_blank,medium,"sacrificio continuo, abominación y sabios","Según PDF p.24, Daniel 11:33, en el pasaje sobre sacrificio continuo, abominación y sabios, complete la formulación del PDF: «Los sabios del pueblo instruirán a _____»","[""muchos"", ""ruegos"", ""tardes"", ""actos""]",0,muchos,El PDF emplea la expresión «muchos» en este contexto: «sabios del pueblo instruirán a muchos».,sabios del pueblo instruirán a muchos,DAN11-V33-F02,DAN11-V33-F02-VARIANTS,verified,
DAN11-0164,DANIEL7-12,DAN11,"PDF p.24, Daniel 11:34",multiple_choice,hard,"sacrificio continuo, abominación y sabios","Según PDF p.24, Daniel 11:34, en el pasaje sobre sacrificio continuo, abominación y sabios, ¿Qué opción restituye con precisión la relación descrita? Marco: «En su caída serán [DETALLE] con un pequeño socorro, y muchos se»","[""En su caída serán ayudados con un pequeño socorro, y muchos se"", ""En su caída serán afligido con un pequeño socorro, y muchos se"", ""En su caída serán cerradas con un pequeño socorro, y muchos se"", ""En su caída serán referido con un pequeño socorro, y muchos se""]",0,"En su caída serán ayudados con un pequeño socorro, y muchos se","La opción correcta conserva el detalle «ayudados» tal como aparece en la fuente: «En su caída serán ayudados con un pequeño socorro, y muchos se».","En su caída serán ayudados con un pequeño socorro, y muchos se",DAN11-V34-F03,DAN11-V34-F03-VARIANTS,verified,
DAN11-0165,DANIEL7-12,DAN11,"PDF p.24, Daniel 11:35",true_false,hard,"sacrificio continuo, abominación y sabios","Según PDF p.24, Daniel 11:35, en el pasaje sobre sacrificio continuo, abominación y sabios, determine si el detalle entre corchetes hace verdadera o falsa esta afirmación: «También algunos de los sabios caerán para ser depurados, limpiados y ⟦emblanquecidos⟧, hasta el tiempo determinado»","[""Verdadero"", ""Falso""]",0,Verdadero,"La afirmación coincide con el PDF: «para ser depurados, limpiados y emblanquecidos, hasta el tiempo determinado».","para ser depurados, limpiados y emblanquecidos, hasta el tiempo determinado",DAN11-V35-F03,DAN11-V35-F03-VARIANTS,verified,
DAN11-0166,DANIEL7-12,DAN11,"PDF p.24, Daniel 11:21",fill_blank,hard,"hombre despreciable, pacto, halagos y reparto","Según PDF p.24, Daniel 11:21, en el pasaje sobre hombre despreciable, pacto, halagos y reparto, complete la formulación del PDF: «Ocupará su lugar un hombre despreciable, al cual no _____ la honra del reino.»","[""serán"", ""darán"", ""espere"", ""manera""]",1,darán,"El PDF emplea la expresión «darán» en este contexto: «hombre despreciable, al cual no darán la honra del reino».","hombre despreciable, al cual no darán la honra del reino",DAN11-V21-F04,DAN11-V21-F04-VARIANTS,verified,
DAN11-0167,DANIEL7-12,DAN11,"PDF p.24, Daniel 11:22",multiple_choice,hard,"hombre despreciable, pacto, halagos y reparto","Según PDF p.24, Daniel 11:22, en el pasaje sobre hombre despreciable, pacto, halagos y reparto, ¿Qué opción restituye con precisión la relación descrita? Marco: «Las fuerzas [DETALLE] serán barridas delante de él como por»","[""Las fuerzas entonces serán barridas delante de él como por"", ""Las fuerzas enemigas serán barridas delante de él como por"", ""Las fuerzas nosotros serán barridas delante de él como por"", ""Las fuerzas palabras serán barridas delante de él como por""]",1,Las fuerzas enemigas serán barridas delante de él como por,La opción correcta conserva el detalle «enemigas» tal como aparece en la fuente: «Las fuerzas enemigas serán barridas delante de él como por».,Las fuerzas enemigas serán barridas delante de él como por,DAN11-V22-F02,DAN11-V22-F02-VARIANTS,verified,
DAN11-0168,DANIEL7-12,DAN11,"PDF p.24, Daniel 11:23",true_false,hard,"hombre despreciable, pacto, halagos y reparto","Según PDF p.24, Daniel 11:23, en el pasaje sobre hombre despreciable, pacto, halagos y reparto, determine si el detalle entre corchetes hace verdadera o falsa esta afirmación: «Él, después del pacto, engañará, subirá y ⟦cabrío⟧ vencedor con poca gente.»","[""Verdadero"", ""Falso""]",1,Falso,"La afirmación cambia «saldrá». La corrección exacta es: «Él, después del pacto, engañará, subirá y saldrá vencedor con poca gente.»","del pacto, engañará, subirá y saldrá vencedor con poca gente",DAN11-V23-F04,DAN11-V23-F04-VARIANTS,verified,"Él, después del pacto, engañará, subirá y saldrá vencedor con poca gente."
DAN11-0169,DANIEL7-12,DAN11,"PDF p.24, Daniel 11:24",fill_blank,hard,"hombre despreciable, pacto, halagos y reparto","Según PDF p.24, Daniel 11:24, en el pasaje sobre hombre despreciable, pacto, halagos y reparto, complete la formulación del PDF: «botín, despojos y riquezas repartirá entre sus soldados, y contra las _____ formará sus designios.»","[""estrellas"", ""palabras"", ""fortalezas"", ""abominaciones""]",2,fortalezas,"El PDF emplea la expresión «fortalezas» en este contexto: «sus soldados, y contra las fortalezas formará sus designios».","sus soldados, y contra las fortalezas formará sus designios",DAN11-V24-F08,DAN11-V24-F08-VARIANTS,verified,
DAN11-0170,DANIEL7-12,DAN11,"PDF p.24, Daniel 11:25",multiple_choice,expert,"traición, mesa, Quitim y pacto santo","Según PDF p.24, Daniel 11:25, en el pasaje sobre traición, mesa, Quitim y pacto santo, ¿Cuál opción mantiene sin alterar el detalle y el orden de la fuente? Marco: «Despertará sus [DETALLE] y su ardor con un gran ejército»","[""Despertará sus cuernos y su ardor con un gran ejército"", ""Despertará sus espaldas y su ardor con un gran ejército"", ""Despertará sus fuerzas y su ardor con un gran ejército"", ""Despertará sus manjares y su ardor con un gran ejército""]",2,Despertará sus fuerzas y su ardor con un gran ejército,La opción correcta conserva el detalle «fuerzas» tal como aparece en la fuente: «Despertará sus fuerzas y su ardor con un gran ejército».,Despertará sus fuerzas y su ardor con un gran ejército,DAN11-V25-F03,DAN11-V25-F03-VARIANTS,verified,
DAN11-0171,DANIEL7-12,DAN11,"PDF p.24, Daniel 11:26",true_false,hard,"traición, mesa, Quitim y pacto santo","Según PDF p.24, Daniel 11:26, en el pasaje sobre traición, mesa, Quitim y pacto santo, determine si el detalle entre corchetes hace verdadera o falsa esta afirmación: «Aun los que coman de sus ⟦espaldas⟧ lo quebrantarán»","[""Verdadero"", ""Falso""]",1,Falso,La afirmación cambia «manjares». La corrección exacta es: «Aun los que coman de sus manjares lo quebrantarán»,los que coman de sus manjares lo quebrantarán,DAN11-V26-F03,DAN11-V26-F03-VARIANTS,verified,Aun los que coman de sus manjares lo quebrantarán
DAN11-0172,DANIEL7-12,DAN11,"PDF p.24, Daniel 11:27",fill_blank,hard,"traición, mesa, Quitim y pacto santo","Según PDF p.24, Daniel 11:27, en el pasaje sobre traición, mesa, Quitim y pacto santo, complete la formulación del PDF: «En su corazón, estos dos reyes tramarán _____ mal.»","[""andar"", ""pasar"", ""poder"", ""hacer""]",3,hacer,"El PDF emplea la expresión «hacer» en este contexto: «corazón, estos dos reyes tramarán hacer mal».","corazón, estos dos reyes tramarán hacer mal",DAN11-V27-F04,DAN11-V27-F04-VARIANTS,verified,
DAN11-0173,DANIEL7-12,DAN11,"PDF p.24, Daniel 11:21",multiple_choice,hard,"hombre despreciable, pacto, halagos y reparto","Según PDF p.24, Daniel 11:21, en el pasaje sobre hombre despreciable, pacto, halagos y reparto, ¿Qué opción restituye con precisión la relación descrita? Marco: «Ocupará su lugar un hombre [DETALLE], al cual no darán la honra del»","[""Ocupará su lugar un hombre comprenderla, al cual no darán la honra del"", ""Ocupará su lugar un hombre resplandezca, al cual no darán la honra del"", ""Ocupará su lugar un hombre veinticuatro, al cual no darán la honra del"", ""Ocupará su lugar un hombre despreciable, al cual no darán la honra del""]",3,"Ocupará su lugar un hombre despreciable, al cual no darán la honra del","La opción correcta conserva el detalle «despreciable» tal como aparece en la fuente: «Ocupará su lugar un hombre despreciable, al cual no darán la honra del».","Ocupará su lugar un hombre despreciable, al cual no darán la honra del",DAN11-V21-F01,DAN11-V21-F01-VARIANTS,verified,
DAN11-0174,DANIEL7-12,DAN11,"PDF p.24, Daniel 11:22",true_false,expert,"hombre despreciable, pacto, halagos y reparto","Según PDF p.24, Daniel 11:22, en el pasaje sobre hombre despreciable, pacto, halagos y reparto, determine si el detalle entre corchetes hace verdadera o falsa esta afirmación: «serán del todo destruidas, junto con el ⟦príncipe del pacto⟧.»","[""Verdadero"", ""Falso""]",0,Verdadero,"La afirmación coincide con el PDF: «todo destruidas, junto con el príncipe del pacto».","todo destruidas, junto con el príncipe del pacto",DAN11-V22-F08,DAN11-V22-F08-VARIANTS,verified,
DAN11-0175,DANIEL7-12,DAN11,"PDF p.24, Daniel 11:23",multiple_choice,hard,"hombre despreciable, pacto, halagos y reparto","Según PDF p.24, Daniel 11:23, en el pasaje sobre hombre despreciable, pacto, halagos y reparto, ¿Qué opción restituye con precisión la relación descrita? Marco: «Él, después del [DETALLE], engañará, subirá y saldrá vencedor con poca»","[""Él, después del pacto, engañará, subirá y saldrá vencedor con poca"", ""Él, después del cielo, engañará, subirá y saldrá vencedor con poca"", ""Él, después del libro, engañará, subirá y saldrá vencedor con poca"", ""Él, después del lugar, engañará, subirá y saldrá vencedor con poca""]",0,"Él, después del pacto, engañará, subirá y saldrá vencedor con poca","La opción correcta conserva el detalle «pacto» tal como aparece en la fuente: «Él, después del pacto, engañará, subirá y saldrá vencedor con poca».","Él, después del pacto, engañará, subirá y saldrá vencedor con poca",DAN11-V23-F01,DAN11-V23-F01-VARIANTS,verified,
DAN11-0176,DANIEL7-12,DAN11,"PDF p.24, Daniel 11:24",fill_blank,hard,"hombre despreciable, pacto, halagos y reparto","Según PDF p.24, Daniel 11:24, en el pasaje sobre hombre despreciable, pacto, halagos y reparto, complete la formulación del PDF: «Estando la _____ en paz y en abundancia, entrará y hará lo que no hicieron sus padres ni los padres de sus padres»","[""provincia"", ""confesión"", ""confusión"", ""eternidad""]",0,provincia,"El PDF emplea la expresión «provincia» en este contexto: «Estando la provincia en paz y en abundancia, entrará y».","Estando la provincia en paz y en abundancia, entrará y",DAN11-V24-F01,DAN11-V24-F01-VARIANTS,verified,
DAN11-0177,DANIEL7-12,DAN11,"PDF p.24, Daniel 11:25",true_false,expert,"traición, mesa, Quitim y pacto santo","Según PDF p.24, Daniel 11:25, en el pasaje sobre traición, mesa, Quitim y pacto santo, determine si el detalle entre corchetes hace verdadera o falsa esta afirmación: «Despertará sus fuerzas y su ardor con un gran ejército, contra el ⟦rey del sur⟧, y el rey del sur se empeñará en la guerra con un ejército grande y muy fuerte»","[""Verdadero"", ""Falso""]",0,Verdadero,"La afirmación coincide con el PDF: «un gran ejército, contra el rey del sur, y el rey del sur se empeñará».","un gran ejército, contra el rey del sur, y el rey del sur se empeñará",DAN11-V25-F01,DAN11-V25-F01-VARIANTS,verified,
DAN11-0178,DANIEL7-12,DAN11,"PDF p.24, Daniel 11:26",fill_blank,hard,"traición, mesa, Quitim y pacto santo","Según PDF p.24, Daniel 11:26, en el pasaje sobre traición, mesa, Quitim y pacto santo, complete la formulación del PDF: «Aun los que coman de sus manjares lo _____»","[""atemorizarán"", ""quebrantarán"", ""engrandecerá"", ""permanecerán""]",1,quebrantarán,El PDF emplea la expresión «quebrantarán» en este contexto: «coman de sus manjares lo quebrantarán».,coman de sus manjares lo quebrantarán,DAN11-V26-F01,DAN11-V26-F01-VARIANTS,verified,
DAN11-0179,DANIEL7-12,DAN11,"PDF p.24, Daniel 11:27",multiple_choice,hard,"traición, mesa, Quitim y pacto santo","Según PDF p.24, Daniel 11:27, en el pasaje sobre traición, mesa, Quitim y pacto santo, ¿Qué opción restituye con precisión la relación descrita? Marco: «En su [DETALLE], estos dos reyes tramarán hacer mal»","[""En su carnero, estos dos reyes tramarán hacer mal"", ""En su corazón, estos dos reyes tramarán hacer mal"", ""En su dominio, estos dos reyes tramarán hacer mal"", ""En su hacerse, estos dos reyes tramarán hacer mal""]",1,"En su corazón, estos dos reyes tramarán hacer mal","La opción correcta conserva el detalle «corazón» tal como aparece en la fuente: «En su corazón, estos dos reyes tramarán hacer mal».","En su corazón, estos dos reyes tramarán hacer mal",DAN11-V27-F01,DAN11-V27-F01-VARIANTS,verified,
DAN11-0180,DANIEL7-12,DAN11,"PDF p.24, Daniel 11:28",true_false,expert,"traición, mesa, Quitim y pacto santo","Según PDF p.24, Daniel 11:28, en el pasaje sobre traición, mesa, Quitim y pacto santo, determine si el detalle entre corchetes hace verdadera o falsa esta afirmación: «Él volverá a su tierra con gran riqueza, y pondrá su corazón contra el ⟦reino eterno⟧»","[""Verdadero"", ""Falso""]",1,Falso,"La afirmación cambia «pacto santo». La corrección exacta es: «Él volverá a su tierra con gran riqueza, y pondrá su corazón contra el pacto santo»",pondrá su corazón contra el pacto santo,DAN11-V28-F01,DAN11-V28-F01-VARIANTS,verified,"Él volverá a su tierra con gran riqueza, y pondrá su corazón contra el pacto santo"
DAN11-0181,DANIEL7-12,DAN11,"PDF p.24, Daniel 11:29",fill_blank,hard,"traición, mesa, Quitim y pacto santo","Según PDF p.24, Daniel 11:29, en el pasaje sobre traición, mesa, Quitim y pacto santo, complete la formulación del PDF: «Al tiempo _____ volverá al sur»","[""afligido"", ""ayudados"", ""señalado"", ""cerradas""]",2,señalado,El PDF emplea la expresión «señalado» en este contexto: «Al tiempo señalado volverá al sur».,Al tiempo señalado volverá al sur,DAN11-V29-F01,DAN11-V29-F01-VARIANTS,verified,
DAN11-0182,DANIEL7-12,DAN11,"PDF p.24, Daniel 11:30",multiple_choice,expert,"traición, mesa, Quitim y pacto santo","Según PDF p.24, Daniel 11:30, en el pasaje sobre traición, mesa, Quitim y pacto santo, ¿Cuál opción mantiene sin alterar el detalle y el orden de la fuente? Marco: «Porque vendrán contra él [DETALLE], y él se contristará y retrocederá, se»","[""Porque vendrán contra él alas de águila, y él se contristará y retrocederá, se"", ""Porque vendrán contra él miles de miles, y él se contristará y retrocederá, se"", ""Porque vendrán contra él naves de Quitim, y él se contristará y retrocederá, se"", ""Porque vendrán contra él santos del Altísimo, y él se contristará y retrocederá, se""]",2,"Porque vendrán contra él naves de Quitim, y él se contristará y retrocederá, se","La opción correcta conserva el detalle «naves de Quitim» tal como aparece en la fuente: «Porque vendrán contra él naves de Quitim, y él se contristará y retrocederá, se».","Porque vendrán contra él naves de Quitim, y él se contristará y retrocederá, se",DAN11-V30-F01,DAN11-V30-F01-VARIANTS,verified,
DAN11-0183,DANIEL7-12,DAN11,"PDF p.24, Daniel 11:31",true_false,expert,"sacrificio continuo, abominación y sabios","Según PDF p.24, Daniel 11:31, en el pasaje sobre sacrificio continuo, abominación y sabios, determine si el detalle entre corchetes hace verdadera o falsa esta afirmación: «Se levantarán sus tropas, que profanarán el santuario y la fortaleza, quitarán el ⟦cuerno notable⟧ y pondrán la abominación desoladora.»","[""Verdadero"", ""Falso""]",1,Falso,"La afirmación cambia «sacrificio continuo». La corrección exacta es: «Se levantarán sus tropas, que profanarán el santuario y la fortaleza, quitarán el sacrificio continuo y pondrán la abominación desoladora.»","y la fortaleza, quitarán el sacrificio continuo y pondrán la abominación desoladora",DAN11-V31-F01,DAN11-V31-F01-VARIANTS,verified,"Se levantarán sus tropas, que profanarán el santuario y la fortaleza, quitarán el sacrificio continuo y pondrán la abominación desoladora."
DAN11-0184,DANIEL7-12,DAN11,"PDF p.24, Daniel 11:32",fill_blank,medium,"sacrificio continuo, abominación y sabios","Según PDF p.24, Daniel 11:32, en el pasaje sobre sacrificio continuo, abominación y sabios, complete la formulación del PDF: «Con lisonjas seducirá a los _____ del pacto»","[""compañeros"", ""entendidos"", ""habitantes"", ""violadores""]",3,violadores,El PDF emplea la expresión «violadores» en este contexto: «Con lisonjas seducirá a los violadores del pacto».,Con lisonjas seducirá a los violadores del pacto,DAN11-V32-F01,DAN11-V32-F01-VARIANTS,verified,
DAN11-0185,DANIEL7-12,DAN11,"PDF p.24, Daniel 11:33",multiple_choice,hard,"sacrificio continuo, abominación y sabios","Según PDF p.24, Daniel 11:33, en el pasaje sobre sacrificio continuo, abominación y sabios, ¿Qué opción restituye con precisión la relación descrita? Marco: «Los sabios del pueblo [DETALLE] a muchos»","[""Los sabios del pueblo confirmará a muchos"", ""Los sabios del pueblo contenderá a muchos"", ""Los sabios del pueblo Despertará a muchos"", ""Los sabios del pueblo instruirán a muchos""]",3,Los sabios del pueblo instruirán a muchos,La opción correcta conserva el detalle «instruirán» tal como aparece en la fuente: «Los sabios del pueblo instruirán a muchos».,Los sabios del pueblo instruirán a muchos,DAN11-V33-F01,DAN11-V33-F01-VARIANTS,verified,
DAN11-0186,DANIEL7-12,DAN11,"PDF p.24, Daniel 11:34",true_false,hard,"sacrificio continuo, abominación y sabios","Según PDF p.24, Daniel 11:34, en el pasaje sobre sacrificio continuo, abominación y sabios, determine si el detalle entre corchetes hace verdadera o falsa esta afirmación: «En su ⟦caída⟧ serán ayudados con un pequeño socorro, y muchos se juntarán a ellos con lisonjas.»","[""Verdadero"", ""Falso""]",0,Verdadero,"La afirmación coincide con el PDF: «En su caída serán ayudados con un pequeño socorro, y».","En su caída serán ayudados con un pequeño socorro, y",DAN11-V34-F01,DAN11-V34-F01-VARIANTS,verified,
DAN11-0187,DANIEL7-12,DAN11,"PDF p.24, Daniel 11:35",fill_blank,hard,"sacrificio continuo, abominación y sabios","Según PDF p.24, Daniel 11:35, en el pasaje sobre sacrificio continuo, abominación y sabios, complete la formulación del PDF: «También algunos de los sabios caerán para ser _____, limpiados y emblanquecidos, hasta el tiempo determinado»","[""depurados"", ""arruinado"", ""confiados"", ""consumida""]",0,depurados,"El PDF emplea la expresión «depurados» en este contexto: «los sabios caerán para ser depurados, limpiados y emblanquecidos, hasta el tiempo determinado».","los sabios caerán para ser depurados, limpiados y emblanquecidos, hasta el tiempo determinado",DAN11-V35-F01,DAN11-V35-F01-VARIANTS,verified,
DAN11-0188,DANIEL7-12,DAN11,"PDF p.24, Daniel 11:21",multiple_choice,hard,"hombre despreciable, pacto, halagos y reparto","Según PDF p.24, Daniel 11:21, en el pasaje sobre hombre despreciable, pacto, halagos y reparto, ¿Qué opción restituye con precisión la relación descrita? Marco: «Ocupará su [DETALLE] un hombre despreciable, al cual no darán»","[""Ocupará su lugar un hombre despreciable, al cual no darán"", ""Ocupará su cielo un hombre despreciable, al cual no darán"", ""Ocupará su libro un hombre despreciable, al cual no darán"", ""Ocupará su macho un hombre despreciable, al cual no darán""]",0,"Ocupará su lugar un hombre despreciable, al cual no darán","La opción correcta conserva el detalle «lugar» tal como aparece en la fuente: «Ocupará su lugar un hombre despreciable, al cual no darán».","Ocupará su lugar un hombre despreciable, al cual no darán",DAN11-V21-F02,DAN11-V21-F02-VARIANTS,verified,
DAN11-0189,DANIEL7-12,DAN11,"PDF p.24, Daniel 11:22",true_false,hard,"hombre despreciable, pacto, halagos y reparto","Según PDF p.24, Daniel 11:22, en el pasaje sobre hombre despreciable, pacto, halagos y reparto, determine si el detalle entre corchetes hace verdadera o falsa esta afirmación: «Las fuerzas enemigas serán barridas delante de él como por ⟦cautividad⟧ de aguas»","[""Verdadero"", ""Falso""]",1,Falso,La afirmación cambia «inundación». La corrección exacta es: «Las fuerzas enemigas serán barridas delante de él como por inundación de aguas»,delante de él como por inundación de aguas,DAN11-V22-F01,DAN11-V22-F01-VARIANTS,verified,Las fuerzas enemigas serán barridas delante de él como por inundación de aguas
DAN11-0190,DANIEL7-12,DAN11,"PDF p.24, Daniel 11:23",fill_blank,hard,"hombre despreciable, pacto, halagos y reparto","Según PDF p.24, Daniel 11:23, en el pasaje sobre hombre despreciable, pacto, halagos y reparto, complete la formulación del PDF: «Él, después del pacto, _____, subirá y saldrá vencedor con poca gente.»","[""cumplirá"", ""engañará"", ""dominará"", ""enseñaré""]",1,engañará,"El PDF emplea la expresión «engañará» en este contexto: «Él, después del pacto, engañará, subirá y saldrá vencedor con poca gente».","Él, después del pacto, engañará, subirá y saldrá vencedor con poca gente",DAN11-V23-F02,DAN11-V23-F02-VARIANTS,verified,
DAN11-0191,DANIEL7-12,DAN11,"PDF p.24, Daniel 11:24",multiple_choice,expert,"hombre despreciable, pacto, halagos y reparto","Según PDF p.24, Daniel 11:24, en el pasaje sobre hombre despreciable, pacto, halagos y reparto, ¿Cuál opción mantiene sin alterar el detalle y el orden de la fuente? Marco: «provincia en paz y en [DETALLE], entrará y hará lo que no hicieron»","[""provincia en paz y en apariencia, entrará y hará lo que no hicieron"", ""provincia en paz y en abundancia, entrará y hará lo que no hicieron"", ""provincia en paz y en insolencia, entrará y hará lo que no hicieron"", ""provincia en paz y en provincias, entrará y hará lo que no hicieron""]",1,"provincia en paz y en abundancia, entrará y hará lo que no hicieron","La opción correcta conserva el detalle «abundancia» tal como aparece en la fuente: «provincia en paz y en abundancia, entrará y hará lo que no hicieron».","provincia en paz y en abundancia, entrará y hará lo que no hicieron",DAN11-V24-F02,DAN11-V24-F02-VARIANTS,verified,
DAN11-0192,DANIEL7-12,DAN11,"PDF p.24, Daniel 11:25",true_false,hard,"traición, mesa, Quitim y pacto santo","Según PDF p.24, Daniel 11:25, en el pasaje sobre traición, mesa, Quitim y pacto santo, determine si el detalle entre corchetes hace verdadera o falsa esta afirmación: «pero no ⟦contristará⟧, porque le harán traición.»","[""Verdadero"", ""Falso""]",1,Falso,"La afirmación cambia «prevalecerá». La corrección exacta es: «pero no prevalecerá, porque le harán traición.»","pero no prevalecerá, porque le harán traición",DAN11-V25-F10,DAN11-V25-F10-VARIANTS,verified,"pero no prevalecerá, porque le harán traición."
DAN11-0193,DANIEL7-12,DAN11,"PDF p.24, Daniel 11:26",fill_blank,hard,"traición, mesa, Quitim y pacto santo","Según PDF p.24, Daniel 11:26, en el pasaje sobre traición, mesa, Quitim y pacto santo, complete la formulación del PDF: «su ejército será _____, y muchos caerán muertos.»","[""arruinado"", ""confiados"", ""destruido"", ""consumida""]",2,destruido,"El PDF emplea la expresión «destruido» en este contexto: «su ejército será destruido, y muchos caerán muertos».","su ejército será destruido, y muchos caerán muertos",DAN11-V26-F04,DAN11-V26-F04-VARIANTS,verified,
DAN11-0194,DANIEL7-12,DAN11,"PDF p.24, Daniel 11:27",multiple_choice,medium,"traición, mesa, Quitim y pacto santo","Según PDF p.24, Daniel 11:27, en el pasaje sobre traición, mesa, Quitim y pacto santo, ¿Cuál opción conserva el dato exacto de la fuente? Marco: «En su corazón, estos dos [DETALLE] tramarán hacer mal»","[""En su corazón, estos dos actos tramarán hacer mal"", ""En su corazón, estos dos cosas tramarán hacer mal"", ""En su corazón, estos dos reyes tramarán hacer mal"", ""En su corazón, estos dos otros tramarán hacer mal""]",2,"En su corazón, estos dos reyes tramarán hacer mal","La opción correcta conserva el detalle «reyes» tal como aparece en la fuente: «En su corazón, estos dos reyes tramarán hacer mal».","En su corazón, estos dos reyes tramarán hacer mal",DAN11-V27-F02,DAN11-V27-F02-VARIANTS,verified,
DAN11-0195,DANIEL7-12,DAN11,"PDF p.24, Daniel 11:28",true_false,hard,"traición, mesa, Quitim y pacto santo","Según PDF p.24, Daniel 11:28, en el pasaje sobre traición, mesa, Quitim y pacto santo, determine si el detalle entre corchetes hace verdadera o falsa esta afirmación: «Él volverá a su ⟦tierra⟧ con gran riqueza, y pondrá su corazón contra el pacto santo»","[""Verdadero"", ""Falso""]",0,Verdadero,"La afirmación coincide con el PDF: «Él volverá a su tierra con gran riqueza, y pondrá su corazón».","Él volverá a su tierra con gran riqueza, y pondrá su corazón",DAN11-V28-F02,DAN11-V28-F02-VARIANTS,verified,
DAN11-0196,DANIEL7-12,DAN11,"PDF p.24, Daniel 11:29",fill_blank,hard,"traición, mesa, Quitim y pacto santo","Según PDF p.24, Daniel 11:29, en el pasaje sobre traición, mesa, Quitim y pacto santo, complete la formulación del PDF: «Al tiempo señalado _____ al sur»","[""elevará"", ""entrará"", ""hablará"", ""volverá""]",3,volverá,El PDF emplea la expresión «volverá» en este contexto: «Al tiempo señalado volverá al sur».,Al tiempo señalado volverá al sur,DAN11-V29-F02,DAN11-V29-F02-VARIANTS,verified,
DAN11-0197,DANIEL7-12,DAN11,"PDF p.24, Daniel 11:30",multiple_choice,expert,"traición, mesa, Quitim y pacto santo","Según PDF p.24, Daniel 11:30, en el pasaje sobre traición, mesa, Quitim y pacto santo, ¿Cuál opción mantiene sin alterar el detalle y el orden de la fuente? Marco: «retrocederá, se enojará contra el [DETALLE] y hará según su voluntad»","[""retrocederá, se enojará contra el reino eterno y hará según su voluntad"", ""retrocederá, se enojará contra el cuerno grande y hará según su voluntad"", ""retrocederá, se enojará contra el muy amado y hará según su voluntad"", ""retrocederá, se enojará contra el pacto santo y hará según su voluntad""]",3,"retrocederá, se enojará contra el pacto santo y hará según su voluntad","La opción correcta conserva el detalle «pacto santo» tal como aparece en la fuente: «retrocederá, se enojará contra el pacto santo y hará según su voluntad».","retrocederá, se enojará contra el pacto santo y hará según su voluntad",DAN11-V30-F02,DAN11-V30-F02-VARIANTS,verified,
DAN11-0198,DANIEL7-12,DAN11,"PDF p.24, Daniel 11:31",true_false,expert,"sacrificio continuo, abominación y sabios","Según PDF p.24, Daniel 11:31, en el pasaje sobre sacrificio continuo, abominación y sabios, determine si el detalle entre corchetes hace verdadera o falsa esta afirmación: «Se levantarán sus tropas, que profanarán el santuario y la fortaleza, quitarán el sacrificio continuo y pondrán la ⟦tierra gloriosa⟧.»","[""Verdadero"", ""Falso""]",1,Falso,"La afirmación cambia «abominación desoladora». La corrección exacta es: «Se levantarán sus tropas, que profanarán el santuario y la fortaleza, quitarán el sacrificio continuo y pondrán la abominación desoladora.»",sacrificio continuo y pondrán la abominación desoladora,DAN11-V31-F02,DAN11-V31-F02-VARIANTS,verified,"Se levantarán sus tropas, que profanarán el santuario y la fortaleza, quitarán el sacrificio continuo y pondrán la abominación desoladora."
DAN11-0199,DANIEL7-12,DAN11,"PDF p.24, Daniel 11:32",fill_blank,hard,"sacrificio continuo, abominación y sabios","Según PDF p.24, Daniel 11:32, en el pasaje sobre sacrificio continuo, abominación y sabios, complete la formulación del PDF: «pero el pueblo que conoce a su Dios se _____ y actuará.»","[""esforzará"", ""apoderará"", ""aumentará"", ""cumplirán""]",0,esforzará,El PDF emplea la expresión «esforzará» en este contexto: «conoce a su Dios se esforzará y actuará».,conoce a su Dios se esforzará y actuará,DAN11-V32-F05,DAN11-V32-F05-VARIANTS,verified,
DAN11-0200,DANIEL7-12,DAN11,"PDF p.24, Daniel 11:33",multiple_choice,hard,"sacrificio continuo, abominación y sabios","Según PDF p.24, Daniel 11:33, en el pasaje sobre sacrificio continuo, abominación y sabios, ¿Qué opción restituye con precisión la relación descrita? Marco: «espada y a fuego, en [DETALLE] y despojo»","[""espada y a fuego, en cautividad y despojo"", ""espada y a fuego, en dispersión y despojo"", ""espada y a fuego, en inundación y despojo"", ""espada y a fuego, en confesión y despojo""]",0,"espada y a fuego, en cautividad y despojo","La opción correcta conserva el detalle «cautividad» tal como aparece en la fuente: «espada y a fuego, en cautividad y despojo».","espada y a fuego, en cautividad y despojo",DAN11-V33-F04,DAN11-V33-F04-VARIANTS,verified,
DAN11-0201,DANIEL7-12,DAN11,"PDF p.24, Daniel 11:36",fill_blank,hard,"rey, dioses y fortalezas","Según PDF p.24, Daniel 11:36, en el pasaje sobre rey, dioses y fortalezas, complete la formulación del PDF: «El rey hará su voluntad, se _____ y se engrandecerá sobre todo dios»","[""atemorizarán"", ""ensoberbecerá"", ""engrandecerá"", ""permanecerán""]",1,ensoberbecerá,"El PDF emplea la expresión «ensoberbecerá» en este contexto: «rey hará su voluntad, se ensoberbecerá y se engrandecerá sobre todo dios».","rey hará su voluntad, se ensoberbecerá y se engrandecerá sobre todo dios",DAN11-V36-F01,DAN11-V36-F01-VARIANTS,verified,
DAN11-0202,DANIEL7-12,DAN11,"PDF p.24, Daniel 11:37",multiple_choice,expert,"rey, dioses y fortalezas","Según PDF p.24, Daniel 11:37, en el pasaje sobre rey, dioses y fortalezas, ¿Cuál opción mantiene sin alterar el detalle y el orden de la fuente? Marco: «amor de las mujeres, ni [DETALLE] a dios alguno, porque sobre todo se»","[""amor de las mujeres, ni apoderará a dios alguno, porque sobre todo se"", ""amor de las mujeres, ni respetará a dios alguno, porque sobre todo se"", ""amor de las mujeres, ni aumentará a dios alguno, porque sobre todo se"", ""amor de las mujeres, ni cumplirán a dios alguno, porque sobre todo se""]",1,"amor de las mujeres, ni respetará a dios alguno, porque sobre todo se","La opción correcta conserva el detalle «respetará» tal como aparece en la fuente: «amor de las mujeres, ni respetará a dios alguno, porque sobre todo se».","amor de las mujeres, ni respetará a dios alguno, porque sobre todo se",DAN11-V37-F01,DAN11-V37-F01-VARIANTS,verified,
DAN11-0203,DANIEL7-12,DAN11,"PDF p.24, Daniel 11:38",fill_blank,expert,"rey, dioses y fortalezas","Según PDF p.24, Daniel 11:38, en el pasaje sobre rey, dioses y fortalezas, complete la formulación del PDF: «Pero honrará en su lugar al _____, un dios que sus padres no conocieron»","[""sacrificio de la tarde"", ""blanco como la nieve"", ""dios de las fortalezas"", ""Príncipe de los príncipes""]",2,dios de las fortalezas,"El PDF emplea la expresión «dios de las fortalezas» en este contexto: «honrará en su lugar al dios de las fortalezas, un dios que sus padres no conocieron».","honrará en su lugar al dios de las fortalezas, un dios que sus padres no conocieron",DAN11-V38-F01,DAN11-V38-F01-VARIANTS,verified,
DAN11-0204,DANIEL7-12,DAN11,"PDF p.24, Daniel 11:39",multiple_choice,expert,"rey, dioses y fortalezas","Según PDF p.24, Daniel 11:39, en el pasaje sobre rey, dioses y fortalezas, ¿Cuál opción mantiene sin alterar el detalle y el orden de la fuente? Marco: «ajeno se hará de las [DETALLE] más inexpugnables, colmará de honores a los»","[""ajeno se hará de las estrellas más inexpugnables, colmará de honores a los"", ""ajeno se hará de las palabras más inexpugnables, colmará de honores a los"", ""ajeno se hará de las fortalezas más inexpugnables, colmará de honores a los"", ""ajeno se hará de las abominaciones más inexpugnables, colmará de honores a los""]",2,"ajeno se hará de las fortalezas más inexpugnables, colmará de honores a los","La opción correcta conserva el detalle «fortalezas» tal como aparece en la fuente: «ajeno se hará de las fortalezas más inexpugnables, colmará de honores a los».","ajeno se hará de las fortalezas más inexpugnables, colmará de honores a los",DAN11-V39-F01,DAN11-V39-F01-VARIANTS,verified,
DAN11-0205,DANIEL7-12,DAN11,"PDF p.24, Daniel 11:40",true_false,expert,"tiempo del fin, naciones, noticias, tiendas y final","Según PDF p.24, Daniel 11:40, en el pasaje sobre tiempo del fin, naciones, noticias, tiendas y final, determine si el detalle entre corchetes hace verdadera o falsa esta afirmación: «Al cabo del tiempo, el ⟦oro de Ufaz⟧ contenderá con él»","[""Verdadero"", ""Falso""]",1,Falso,"La afirmación cambia «rey del sur». La corrección exacta es: «Al cabo del tiempo, el rey del sur contenderá con él»","Al cabo del tiempo, el rey del sur contenderá con él",DAN11-V40-F01,DAN11-V40-F01-VARIANTS,verified,"Al cabo del tiempo, el rey del sur contenderá con él"
DAN11-0206,DANIEL7-12,DAN11,"PDF p.24, Daniel 11:41",fill_blank,expert,"tiempo del fin, naciones, noticias, tiendas y final","Según PDF p.24, Daniel 11:41, en el pasaje sobre tiempo del fin, naciones, noticias, tiendas y final, complete la formulación del PDF: «Entrará en la _____, y muchas provincias caerán»","[""ciudad fuerte"", ""lana limpia"", ""abominación desoladora"", ""tierra gloriosa""]",3,tierra gloriosa,"El PDF emplea la expresión «tierra gloriosa» en este contexto: «Entrará en la tierra gloriosa, y muchas provincias caerán».","Entrará en la tierra gloriosa, y muchas provincias caerán",DAN11-V41-F01,DAN11-V41-F01-VARIANTS,verified,
DAN11-0207,DANIEL7-12,DAN11,"PDF p.24, Daniel 11:42",multiple_choice,hard,"tiempo del fin, naciones, noticias, tiendas y final","Según PDF p.24, Daniel 11:42, en el pasaje sobre tiempo del fin, naciones, noticias, tiendas y final, ¿Qué opción restituye con precisión la relación descrita? Marco: «[DETALLE] su mano contra las tierras, y no»","[""apoderará su mano contra las tierras, y no"", ""aumentará su mano contra las tierras, y no"", ""cumplirán su mano contra las tierras, y no"", ""Extenderá su mano contra las tierras, y no""]",3,"Extenderá su mano contra las tierras, y no","La opción correcta conserva el detalle «Extenderá» tal como aparece en la fuente: «Extenderá su mano contra las tierras, y no».","Extenderá su mano contra las tierras, y no",DAN11-V42-F01,DAN11-V42-F01-VARIANTS,verified,
DAN11-0208,DANIEL7-12,DAN11,"PDF p.24, Daniel 11:43",true_false,hard,"tiempo del fin, naciones, noticias, tiendas y final","Según PDF p.24, Daniel 11:43, en el pasaje sobre tiempo del fin, naciones, noticias, tiendas y final, determine si el detalle entre corchetes hace verdadera o falsa esta afirmación: «Se apoderará de los tesoros de oro y plata, y de todas las cosas ⟦preciosas⟧ de Egipto.»","[""Verdadero"", ""Falso""]",0,Verdadero,La afirmación coincide con el PDF: «y de todas las cosas preciosas de Egipto».,y de todas las cosas preciosas de Egipto,DAN11-V43-F01,DAN11-V43-F01-VARIANTS,verified,
DAN11-0209,DANIEL7-12,DAN11,"PDF p.24, Daniel 11:44",fill_blank,hard,"tiempo del fin, naciones, noticias, tiendas y final","Según PDF p.24, Daniel 11:44, en el pasaje sobre tiempo del fin, naciones, noticias, tiendas y final, complete la formulación del PDF: «Pero noticias del oriente y del norte lo _____, y saldrá con gran ira para destruir y matar a muchos.»","[""atemorizarán"", ""engrandecerá"", ""permanecerán"", ""quebrantarán""]",0,atemorizarán,"El PDF emplea la expresión «atemorizarán» en este contexto: «oriente y del norte lo atemorizarán, y saldrá con gran ira para destruir».","oriente y del norte lo atemorizarán, y saldrá con gran ira para destruir",DAN11-V44-F01,DAN11-V44-F01-VARIANTS,verified,
DAN11-0210,DANIEL7-12,DAN11,"PDF p.24, Daniel 11:45",multiple_choice,hard,"tiempo del fin, naciones, noticias, tiendas y final","Según PDF p.24, Daniel 11:45, en el pasaje sobre tiempo del fin, naciones, noticias, tiendas y final, ¿Qué opción restituye con precisión la relación descrita? Marco: «Plantará las [DETALLE] de su palacio entre los mares y»","[""Plantará las tiendas de su palacio entre los mares y"", ""Plantará las riberas de su palacio entre los mares y"", ""Plantará las tierras de su palacio entre los mares y"", ""Plantará las costas de su palacio entre los mares y""]",0,Plantará las tiendas de su palacio entre los mares y,La opción correcta conserva el detalle «tiendas» tal como aparece en la fuente: «Plantará las tiendas de su palacio entre los mares y».,Plantará las tiendas de su palacio entre los mares y,DAN11-V45-F01,DAN11-V45-F01-VARIANTS,verified,
DAN11-0211,DANIEL7-12,DAN11,"PDF p.24, Daniel 11:36",true_false,expert,"rey, dioses y fortalezas","Según PDF p.24, Daniel 11:36, en el pasaje sobre rey, dioses y fortalezas, determine si el detalle entre corchetes hace verdadera o falsa esta afirmación: «El rey hará su voluntad, se ensoberbecerá y se ⟦atemorizarán⟧ sobre todo dios»","[""Verdadero"", ""Falso""]",1,Falso,"La afirmación cambia «engrandecerá». La corrección exacta es: «El rey hará su voluntad, se ensoberbecerá y se engrandecerá sobre todo dios»","voluntad, se ensoberbecerá y se engrandecerá sobre todo dios",DAN11-V36-F02,DAN11-V36-F02-VARIANTS,verified,"El rey hará su voluntad, se ensoberbecerá y se engrandecerá sobre todo dios"
DAN11-0212,DANIEL7-12,DAN11,"PDF p.24, Daniel 11:37",fill_blank,expert,"rey, dioses y fortalezas","Según PDF p.24, Daniel 11:37, en el pasaje sobre rey, dioses y fortalezas, complete la formulación del PDF: «Del Dios de sus padres no hará caso, ni del amor de las mujeres, ni respetará a dios alguno, porque sobre todo se _____.»","[""atemorizarán"", ""engrandecerá"", ""permanecerán"", ""quebrantarán""]",1,engrandecerá,"El PDF emplea la expresión «engrandecerá» en este contexto: «alguno, porque sobre todo se engrandecerá».","alguno, porque sobre todo se engrandecerá",DAN11-V37-F02,DAN11-V37-F02-VARIANTS,verified,
DAN11-0213,DANIEL7-12,DAN11,"PDF p.24, Daniel 11:38",multiple_choice,expert,"rey, dioses y fortalezas","Según PDF p.24, Daniel 11:38, en el pasaje sobre rey, dioses y fortalezas, ¿Cuál opción mantiene sin alterar el detalle y el orden de la fuente? Marco: «dios que sus padres no [DETALLE]»","[""dios que sus padres no asombraron"", ""dios que sus padres no conocieron"", ""dios que sus padres no cumplieron"", ""dios que sus padres no dispusiste""]",1,dios que sus padres no conocieron,La opción correcta conserva el detalle «conocieron» tal como aparece en la fuente: «dios que sus padres no conocieron».,dios que sus padres no conocieron,DAN11-V38-F02,DAN11-V38-F02-VARIANTS,verified,
DAN11-0214,DANIEL7-12,DAN11,"PDF p.24, Daniel 11:39",true_false,expert,"rey, dioses y fortalezas","Según PDF p.24, Daniel 11:39, en el pasaje sobre rey, dioses y fortalezas, determine si el detalle entre corchetes hace verdadera o falsa esta afirmación: «Con un dios ajeno se hará de las fortalezas más ⟦desolaciones⟧, colmará de honores a los que lo reconozcan, los hará gobernar sobre muchos y repartirá tierras como recompensa.»","[""Verdadero"", ""Falso""]",1,Falso,"La afirmación cambia «inexpugnables». La corrección exacta es: «Con un dios ajeno se hará de las fortalezas más inexpugnables, colmará de honores a los que lo reconozcan, los hará gobernar sobre muchos y repartirá tierras como recompensa.»","hará de las fortalezas más inexpugnables, colmará de honores a los que lo",DAN11-V39-F02,DAN11-V39-F02-VARIANTS,verified,"Con un dios ajeno se hará de las fortalezas más inexpugnables, colmará de honores a los que lo reconozcan, los hará gobernar sobre muchos y repartirá tierras como recompensa."
DAN11-0215,DANIEL7-12,DAN11,"PDF p.24, Daniel 11:40",fill_blank,expert,"tiempo del fin, naciones, noticias, tiendas y final","Según PDF p.24, Daniel 11:40, en el pasaje sobre tiempo del fin, naciones, noticias, tiendas y final, complete la formulación del PDF: «y el _____ se levantará contra él como una tempestad, con carros y gente de a caballo y muchas naves»","[""hijo de hombre"", ""río de fuego"", ""rey del norte"", ""tiempo del fin""]",2,rey del norte,El PDF emplea la expresión «rey del norte» en este contexto: «y el rey del norte se levantará contra él como una tempestad».,y el rey del norte se levantará contra él como una tempestad,DAN11-V40-F04,DAN11-V40-F04-VARIANTS,verified,
DAN11-0216,DANIEL7-12,DAN11,"PDF p.24, Daniel 11:41",multiple_choice,hard,"tiempo del fin, naciones, noticias, tiendas y final","Según PDF p.24, Daniel 11:41, en el pasaje sobre tiempo del fin, naciones, noticias, tiendas y final, ¿Qué opción restituye con precisión la relación descrita? Marco: «la tierra gloriosa, y muchas [DETALLE] caerán»","[""la tierra gloriosa, y muchas abundancia caerán"", ""la tierra gloriosa, y muchas apariencia caerán"", ""la tierra gloriosa, y muchas provincias caerán"", ""la tierra gloriosa, y muchas insolencia caerán""]",2,"la tierra gloriosa, y muchas provincias caerán","La opción correcta conserva el detalle «provincias» tal como aparece en la fuente: «la tierra gloriosa, y muchas provincias caerán».","la tierra gloriosa, y muchas provincias caerán",DAN11-V41-F02,DAN11-V41-F02-VARIANTS,verified,
DAN11-0217,DANIEL7-12,DAN11,"PDF p.24, Daniel 11:42",true_false,hard,"tiempo del fin, naciones, noticias, tiendas y final","Según PDF p.24, Daniel 11:42, en el pasaje sobre tiempo del fin, naciones, noticias, tiendas y final, determine si el detalle entre corchetes hace verdadera o falsa esta afirmación: «Extenderá su mano contra las ⟦riberas⟧, y no escapará el país de Egipto.»","[""Verdadero"", ""Falso""]",1,Falso,"La afirmación cambia «tierras». La corrección exacta es: «Extenderá su mano contra las tierras, y no escapará el país de Egipto.»","Extenderá su mano contra las tierras, y no escapará el país de Egipto",DAN11-V42-F02,DAN11-V42-F02-VARIANTS,verified,"Extenderá su mano contra las tierras, y no escapará el país de Egipto."
DAN11-0218,DANIEL7-12,DAN11,"PDF p.24, Daniel 11:43",fill_blank,hard,"tiempo del fin, naciones, noticias, tiendas y final","Según PDF p.24, Daniel 11:43, en el pasaje sobre tiempo del fin, naciones, noticias, tiendas y final, complete la formulación del PDF: «Se _____ de los tesoros de oro y plata, y de todas las cosas preciosas de Egipto.»","[""aumentará"", ""cumplirán"", ""declararé"", ""apoderará""]",3,apoderará,El PDF emplea la expresión «apoderará» en este contexto: «Se apoderará de los tesoros de oro y plata».,Se apoderará de los tesoros de oro y plata,DAN11-V43-F02,DAN11-V43-F02-VARIANTS,verified,
DAN11-0219,DANIEL7-12,DAN11,"PDF p.24, Daniel 11:44",multiple_choice,hard,"tiempo del fin, naciones, noticias, tiendas y final","Según PDF p.24, Daniel 11:44, en el pasaje sobre tiempo del fin, naciones, noticias, tiendas y final, ¿Qué opción restituye con precisión la relación descrita? Marco: «Pero noticias del [DETALLE] y del norte lo atemorizarán, y saldrá»","[""Pero noticias del carnero y del norte lo atemorizarán, y saldrá"", ""Pero noticias del corazón y del norte lo atemorizarán, y saldrá"", ""Pero noticias del dominio y del norte lo atemorizarán, y saldrá"", ""Pero noticias del oriente y del norte lo atemorizarán, y saldrá""]",3,"Pero noticias del oriente y del norte lo atemorizarán, y saldrá","La opción correcta conserva el detalle «oriente» tal como aparece en la fuente: «Pero noticias del oriente y del norte lo atemorizarán, y saldrá».","Pero noticias del oriente y del norte lo atemorizarán, y saldrá",DAN11-V44-F02,DAN11-V44-F02-VARIANTS,verified,
DAN11-0220,DANIEL7-12,DAN11,"PDF p.24, Daniel 11:45",true_false,hard,"tiempo del fin, naciones, noticias, tiendas y final","Según PDF p.24, Daniel 11:45, en el pasaje sobre tiempo del fin, naciones, noticias, tiendas y final, determine si el detalle entre corchetes hace verdadera o falsa esta afirmación: «Plantará las tiendas de su ⟦carnero⟧ entre los mares y el monte glorioso y santo»","[""Verdadero"", ""Falso""]",1,Falso,La afirmación cambia «palacio». La corrección exacta es: «Plantará las tiendas de su palacio entre los mares y el monte glorioso y santo»,Plantará las tiendas de su palacio entre los mares y el monte glorioso,DAN11-V45-F02,DAN11-V45-F02-VARIANTS,verified,Plantará las tiendas de su palacio entre los mares y el monte glorioso y santo
DAN11-0221,DANIEL7-12,DAN11,"PDF p.24, Daniel 11:36",fill_blank,hard,"rey, dioses y fortalezas","Según PDF p.24, Daniel 11:36, en el pasaje sobre rey, dioses y fortalezas, complete la formulación del PDF: «contra el Dios de los dioses hablará _____, y prosperará hasta que sea consumada la ira, porque lo determinado se cumplirá.»","[""maravillas"", ""diferentes"", ""obedecimos"", ""angustiosos""]",0,maravillas,"El PDF emplea la expresión «maravillas» en este contexto: «Dios de los dioses hablará maravillas, y prosperará hasta que sea consumada la».","Dios de los dioses hablará maravillas, y prosperará hasta que sea consumada la",DAN11-V36-F04,DAN11-V36-F04-VARIANTS,verified,
DAN11-0222,DANIEL7-12,DAN11,"PDF p.24, Daniel 11:37",multiple_choice,hard,"rey, dioses y fortalezas","Según PDF p.24, Daniel 11:37, en el pasaje sobre rey, dioses y fortalezas, ¿Qué opción restituye con precisión la relación descrita? Marco: «Del Dios de sus [DETALLE] no hará caso, ni del amor de»","[""Del Dios de sus padres no hará caso, ni del amor de"", ""Del Dios de sus santos no hará caso, ni del amor de"", ""Del Dios de sus cuernos no hará caso, ni del amor de"", ""Del Dios de sus fuerzas no hará caso, ni del amor de""]",0,"Del Dios de sus padres no hará caso, ni del amor de","La opción correcta conserva el detalle «padres» tal como aparece en la fuente: «Del Dios de sus padres no hará caso, ni del amor de».","Del Dios de sus padres no hará caso, ni del amor de",DAN11-V37-F03,DAN11-V37-F03-VARIANTS,verified,
DAN11-0223,DANIEL7-12,DAN11,"PDF p.24, Daniel 11:38",true_false,hard,"rey, dioses y fortalezas","Según PDF p.24, Daniel 11:38, en el pasaje sobre rey, dioses y fortalezas, determine si el detalle entre corchetes hace verdadera o falsa esta afirmación: «lo honrará con oro y plata, con piedras ⟦antorchas⟧ y cosas de gran precio.»","[""Verdadero"", ""Falso""]",1,Falso,"La afirmación cambia «preciosas». La corrección exacta es: «lo honrará con oro y plata, con piedras preciosas y cosas de gran precio.»","oro y plata, con piedras preciosas y cosas de gran precio",DAN11-V38-F06,DAN11-V38-F06-VARIANTS,verified,"lo honrará con oro y plata, con piedras preciosas y cosas de gran precio."
DAN11-0224,DANIEL7-12,DAN11,"PDF p.24, Daniel 11:39",fill_blank,hard,"rey, dioses y fortalezas","Según PDF p.24, Daniel 11:39, en el pasaje sobre rey, dioses y fortalezas, complete la formulación del PDF: «Con un dios ajeno se hará de las fortalezas más inexpugnables, colmará de honores a los que lo _____, los hará gobernar sobre muchos y repartirá tierras como recompensa.»","[""buscándolo"", ""reconozcan"", ""esfuérzate"", ""humillarte""]",1,reconozcan,"El PDF emplea la expresión «reconozcan» en este contexto: «honores a los que lo reconozcan, los hará gobernar sobre muchos y repartirá».","honores a los que lo reconozcan, los hará gobernar sobre muchos y repartirá",DAN11-V39-F03,DAN11-V39-F03-VARIANTS,verified,
DAN11-0225,DANIEL7-12,DAN11,"PDF p.24, Daniel 11:40",multiple_choice,hard,"tiempo del fin, naciones, noticias, tiendas y final","Según PDF p.24, Daniel 11:40, en el pasaje sobre tiempo del fin, naciones, noticias, tiendas y final, ¿Qué opción restituye con precisión la relación descrita? Marco: «tiempo, el rey del sur [DETALLE] con él»","[""tiempo, el rey del sur confirmará con él"", ""tiempo, el rey del sur contenderá con él"", ""tiempo, el rey del sur Despertará con él"", ""tiempo, el rey del sur enfurecerá con él""]",1,"tiempo, el rey del sur contenderá con él","La opción correcta conserva el detalle «contenderá» tal como aparece en la fuente: «tiempo, el rey del sur contenderá con él».","tiempo, el rey del sur contenderá con él",DAN11-V40-F02,DAN11-V40-F02-VARIANTS,verified,
DAN11-0226,DANIEL7-12,DAN11,"PDF p.24, Daniel 11:41",true_false,expert,"tiempo del fin, naciones, noticias, tiendas y final","Según PDF p.24, Daniel 11:41, en el pasaje sobre tiempo del fin, naciones, noticias, tiendas y final, determine si el detalle entre corchetes hace verdadera o falsa esta afirmación: «pero ⟦apoderará⟧ de sus manos Edom, Moab y la mayoría de los hijos de Amón.»","[""Verdadero"", ""Falso""]",1,Falso,"La afirmación cambia «escaparán». La corrección exacta es: «pero escaparán de sus manos Edom, Moab y la mayoría de los hijos de Amón.»","pero escaparán de sus manos Edom, Moab y la",DAN11-V41-F06,DAN11-V41-F06-VARIANTS,verified,"pero escaparán de sus manos Edom, Moab y la mayoría de los hijos de Amón."
DAN11-0227,DANIEL7-12,DAN11,"PDF p.24, Daniel 11:36",multiple_choice,hard,"rey, dioses y fortalezas","Según PDF p.24, Daniel 11:36, en el pasaje sobre rey, dioses y fortalezas, ¿Qué opción restituye con precisión la relación descrita? Marco: «rey hará su voluntad, se [DETALLE] y se engrandecerá sobre todo dios»","[""rey hará su voluntad, se atemorizarán y se engrandecerá sobre todo dios"", ""rey hará su voluntad, se engrandecerá y se engrandecerá sobre todo dios"", ""rey hará su voluntad, se ensoberbecerá y se engrandecerá sobre todo dios"", ""rey hará su voluntad, se permanecerán y se engrandecerá sobre todo dios""]",2,"rey hará su voluntad, se ensoberbecerá y se engrandecerá sobre todo dios","La opción correcta conserva el detalle «ensoberbecerá» tal como aparece en la fuente: «rey hará su voluntad, se ensoberbecerá y se engrandecerá sobre todo dios».","rey hará su voluntad, se ensoberbecerá y se engrandecerá sobre todo dios",DAN11-V36-F01,DAN11-V36-F01-VARIANTS,verified,
DAN11-0228,DANIEL7-12,DAN11,"PDF p.24, Daniel 11:37",fill_blank,expert,"rey, dioses y fortalezas","Según PDF p.24, Daniel 11:37, en el pasaje sobre rey, dioses y fortalezas, complete la formulación del PDF: «Del Dios de sus padres no hará caso, ni del amor de las mujeres, ni _____ a dios alguno, porque sobre todo se engrandecerá.»","[""apoderará"", ""aumentará"", ""respetará"", ""cumplirán""]",2,respetará,"El PDF emplea la expresión «respetará» en este contexto: «amor de las mujeres, ni respetará a dios alguno, porque sobre todo se».","amor de las mujeres, ni respetará a dios alguno, porque sobre todo se",DAN11-V37-F01,DAN11-V37-F01-VARIANTS,verified,
DAN11-0229,DANIEL7-12,DAN11,"PDF p.24, Daniel 11:38",true_false,expert,"rey, dioses y fortalezas","Según PDF p.24, Daniel 11:38, en el pasaje sobre rey, dioses y fortalezas, determine si el detalle entre corchetes hace verdadera o falsa esta afirmación: «Pero honrará en su lugar al ⟦dios de las fortalezas⟧, un dios que sus padres no conocieron»","[""Verdadero"", ""Falso""]",0,Verdadero,"La afirmación coincide con el PDF: «honrará en su lugar al dios de las fortalezas, un dios que sus padres no conocieron».","honrará en su lugar al dios de las fortalezas, un dios que sus padres no conocieron",DAN11-V38-F01,DAN11-V38-F01-VARIANTS,verified,
DAN11-0230,DANIEL7-12,DAN11,"PDF p.24, Daniel 11:39",fill_blank,hard,"rey, dioses y fortalezas","Según PDF p.24, Daniel 11:39, en el pasaje sobre rey, dioses y fortalezas, complete la formulación del PDF: «Con un dios ajeno se hará de las _____ más inexpugnables, colmará de honores a los que lo reconozcan, los hará gobernar sobre muchos y repartirá tierras como recompensa.»","[""estrellas"", ""palabras"", ""abominaciones"", ""fortalezas""]",3,fortalezas,"El PDF emplea la expresión «fortalezas» en este contexto: «ajeno se hará de las fortalezas más inexpugnables, colmará de honores a los».","ajeno se hará de las fortalezas más inexpugnables, colmará de honores a los",DAN11-V39-F01,DAN11-V39-F01-VARIANTS,verified,
DAN11-0231,DANIEL7-12,DAN11,"PDF p.24, Daniel 11:40",multiple_choice,expert,"tiempo del fin, naciones, noticias, tiendas y final","Según PDF p.24, Daniel 11:40, en el pasaje sobre tiempo del fin, naciones, noticias, tiendas y final, ¿Cuál opción mantiene sin alterar el detalle y el orden de la fuente? Marco: «Al cabo del tiempo, el [DETALLE] contenderá con él»","[""Al cabo del tiempo, el oro de Ufaz contenderá con él"", ""Al cabo del tiempo, el río de fuego contenderá con él"", ""Al cabo del tiempo, el rey del norte contenderá con él"", ""Al cabo del tiempo, el rey del sur contenderá con él""]",3,"Al cabo del tiempo, el rey del sur contenderá con él","La opción correcta conserva el detalle «rey del sur» tal como aparece en la fuente: «Al cabo del tiempo, el rey del sur contenderá con él».","Al cabo del tiempo, el rey del sur contenderá con él",DAN11-V40-F01,DAN11-V40-F01-VARIANTS,verified,
DAN11-0232,DANIEL7-12,DAN11,"PDF p.24, Daniel 11:41",true_false,expert,"tiempo del fin, naciones, noticias, tiendas y final","Según PDF p.24, Daniel 11:41, en el pasaje sobre tiempo del fin, naciones, noticias, tiendas y final, determine si el detalle entre corchetes hace verdadera o falsa esta afirmación: «Entrará en la ⟦tierra gloriosa⟧, y muchas provincias caerán»","[""Verdadero"", ""Falso""]",0,Verdadero,"La afirmación coincide con el PDF: «Entrará en la tierra gloriosa, y muchas provincias caerán».","Entrará en la tierra gloriosa, y muchas provincias caerán",DAN11-V41-F01,DAN11-V41-F01-VARIANTS,verified,
DAN11-0233,DANIEL7-12,DAN11,"PDF p.24, Daniel 11:42",fill_blank,hard,"tiempo del fin, naciones, noticias, tiendas y final","Según PDF p.24, Daniel 11:42, en el pasaje sobre tiempo del fin, naciones, noticias, tiendas y final, complete la formulación del PDF: «_____ su mano contra las tierras, y no escapará el país de Egipto.»","[""Extenderá"", ""apoderará"", ""aumentará"", ""cumplirán""]",0,Extenderá,"El PDF emplea la expresión «Extenderá» en este contexto: «Extenderá su mano contra las tierras, y no».","Extenderá su mano contra las tierras, y no",DAN11-V42-F01,DAN11-V42-F01-VARIANTS,verified,
DAN11-0234,DANIEL7-12,DAN11,"PDF p.24, Daniel 11:43",multiple_choice,hard,"tiempo del fin, naciones, noticias, tiendas y final","Según PDF p.24, Daniel 11:43, en el pasaje sobre tiempo del fin, naciones, noticias, tiendas y final, ¿Qué opción restituye con precisión la relación descrita? Marco: «y de todas las cosas [DETALLE] de Egipto»","[""y de todas las cosas preciosas de Egipto"", ""y de todas las cosas antorchas de Egipto"", ""y de todas las cosas convenios de Egipto"", ""y de todas las cosas ejércitos de Egipto""]",0,y de todas las cosas preciosas de Egipto,La opción correcta conserva el detalle «preciosas» tal como aparece en la fuente: «y de todas las cosas preciosas de Egipto».,y de todas las cosas preciosas de Egipto,DAN11-V43-F01,DAN11-V43-F01-VARIANTS,verified,
DAN11-0235,DANIEL7-12,DAN11,"PDF p.24, Daniel 11:44",true_false,hard,"tiempo del fin, naciones, noticias, tiendas y final","Según PDF p.24, Daniel 11:44, en el pasaje sobre tiempo del fin, naciones, noticias, tiendas y final, determine si el detalle entre corchetes hace verdadera o falsa esta afirmación: «Pero noticias del oriente y del norte lo ⟦atemorizarán⟧, y saldrá con gran ira para destruir y matar a muchos.»","[""Verdadero"", ""Falso""]",0,Verdadero,"La afirmación coincide con el PDF: «oriente y del norte lo atemorizarán, y saldrá con gran ira para destruir».","oriente y del norte lo atemorizarán, y saldrá con gran ira para destruir",DAN11-V44-F01,DAN11-V44-F01-VARIANTS,verified,
DAN11-0236,DANIEL7-12,DAN11,"PDF p.24, Daniel 11:45",fill_blank,hard,"tiempo del fin, naciones, noticias, tiendas y final","Según PDF p.24, Daniel 11:45, en el pasaje sobre tiempo del fin, naciones, noticias, tiendas y final, complete la formulación del PDF: «Plantará las _____ de su palacio entre los mares y el monte glorioso y santo»","[""riberas"", ""tiendas"", ""tierras"", ""costas""]",1,tiendas,El PDF emplea la expresión «tiendas» en este contexto: «Plantará las tiendas de su palacio entre los mares y».,Plantará las tiendas de su palacio entre los mares y,DAN11-V45-F01,DAN11-V45-F01-VARIANTS,verified,
DAN11-0237,DANIEL7-12,DAN11,"PDF p.24, Daniel 11:36",multiple_choice,hard,"rey, dioses y fortalezas","Según PDF p.24, Daniel 11:36, en el pasaje sobre rey, dioses y fortalezas, ¿Qué opción restituye con precisión la relación descrita? Marco: «voluntad, se ensoberbecerá y se [DETALLE] sobre todo dios»","[""voluntad, se ensoberbecerá y se atemorizarán sobre todo dios"", ""voluntad, se ensoberbecerá y se engrandecerá sobre todo dios"", ""voluntad, se ensoberbecerá y se permanecerán sobre todo dios"", ""voluntad, se ensoberbecerá y se quebrantarán sobre todo dios""]",1,"voluntad, se ensoberbecerá y se engrandecerá sobre todo dios","La opción correcta conserva el detalle «engrandecerá» tal como aparece en la fuente: «voluntad, se ensoberbecerá y se engrandecerá sobre todo dios».","voluntad, se ensoberbecerá y se engrandecerá sobre todo dios",DAN11-V36-F02,DAN11-V36-F02-VARIANTS,verified,
DAN11-0238,DANIEL7-12,DAN11,"PDF p.24, Daniel 11:37",true_false,expert,"rey, dioses y fortalezas","Según PDF p.24, Daniel 11:37, en el pasaje sobre rey, dioses y fortalezas, determine si el detalle entre corchetes hace verdadera o falsa esta afirmación: «Del Dios de sus padres no hará caso, ni del amor de las mujeres, ni respetará a dios alguno, porque sobre todo se ⟦engrandecerá⟧.»","[""Verdadero"", ""Falso""]",0,Verdadero,"La afirmación coincide con el PDF: «alguno, porque sobre todo se engrandecerá».","alguno, porque sobre todo se engrandecerá",DAN11-V37-F02,DAN11-V37-F02-VARIANTS,verified,
DAN11-0239,DANIEL7-12,DAN11,"PDF p.24, Daniel 11:38",fill_blank,hard,"rey, dioses y fortalezas","Según PDF p.24, Daniel 11:38, en el pasaje sobre rey, dioses y fortalezas, complete la formulación del PDF: «Pero honrará en su lugar al dios de las fortalezas, un dios que sus padres no _____»","[""asombraron"", ""cumplieron"", ""conocieron"", ""dispusiste""]",2,conocieron,El PDF emplea la expresión «conocieron» en este contexto: «dios que sus padres no conocieron».,dios que sus padres no conocieron,DAN11-V38-F02,DAN11-V38-F02-VARIANTS,verified,
DAN11-0240,DANIEL7-12,DAN11,"PDF p.24, Daniel 11:39",multiple_choice,expert,"rey, dioses y fortalezas","Según PDF p.24, Daniel 11:39, en el pasaje sobre rey, dioses y fortalezas, ¿Cuál opción mantiene sin alterar el detalle y el orden de la fuente? Marco: «hará de las fortalezas más [DETALLE], colmará de honores a los que lo»","[""hará de las fortalezas más desolaciones, colmará de honores a los que lo"", ""hará de las fortalezas más mandamientos, colmará de honores a los que lo"", ""hará de las fortalezas más inexpugnables, colmará de honores a los que lo"", ""hará de las fortalezas más pensamientos, colmará de honores a los que lo""]",2,"hará de las fortalezas más inexpugnables, colmará de honores a los que lo","La opción correcta conserva el detalle «inexpugnables» tal como aparece en la fuente: «hará de las fortalezas más inexpugnables, colmará de honores a los que lo».","hará de las fortalezas más inexpugnables, colmará de honores a los que lo",DAN11-V39-F02,DAN11-V39-F02-VARIANTS,verified,
DAN12-0001,DANIEL7-12,DAN12,"PDF p.25, Daniel 12:1",fill_blank,hard,"Miguel, angustia, libro y resurrección","Según PDF p.25, Daniel 12:1, en el pasaje sobre Miguel, angustia, libro y resurrección, complete la formulación del PDF: «En aquel tiempo se _____ Miguel, el gran príncipe que está de parte de los hijos de tu pueblo.»","[""apoderará"", ""aumentará"", ""cumplirán"", ""levantará""]",3,levantará,"El PDF emplea la expresión «levantará» en este contexto: «En aquel tiempo se levantará Miguel, el gran príncipe que está de».","En aquel tiempo se levantará Miguel, el gran príncipe que está de",DAN12-V1-F01,DAN12-V1-F01-VARIANTS,verified,
DAN12-0002,DANIEL7-12,DAN12,"PDF p.25, Daniel 12:2",multiple_choice,hard,"Miguel, angustia, libro y resurrección","Según PDF p.25, Daniel 12:2, en el pasaje sobre Miguel, angustia, libro y resurrección, ¿Qué opción restituye con precisión la relación descrita? Marco: «polvo de la tierra serán [DETALLE]: unos para vida eterna, otros para vergüenza»","[""polvo de la tierra serán determinado: unos para vida eterna, otros para vergüenza"", ""polvo de la tierra serán fortalecido: unos para vida eterna, otros para vergüenza"", ""polvo de la tierra serán purificados: unos para vida eterna, otros para vergüenza"", ""polvo de la tierra serán despertados: unos para vida eterna, otros para vergüenza""]",3,"polvo de la tierra serán despertados: unos para vida eterna, otros para vergüenza","La opción correcta conserva el detalle «despertados» tal como aparece en la fuente: «polvo de la tierra serán despertados: unos para vida eterna, otros para vergüenza».","polvo de la tierra serán despertados: unos para vida eterna, otros para vergüenza",DAN12-V2-F01,DAN12-V2-F01-VARIANTS,verified,
DAN12-0003,DANIEL7-12,DAN12,"PDF p.25, Daniel 12:3",fill_blank,medium,"Miguel, angustia, libro y resurrección","Según PDF p.25, Daniel 12:3, en el pasaje sobre Miguel, angustia, libro y resurrección, complete la formulación del PDF: «Los entendidos _____ como el resplandor del firmamento»","[""resplandecerán"", ""ensoberbecerá"", ""atemorizarán"", ""engrandecerá""]",0,resplandecerán,El PDF emplea la expresión «resplandecerán» en este contexto: «Los entendidos resplandecerán como el resplandor del firmamento».,Los entendidos resplandecerán como el resplandor del firmamento,DAN12-V3-F01,DAN12-V3-F01-VARIANTS,verified,
DAN12-0004,DANIEL7-12,DAN12,"PDF p.25, Daniel 12:4",multiple_choice,expert,"entendidos, estrellas, libro y ciencia","Según PDF p.25, Daniel 12:4, en el pasaje sobre entendidos, estrellas, libro y ciencia, ¿Cuál opción mantiene sin alterar el detalle y el orden de la fuente? Marco: «sella el libro hasta el [DETALLE]»","[""sella el libro hasta el tiempo del fin"", ""sella el libro hasta el hijo de hombre"", ""sella el libro hasta el Anciano de días"", ""sella el libro hasta el rey del norte""]",0,sella el libro hasta el tiempo del fin,La opción correcta conserva el detalle «tiempo del fin» tal como aparece en la fuente: «sella el libro hasta el tiempo del fin».,sella el libro hasta el tiempo del fin,DAN12-V4-F01,DAN12-V4-F01-VARIANTS,verified,
DAN12-0005,DANIEL7-12,DAN12,"PDF p.25, Daniel 12:5",fill_blank,medium,"dos hombres, río, varón de lino y juramento","Según PDF p.25, Daniel 12:5, en el pasaje sobre dos hombres, río, varón de lino y juramento, complete la formulación del PDF: «Yo, Daniel, miré y vi a _____ dos que estaban en pie, uno a este lado del río y el otro al otro lado.»","[""actos"", ""otros"", ""cosas"", ""reyes""]",1,otros,"El PDF emplea la expresión «otros» en este contexto: «Daniel, miré y vi a otros dos que estaban en pie, uno a».","Daniel, miré y vi a otros dos que estaban en pie, uno a",DAN12-V5-F01,DAN12-V5-F01-VARIANTS,verified,
DAN12-0006,DANIEL7-12,DAN12,"PDF p.25, Daniel 12:6",multiple_choice,hard,"dos hombres, río, varón de lino y juramento","Según PDF p.25, Daniel 12:6, en el pasaje sobre dos hombres, río, varón de lino y juramento, ¿Qué opción restituye con precisión la relación descrita? Marco: «será el fin de estas [DETALLE]»","[""será el fin de estas diferentes"", ""será el fin de estas maravillas"", ""será el fin de estas obedecimos"", ""será el fin de estas angustiosos""]",1,será el fin de estas maravillas,La opción correcta conserva el detalle «maravillas» tal como aparece en la fuente: «será el fin de estas maravillas».,será el fin de estas maravillas,DAN12-V6-F01,DAN12-V6-F01-VARIANTS,verified,
DAN12-0007,DANIEL7-12,DAN12,"PDF p.25, Daniel 12:7",fill_blank,hard,"dos hombres, río, varón de lino y juramento","Según PDF p.25, Daniel 12:7, en el pasaje sobre dos hombres, río, varón de lino y juramento, complete la formulación del PDF: «Oí al varón vestido de lino, que estaba sobre las aguas del río, el cual alzó su mano derecha y su mano _____ al cielo y juró por el que vive por los siglos, que será por tiempo, tiempos y la mitad de un tiempo.»","[""Aconteció"", ""asoladora"", ""izquierda"", ""diferente""]",2,izquierda,El PDF emplea la expresión «izquierda» en este contexto: «mano derecha y su mano izquierda al cielo y juró por el que».,mano derecha y su mano izquierda al cielo y juró por el que,DAN12-V7-F01,DAN12-V7-F01-VARIANTS,verified,
DAN12-0008,DANIEL7-12,DAN12,"PDF p.25, Daniel 12:8",multiple_choice,easy,"pregunta de Daniel, pureza y entendimiento","Según PDF p.25, Daniel 12:8, en el pasaje sobre pregunta de Daniel, pureza y entendimiento, ¿Qué expresión completa correctamente el detalle señalado? Marco: «Yo oí, pero no [DETALLE]»","[""Yo oí, pero no conmigo"", ""Yo oí, pero no delante"", ""Yo oí, pero no entendí"", ""Yo oí, pero no dominio""]",2,"Yo oí, pero no entendí","La opción correcta conserva el detalle «entendí» tal como aparece en la fuente: «Yo oí, pero no entendí».","Yo oí, pero no entendí",DAN12-V8-F01,DAN12-V8-F01-VARIANTS,verified,
DAN12-0009,DANIEL7-12,DAN12,"PDF p.25, Daniel 12:9",fill_blank,expert,"pregunta de Daniel, pureza y entendimiento","Según PDF p.25, Daniel 12:9, en el pasaje sobre pregunta de Daniel, pureza y entendimiento, complete la formulación del PDF: «Él respondió: “Anda, Daniel, pues estas palabras están cerradas y selladas hasta el _____.»","[""hijo de hombre"", ""Anciano de días"", ""rey del norte"", ""tiempo del fin""]",3,tiempo del fin,El PDF emplea la expresión «tiempo del fin» en este contexto: «cerradas y selladas hasta el tiempo del fin».,cerradas y selladas hasta el tiempo del fin,DAN12-V9-F01,DAN12-V9-F01-VARIANTS,verified,
DAN12-0010,DANIEL7-12,DAN12,"PDF p.25, Daniel 12:10",multiple_choice,medium,"pregunta de Daniel, pureza y entendimiento","Según PDF p.25, Daniel 12:10, en el pasaje sobre pregunta de Daniel, pureza y entendimiento, ¿Cuál opción conserva el dato exacto de la fuente? Marco: «Muchos serán limpios, [DETALLE] y purificados»","[""Muchos serán limpios, Bienaventurado y purificados"", ""Muchos serán limpios, determinadas y purificados"", ""Muchos serán limpios, despertados y purificados"", ""Muchos serán limpios, emblanquecidos y purificados""]",3,"Muchos serán limpios, emblanquecidos y purificados","La opción correcta conserva el detalle «emblanquecidos» tal como aparece en la fuente: «Muchos serán limpios, emblanquecidos y purificados».","Muchos serán limpios, emblanquecidos y purificados",DAN12-V10-F01,DAN12-V10-F01-VARIANTS,verified,
DAN12-0011,DANIEL7-12,DAN12,"PDF p.25, Daniel 12:11",true_false,expert,"1,290, 1,335, reposo y heredad","Según PDF p.25, Daniel 12:11, en el pasaje sobre 1,290, 1,335, reposo y heredad, determine si el detalle entre corchetes hace verdadera o falsa esta afirmación: «Desde el tiempo en que sea quitado el ⟦cuerno notable⟧ hasta la abominación desoladora, habrá mil doscientos noventa días.»","[""Verdadero"", ""Falso""]",1,Falso,"La afirmación cambia «sacrificio continuo». La corrección exacta es: «Desde el tiempo en que sea quitado el sacrificio continuo hasta la abominación desoladora, habrá mil doscientos noventa días.»","en que sea quitado el sacrificio continuo hasta la abominación desoladora, habrá mil doscientos",DAN12-V11-F01,DAN12-V11-F01-VARIANTS,verified,"Desde el tiempo en que sea quitado el sacrificio continuo hasta la abominación desoladora, habrá mil doscientos noventa días."
DAN12-0012,DANIEL7-12,DAN12,"PDF p.25, Daniel 12:12",fill_blank,expert,"1,290, 1,335, reposo y heredad","Según PDF p.25, Daniel 12:12, en el pasaje sobre 1,290, 1,335, reposo y heredad, complete la formulación del PDF: «Bienaventurado el que espere, y llegue a _____.»","[""mil trescientos treinta y cinco días"", ""mil doscientos noventa días"", ""cuatro vientos del cielo"", ""cuatro alas de ave""]",0,mil trescientos treinta y cinco días,"El PDF emplea la expresión «mil trescientos treinta y cinco días» en este contexto: «que espere, y llegue a mil trescientos treinta y cinco días».","que espere, y llegue a mil trescientos treinta y cinco días",DAN12-V12-F01,DAN12-V12-F01-VARIANTS,verified,
DAN12-0013,DANIEL7-12,DAN12,"PDF p.25, Daniel 12:13",multiple_choice,hard,"1,290, 1,335, reposo y heredad","Según PDF p.25, Daniel 12:13, en el pasaje sobre 1,290, 1,335, reposo y heredad, ¿Qué opción restituye con precisión la relación descrita? Marco: «irás hasta el fin, y [DETALLE], y te levantarás para recibir tu heredad»","[""irás hasta el fin, y reposarás, y te levantarás para recibir tu heredad"", ""irás hasta el fin, y apoderará, y te levantarás para recibir tu heredad"", ""irás hasta el fin, y aumentará, y te levantarás para recibir tu heredad"", ""irás hasta el fin, y cumplirán, y te levantarás para recibir tu heredad""]",0,"irás hasta el fin, y reposarás, y te levantarás para recibir tu heredad","La opción correcta conserva el detalle «reposarás» tal como aparece en la fuente: «irás hasta el fin, y reposarás, y te levantarás para recibir tu heredad».","irás hasta el fin, y reposarás, y te levantarás para recibir tu heredad",DAN12-V13-F01,DAN12-V13-F01-VARIANTS,verified,
DAN12-0014,DANIEL7-12,DAN12,"PDF p.25, Daniel 12:1",true_false,medium,"Miguel, angustia, libro y resurrección","Según PDF p.25, Daniel 12:1, en el pasaje sobre Miguel, angustia, libro y resurrección, determine si el detalle entre corchetes hace verdadera o falsa esta afirmación: «pero en aquel tiempo será ⟦libertado⟧ tu pueblo, todos los que se hallen inscritos en el libro.»","[""Verdadero"", ""Falso""]",0,Verdadero,"La afirmación coincide con el PDF: «pero en aquel tiempo será libertado tu pueblo, todos los que se hallen».","pero en aquel tiempo será libertado tu pueblo, todos los que se hallen",DAN12-V1-F12,DAN12-V1-F12-VARIANTS,verified,
DAN12-0015,DANIEL7-12,DAN12,"PDF p.25, Daniel 12:2",fill_blank,medium,"Miguel, angustia, libro y resurrección","Según PDF p.25, Daniel 12:2, en el pasaje sobre Miguel, angustia, libro y resurrección, complete la formulación del PDF: «Muchos de los que duermen en el polvo de la tierra serán despertados: unos para vida eterna, otros para _____ y confusión perpetua.»","[""Aconteció"", ""vergüenza"", ""asoladora"", ""diferente""]",1,vergüenza,"El PDF emplea la expresión «vergüenza» en este contexto: «para vida eterna, otros para vergüenza y confusión perpetua».","para vida eterna, otros para vergüenza y confusión perpetua",DAN12-V2-F02,DAN12-V2-F02-VARIANTS,verified,
DAN12-0016,DANIEL7-12,DAN12,"PDF p.25, Daniel 12:3",multiple_choice,medium,"Miguel, angustia, libro y resurrección","Según PDF p.25, Daniel 12:3, en el pasaje sobre Miguel, angustia, libro y resurrección, ¿Cuál opción conserva el dato exacto de la fuente? Marco: «Los entendidos resplandecerán como el [DETALLE] del firmamento»","[""Los entendidos resplandecerán como el destruidas del firmamento"", ""Los entendidos resplandecerán como el resplandor del firmamento"", ""Los entendidos resplandecerán como el firmamento del firmamento"", ""Los entendidos resplandecerán como el sacrificio del firmamento""]",1,Los entendidos resplandecerán como el resplandor del firmamento,La opción correcta conserva el detalle «resplandor» tal como aparece en la fuente: «Los entendidos resplandecerán como el resplandor del firmamento».,Los entendidos resplandecerán como el resplandor del firmamento,DAN12-V3-F02,DAN12-V3-F02-VARIANTS,verified,
DAN12-0017,DANIEL7-12,DAN12,"PDF p.25, Daniel 12:4",true_false,hard,"entendidos, estrellas, libro y ciencia","Según PDF p.25, Daniel 12:4, en el pasaje sobre entendidos, estrellas, libro y ciencia, determine si el detalle entre corchetes hace verdadera o falsa esta afirmación: «Muchos correrán de aquí para allá, y la ciencia ⟦apoderará⟧.”»","[""Verdadero"", ""Falso""]",1,Falso,"La afirmación cambia «aumentará». La corrección exacta es: «Muchos correrán de aquí para allá, y la ciencia aumentará.”»","para allá, y la ciencia aumentará",DAN12-V4-F06,DAN12-V4-F06-VARIANTS,verified,"Muchos correrán de aquí para allá, y la ciencia aumentará.”"
DAN12-0018,DANIEL7-12,DAN12,"PDF p.25, Daniel 12:5",fill_blank,hard,"dos hombres, río, varón de lino y juramento","Según PDF p.25, Daniel 12:5, en el pasaje sobre dos hombres, río, varón de lino y juramento, complete la formulación del PDF: «Yo, Daniel, miré y vi a otros dos que _____ en pie, uno a este lado del río y el otro al otro lado.»","[""bestias"", ""hablaba"", ""estaban"", ""bestia""]",2,estaban,"El PDF emplea la expresión «estaban» en este contexto: «vi a otros dos que estaban en pie, uno a este lado del».","vi a otros dos que estaban en pie, uno a este lado del",DAN12-V5-F02,DAN12-V5-F02-VARIANTS,verified,
DAN12-0019,DANIEL7-12,DAN12,"PDF p.25, Daniel 12:6",multiple_choice,medium,"dos hombres, río, varón de lino y juramento","Según PDF p.25, Daniel 12:6, en el pasaje sobre dos hombres, río, varón de lino y juramento, ¿Cuál opción conserva el dato exacto de la fuente? Marco: «Y dijo uno al [DETALLE] vestido de lino que estaba sobre las»","[""Y dijo uno al cielo vestido de lino que estaba sobre las"", ""Y dijo uno al libro vestido de lino que estaba sobre las"", ""Y dijo uno al varón vestido de lino que estaba sobre las"", ""Y dijo uno al lugar vestido de lino que estaba sobre las""]",2,Y dijo uno al varón vestido de lino que estaba sobre las,La opción correcta conserva el detalle «varón» tal como aparece en la fuente: «Y dijo uno al varón vestido de lino que estaba sobre las».,Y dijo uno al varón vestido de lino que estaba sobre las,DAN12-V6-F02,DAN12-V6-F02-VARIANTS,verified,
DAN12-0020,DANIEL7-12,DAN12,"PDF p.25, Daniel 12:7",true_false,hard,"dos hombres, río, varón de lino y juramento","Según PDF p.25, Daniel 12:7, en el pasaje sobre dos hombres, río, varón de lino y juramento, determine si el detalle entre corchetes hace verdadera o falsa esta afirmación: «Y cuando se acabe la ⟦cautividad⟧ del poder del pueblo santo, todas estas cosas se cumplirán.»","[""Verdadero"", ""Falso""]",1,Falso,"La afirmación cambia «dispersión». La corrección exacta es: «Y cuando se acabe la dispersión del poder del pueblo santo, todas estas cosas se cumplirán.»","Y cuando se acabe la dispersión del poder del pueblo santo, todas estas",DAN12-V7-F12,DAN12-V7-F12-VARIANTS,verified,"Y cuando se acabe la dispersión del poder del pueblo santo, todas estas cosas se cumplirán."
DAN12-0021,DANIEL7-12,DAN12,"PDF p.25, Daniel 12:8",fill_blank,easy,"pregunta de Daniel, pureza y entendimiento","Según PDF p.25, Daniel 12:8, en el pasaje sobre pregunta de Daniel, pureza y entendimiento, complete la formulación del PDF: «Dije entonces: “Señor mío, ¿cuál será el fin de estas _____?”»","[""actos"", ""otros"", ""reyes"", ""cosas""]",3,cosas,El PDF emplea la expresión «cosas» en este contexto: «será el fin de estas cosas».,será el fin de estas cosas,DAN12-V8-F02,DAN12-V8-F02-VARIANTS,verified,
DAN12-0022,DANIEL7-12,DAN12,"PDF p.25, Daniel 12:9",multiple_choice,hard,"pregunta de Daniel, pureza y entendimiento","Según PDF p.25, Daniel 12:9, en el pasaje sobre pregunta de Daniel, pureza y entendimiento, ¿Qué opción restituye con precisión la relación descrita? Marco: «Él [DETALLE]: “Anda, Daniel, pues estas palabras están cerradas»","[""Él comprendió: “Anda, Daniel, pues estas palabras están cerradas"", ""Él estaba: “Anda, Daniel, pues estas palabras están cerradas"", ""Él era: “Anda, Daniel, pues estas palabras están cerradas"", ""Él respondió: “Anda, Daniel, pues estas palabras están cerradas""]",3,"Él respondió: “Anda, Daniel, pues estas palabras están cerradas","La opción correcta conserva el detalle «respondió» tal como aparece en la fuente: «Él respondió: “Anda, Daniel, pues estas palabras están cerradas».","Él respondió: “Anda, Daniel, pues estas palabras están cerradas",DAN12-V9-F02,DAN12-V9-F02-VARIANTS,verified,
DAN12-0023,DANIEL7-12,DAN12,"PDF p.25, Daniel 12:10",true_false,medium,"pregunta de Daniel, pureza y entendimiento","Según PDF p.25, Daniel 12:10, en el pasaje sobre pregunta de Daniel, pureza y entendimiento, determine si el detalle entre corchetes hace verdadera o falsa esta afirmación: «Muchos serán limpios, emblanquecidos y ⟦purificados⟧»","[""Verdadero"", ""Falso""]",0,Verdadero,"La afirmación coincide con el PDF: «Muchos serán limpios, emblanquecidos y purificados».","Muchos serán limpios, emblanquecidos y purificados",DAN12-V10-F02,DAN12-V10-F02-VARIANTS,verified,
DAN12-0024,DANIEL7-12,DAN12,"PDF p.25, Daniel 12:11",fill_blank,expert,"1,290, 1,335, reposo y heredad","Según PDF p.25, Daniel 12:11, en el pasaje sobre 1,290, 1,335, reposo y heredad, complete la formulación del PDF: «Desde el tiempo en que sea quitado el sacrificio continuo hasta la _____, habrá mil doscientos noventa días.»","[""abominación desoladora"", ""tierra gloriosa"", ""ciudad fuerte"", ""lana limpia""]",0,abominación desoladora,"El PDF emplea la expresión «abominación desoladora» en este contexto: «el sacrificio continuo hasta la abominación desoladora, habrá mil doscientos noventa días».","el sacrificio continuo hasta la abominación desoladora, habrá mil doscientos noventa días",DAN12-V11-F02,DAN12-V11-F02-VARIANTS,verified,
DAN12-0025,DANIEL7-12,DAN12,"PDF p.25, Daniel 12:12",multiple_choice,hard,"1,290, 1,335, reposo y heredad","Según PDF p.25, Daniel 12:12, en el pasaje sobre 1,290, 1,335, reposo y heredad, ¿Qué opción restituye con precisión la relación descrita? Marco: «[DETALLE] el que espere, y llegue a mil»","[""Bienaventurado el que espere, y llegue a mil"", ""emblanquecidos el que espere, y llegue a mil"", ""determinadas el que espere, y llegue a mil"", ""despertados el que espere, y llegue a mil""]",0,"Bienaventurado el que espere, y llegue a mil","La opción correcta conserva el detalle «Bienaventurado» tal como aparece en la fuente: «Bienaventurado el que espere, y llegue a mil».","Bienaventurado el que espere, y llegue a mil",DAN12-V12-F02,DAN12-V12-F02-VARIANTS,verified,
DAN12-0026,DANIEL7-12,DAN12,"PDF p.25, Daniel 12:13",true_false,hard,"1,290, 1,335, reposo y heredad","Según PDF p.25, Daniel 12:13, en el pasaje sobre 1,290, 1,335, reposo y heredad, determine si el detalle entre corchetes hace verdadera o falsa esta afirmación: «En cuanto a ti, tú irás hasta el fin, y reposarás, y te ⟦levantarás⟧ para recibir tu heredad al fin de los días.”»","[""Verdadero"", ""Falso""]",0,Verdadero,"La afirmación coincide con el PDF: «fin, y reposarás, y te levantarás para recibir tu heredad al fin de».","fin, y reposarás, y te levantarás para recibir tu heredad al fin de",DAN12-V13-F02,DAN12-V13-F02-VARIANTS,verified,
DAN12-0027,DANIEL7-12,DAN12,"PDF p.25, Daniel 12:1",fill_blank,medium,"Miguel, angustia, libro y resurrección","Según PDF p.25, Daniel 12:1, en el pasaje sobre Miguel, angustia, libro y resurrección, complete la formulación del PDF: «pero en aquel tiempo será libertado tu pueblo, todos los que se hallen _____ en el libro.»","[""antorchas"", ""inscritos"", ""convenios"", ""ejércitos""]",1,inscritos,El PDF emplea la expresión «inscritos» en este contexto: «todos los que se hallen inscritos en el libro».,todos los que se hallen inscritos en el libro,DAN12-V1-F13,DAN12-V1-F13-VARIANTS,verified,
DAN12-0028,DANIEL7-12,DAN12,"PDF p.25, Daniel 12:2",multiple_choice,hard,"Miguel, angustia, libro y resurrección","Según PDF p.25, Daniel 12:2, en el pasaje sobre Miguel, angustia, libro y resurrección, ¿Qué opción restituye con precisión la relación descrita? Marco: «eterna, otros para vergüenza y [DETALLE] perpetua»","[""eterna, otros para vergüenza y confesión perpetua"", ""eterna, otros para vergüenza y confusión perpetua"", ""eterna, otros para vergüenza y eternidad perpetua"", ""eterna, otros para vergüenza y fortaleza perpetua""]",1,"eterna, otros para vergüenza y confusión perpetua","La opción correcta conserva el detalle «confusión» tal como aparece en la fuente: «eterna, otros para vergüenza y confusión perpetua».","eterna, otros para vergüenza y confusión perpetua",DAN12-V2-F03,DAN12-V2-F03-VARIANTS,verified,
DAN12-0029,DANIEL7-12,DAN12,"PDF p.25, Daniel 12:3",true_false,medium,"Miguel, angustia, libro y resurrección","Según PDF p.25, Daniel 12:3, en el pasaje sobre Miguel, angustia, libro y resurrección, determine si el detalle entre corchetes hace verdadera o falsa esta afirmación: «Los entendidos resplandecerán como el resplandor del ⟦destruidas⟧»","[""Verdadero"", ""Falso""]",1,Falso,La afirmación cambia «firmamento». La corrección exacta es: «Los entendidos resplandecerán como el resplandor del firmamento»,resplandecerán como el resplandor del firmamento,DAN12-V3-F03,DAN12-V3-F03-VARIANTS,verified,Los entendidos resplandecerán como el resplandor del firmamento
DAN12-0030,DANIEL7-12,DAN12,"PDF p.25, Daniel 12:4",fill_blank,easy,"entendidos, estrellas, libro y ciencia","Según PDF p.25, Daniel 12:4, en el pasaje sobre entendidos, estrellas, libro y ciencia, complete la formulación del PDF: «“Pero tú, Daniel, _____ las palabras y sella el libro hasta el tiempo del fin.»","[""cabrío"", ""creció"", ""cierra"", ""cuanto""]",2,cierra,"El PDF emplea la expresión «cierra» en este contexto: «Pero tú, Daniel, cierra las palabras y sella el libro hasta».","Pero tú, Daniel, cierra las palabras y sella el libro hasta",DAN12-V4-F02,DAN12-V4-F02-VARIANTS,verified,
DAN12-0031,DANIEL7-12,DAN12,"PDF p.25, Daniel 12:6",multiple_choice,hard,"dos hombres, río, varón de lino y juramento","Según PDF p.25, Daniel 12:6, en el pasaje sobre dos hombres, río, varón de lino y juramento, ¿Qué opción restituye con precisión la relación descrita? Marco: «Y dijo uno al varón [DETALLE] de lino que estaba sobre las aguas»","[""Y dijo uno al varón dormido de lino que estaba sobre las aguas"", ""Y dijo uno al varón quitado de lino que estaba sobre las aguas"", ""Y dijo uno al varón vestido de lino que estaba sobre las aguas"", ""Y dijo uno al varón afligido de lino que estaba sobre las aguas""]",2,Y dijo uno al varón vestido de lino que estaba sobre las aguas,La opción correcta conserva el detalle «vestido» tal como aparece en la fuente: «Y dijo uno al varón vestido de lino que estaba sobre las aguas».,Y dijo uno al varón vestido de lino que estaba sobre las aguas,DAN12-V6-F03,DAN12-V6-F03-VARIANTS,verified,
DAN12-0032,DANIEL7-12,DAN12,"PDF p.25, Daniel 12:7",true_false,medium,"dos hombres, río, varón de lino y juramento","Según PDF p.25, Daniel 12:7, en el pasaje sobre dos hombres, río, varón de lino y juramento, determine si el detalle entre corchetes hace verdadera o falsa esta afirmación: «Y cuando se acabe la dispersión del poder del pueblo santo, todas estas cosas se ⟦cumplirán⟧.»","[""Verdadero"", ""Falso""]",0,Verdadero,"La afirmación coincide con el PDF: «santo, todas estas cosas se cumplirán».","santo, todas estas cosas se cumplirán",DAN12-V7-F13,DAN12-V7-F13-VARIANTS,verified,
DAN12-0033,DANIEL7-12,DAN12,"PDF p.25, Daniel 12:8",fill_blank,easy,"pregunta de Daniel, pureza y entendimiento","Según PDF p.25, Daniel 12:8, en el pasaje sobre pregunta de Daniel, pureza y entendimiento, complete la formulación del PDF: «Dije _____: “Señor mío, ¿cuál será el fin de estas cosas?”»","[""enemigas"", ""nosotros"", ""palabras"", ""entonces""]",3,entonces,"El PDF emplea la expresión «entonces» en este contexto: «Dije entonces: “Señor mío, ¿cuál será el fin de».","Dije entonces: “Señor mío, ¿cuál será el fin de",DAN12-V8-F03,DAN12-V8-F03-VARIANTS,verified,
DAN12-0034,DANIEL7-12,DAN12,"PDF p.25, Daniel 12:9",multiple_choice,medium,"pregunta de Daniel, pureza y entendimiento","Según PDF p.25, Daniel 12:9, en el pasaje sobre pregunta de Daniel, pureza y entendimiento, ¿Cuál opción conserva el dato exacto de la fuente? Marco: «respondió: “Anda, Daniel, pues estas [DETALLE] están cerradas y selladas hasta el tiempo»","[""respondió: “Anda, Daniel, pues estas enemigas están cerradas y selladas hasta el tiempo"", ""respondió: “Anda, Daniel, pues estas entonces están cerradas y selladas hasta el tiempo"", ""respondió: “Anda, Daniel, pues estas nosotros están cerradas y selladas hasta el tiempo"", ""respondió: “Anda, Daniel, pues estas palabras están cerradas y selladas hasta el tiempo""]",3,"respondió: “Anda, Daniel, pues estas palabras están cerradas y selladas hasta el tiempo","La opción correcta conserva el detalle «palabras» tal como aparece en la fuente: «respondió: “Anda, Daniel, pues estas palabras están cerradas y selladas hasta el tiempo».","respondió: “Anda, Daniel, pues estas palabras están cerradas y selladas hasta el tiempo",DAN12-V9-F03,DAN12-V9-F03-VARIANTS,verified,
DAN12-0035,DANIEL7-12,DAN12,"PDF p.25, Daniel 12:10",true_false,hard,"pregunta de Daniel, pureza y entendimiento","Según PDF p.25, Daniel 12:10, en el pasaje sobre pregunta de Daniel, pureza y entendimiento, determine si el detalle entre corchetes hace verdadera o falsa esta afirmación: «los impíos ⟦confirmará⟧ impíamente, y ninguno de los impíos entenderá»","[""Verdadero"", ""Falso""]",1,Falso,"La afirmación cambia «procederán». La corrección exacta es: «los impíos procederán impíamente, y ninguno de los impíos entenderá»","los impíos procederán impíamente, y ninguno de los impíos entenderá",DAN12-V10-F06,DAN12-V10-F06-VARIANTS,verified,"los impíos procederán impíamente, y ninguno de los impíos entenderá"
DAN12-0036,DANIEL7-12,DAN12,"PDF p.25, Daniel 12:11",fill_blank,expert,"1,290, 1,335, reposo y heredad","Según PDF p.25, Daniel 12:11, en el pasaje sobre 1,290, 1,335, reposo y heredad, complete la formulación del PDF: «Desde el tiempo en que sea quitado el sacrificio continuo hasta la abominación desoladora, habrá _____.»","[""mil doscientos noventa días"", ""cuatro vientos del cielo"", ""cuatro alas de ave"", ""millones de millones""]",0,mil doscientos noventa días,"El PDF emplea la expresión «mil doscientos noventa días» en este contexto: «hasta la abominación desoladora, habrá mil doscientos noventa días».","hasta la abominación desoladora, habrá mil doscientos noventa días",DAN12-V11-F03,DAN12-V11-F03-VARIANTS,verified,
DAN12-0037,DANIEL7-12,DAN12,"PDF p.25, Daniel 12:12",multiple_choice,medium,"1,290, 1,335, reposo y heredad","Según PDF p.25, Daniel 12:12, en el pasaje sobre 1,290, 1,335, reposo y heredad, ¿Cuál opción conserva el dato exacto de la fuente? Marco: «Bienaventurado el que [DETALLE], y llegue a mil trescientos treinta y»","[""Bienaventurado el que espere, y llegue a mil trescientos treinta y"", ""Bienaventurado el que manera, y llegue a mil trescientos treinta y"", ""Bienaventurado el que subirá, y llegue a mil trescientos treinta y"", ""Bienaventurado el que tomará, y llegue a mil trescientos treinta y""]",0,"Bienaventurado el que espere, y llegue a mil trescientos treinta y","La opción correcta conserva el detalle «espere» tal como aparece en la fuente: «Bienaventurado el que espere, y llegue a mil trescientos treinta y».","Bienaventurado el que espere, y llegue a mil trescientos treinta y",DAN12-V12-F03,DAN12-V12-F03-VARIANTS,verified,
DAN12-0038,DANIEL7-12,DAN12,"PDF p.25, Daniel 12:13",true_false,hard,"1,290, 1,335, reposo y heredad","Según PDF p.25, Daniel 12:13, en el pasaje sobre 1,290, 1,335, reposo y heredad, determine si el detalle entre corchetes hace verdadera o falsa esta afirmación: «En cuanto a ti, tú irás hasta el fin, y reposarás, y te levantarás para ⟦animarlo⟧ tu heredad al fin de los días.”»","[""Verdadero"", ""Falso""]",1,Falso,"La afirmación cambia «recibir». La corrección exacta es: «En cuanto a ti, tú irás hasta el fin, y reposarás, y te levantarás para recibir tu heredad al fin de los días.”»","reposarás, y te levantarás para recibir tu heredad al fin de los días",DAN12-V13-F03,DAN12-V13-F03-VARIANTS,verified,"En cuanto a ti, tú irás hasta el fin, y reposarás, y te levantarás para recibir tu heredad al fin de los días.”"
DAN12-0039,DANIEL7-12,DAN12,"PDF p.25, Daniel 12:1",fill_blank,medium,"Miguel, angustia, libro y resurrección","Según PDF p.25, Daniel 12:1, en el pasaje sobre Miguel, angustia, libro y resurrección, complete la formulación del PDF: «En aquel _____ se levantará Miguel, el gran príncipe que está de parte de los hijos de tu pueblo.»","[""cabrío"", ""tiempo"", ""cierra"", ""creció""]",1,tiempo,"El PDF emplea la expresión «tiempo» en este contexto: «En aquel tiempo se levantará Miguel, el gran príncipe que».","En aquel tiempo se levantará Miguel, el gran príncipe que",DAN12-V1-F02,DAN12-V1-F02-VARIANTS,verified,
DAN12-0040,DANIEL7-12,DAN12,"PDF p.25, Daniel 12:2",multiple_choice,hard,"Miguel, angustia, libro y resurrección","Según PDF p.25, Daniel 12:2, en el pasaje sobre Miguel, angustia, libro y resurrección, ¿Qué opción restituye con precisión la relación descrita? Marco: «Muchos de los que [DETALLE] en el polvo de la tierra serán»","[""Muchos de los que conmigo en el polvo de la tierra serán"", ""Muchos de los que duermen en el polvo de la tierra serán"", ""Muchos de los que delante en el polvo de la tierra serán"", ""Muchos de los que dominio en el polvo de la tierra serán""]",1,Muchos de los que duermen en el polvo de la tierra serán,La opción correcta conserva el detalle «duermen» tal como aparece en la fuente: «Muchos de los que duermen en el polvo de la tierra serán».,Muchos de los que duermen en el polvo de la tierra serán,DAN12-V2-F04,DAN12-V2-F04-VARIANTS,verified,
DAN12-0041,DANIEL7-12,DAN12,"PDF p.25, Daniel 12:3",true_false,hard,"Miguel, angustia, libro y resurrección","Según PDF p.25, Daniel 12:3, en el pasaje sobre Miguel, angustia, libro y resurrección, determine si el detalle entre corchetes hace verdadera o falsa esta afirmación: «y los que enseñan la justicia a la multitud, como las ⟦fortalezas⟧, a perpetua eternidad.»","[""Verdadero"", ""Falso""]",1,Falso,"La afirmación cambia «estrellas». La corrección exacta es: «y los que enseñan la justicia a la multitud, como las estrellas, a perpetua eternidad.»","a la multitud, como las estrellas, a perpetua eternidad",DAN12-V3-F05,DAN12-V3-F05-VARIANTS,verified,"y los que enseñan la justicia a la multitud, como las estrellas, a perpetua eternidad."
DAN12-0042,DANIEL7-12,DAN12,"PDF p.25, Daniel 12:4",fill_blank,easy,"entendidos, estrellas, libro y ciencia","Según PDF p.25, Daniel 12:4, en el pasaje sobre entendidos, estrellas, libro y ciencia, complete la formulación del PDF: «“Pero tú, Daniel, cierra las _____ y sella el libro hasta el tiempo del fin.»","[""estrellas"", ""riberas"", ""palabras"", ""tiendas""]",2,palabras,"El PDF emplea la expresión «palabras» en este contexto: «Pero tú, Daniel, cierra las palabras y sella el libro hasta el tiempo».","Pero tú, Daniel, cierra las palabras y sella el libro hasta el tiempo",DAN12-V4-F03,DAN12-V4-F03-VARIANTS,verified,
DAN12-0043,DANIEL7-12,DAN12,"PDF p.25, Daniel 12:6",multiple_choice,hard,"dos hombres, río, varón de lino y juramento","Según PDF p.25, Daniel 12:6, en el pasaje sobre dos hombres, río, varón de lino y juramento, ¿Qué opción restituye con precisión la relación descrita? Marco: «varón vestido de lino que [DETALLE] sobre las aguas del río: “¿Cuándo será»","[""varón vestido de lino que bestia sobre las aguas del río: “¿Cuándo será"", ""varón vestido de lino que habían sobre las aguas del río: “¿Cuándo será"", ""varón vestido de lino que estaba sobre las aguas del río: “¿Cuándo será"", ""varón vestido de lino que Miraba sobre las aguas del río: “¿Cuándo será""]",2,varón vestido de lino que estaba sobre las aguas del río: “¿Cuándo será,La opción correcta conserva el detalle «estaba» tal como aparece en la fuente: «varón vestido de lino que estaba sobre las aguas del río: “¿Cuándo será».,varón vestido de lino que estaba sobre las aguas del río: “¿Cuándo será,DAN12-V6-F04,DAN12-V6-F04-VARIANTS,verified,
DAN12-0044,DANIEL7-12,DAN12,"PDF p.25, Daniel 12:7",true_false,expert,"dos hombres, río, varón de lino y juramento","Según PDF p.25, Daniel 12:7, en el pasaje sobre dos hombres, río, varón de lino y juramento, determine si el detalle entre corchetes hace verdadera o falsa esta afirmación: «Oí al ⟦cielo⟧ vestido de lino, que estaba sobre las aguas del río, el cual alzó su mano derecha y su mano izquierda al cielo y juró por el que vive por los siglos, que será por tiempo, tiempos y la mitad de un tiempo.»","[""Verdadero"", ""Falso""]",1,Falso,"La afirmación cambia «varón». La corrección exacta es: «Oí al varón vestido de lino, que estaba sobre las aguas del río, el cual alzó su mano derecha y su mano izquierda al cielo y juró por el que vive por los siglos, que será por tiempo, tiempos y la mitad de un tiempo.»","Oí al varón vestido de lino, que estaba sobre las",DAN12-V7-F02,DAN12-V7-F02-VARIANTS,verified,"Oí al varón vestido de lino, que estaba sobre las aguas del río, el cual alzó su mano derecha y su mano izquierda al cielo y juró por el que vive por los siglos, que será por tiempo, tiempos y la mitad de un tiempo."
DAN12-0045,DANIEL7-12,DAN12,"PDF p.25, Daniel 12:9",fill_blank,easy,"pregunta de Daniel, pureza y entendimiento","Según PDF p.25, Daniel 12:9, en el pasaje sobre pregunta de Daniel, pureza y entendimiento, complete la formulación del PDF: «Él respondió: “Anda, Daniel, pues estas palabras _____ cerradas y selladas hasta el tiempo del fin.»","[""ahora"", ""causa"", ""cerca"", ""están""]",3,están,"El PDF emplea la expresión «están» en este contexto: «Anda, Daniel, pues estas palabras están cerradas y selladas hasta el tiempo del».","Anda, Daniel, pues estas palabras están cerradas y selladas hasta el tiempo del",DAN12-V9-F04,DAN12-V9-F04-VARIANTS,verified,
DAN12-0046,DANIEL7-12,DAN12,"PDF p.25, Daniel 12:10",multiple_choice,medium,"pregunta de Daniel, pureza y entendimiento","Según PDF p.25, Daniel 12:10, en el pasaje sobre pregunta de Daniel, pureza y entendimiento, ¿Cuál opción conserva el dato exacto de la fuente? Marco: «los impíos procederán [DETALLE], y ninguno de los impíos entenderá»","[""los impíos procederán atentamente, y ninguno de los impíos entenderá"", ""los impíos procederán eternamente, y ninguno de los impíos entenderá"", ""los impíos procederán rápidamente, y ninguno de los impíos entenderá"", ""los impíos procederán impíamente, y ninguno de los impíos entenderá""]",3,"los impíos procederán impíamente, y ninguno de los impíos entenderá","La opción correcta conserva el detalle «impíamente» tal como aparece en la fuente: «los impíos procederán impíamente, y ninguno de los impíos entenderá».","los impíos procederán impíamente, y ninguno de los impíos entenderá",DAN12-V10-F07,DAN12-V10-F07-VARIANTS,verified,
DAN12-0047,DANIEL7-12,DAN12,"PDF p.25, Daniel 12:11",true_false,medium,"1,290, 1,335, reposo y heredad","Según PDF p.25, Daniel 12:11, en el pasaje sobre 1,290, 1,335, reposo y heredad, determine si el detalle entre corchetes hace verdadera o falsa esta afirmación: «Desde el ⟦tiempo⟧ en que sea quitado el sacrificio continuo hasta la abominación desoladora, habrá mil doscientos noventa días.»","[""Verdadero"", ""Falso""]",0,Verdadero,La afirmación coincide con el PDF: «Desde el tiempo en que sea quitado el sacrificio continuo».,Desde el tiempo en que sea quitado el sacrificio continuo,DAN12-V11-F04,DAN12-V11-F04-VARIANTS,verified,
DAN12-0048,DANIEL7-12,DAN12,"PDF p.25, Daniel 12:12",fill_blank,easy,"1,290, 1,335, reposo y heredad","Según PDF p.25, Daniel 12:12, en el pasaje sobre 1,290, 1,335, reposo y heredad, complete la formulación del PDF: «Bienaventurado el que espere, y _____ a mil trescientos treinta y cinco días.»","[""llegue"", ""cabrío"", ""cierra"", ""creció""]",0,llegue,"El PDF emplea la expresión «llegue» en este contexto: «Bienaventurado el que espere, y llegue a mil trescientos treinta y cinco días».","Bienaventurado el que espere, y llegue a mil trescientos treinta y cinco días",DAN12-V12-F04,DAN12-V12-F04-VARIANTS,verified,
DAN12-0049,DANIEL7-12,DAN12,"PDF p.25, Daniel 12:13",multiple_choice,hard,"1,290, 1,335, reposo y heredad","Según PDF p.25, Daniel 12:13, en el pasaje sobre 1,290, 1,335, reposo y heredad, ¿Qué opción restituye con precisión la relación descrita? Marco: «te levantarás para recibir tu [DETALLE] al fin de los días»","[""te levantarás para recibir tu heredad al fin de los días"", ""te levantarás para recibir tu capital al fin de los días"", ""te levantarás para recibir tu oración al fin de los días"", ""te levantarás para recibir tu segunda al fin de los días""]",0,te levantarás para recibir tu heredad al fin de los días,La opción correcta conserva el detalle «heredad» tal como aparece en la fuente: «te levantarás para recibir tu heredad al fin de los días».,te levantarás para recibir tu heredad al fin de los días,DAN12-V13-F04,DAN12-V13-F04-VARIANTS,verified,
DAN12-0050,DANIEL7-12,DAN12,"PDF p.25, Daniel 12:1",true_false,easy,"Miguel, angustia, libro y resurrección","Según PDF p.25, Daniel 12:1, en el pasaje sobre Miguel, angustia, libro y resurrección, determine si el detalle entre corchetes hace verdadera o falsa esta afirmación: «En aquel tiempo se levantará ⟦Miguel⟧, el gran príncipe que está de parte de los hijos de tu pueblo.»","[""Verdadero"", ""Falso""]",0,Verdadero,"La afirmación coincide con el PDF: «En aquel tiempo se levantará Miguel, el gran príncipe que está de parte».","En aquel tiempo se levantará Miguel, el gran príncipe que está de parte",DAN12-V1-F03,DAN12-V1-F03-VARIANTS,verified,
DAN12-0051,DANIEL7-12,DAN12,"PDF p.25, Daniel 12:2",fill_blank,medium,"Miguel, angustia, libro y resurrección","Según PDF p.25, Daniel 12:2, en el pasaje sobre Miguel, angustia, libro y resurrección, complete la formulación del PDF: «Muchos de los que duermen en el _____ de la tierra serán despertados: unos para vida eterna, otros para vergüenza y confusión perpetua.»","[""cielo"", ""polvo"", ""libro"", ""lugar""]",1,polvo,El PDF emplea la expresión «polvo» en este contexto: «los que duermen en el polvo de la tierra serán despertados: unos para».,los que duermen en el polvo de la tierra serán despertados: unos para,DAN12-V2-F05,DAN12-V2-F05-VARIANTS,verified,
DAN12-0052,DANIEL7-12,DAN12,"PDF p.25, Daniel 12:3",multiple_choice,medium,"Miguel, angustia, libro y resurrección","Según PDF p.25, Daniel 12:3, en el pasaje sobre Miguel, angustia, libro y resurrección, ¿Cuál opción conserva el dato exacto de la fuente? Marco: «como las estrellas, a perpetua [DETALLE]»","[""como las estrellas, a perpetua confesión"", ""como las estrellas, a perpetua eternidad"", ""como las estrellas, a perpetua confusión"", ""como las estrellas, a perpetua fortaleza""]",1,"como las estrellas, a perpetua eternidad","La opción correcta conserva el detalle «eternidad» tal como aparece en la fuente: «como las estrellas, a perpetua eternidad».","como las estrellas, a perpetua eternidad",DAN12-V3-F06,DAN12-V3-F06-VARIANTS,verified,
DAN12-0053,DANIEL7-12,DAN12,"PDF p.25, Daniel 12:4",true_false,easy,"entendidos, estrellas, libro y ciencia","Según PDF p.25, Daniel 12:4, en el pasaje sobre entendidos, estrellas, libro y ciencia, determine si el detalle entre corchetes hace verdadera o falsa esta afirmación: «“Pero tú, Daniel, cierra las palabras y ⟦sella⟧ el libro hasta el tiempo del fin.»","[""Verdadero"", ""Falso""]",0,Verdadero,"La afirmación coincide con el PDF: «Daniel, cierra las palabras y sella el libro hasta el tiempo del fin».","Daniel, cierra las palabras y sella el libro hasta el tiempo del fin",DAN12-V4-F04,DAN12-V4-F04-VARIANTS,verified,
DAN12-0054,DANIEL7-12,DAN12,"PDF p.25, Daniel 12:6",fill_blank,medium,"dos hombres, río, varón de lino y juramento","Según PDF p.25, Daniel 12:6, en el pasaje sobre dos hombres, río, varón de lino y juramento, complete la formulación del PDF: «Y dijo uno al varón vestido de lino que estaba sobre las _____ del río: “¿Cuándo será el fin de estas maravillas?”»","[""otras"", ""costas"", ""aguas"", ""palmas""]",2,aguas,El PDF emplea la expresión «aguas» en este contexto: «lino que estaba sobre las aguas del río: “¿Cuándo será el fin de».,lino que estaba sobre las aguas del río: “¿Cuándo será el fin de,DAN12-V6-F05,DAN12-V6-F05-VARIANTS,verified,
DAN12-0055,DANIEL7-12,DAN12,"PDF p.25, Daniel 12:7",multiple_choice,expert,"dos hombres, río, varón de lino y juramento","Según PDF p.25, Daniel 12:7, en el pasaje sobre dos hombres, río, varón de lino y juramento, ¿Cuál opción mantiene sin alterar el detalle y el orden de la fuente? Marco: «Oí al varón [DETALLE] de lino, que estaba sobre las aguas»","[""Oí al varón dormido de lino, que estaba sobre las aguas"", ""Oí al varón quitado de lino, que estaba sobre las aguas"", ""Oí al varón vestido de lino, que estaba sobre las aguas"", ""Oí al varón afligido de lino, que estaba sobre las aguas""]",2,"Oí al varón vestido de lino, que estaba sobre las aguas","La opción correcta conserva el detalle «vestido» tal como aparece en la fuente: «Oí al varón vestido de lino, que estaba sobre las aguas».","Oí al varón vestido de lino, que estaba sobre las aguas",DAN12-V7-F03,DAN12-V7-F03-VARIANTS,verified,
DAN12-0056,DANIEL7-12,DAN12,"PDF p.25, Daniel 12:9",true_false,hard,"pregunta de Daniel, pureza y entendimiento","Según PDF p.25, Daniel 12:9, en el pasaje sobre pregunta de Daniel, pureza y entendimiento, determine si el detalle entre corchetes hace verdadera o falsa esta afirmación: «Él respondió: “Anda, Daniel, pues estas palabras están ⟦afligido⟧ y selladas hasta el tiempo del fin.»","[""Verdadero"", ""Falso""]",1,Falso,"La afirmación cambia «cerradas». La corrección exacta es: «Él respondió: “Anda, Daniel, pues estas palabras están cerradas y selladas hasta el tiempo del fin.»","Daniel, pues estas palabras están cerradas y selladas hasta el tiempo del fin",DAN12-V9-F05,DAN12-V9-F05-VARIANTS,verified,"Él respondió: “Anda, Daniel, pues estas palabras están cerradas y selladas hasta el tiempo del fin."
DAN12-0057,DANIEL7-12,DAN12,"PDF p.25, Daniel 12:10",fill_blank,medium,"pregunta de Daniel, pureza y entendimiento","Según PDF p.25, Daniel 12:10, en el pasaje sobre pregunta de Daniel, pureza y entendimiento, complete la formulación del PDF: «los impíos procederán impíamente, y ninguno de los impíos _____»","[""apoderará"", ""aumentará"", ""cumplirán"", ""entenderá""]",3,entenderá,El PDF emplea la expresión «entenderá» en este contexto: «y ninguno de los impíos entenderá».,y ninguno de los impíos entenderá,DAN12-V10-F08,DAN12-V10-F08-VARIANTS,verified,
DAN12-0058,DANIEL7-12,DAN12,"PDF p.25, Daniel 12:11",multiple_choice,hard,"1,290, 1,335, reposo y heredad","Según PDF p.25, Daniel 12:11, en el pasaje sobre 1,290, 1,335, reposo y heredad, ¿Qué opción restituye con precisión la relación descrita? Marco: «el tiempo en que sea [DETALLE] el sacrificio continuo hasta la abominación desoladora»","[""el tiempo en que sea dormido el sacrificio continuo hasta la abominación desoladora"", ""el tiempo en que sea vestido el sacrificio continuo hasta la abominación desoladora"", ""el tiempo en que sea afligido el sacrificio continuo hasta la abominación desoladora"", ""el tiempo en que sea quitado el sacrificio continuo hasta la abominación desoladora""]",3,el tiempo en que sea quitado el sacrificio continuo hasta la abominación desoladora,La opción correcta conserva el detalle «quitado» tal como aparece en la fuente: «el tiempo en que sea quitado el sacrificio continuo hasta la abominación desoladora».,el tiempo en que sea quitado el sacrificio continuo hasta la abominación desoladora,DAN12-V11-F05,DAN12-V11-F05-VARIANTS,verified,
DAN12-0059,DANIEL7-12,DAN12,"PDF p.25, Daniel 12:13",true_false,hard,"1,290, 1,335, reposo y heredad","Según PDF p.25, Daniel 12:13, en el pasaje sobre 1,290, 1,335, reposo y heredad, determine si el detalle entre corchetes hace verdadera o falsa esta afirmación: «En ⟦cabrío⟧ a ti, tú irás hasta el fin, y reposarás, y te levantarás para recibir tu heredad al fin de los días.”»","[""Verdadero"", ""Falso""]",1,Falso,"La afirmación cambia «cuanto». La corrección exacta es: «En cuanto a ti, tú irás hasta el fin, y reposarás, y te levantarás para recibir tu heredad al fin de los días.”»","En cuanto a ti, tú irás hasta el fin",DAN12-V13-F05,DAN12-V13-F05-VARIANTS,verified,"En cuanto a ti, tú irás hasta el fin, y reposarás, y te levantarás para recibir tu heredad al fin de los días.”"
DAN12-0060,DANIEL7-12,DAN12,"PDF p.25, Daniel 12:1",fill_blank,medium,"Miguel, angustia, libro y resurrección","Según PDF p.25, Daniel 12:1, en el pasaje sobre Miguel, angustia, libro y resurrección, complete la formulación del PDF: «En aquel tiempo se levantará Miguel, el gran _____ que está de parte de los hijos de tu pueblo.»","[""príncipe"", ""entiende"", ""poderoso"", ""pregunté""]",0,príncipe,"El PDF emplea la expresión «príncipe» en este contexto: «se levantará Miguel, el gran príncipe que está de parte de los hijos».","se levantará Miguel, el gran príncipe que está de parte de los hijos",DAN12-V1-F04,DAN12-V1-F04-VARIANTS,verified,
DAN12-0061,DANIEL7-12,DAN12,"PDF p.25, Daniel 12:2",multiple_choice,medium,"Miguel, angustia, libro y resurrección","Según PDF p.25, Daniel 12:2, en el pasaje sobre Miguel, angustia, libro y resurrección, ¿Cuál opción conserva el dato exacto de la fuente? Marco: «en el polvo de la [DETALLE] serán despertados: unos para vida eterna, otros»","[""en el polvo de la tierra serán despertados: unos para vida eterna, otros"", ""en el polvo de la cuarta serán despertados: unos para vida eterna, otros"", ""en el polvo de la nación serán despertados: unos para vida eterna, otros"", ""en el polvo de la ribera serán despertados: unos para vida eterna, otros""]",0,"en el polvo de la tierra serán despertados: unos para vida eterna, otros","La opción correcta conserva el detalle «tierra» tal como aparece en la fuente: «en el polvo de la tierra serán despertados: unos para vida eterna, otros».","en el polvo de la tierra serán despertados: unos para vida eterna, otros",DAN12-V2-F06,DAN12-V2-F06-VARIANTS,verified,
DAN12-0062,DANIEL7-12,DAN12,"PDF p.25, Daniel 12:3",true_false,medium,"Miguel, angustia, libro y resurrección","Según PDF p.25, Daniel 12:3, en el pasaje sobre Miguel, angustia, libro y resurrección, determine si el detalle entre corchetes hace verdadera o falsa esta afirmación: «Los ⟦compañeros⟧ resplandecerán como el resplandor del firmamento»","[""Verdadero"", ""Falso""]",1,Falso,La afirmación cambia «entendidos». La corrección exacta es: «Los entendidos resplandecerán como el resplandor del firmamento»,Los entendidos resplandecerán como el resplandor del firmamento,DAN12-V3-F04,DAN12-V3-F04-VARIANTS,verified,Los entendidos resplandecerán como el resplandor del firmamento
DAN12-0063,DANIEL7-12,DAN12,"PDF p.25, Daniel 12:4",fill_blank,easy,"entendidos, estrellas, libro y ciencia","Según PDF p.25, Daniel 12:4, en el pasaje sobre entendidos, estrellas, libro y ciencia, complete la formulación del PDF: «“Pero tú, Daniel, cierra las palabras y sella el _____ hasta el tiempo del fin.»","[""cielo"", ""libro"", ""lugar"", ""macho""]",1,libro,El PDF emplea la expresión «libro» en este contexto: «las palabras y sella el libro hasta el tiempo del fin».,las palabras y sella el libro hasta el tiempo del fin,DAN12-V4-F05,DAN12-V4-F05-VARIANTS,verified,
DAN12-0064,DANIEL7-12,DAN12,"PDF p.25, Daniel 12:7",multiple_choice,expert,"dos hombres, río, varón de lino y juramento","Según PDF p.25, Daniel 12:7, en el pasaje sobre dos hombres, río, varón de lino y juramento, ¿Cuál opción mantiene sin alterar el detalle y el orden de la fuente? Marco: «varón vestido de lino, que [DETALLE] sobre las aguas del río, el cual»","[""varón vestido de lino, que bestia sobre las aguas del río, el cual"", ""varón vestido de lino, que estaba sobre las aguas del río, el cual"", ""varón vestido de lino, que habían sobre las aguas del río, el cual"", ""varón vestido de lino, que Miraba sobre las aguas del río, el cual""]",1,"varón vestido de lino, que estaba sobre las aguas del río, el cual","La opción correcta conserva el detalle «estaba» tal como aparece en la fuente: «varón vestido de lino, que estaba sobre las aguas del río, el cual».","varón vestido de lino, que estaba sobre las aguas del río, el cual",DAN12-V7-F04,DAN12-V7-F04-VARIANTS,verified,
DAN12-0065,DANIEL7-12,DAN12,"PDF p.25, Daniel 12:1",true_false,hard,"Miguel, angustia, libro y resurrección","Según PDF p.25, Daniel 12:1, en el pasaje sobre Miguel, angustia, libro y resurrección, determine si el detalle entre corchetes hace verdadera o falsa esta afirmación: «En aquel tiempo se ⟦apoderará⟧ Miguel, el gran príncipe que está de parte de los hijos de tu pueblo.»","[""Verdadero"", ""Falso""]",1,Falso,"La afirmación cambia «levantará». La corrección exacta es: «En aquel tiempo se levantará Miguel, el gran príncipe que está de parte de los hijos de tu pueblo.»","En aquel tiempo se levantará Miguel, el gran príncipe que está de",DAN12-V1-F01,DAN12-V1-F01-VARIANTS,verified,"En aquel tiempo se levantará Miguel, el gran príncipe que está de parte de los hijos de tu pueblo."
DAN12-0066,DANIEL7-12,DAN12,"PDF p.25, Daniel 12:2",fill_blank,hard,"Miguel, angustia, libro y resurrección","Según PDF p.25, Daniel 12:2, en el pasaje sobre Miguel, angustia, libro y resurrección, complete la formulación del PDF: «Muchos de los que duermen en el polvo de la tierra serán _____: unos para vida eterna, otros para vergüenza y confusión perpetua.»","[""determinado"", ""fortalecido"", ""despertados"", ""purificados""]",2,despertados,"El PDF emplea la expresión «despertados» en este contexto: «polvo de la tierra serán despertados: unos para vida eterna, otros para vergüenza».","polvo de la tierra serán despertados: unos para vida eterna, otros para vergüenza",DAN12-V2-F01,DAN12-V2-F01-VARIANTS,verified,
DAN12-0067,DANIEL7-12,DAN12,"PDF p.25, Daniel 12:3",multiple_choice,hard,"Miguel, angustia, libro y resurrección","Según PDF p.25, Daniel 12:3, en el pasaje sobre Miguel, angustia, libro y resurrección, ¿Qué opción restituye con precisión la relación descrita? Marco: «Los entendidos [DETALLE] como el resplandor del firmamento»","[""Los entendidos ensoberbecerá como el resplandor del firmamento"", ""Los entendidos atemorizarán como el resplandor del firmamento"", ""Los entendidos resplandecerán como el resplandor del firmamento"", ""Los entendidos engrandecerá como el resplandor del firmamento""]",2,Los entendidos resplandecerán como el resplandor del firmamento,La opción correcta conserva el detalle «resplandecerán» tal como aparece en la fuente: «Los entendidos resplandecerán como el resplandor del firmamento».,Los entendidos resplandecerán como el resplandor del firmamento,DAN12-V3-F01,DAN12-V3-F01-VARIANTS,verified,
DAN12-0068,DANIEL7-12,DAN12,"PDF p.25, Daniel 12:4",true_false,expert,"entendidos, estrellas, libro y ciencia","Según PDF p.25, Daniel 12:4, en el pasaje sobre entendidos, estrellas, libro y ciencia, determine si el detalle entre corchetes hace verdadera o falsa esta afirmación: «“Pero tú, Daniel, cierra las palabras y sella el libro hasta el ⟦tiempo del fin⟧.»","[""Verdadero"", ""Falso""]",0,Verdadero,La afirmación coincide con el PDF: «sella el libro hasta el tiempo del fin».,sella el libro hasta el tiempo del fin,DAN12-V4-F01,DAN12-V4-F01-VARIANTS,verified,
DAN12-0069,DANIEL7-12,DAN12,"PDF p.25, Daniel 12:5",multiple_choice,hard,"dos hombres, río, varón de lino y juramento","Según PDF p.25, Daniel 12:5, en el pasaje sobre dos hombres, río, varón de lino y juramento, ¿Qué opción restituye con precisión la relación descrita? Marco: «Daniel, miré y vi a [DETALLE] dos que estaban en pie, uno a»","[""Daniel, miré y vi a actos dos que estaban en pie, uno a"", ""Daniel, miré y vi a cosas dos que estaban en pie, uno a"", ""Daniel, miré y vi a reyes dos que estaban en pie, uno a"", ""Daniel, miré y vi a otros dos que estaban en pie, uno a""]",3,"Daniel, miré y vi a otros dos que estaban en pie, uno a","La opción correcta conserva el detalle «otros» tal como aparece en la fuente: «Daniel, miré y vi a otros dos que estaban en pie, uno a».","Daniel, miré y vi a otros dos que estaban en pie, uno a",DAN12-V5-F01,DAN12-V5-F01-VARIANTS,verified,
DAN12-0070,DANIEL7-12,DAN12,"PDF p.25, Daniel 12:6",fill_blank,medium,"dos hombres, río, varón de lino y juramento","Según PDF p.25, Daniel 12:6, en el pasaje sobre dos hombres, río, varón de lino y juramento, complete la formulación del PDF: «Y dijo uno al varón vestido de lino que estaba sobre las aguas del río: “¿Cuándo será el fin de estas _____?”»","[""diferentes"", ""obedecimos"", ""angustiosos"", ""maravillas""]",3,maravillas,El PDF emplea la expresión «maravillas» en este contexto: «será el fin de estas maravillas».,será el fin de estas maravillas,DAN12-V6-F01,DAN12-V6-F01-VARIANTS,verified,
DAN12-0071,DANIEL7-12,DAN12,"PDF p.25, Daniel 12:7",true_false,hard,"dos hombres, río, varón de lino y juramento","Según PDF p.25, Daniel 12:7, en el pasaje sobre dos hombres, río, varón de lino y juramento, determine si el detalle entre corchetes hace verdadera o falsa esta afirmación: «Oí al varón vestido de lino, que estaba sobre las aguas del río, el cual alzó su mano derecha y su mano ⟦izquierda⟧ al cielo y juró por el que vive por los siglos, que será por tiempo, tiempos y la mitad de un tiempo.»","[""Verdadero"", ""Falso""]",0,Verdadero,La afirmación coincide con el PDF: «mano derecha y su mano izquierda al cielo y juró por el que».,mano derecha y su mano izquierda al cielo y juró por el que,DAN12-V7-F01,DAN12-V7-F01-VARIANTS,verified,
DAN12-0072,DANIEL7-12,DAN12,"PDF p.25, Daniel 12:8",fill_blank,easy,"pregunta de Daniel, pureza y entendimiento","Según PDF p.25, Daniel 12:8, en el pasaje sobre pregunta de Daniel, pureza y entendimiento, complete la formulación del PDF: «Yo oí, pero no _____.»","[""entendí"", ""conmigo"", ""delante"", ""dominio""]",0,entendí,"El PDF emplea la expresión «entendí» en este contexto: «Yo oí, pero no entendí».","Yo oí, pero no entendí",DAN12-V8-F01,DAN12-V8-F01-VARIANTS,verified,
DAN12-0073,DANIEL7-12,DAN12,"PDF p.25, Daniel 12:9",multiple_choice,expert,"pregunta de Daniel, pureza y entendimiento","Según PDF p.25, Daniel 12:9, en el pasaje sobre pregunta de Daniel, pureza y entendimiento, ¿Cuál opción mantiene sin alterar el detalle y el orden de la fuente? Marco: «cerradas y selladas hasta el [DETALLE]»","[""cerradas y selladas hasta el tiempo del fin"", ""cerradas y selladas hasta el hijo de hombre"", ""cerradas y selladas hasta el Anciano de días"", ""cerradas y selladas hasta el rey del norte""]",0,cerradas y selladas hasta el tiempo del fin,La opción correcta conserva el detalle «tiempo del fin» tal como aparece en la fuente: «cerradas y selladas hasta el tiempo del fin».,cerradas y selladas hasta el tiempo del fin,DAN12-V9-F01,DAN12-V9-F01-VARIANTS,verified,
DAN12-0074,DANIEL7-12,DAN12,"PDF p.25, Daniel 12:10",true_false,hard,"pregunta de Daniel, pureza y entendimiento","Según PDF p.25, Daniel 12:10, en el pasaje sobre pregunta de Daniel, pureza y entendimiento, determine si el detalle entre corchetes hace verdadera o falsa esta afirmación: «Muchos serán limpios, ⟦Bienaventurado⟧ y purificados»","[""Verdadero"", ""Falso""]",1,Falso,"La afirmación cambia «emblanquecidos». La corrección exacta es: «Muchos serán limpios, emblanquecidos y purificados»","Muchos serán limpios, emblanquecidos y purificados",DAN12-V10-F01,DAN12-V10-F01-VARIANTS,verified,"Muchos serán limpios, emblanquecidos y purificados"
DAN12-0075,DANIEL7-12,DAN12,"PDF p.25, Daniel 12:11",fill_blank,expert,"1,290, 1,335, reposo y heredad","Según PDF p.25, Daniel 12:11, en el pasaje sobre 1,290, 1,335, reposo y heredad, complete la formulación del PDF: «Desde el tiempo en que sea quitado el _____ hasta la abominación desoladora, habrá mil doscientos noventa días.»","[""cuerno notable"", ""sacrificio continuo"", ""cuerno pequeño"", ""dominio eterno""]",1,sacrificio continuo,"El PDF emplea la expresión «sacrificio continuo» en este contexto: «en que sea quitado el sacrificio continuo hasta la abominación desoladora, habrá mil doscientos».","en que sea quitado el sacrificio continuo hasta la abominación desoladora, habrá mil doscientos",DAN12-V11-F01,DAN12-V11-F01-VARIANTS,verified,
DAN12-0076,DANIEL7-12,DAN12,"PDF p.25, Daniel 12:12",multiple_choice,expert,"1,290, 1,335, reposo y heredad","Según PDF p.25, Daniel 12:12, en el pasaje sobre 1,290, 1,335, reposo y heredad, ¿Cuál opción mantiene sin alterar el detalle y el orden de la fuente? Marco: «que espere, y llegue a [DETALLE]»","[""que espere, y llegue a mil doscientos noventa días"", ""que espere, y llegue a mil trescientos treinta y cinco días"", ""que espere, y llegue a cuatro vientos del cielo"", ""que espere, y llegue a cuatro alas de ave""]",1,"que espere, y llegue a mil trescientos treinta y cinco días","La opción correcta conserva el detalle «mil trescientos treinta y cinco días» tal como aparece en la fuente: «que espere, y llegue a mil trescientos treinta y cinco días».","que espere, y llegue a mil trescientos treinta y cinco días",DAN12-V12-F01,DAN12-V12-F01-VARIANTS,verified,
DAN12-0077,DANIEL7-12,DAN12,"PDF p.25, Daniel 12:13",true_false,hard,"1,290, 1,335, reposo y heredad","Según PDF p.25, Daniel 12:13, en el pasaje sobre 1,290, 1,335, reposo y heredad, determine si el detalle entre corchetes hace verdadera o falsa esta afirmación: «En cuanto a ti, tú irás hasta el fin, y ⟦reposarás⟧, y te levantarás para recibir tu heredad al fin de los días.”»","[""Verdadero"", ""Falso""]",0,Verdadero,"La afirmación coincide con el PDF: «irás hasta el fin, y reposarás, y te levantarás para recibir tu heredad».","irás hasta el fin, y reposarás, y te levantarás para recibir tu heredad",DAN12-V13-F01,DAN12-V13-F01-VARIANTS,verified,
DAN12-0078,DANIEL7-12,DAN12,"PDF p.25, Daniel 12:1",fill_blank,medium,"Miguel, angustia, libro y resurrección","Según PDF p.25, Daniel 12:1, en el pasaje sobre Miguel, angustia, libro y resurrección, complete la formulación del PDF: «pero en aquel tiempo será _____ tu pueblo, todos los que se hallen inscritos en el libro.»","[""arruinado"", ""confiados"", ""libertado"", ""consumida""]",2,libertado,"El PDF emplea la expresión «libertado» en este contexto: «pero en aquel tiempo será libertado tu pueblo, todos los que se hallen».","pero en aquel tiempo será libertado tu pueblo, todos los que se hallen",DAN12-V1-F12,DAN12-V1-F12-VARIANTS,verified,
DAN12-0079,DANIEL7-12,DAN12,"PDF p.25, Daniel 12:2",multiple_choice,hard,"Miguel, angustia, libro y resurrección","Según PDF p.25, Daniel 12:2, en el pasaje sobre Miguel, angustia, libro y resurrección, ¿Qué opción restituye con precisión la relación descrita? Marco: «para vida eterna, otros para [DETALLE] y confusión perpetua»","[""para vida eterna, otros para Aconteció y confusión perpetua"", ""para vida eterna, otros para asoladora y confusión perpetua"", ""para vida eterna, otros para vergüenza y confusión perpetua"", ""para vida eterna, otros para diferente y confusión perpetua""]",2,"para vida eterna, otros para vergüenza y confusión perpetua","La opción correcta conserva el detalle «vergüenza» tal como aparece en la fuente: «para vida eterna, otros para vergüenza y confusión perpetua».","para vida eterna, otros para vergüenza y confusión perpetua",DAN12-V2-F02,DAN12-V2-F02-VARIANTS,verified,
DAN12-0080,DANIEL7-12,DAN12,"PDF p.25, Daniel 12:3",true_false,medium,"Miguel, angustia, libro y resurrección","Según PDF p.25, Daniel 12:3, en el pasaje sobre Miguel, angustia, libro y resurrección, determine si el detalle entre corchetes hace verdadera o falsa esta afirmación: «Los entendidos resplandecerán como el ⟦destruidas⟧ del firmamento»","[""Verdadero"", ""Falso""]",1,Falso,La afirmación cambia «resplandor». La corrección exacta es: «Los entendidos resplandecerán como el resplandor del firmamento»,Los entendidos resplandecerán como el resplandor del firmamento,DAN12-V3-F02,DAN12-V3-F02-VARIANTS,verified,Los entendidos resplandecerán como el resplandor del firmamento
DAN12-0081,DANIEL7-12,DAN12,"PDF p.25, Daniel 12:4",fill_blank,medium,"entendidos, estrellas, libro y ciencia","Según PDF p.25, Daniel 12:4, en el pasaje sobre entendidos, estrellas, libro y ciencia, complete la formulación del PDF: «Muchos correrán de aquí para allá, y la ciencia _____.”»","[""apoderará"", ""cumplirán"", ""declararé"", ""aumentará""]",3,aumentará,"El PDF emplea la expresión «aumentará» en este contexto: «para allá, y la ciencia aumentará».","para allá, y la ciencia aumentará",DAN12-V4-F06,DAN12-V4-F06-VARIANTS,verified,
DAN12-0082,DANIEL7-12,DAN12,"PDF p.25, Daniel 12:5",multiple_choice,hard,"dos hombres, río, varón de lino y juramento","Según PDF p.25, Daniel 12:5, en el pasaje sobre dos hombres, río, varón de lino y juramento, ¿Qué opción restituye con precisión la relación descrita? Marco: «vi a otros dos que [DETALLE] en pie, uno a este lado del»","[""vi a otros dos que bestias en pie, uno a este lado del"", ""vi a otros dos que hablaba en pie, uno a este lado del"", ""vi a otros dos que bestia en pie, uno a este lado del"", ""vi a otros dos que estaban en pie, uno a este lado del""]",3,"vi a otros dos que estaban en pie, uno a este lado del","La opción correcta conserva el detalle «estaban» tal como aparece en la fuente: «vi a otros dos que estaban en pie, uno a este lado del».","vi a otros dos que estaban en pie, uno a este lado del",DAN12-V5-F02,DAN12-V5-F02-VARIANTS,verified,
DAN12-0083,DANIEL7-12,DAN12,"PDF p.25, Daniel 12:6",true_false,medium,"dos hombres, río, varón de lino y juramento","Según PDF p.25, Daniel 12:6, en el pasaje sobre dos hombres, río, varón de lino y juramento, determine si el detalle entre corchetes hace verdadera o falsa esta afirmación: «Y dijo uno al ⟦varón⟧ vestido de lino que estaba sobre las aguas del río: “¿Cuándo será el fin de estas maravillas?”»","[""Verdadero"", ""Falso""]",0,Verdadero,La afirmación coincide con el PDF: «Y dijo uno al varón vestido de lino que estaba sobre las».,Y dijo uno al varón vestido de lino que estaba sobre las,DAN12-V6-F02,DAN12-V6-F02-VARIANTS,verified,
DAN12-0084,DANIEL7-12,DAN12,"PDF p.25, Daniel 12:7",fill_blank,medium,"dos hombres, río, varón de lino y juramento","Según PDF p.25, Daniel 12:7, en el pasaje sobre dos hombres, río, varón de lino y juramento, complete la formulación del PDF: «Y cuando se acabe la _____ del poder del pueblo santo, todas estas cosas se cumplirán.»","[""dispersión"", ""cautividad"", ""inundación"", ""confesión""]",0,dispersión,"El PDF emplea la expresión «dispersión» en este contexto: «Y cuando se acabe la dispersión del poder del pueblo santo, todas estas».","Y cuando se acabe la dispersión del poder del pueblo santo, todas estas",DAN12-V7-F12,DAN12-V7-F12-VARIANTS,verified,
DAN12-0085,DANIEL7-12,DAN12,"PDF p.25, Daniel 12:8",multiple_choice,easy,"pregunta de Daniel, pureza y entendimiento","Según PDF p.25, Daniel 12:8, en el pasaje sobre pregunta de Daniel, pureza y entendimiento, ¿Qué expresión completa correctamente el detalle señalado? Marco: «será el fin de estas [DETALLE]»","[""será el fin de estas cosas"", ""será el fin de estas actos"", ""será el fin de estas otros"", ""será el fin de estas reyes""]",0,será el fin de estas cosas,La opción correcta conserva el detalle «cosas» tal como aparece en la fuente: «será el fin de estas cosas».,será el fin de estas cosas,DAN12-V8-F02,DAN12-V8-F02-VARIANTS,verified,
DAN12-0086,DANIEL7-12,DAN12,"PDF p.25, Daniel 12:9",true_false,medium,"pregunta de Daniel, pureza y entendimiento","Según PDF p.25, Daniel 12:9, en el pasaje sobre pregunta de Daniel, pureza y entendimiento, determine si el detalle entre corchetes hace verdadera o falsa esta afirmación: «Él ⟦respondió⟧: “Anda, Daniel, pues estas palabras están cerradas y selladas hasta el tiempo del fin.»","[""Verdadero"", ""Falso""]",0,Verdadero,"La afirmación coincide con el PDF: «Él respondió: “Anda, Daniel, pues estas palabras están cerradas».","Él respondió: “Anda, Daniel, pues estas palabras están cerradas",DAN12-V9-F02,DAN12-V9-F02-VARIANTS,verified,
DAN12-0087,DANIEL7-12,DAN12,"PDF p.25, Daniel 12:10",fill_blank,medium,"pregunta de Daniel, pureza y entendimiento","Según PDF p.25, Daniel 12:10, en el pasaje sobre pregunta de Daniel, pureza y entendimiento, complete la formulación del PDF: «Muchos serán limpios, emblanquecidos y _____»","[""despertados"", ""purificados"", ""determinado"", ""fortalecido""]",1,purificados,"El PDF emplea la expresión «purificados» en este contexto: «Muchos serán limpios, emblanquecidos y purificados».","Muchos serán limpios, emblanquecidos y purificados",DAN12-V10-F02,DAN12-V10-F02-VARIANTS,verified,
DAN12-0088,DANIEL7-12,DAN12,"PDF p.25, Daniel 12:11",multiple_choice,expert,"1,290, 1,335, reposo y heredad","Según PDF p.25, Daniel 12:11, en el pasaje sobre 1,290, 1,335, reposo y heredad, ¿Cuál opción mantiene sin alterar el detalle y el orden de la fuente? Marco: «el sacrificio continuo hasta la [DETALLE], habrá mil doscientos noventa días»","[""el sacrificio continuo hasta la tierra gloriosa, habrá mil doscientos noventa días"", ""el sacrificio continuo hasta la abominación desoladora, habrá mil doscientos noventa días"", ""el sacrificio continuo hasta la ciudad fuerte, habrá mil doscientos noventa días"", ""el sacrificio continuo hasta la lana limpia, habrá mil doscientos noventa días""]",1,"el sacrificio continuo hasta la abominación desoladora, habrá mil doscientos noventa días","La opción correcta conserva el detalle «abominación desoladora» tal como aparece en la fuente: «el sacrificio continuo hasta la abominación desoladora, habrá mil doscientos noventa días».","el sacrificio continuo hasta la abominación desoladora, habrá mil doscientos noventa días",DAN12-V11-F02,DAN12-V11-F02-VARIANTS,verified,
DAN12-0089,DANIEL7-12,DAN12,"PDF p.25, Daniel 12:12",true_false,hard,"1,290, 1,335, reposo y heredad","Según PDF p.25, Daniel 12:12, en el pasaje sobre 1,290, 1,335, reposo y heredad, determine si el detalle entre corchetes hace verdadera o falsa esta afirmación: «⟦emblanquecidos⟧ el que espere, y llegue a mil trescientos treinta y cinco días.»","[""Verdadero"", ""Falso""]",1,Falso,"La afirmación cambia «Bienaventurado». La corrección exacta es: «Bienaventurado el que espere, y llegue a mil trescientos treinta y cinco días.»","Bienaventurado el que espere, y llegue a mil",DAN12-V12-F02,DAN12-V12-F02-VARIANTS,verified,"Bienaventurado el que espere, y llegue a mil trescientos treinta y cinco días."
DAN12-0090,DANIEL7-12,DAN12,"PDF p.25, Daniel 12:13",fill_blank,hard,"1,290, 1,335, reposo y heredad","Según PDF p.25, Daniel 12:13, en el pasaje sobre 1,290, 1,335, reposo y heredad, complete la formulación del PDF: «En cuanto a ti, tú irás hasta el fin, y reposarás, y te _____ para recibir tu heredad al fin de los días.”»","[""confirmará"", ""contenderá"", ""levantarás"", ""Despertará""]",2,levantarás,"El PDF emplea la expresión «levantarás» en este contexto: «fin, y reposarás, y te levantarás para recibir tu heredad al fin de».","fin, y reposarás, y te levantarás para recibir tu heredad al fin de",DAN12-V13-F02,DAN12-V13-F02-VARIANTS,verified,
DAN12-0091,DANIEL7-12,DAN12,"PDF p.25, Daniel 12:1",multiple_choice,medium,"Miguel, angustia, libro y resurrección","Según PDF p.25, Daniel 12:1, en el pasaje sobre Miguel, angustia, libro y resurrección, ¿Cuál opción conserva el dato exacto de la fuente? Marco: «todos los que se hallen [DETALLE] en el libro»","[""todos los que se hallen antorchas en el libro"", ""todos los que se hallen convenios en el libro"", ""todos los que se hallen inscritos en el libro"", ""todos los que se hallen ejércitos en el libro""]",2,todos los que se hallen inscritos en el libro,La opción correcta conserva el detalle «inscritos» tal como aparece en la fuente: «todos los que se hallen inscritos en el libro».,todos los que se hallen inscritos en el libro,DAN12-V1-F13,DAN12-V1-F13-VARIANTS,verified,
DAN12-0092,DANIEL7-12,DAN12,"PDF p.25, Daniel 12:2",true_false,medium,"Miguel, angustia, libro y resurrección","Según PDF p.25, Daniel 12:2, en el pasaje sobre Miguel, angustia, libro y resurrección, determine si el detalle entre corchetes hace verdadera o falsa esta afirmación: «Muchos de los que duermen en el polvo de la tierra serán despertados: unos para vida eterna, otros para vergüenza y ⟦confusión⟧ perpetua.»","[""Verdadero"", ""Falso""]",0,Verdadero,"La afirmación coincide con el PDF: «eterna, otros para vergüenza y confusión perpetua».","eterna, otros para vergüenza y confusión perpetua",DAN12-V2-F03,DAN12-V2-F03-VARIANTS,verified,
DAN12-0093,DANIEL7-12,DAN12,"PDF p.25, Daniel 12:3",fill_blank,easy,"Miguel, angustia, libro y resurrección","Según PDF p.25, Daniel 12:3, en el pasaje sobre Miguel, angustia, libro y resurrección, complete la formulación del PDF: «Los entendidos resplandecerán como el resplandor del _____»","[""destruidas"", ""resplandor"", ""sacrificio"", ""firmamento""]",3,firmamento,El PDF emplea la expresión «firmamento» en este contexto: «resplandecerán como el resplandor del firmamento».,resplandecerán como el resplandor del firmamento,DAN12-V3-F03,DAN12-V3-F03-VARIANTS,verified,
DAN12-0094,DANIEL7-12,DAN12,"PDF p.25, Daniel 12:4",multiple_choice,medium,"entendidos, estrellas, libro y ciencia","Según PDF p.25, Daniel 12:4, en el pasaje sobre entendidos, estrellas, libro y ciencia, ¿Cuál opción conserva el dato exacto de la fuente? Marco: «Pero tú, Daniel, [DETALLE] las palabras y sella el libro hasta»","[""Pero tú, Daniel, cabrío las palabras y sella el libro hasta"", ""Pero tú, Daniel, creció las palabras y sella el libro hasta"", ""Pero tú, Daniel, cuanto las palabras y sella el libro hasta"", ""Pero tú, Daniel, cierra las palabras y sella el libro hasta""]",3,"Pero tú, Daniel, cierra las palabras y sella el libro hasta","La opción correcta conserva el detalle «cierra» tal como aparece en la fuente: «Pero tú, Daniel, cierra las palabras y sella el libro hasta».","Pero tú, Daniel, cierra las palabras y sella el libro hasta",DAN12-V4-F02,DAN12-V4-F02-VARIANTS,verified,
DAN12-0095,DANIEL7-12,DAN12,"PDF p.25, Daniel 12:6",true_false,hard,"dos hombres, río, varón de lino y juramento","Según PDF p.25, Daniel 12:6, en el pasaje sobre dos hombres, río, varón de lino y juramento, determine si el detalle entre corchetes hace verdadera o falsa esta afirmación: «Y dijo uno al varón ⟦dormido⟧ de lino que estaba sobre las aguas del río: “¿Cuándo será el fin de estas maravillas?”»","[""Verdadero"", ""Falso""]",1,Falso,La afirmación cambia «vestido». La corrección exacta es: «Y dijo uno al varón vestido de lino que estaba sobre las aguas del río: “¿Cuándo será el fin de estas maravillas?”»,Y dijo uno al varón vestido de lino que estaba sobre las aguas,DAN12-V6-F03,DAN12-V6-F03-VARIANTS,verified,Y dijo uno al varón vestido de lino que estaba sobre las aguas del río: “¿Cuándo será el fin de estas maravillas?”
DAN12-0096,DANIEL7-12,DAN12,"PDF p.25, Daniel 12:7",fill_blank,medium,"dos hombres, río, varón de lino y juramento","Según PDF p.25, Daniel 12:7, en el pasaje sobre dos hombres, río, varón de lino y juramento, complete la formulación del PDF: «Y cuando se acabe la dispersión del poder del pueblo santo, todas estas cosas se _____.»","[""cumplirán"", ""apoderará"", ""aumentará"", ""declararé""]",0,cumplirán,"El PDF emplea la expresión «cumplirán» en este contexto: «santo, todas estas cosas se cumplirán».","santo, todas estas cosas se cumplirán",DAN12-V7-F13,DAN12-V7-F13-VARIANTS,verified,
DAN12-0097,DANIEL7-12,DAN12,"PDF p.25, Daniel 12:8",multiple_choice,medium,"pregunta de Daniel, pureza y entendimiento","Según PDF p.25, Daniel 12:8, en el pasaje sobre pregunta de Daniel, pureza y entendimiento, ¿Cuál opción conserva el dato exacto de la fuente? Marco: «Dije [DETALLE]: “Señor mío, ¿cuál será el fin de»","[""Dije entonces: “Señor mío, ¿cuál será el fin de"", ""Dije enemigas: “Señor mío, ¿cuál será el fin de"", ""Dije nosotros: “Señor mío, ¿cuál será el fin de"", ""Dije palabras: “Señor mío, ¿cuál será el fin de""]",0,"Dije entonces: “Señor mío, ¿cuál será el fin de","La opción correcta conserva el detalle «entonces» tal como aparece en la fuente: «Dije entonces: “Señor mío, ¿cuál será el fin de».","Dije entonces: “Señor mío, ¿cuál será el fin de",DAN12-V8-F03,DAN12-V8-F03-VARIANTS,verified,
DAN12-0098,DANIEL7-12,DAN12,"PDF p.25, Daniel 12:9",true_false,medium,"pregunta de Daniel, pureza y entendimiento","Según PDF p.25, Daniel 12:9, en el pasaje sobre pregunta de Daniel, pureza y entendimiento, determine si el detalle entre corchetes hace verdadera o falsa esta afirmación: «Él respondió: “Anda, Daniel, pues estas ⟦palabras⟧ están cerradas y selladas hasta el tiempo del fin.»","[""Verdadero"", ""Falso""]",0,Verdadero,"La afirmación coincide con el PDF: «respondió: “Anda, Daniel, pues estas palabras están cerradas y selladas hasta el tiempo».","respondió: “Anda, Daniel, pues estas palabras están cerradas y selladas hasta el tiempo",DAN12-V9-F03,DAN12-V9-F03-VARIANTS,verified,
DAN12-0099,DANIEL7-12,DAN12,"PDF p.25, Daniel 12:10",fill_blank,medium,"pregunta de Daniel, pureza y entendimiento","Según PDF p.25, Daniel 12:10, en el pasaje sobre pregunta de Daniel, pureza y entendimiento, complete la formulación del PDF: «los impíos _____ impíamente, y ninguno de los impíos entenderá»","[""confirmará"", ""procederán"", ""contenderá"", ""Despertará""]",1,procederán,"El PDF emplea la expresión «procederán» en este contexto: «los impíos procederán impíamente, y ninguno de los impíos entenderá».","los impíos procederán impíamente, y ninguno de los impíos entenderá",DAN12-V10-F06,DAN12-V10-F06-VARIANTS,verified,
DAN12-0100,DANIEL7-12,DAN12,"PDF p.25, Daniel 12:11",multiple_choice,expert,"1,290, 1,335, reposo y heredad","Según PDF p.25, Daniel 12:11, en el pasaje sobre 1,290, 1,335, reposo y heredad, ¿Cuál opción mantiene sin alterar el detalle y el orden de la fuente? Marco: «hasta la abominación desoladora, habrá [DETALLE]»","[""hasta la abominación desoladora, habrá cuatro vientos del cielo"", ""hasta la abominación desoladora, habrá mil doscientos noventa días"", ""hasta la abominación desoladora, habrá cuatro alas de ave"", ""hasta la abominación desoladora, habrá millones de millones""]",1,"hasta la abominación desoladora, habrá mil doscientos noventa días","La opción correcta conserva el detalle «mil doscientos noventa días» tal como aparece en la fuente: «hasta la abominación desoladora, habrá mil doscientos noventa días».","hasta la abominación desoladora, habrá mil doscientos noventa días",DAN12-V11-F03,DAN12-V11-F03-VARIANTS,verified,
