id,bank,chapter,source_ref,type,difficulty,topic,question,options,correct_option,correct_answer,explanation,source_quote,fact_id,variant_group,validation_status,correction
PR39-0001,PR39-44,PR39,"PDF p.27, PR39, párrafo 3",multiple_choice,hard,"cautiverio, misión y cambio de nombres","Según PDF p.27, PR39, párrafo 3, en el pasaje sobre cautiverio, misión y cambio de nombres, ¿Qué opción restituye con precisión la relación descrita? Marco: «los caldeos, y que durante [DETALLE] se les concediesen las ventajas educativas que»","[""los caldeos, y que durante tres años se les concediesen las ventajas educativas que"", ""los caldeos, y que durante diez días se les concediesen las ventajas educativas que"", ""los caldeos, y que durante seis codos se les concediesen las ventajas educativas que"", ""los caldeos, y que durante siete veces se les concediesen las ventajas educativas que""]",0,"los caldeos, y que durante tres años se les concediesen las ventajas educativas que","La opción correcta conserva el detalle «tres años» tal como aparece en la fuente: «los caldeos, y que durante tres años se les concediesen las ventajas educativas que».","los caldeos, y que durante tres años se les concediesen las ventajas educativas que",PR39-P027-F82,PR39-P027-F82-VARIANTS,verified,
PR39-0002,PR39-44,PR39,"PDF p.28, PR39, párrafo 2",fill_blank,hard,"alimento real, vino e idolatría","Según PDF p.28, PR39, párrafo 2, en el pasaje sobre alimento real, vino e idolatría, complete la formulación del PDF: «Los padres de Daniel y sus compañeros les habían inculcado hábitos de _____.»","[""estricta templanza"", ""responsabilidad"", ""interpretación"", ""consideración""]",0,estricta templanza,El PDF emplea la expresión «estricta templanza» en este contexto: «les habían inculcado hábitos de estricta templanza».,les habían inculcado hábitos de estricta templanza,PR39-P028-F32,PR39-P028-F32-VARIANTS,verified,
PR39-0003,PR39-44,PR39,"PDF p.29, PR39, párrafo 1",multiple_choice,hard,"Melsar, prueba de diez días y templanza","Según PDF p.29, PR39, párrafo 1, en el pasaje sobre Melsar, prueba de diez días y templanza, ¿Qué opción restituye con precisión la relación descrita? Marco: «se hiciese una prueba de [DETALLE], durante los cuales se proveería alimento sencillo»","[""se hiciese una prueba de tres años, durante los cuales se proveería alimento sencillo"", ""se hiciese una prueba de diez días, durante los cuales se proveería alimento sencillo"", ""se hiciese una prueba de seis codos, durante los cuales se proveería alimento sencillo"", ""se hiciese una prueba de siete veces, durante los cuales se proveería alimento sencillo""]",1,"se hiciese una prueba de diez días, durante los cuales se proveería alimento sencillo","La opción correcta conserva el detalle «diez días» tal como aparece en la fuente: «se hiciese una prueba de diez días, durante los cuales se proveería alimento sencillo».","se hiciese una prueba de diez días, durante los cuales se proveería alimento sencillo",PR39-P029-F13,PR39-P029-F13-VARIANTS,verified,
PR39-0004,PR39-44,PR39,"PDF p.30, PR39, párrafo 2",fill_blank,hard,"educación, salud y verdadero éxito","Según PDF p.30, PR39, párrafo 2, en el pasaje sobre educación, salud y verdadero éxito, complete la formulación del PDF: «En cualquier ramo de trabajo, el _____ no es resultado de la casualidad ni del destino.»","[""Vigía invisible"", ""verdadero éxito"", ""Dios viviente"", ""reino eterno""]",1,verdadero éxito,"El PDF emplea la expresión «verdadero éxito» en este contexto: «cualquier ramo de trabajo, el verdadero éxito no es resultado de la casualidad ni».","cualquier ramo de trabajo, el verdadero éxito no es resultado de la casualidad ni",PR39-P030-F77,PR39-P030-F77-VARIANTS,verified,
PR39-0005,PR39-44,PR39,"PDF p.31, PR39, párrafo 1",multiple_choice,medium,"cooperación divina, deberes pequeños y carácter","Según PDF p.31, PR39, párrafo 1, en el pasaje sobre cooperación divina, deberes pequeños y carácter, ¿Cuál opción conserva el dato exacto de la fuente? Marco: «En la vida del [DETALLE] cristiano, no hay cosas que no sean»","[""En la vida del consejero cristiano, no hay cosas que no sean"", ""En la vida del escenario cristiano, no hay cosas que no sean"", ""En la vida del verdadero cristiano, no hay cosas que no sean"", ""En la vida del esplendor cristiano, no hay cosas que no sean""]",2,"En la vida del verdadero cristiano, no hay cosas que no sean","La opción correcta conserva el detalle «verdadero» tal como aparece en la fuente: «En la vida del verdadero cristiano, no hay cosas que no sean».","En la vida del verdadero cristiano, no hay cosas que no sean",PR39-P031-F01,PR39-P031-F01-VARIANTS,verified,
PR39-0006,PR39-44,PR39,"PDF p.32, PR39, párrafo 1",fill_blank,hard,aplicación a los jóvenes actuales,"Según PDF p.32, PR39, párrafo 1, en el pasaje sobre aplicación a los jóvenes actuales, complete la formulación del PDF: «pueden sacar fuerza de la misma fuente, poseer el mismo poder de dominio propio y revelar la misma gracia en su vida, aun en _____ tan desfavorables como las que predominaban entonces.»","[""misericordias"", ""predominaban"", ""circunstancias"", ""representaba""]",2,circunstancias,"El PDF emplea la expresión «circunstancias» en este contexto: «en su vida, aun en circunstancias tan desfavorables como las que predominaban entonces».","en su vida, aun en circunstancias tan desfavorables como las que predominaban entonces",PR39-P032-F06,PR39-P032-F06-VARIANTS,verified,
PR39-0007,PR39-44,PR39,"PDF p.27, PR39, párrafo 1",multiple_choice,expert,"cautiverio, misión y cambio de nombres","Según PDF p.27, PR39, párrafo 1, en el pasaje sobre cautiverio, misión y cambio de nombres, ¿Cuál opción mantiene sin alterar el detalle y el orden de la fuente? Marco: «El hecho de que esos [DETALLE] de Jehová estuviesen cautivos en Babilonia y»","[""El hecho de que esos astrólogos de Jehová estuviesen cautivos en Babilonia y"", ""El hecho de que esos cristianas de Jehová estuviesen cautivos en Babilonia y"", ""El hecho de que esos debiéramos de Jehová estuviesen cautivos en Babilonia y"", ""El hecho de que esos adoradores de Jehová estuviesen cautivos en Babilonia y""]",3,El hecho de que esos adoradores de Jehová estuviesen cautivos en Babilonia y,La opción correcta conserva el detalle «adoradores» tal como aparece en la fuente: «El hecho de que esos adoradores de Jehová estuviesen cautivos en Babilonia y».,El hecho de que esos adoradores de Jehová estuviesen cautivos en Babilonia y,PR39-P027-F01,PR39-P027-F01-VARIANTS,verified,
PR39-0008,PR39-44,PR39,"PDF p.28, PR39, párrafo 1",fill_blank,hard,"alimento real, vino e idolatría","Según PDF p.28, PR39, párrafo 1, en el pasaje sobre alimento real, vino e idolatría, complete la formulación del PDF: «Tampoco podían correr el riesgo que _____ el efecto enervador del lujo y la disipación sobre el desarrollo físico, mental y espiritual.»","[""predominaban"", ""Medo-Persia"", ""misericordias"", ""representaba""]",3,representaba,El PDF emplea la expresión «representaba» en este contexto: «podían correr el riesgo que representaba el efecto enervador del lujo y la».,podían correr el riesgo que representaba el efecto enervador del lujo y la,PR39-P028-F01,PR39-P028-F01-VARIANTS,verified,
PR39-0009,PR39-44,PR39,"PDF p.29, PR39, párrafo 2",multiple_choice,hard,"Melsar, prueba de diez días y templanza","Según PDF p.29, PR39, párrafo 2, en el pasaje sobre Melsar, prueba de diez días y templanza, ¿Qué opción restituye con precisión la relación descrita? Marco: «fin de la prueba de [DETALLE], el resultado era lo opuesto de lo»","[""fin de la prueba de diez días, el resultado era lo opuesto de lo"", ""fin de la prueba de tres años, el resultado era lo opuesto de lo"", ""fin de la prueba de seis codos, el resultado era lo opuesto de lo"", ""fin de la prueba de siete veces, el resultado era lo opuesto de lo""]",0,"fin de la prueba de diez días, el resultado era lo opuesto de lo","La opción correcta conserva el detalle «diez días» tal como aparece en la fuente: «fin de la prueba de diez días, el resultado era lo opuesto de lo».","fin de la prueba de diez días, el resultado era lo opuesto de lo",PR39-P029-F34,PR39-P029-F34-VARIANTS,verified,
PR39-0010,PR39-44,PR39,"PDF p.30, PR39, párrafo 3",fill_blank,expert,"educación, salud y verdadero éxito","Según PDF p.30, PR39, párrafo 3, en el pasaje sobre educación, salud y verdadero éxito, complete la formulación del PDF: «En esto se revela cómo obra el principio divino de cooperación, sin la cual no puede alcanzarse _____.»","[""verdadero éxito"", ""Vigía invisible"", ""Dios viviente"", ""reino eterno""]",0,verdadero éxito,El PDF emplea la expresión «verdadero éxito» en este contexto: «la cual no puede alcanzarse verdadero éxito».,la cual no puede alcanzarse verdadero éxito,PR39-P030-F109,PR39-P030-F109-VARIANTS,verified,
PR39-0011,PR39-44,PR39,"PDF p.31, PR39, párrafo 1",multiple_choice,medium,"cooperación divina, deberes pequeños y carácter","Según PDF p.31, PR39, párrafo 1, en el pasaje sobre cooperación divina, deberes pequeños y carácter, ¿Cuál opción conserva el dato exacto de la fuente? Marco: «En la vida del verdadero [DETALLE], no hay cosas que no sean esenciales»","[""En la vida del verdadero abrumador, no hay cosas que no sean esenciales"", ""En la vida del verdadero cristiano, no hay cosas que no sean esenciales"", ""En la vida del verdadero aliviarla, no hay cosas que no sean esenciales"", ""En la vida del verdadero atestiguó, no hay cosas que no sean esenciales""]",1,"En la vida del verdadero cristiano, no hay cosas que no sean esenciales","La opción correcta conserva el detalle «cristiano» tal como aparece en la fuente: «En la vida del verdadero cristiano, no hay cosas que no sean esenciales».","En la vida del verdadero cristiano, no hay cosas que no sean esenciales",PR39-P031-F02,PR39-P031-F02-VARIANTS,verified,
PR39-0012,PR39-44,PR39,"PDF p.32, PR39, párrafo 1",fill_blank,hard,aplicación a los jóvenes actuales,"Según PDF p.32, PR39, párrafo 1, en el pasaje sobre aplicación a los jóvenes actuales, complete la formulación del PDF: «pueden sacar fuerza de la misma fuente, poseer el mismo poder de dominio propio y revelar la misma gracia en su vida, aun en circunstancias tan _____ como las que predominaban entonces.»","[""encantamentos"", ""desfavorables"", ""humillaciones"", ""retribuciones""]",1,desfavorables,"El PDF emplea la expresión «desfavorables» en este contexto: «vida, aun en circunstancias tan desfavorables como las que predominaban entonces».","vida, aun en circunstancias tan desfavorables como las que predominaban entonces",PR39-P032-F07,PR39-P032-F07-VARIANTS,verified,
PR39-0013,PR39-44,PR39,"PDF p.27, PR39, párrafo 1",multiple_choice,expert,"cautiverio, misión y cambio de nombres","Según PDF p.27, PR39, párrafo 1, en el pasaje sobre cautiverio, misión y cambio de nombres, ¿Cuál opción mantiene sin alterar el detalle y el orden de la fuente? Marco: «que esos adoradores de Jehová [DETALLE] cautivos en Babilonia y de que los»","[""que esos adoradores de Jehová habitasen cautivos en Babilonia y de que los"", ""que esos adoradores de Jehová recibiese cautivos en Babilonia y de que los"", ""que esos adoradores de Jehová estuviesen cautivos en Babilonia y de que los"", ""que esos adoradores de Jehová revelasen cautivos en Babilonia y de que los""]",2,que esos adoradores de Jehová estuviesen cautivos en Babilonia y de que los,La opción correcta conserva el detalle «estuviesen» tal como aparece en la fuente: «que esos adoradores de Jehová estuviesen cautivos en Babilonia y de que los».,que esos adoradores de Jehová estuviesen cautivos en Babilonia y de que los,PR39-P027-F02,PR39-P027-F02-VARIANTS,verified,
PR39-0014,PR39-44,PR39,"PDF p.28, PR39, párrafo 1",fill_blank,medium,"alimento real, vino e idolatría","Según PDF p.28, PR39, párrafo 1, en el pasaje sobre alimento real, vino e idolatría, complete la formulación del PDF: «Tampoco podían correr el riesgo que representaba el efecto _____ del lujo y la disipación sobre el desarrollo físico, mental y espiritual.»","[""abrumador"", ""aliviarla"", ""enervador"", ""atestiguó""]",2,enervador,El PDF emplea la expresión «enervador» en este contexto: «riesgo que representaba el efecto enervador del lujo y la disipación sobre el».,riesgo que representaba el efecto enervador del lujo y la disipación sobre el,PR39-P028-F02,PR39-P028-F02-VARIANTS,verified,
PR39-0015,PR39-44,PR39,"PDF p.29, PR39, párrafo 3",multiple_choice,hard,"Melsar, prueba de diez días y templanza","Según PDF p.29, PR39, párrafo 3, en el pasaje sobre Melsar, prueba de diez días y templanza, ¿Qué opción restituye con precisión la relación descrita? Marco: «Los jóvenes hebreos estudiaron [DETALLE] “las letras y la lengua de los»","[""Los jóvenes hebreos estudiaron diez días “las letras y la lengua de los"", ""Los jóvenes hebreos estudiaron seis codos “las letras y la lengua de los"", ""Los jóvenes hebreos estudiaron siete veces “las letras y la lengua de los"", ""Los jóvenes hebreos estudiaron tres años “las letras y la lengua de los""]",3,Los jóvenes hebreos estudiaron tres años “las letras y la lengua de los,La opción correcta conserva el detalle «tres años» tal como aparece en la fuente: «Los jóvenes hebreos estudiaron tres años “las letras y la lengua de los».,Los jóvenes hebreos estudiaron tres años “las letras y la lengua de los,PR39-P029-F67,PR39-P029-F67-VARIANTS,verified,
PR39-0016,PR39-44,PR39,"PDF p.30, PR39, párrafo 1",true_false,medium,"educación, salud y verdadero éxito","Según PDF p.30, PR39, párrafo 1, en el pasaje sobre educación, salud y verdadero éxito, determine si el detalle entre corchetes hace verdadera o falsa esta afirmación: «Al adquirir la ⟦sabiduría⟧ de los babilonios, Daniel y sus compañeros tuvieron mucho más éxito que los demás estudiantes»","[""Verdadero"", ""Falso""]",0,Verdadero,"La afirmación coincide con el PDF: «Al adquirir la sabiduría de los babilonios, Daniel y sus compañeros».","Al adquirir la sabiduría de los babilonios, Daniel y sus compañeros",PR39-P030-F01,PR39-P030-F01-VARIANTS,verified,
PR39-0017,PR39-44,PR39,"PDF p.31, PR39, párrafo 1",fill_blank,easy,"cooperación divina, deberes pequeños y carácter","Según PDF p.31, PR39, párrafo 1, en el pasaje sobre cooperación divina, deberes pequeños y carácter, complete la formulación del PDF: «En la vida del verdadero cristiano, no hay cosas que no sean _____»","[""adoradores"", ""astrólogos"", ""cristianas"", ""esenciales""]",3,esenciales,El PDF emplea la expresión «esenciales» en este contexto: «hay cosas que no sean esenciales».,hay cosas que no sean esenciales,PR39-P031-F03,PR39-P031-F03-VARIANTS,verified,
PR39-0018,PR39-44,PR39,"PDF p.32, PR39, párrafo 1",multiple_choice,hard,aplicación a los jóvenes actuales,"Según PDF p.32, PR39, párrafo 1, en el pasaje sobre aplicación a los jóvenes actuales, ¿Qué opción restituye con precisión la relación descrita? Marco: «tan desfavorables como las que [DETALLE] entonces»","[""tan desfavorables como las que predominaban entonces"", ""tan desfavorables como las que representaba entonces"", ""tan desfavorables como las que Medo-Persia entonces"", ""tan desfavorables como las que misericordias entonces""]",0,tan desfavorables como las que predominaban entonces,La opción correcta conserva el detalle «predominaban» tal como aparece en la fuente: «tan desfavorables como las que predominaban entonces».,tan desfavorables como las que predominaban entonces,PR39-P032-F08,PR39-P032-F08-VARIANTS,verified,
PR39-0019,PR39-44,PR39,"PDF p.27, PR39, párrafo 1",true_false,hard,"cautiverio, misión y cambio de nombres","Según PDF p.27, PR39, párrafo 1, en el pasaje sobre cautiverio, misión y cambio de nombres, determine si el detalle entre corchetes hace verdadera o falsa esta afirmación: «El hecho de que esos adoradores de Jehová estuviesen cautivos en ⟦Jerusalem⟧ y de que los vasos de la casa de Dios se hallaran en el templo de los dioses babilónicos, era mencionado jactanciosamente por los vencedores como evidencia de que su religión y sus costumbres eran superiores a la religión y las costumbres de los hebreos.»","[""Verdadero"", ""Falso""]",1,Falso,"La afirmación cambia «Babilonia». La corrección exacta es: «El hecho de que esos adoradores de Jehová estuviesen cautivos en Babilonia y de que los vasos de la casa de Dios se hallaran en el templo de los dioses babilónicos, era mencionado jactanciosamente por los vencedores como evidencia de que su religión y sus costumbres eran superiores a la religión y las costumbres de los hebreos.»",de Jehová estuviesen cautivos en Babilonia y de que los vasos de la,PR39-P027-F03,PR39-P027-F03-VARIANTS,verified,"El hecho de que esos adoradores de Jehová estuviesen cautivos en Babilonia y de que los vasos de la casa de Dios se hallaran en el templo de los dioses babilónicos, era mencionado jactanciosamente por los vencedores como evidencia de que su religión y sus costumbres eran superiores a la religión y las costumbres de los hebreos."
PR39-0020,PR39-44,PR39,"PDF p.28, PR39, párrafo 1",fill_blank,medium,"alimento real, vino e idolatría","Según PDF p.28, PR39, párrafo 1, en el pasaje sobre alimento real, vino e idolatría, complete la formulación del PDF: «Tampoco podían correr el riesgo que representaba el efecto enervador del lujo y la _____ sobre el desarrollo físico, mental y espiritual.»","[""disipación"", ""apariencia"", ""casualidad"", ""cautividad""]",0,disipación,"El PDF emplea la expresión «disipación» en este contexto: «enervador del lujo y la disipación sobre el desarrollo físico, mental y espiritual».","enervador del lujo y la disipación sobre el desarrollo físico, mental y espiritual",PR39-P028-F03,PR39-P028-F03-VARIANTS,verified,
PR39-0021,PR39-44,PR39,"PDF p.29, PR39, párrafo 5",multiple_choice,expert,"Melsar, prueba de diez días y templanza","Según PDF p.29, PR39, párrafo 5, en el pasaje sobre Melsar, prueba de diez días y templanza, ¿Cuál opción mantiene sin alterar el detalle y el orden de la fuente? Marco: «el rey les demandó, hallólos [DETALLE] que todos los magos y astrólogos que»","[""el rey les demandó, hallólos cuatro seres vivientes que todos los magos y astrólogos que"", ""el rey les demandó, hallólos diez veces mejores que todos los magos y astrólogos que"", ""el rey les demandó, hallólos ciento veinte gobernadores que todos los magos y astrólogos que"", ""el rey les demandó, hallólos tres presidentes que todos los magos y astrólogos que""]",1,"el rey les demandó, hallólos diez veces mejores que todos los magos y astrólogos que","La opción correcta conserva el detalle «diez veces mejores» tal como aparece en la fuente: «el rey les demandó, hallólos diez veces mejores que todos los magos y astrólogos que».","el rey les demandó, hallólos diez veces mejores que todos los magos y astrólogos que",PR39-P029-F183,PR39-P029-F183-VARIANTS,verified,
PR39-0022,PR39-44,PR39,"PDF p.30, PR39, párrafo 1",true_false,hard,"educación, salud y verdadero éxito","Según PDF p.30, PR39, párrafo 1, en el pasaje sobre educación, salud y verdadero éxito, determine si el detalle entre corchetes hace verdadera o falsa esta afirmación: «Al adquirir la sabiduría de los ⟦asombrados⟧, Daniel y sus compañeros tuvieron mucho más éxito que los demás estudiantes»","[""Verdadero"", ""Falso""]",1,Falso,"La afirmación cambia «babilonios». La corrección exacta es: «Al adquirir la sabiduría de los babilonios, Daniel y sus compañeros tuvieron mucho más éxito que los demás estudiantes»","adquirir la sabiduría de los babilonios, Daniel y sus compañeros tuvieron mucho más",PR39-P030-F02,PR39-P030-F02-VARIANTS,verified,"Al adquirir la sabiduría de los babilonios, Daniel y sus compañeros tuvieron mucho más éxito que los demás estudiantes"
PR39-0023,PR39-44,PR39,"PDF p.31, PR39, párrafo 1",fill_blank,easy,"cooperación divina, deberes pequeños y carácter","Según PDF p.31, PR39, párrafo 1, en el pasaje sobre cooperación divina, deberes pequeños y carácter, complete la formulación del PDF: «a la vista del _____ todo deber es importante.»","[""mandamiento"", ""Omnipotente"", ""pensamiento"", ""significado""]",1,Omnipotente,El PDF emplea la expresión «Omnipotente» en este contexto: «a la vista del Omnipotente todo deber es importante».,a la vista del Omnipotente todo deber es importante,PR39-P031-F05,PR39-P031-F05-VARIANTS,verified,
PR39-0024,PR39-44,PR39,"PDF p.32, PR39, párrafo 1",multiple_choice,hard,aplicación a los jóvenes actuales,"Según PDF p.32, PR39, párrafo 1, en el pasaje sobre aplicación a los jóvenes actuales, ¿Qué opción restituye con precisión la relación descrita? Marco: «Aunque rodeados por [DETALLE] a satisfacer sus apetitos, especialmente en nuestras»","[""Aunque rodeados por adivinanzas a satisfacer sus apetitos, especialmente en nuestras"", ""Aunque rodeados por babilónicos a satisfacer sus apetitos, especialmente en nuestras"", ""Aunque rodeados por tentaciones a satisfacer sus apetitos, especialmente en nuestras"", ""Aunque rodeados por bendecirlos a satisfacer sus apetitos, especialmente en nuestras""]",2,"Aunque rodeados por tentaciones a satisfacer sus apetitos, especialmente en nuestras","La opción correcta conserva el detalle «tentaciones» tal como aparece en la fuente: «Aunque rodeados por tentaciones a satisfacer sus apetitos, especialmente en nuestras».","Aunque rodeados por tentaciones a satisfacer sus apetitos, especialmente en nuestras",PR39-P032-F18,PR39-P032-F18-VARIANTS,verified,
PR39-0025,PR39-44,PR39,"PDF p.27, PR39, párrafo 1",true_false,expert,"cautiverio, misión y cambio de nombres","Según PDF p.27, PR39, párrafo 1, en el pasaje sobre cautiverio, misión y cambio de nombres, determine si el detalle entre corchetes hace verdadera o falsa esta afirmación: «El hecho de que esos adoradores de Jehová estuviesen cautivos en Babilonia y de que los vasos de la casa de Dios se hallaran en el templo de los dioses ⟦adivinanzas⟧, era mencionado jactanciosamente por los vencedores como evidencia de que su religión y sus costumbres eran superiores a la religión y las costumbres de los hebreos.»","[""Verdadero"", ""Falso""]",1,Falso,"La afirmación cambia «babilónicos». La corrección exacta es: «El hecho de que esos adoradores de Jehová estuviesen cautivos en Babilonia y de que los vasos de la casa de Dios se hallaran en el templo de los dioses babilónicos, era mencionado jactanciosamente por los vencedores como evidencia de que su religión y sus costumbres eran superiores a la religión y las costumbres de los hebreos.»","el templo de los dioses babilónicos, era mencionado jactanciosamente por los vencedores como",PR39-P027-F04,PR39-P027-F04-VARIANTS,verified,"El hecho de que esos adoradores de Jehová estuviesen cautivos en Babilonia y de que los vasos de la casa de Dios se hallaran en el templo de los dioses babilónicos, era mencionado jactanciosamente por los vencedores como evidencia de que su religión y sus costumbres eran superiores a la religión y las costumbres de los hebreos."
PR39-0026,PR39-44,PR39,"PDF p.28, PR39, párrafo 1",fill_blank,medium,"alimento real, vino e idolatría","Según PDF p.28, PR39, párrafo 1, en el pasaje sobre alimento real, vino e idolatría, complete la formulación del PDF: «Tampoco podían correr el riesgo que representaba el efecto enervador del lujo y la disipación sobre el _____ físico, mental y espiritual.»","[""fundamento"", ""gobernante"", ""desarrollo"", ""nacimiento""]",2,desarrollo,"El PDF emplea la expresión «desarrollo» en este contexto: «y la disipación sobre el desarrollo físico, mental y espiritual».","y la disipación sobre el desarrollo físico, mental y espiritual",PR39-P028-F04,PR39-P028-F04-VARIANTS,verified,
PR39-0027,PR39-44,PR39,"PDF p.29, PR39, párrafo 4",multiple_choice,easy,"Melsar, prueba de diez días y templanza","Según PDF p.29, PR39, párrafo 4, en el pasaje sobre Melsar, prueba de diez días y templanza, ¿Qué expresión completa correctamente el detalle señalado? Marco: «A estos [DETALLE] muchachos dióles Dios conocimiento e inteligencia en»","[""A estos sesenta muchachos dióles Dios conocimiento e inteligencia en"", ""A estos siete muchachos dióles Dios conocimiento e inteligencia en"", ""A estos treinta muchachos dióles Dios conocimiento e inteligencia en"", ""A estos cuatro muchachos dióles Dios conocimiento e inteligencia en""]",3,A estos cuatro muchachos dióles Dios conocimiento e inteligencia en,La opción correcta conserva el detalle «cuatro» tal como aparece en la fuente: «A estos cuatro muchachos dióles Dios conocimiento e inteligencia en».,A estos cuatro muchachos dióles Dios conocimiento e inteligencia en,PR39-P029-F121,PR39-P029-F121-VARIANTS,verified,
PR39-0028,PR39-44,PR39,"PDF p.30, PR39, párrafo 1",true_false,medium,"educación, salud y verdadero éxito","Según PDF p.30, PR39, párrafo 1, en el pasaje sobre educación, salud y verdadero éxito, determine si el detalle entre corchetes hace verdadera o falsa esta afirmación: «Al adquirir la sabiduría de los babilonios, Daniel y sus ⟦compañeros⟧ tuvieron mucho más éxito que los demás estudiantes»","[""Verdadero"", ""Falso""]",0,Verdadero,"La afirmación coincide con el PDF: «los babilonios, Daniel y sus compañeros tuvieron mucho más éxito que los demás».","los babilonios, Daniel y sus compañeros tuvieron mucho más éxito que los demás",PR39-P030-F03,PR39-P030-F03-VARIANTS,verified,
PR39-0029,PR39-44,PR39,"PDF p.31, PR39, párrafo 1",fill_blank,easy,"cooperación divina, deberes pequeños y carácter","Según PDF p.31, PR39, párrafo 1, en el pasaje sobre cooperación divina, deberes pequeños y carácter, complete la formulación del PDF: «a la vista del Omnipotente todo deber es _____.»","[""babilónico"", ""destruidor"", ""espiritual"", ""importante""]",3,importante,El PDF emplea la expresión «importante» en este contexto: «del Omnipotente todo deber es importante».,del Omnipotente todo deber es importante,PR39-P031-F06,PR39-P031-F06-VARIANTS,verified,
PR39-0030,PR39-44,PR39,"PDF p.32, PR39, párrafo 1",multiple_choice,hard,aplicación a los jóvenes actuales,"Según PDF p.32, PR39, párrafo 1, en el pasaje sobre aplicación a los jóvenes actuales, ¿Qué opción restituye con precisión la relación descrita? Marco: «Aunque rodeados por tentaciones a [DETALLE] sus apetitos, especialmente en nuestras grandes ciudades»","[""Aunque rodeados por tentaciones a satisfacer sus apetitos, especialmente en nuestras grandes ciudades"", ""Aunque rodeados por tentaciones a comprender sus apetitos, especialmente en nuestras grandes ciudades"", ""Aunque rodeados por tentaciones a contemplar sus apetitos, especialmente en nuestras grandes ciudades"", ""Aunque rodeados por tentaciones a desagradar sus apetitos, especialmente en nuestras grandes ciudades""]",0,"Aunque rodeados por tentaciones a satisfacer sus apetitos, especialmente en nuestras grandes ciudades","La opción correcta conserva el detalle «satisfacer» tal como aparece en la fuente: «Aunque rodeados por tentaciones a satisfacer sus apetitos, especialmente en nuestras grandes ciudades».","Aunque rodeados por tentaciones a satisfacer sus apetitos, especialmente en nuestras grandes ciudades",PR39-P032-F19,PR39-P032-F19-VARIANTS,verified,
PR39-0031,PR39-44,PR39,"PDF p.27, PR39, párrafo 1",true_false,expert,"cautiverio, misión y cambio de nombres","Según PDF p.27, PR39, párrafo 1, en el pasaje sobre cautiverio, misión y cambio de nombres, determine si el detalle entre corchetes hace verdadera o falsa esta afirmación: «El hecho de que esos adoradores de Jehová estuviesen cautivos en Babilonia y de que los vasos de la casa de Dios se hallaran en el templo de los dioses babilónicos, era ⟦mencionado⟧ jactanciosamente por los vencedores como evidencia de que su religión y sus costumbres eran superiores a la religión y las costumbres de los hebreos.»","[""Verdadero"", ""Falso""]",0,Verdadero,"La afirmación coincide con el PDF: «de los dioses babilónicos, era mencionado jactanciosamente por los vencedores como evidencia de».","de los dioses babilónicos, era mencionado jactanciosamente por los vencedores como evidencia de",PR39-P027-F05,PR39-P027-F05-VARIANTS,verified,
PR39-0032,PR39-44,PR39,"PDF p.28, PR39, párrafo 1",fill_blank,medium,"alimento real, vino e idolatría","Según PDF p.28, PR39, párrafo 1, en el pasaje sobre alimento real, vino e idolatría, complete la formulación del PDF: «Tampoco podían correr el riesgo que representaba el efecto enervador del lujo y la disipación sobre el desarrollo físico, mental y _____.»","[""espiritual"", ""babilónico"", ""destruidor"", ""extranjero""]",0,espiritual,"El PDF emplea la expresión «espiritual» en este contexto: «el desarrollo físico, mental y espiritual».","el desarrollo físico, mental y espiritual",PR39-P028-F05,PR39-P028-F05-VARIANTS,verified,
PR39-0033,PR39-44,PR39,"PDF p.29, PR39, párrafo 1",multiple_choice,hard,"Melsar, prueba de diez días y templanza","Según PDF p.29, PR39, párrafo 1, en el pasaje sobre Melsar, prueba de diez días y templanza, ¿Qué opción restituye con precisión la relación descrita? Marco: «apeló entonces a Melsar, oficial [DETALLE] especialmente de la juventud hebrea, y solicitó»","[""apeló entonces a Melsar, oficial acarreado especialmente de la juventud hebrea, y solicitó"", ""apeló entonces a Melsar, oficial encargado especialmente de la juventud hebrea, y solicitó"", ""apeló entonces a Melsar, oficial aprendido especialmente de la juventud hebrea, y solicitó"", ""apeló entonces a Melsar, oficial atribuído especialmente de la juventud hebrea, y solicitó""]",1,"apeló entonces a Melsar, oficial encargado especialmente de la juventud hebrea, y solicitó","La opción correcta conserva el detalle «encargado» tal como aparece en la fuente: «apeló entonces a Melsar, oficial encargado especialmente de la juventud hebrea, y solicitó».","apeló entonces a Melsar, oficial encargado especialmente de la juventud hebrea, y solicitó",PR39-P029-F01,PR39-P029-F01-VARIANTS,verified,
PR39-0034,PR39-44,PR39,"PDF p.30, PR39, párrafo 1",true_false,medium,"educación, salud y verdadero éxito","Según PDF p.30, PR39, párrafo 1, en el pasaje sobre educación, salud y verdadero éxito, determine si el detalle entre corchetes hace verdadera o falsa esta afirmación: «Al adquirir la sabiduría de los babilonios, Daniel y sus compañeros tuvieron mucho más éxito que los demás ⟦estudiantes⟧»","[""Verdadero"", ""Falso""]",0,Verdadero,La afirmación coincide con el PDF: «más éxito que los demás estudiantes».,más éxito que los demás estudiantes,PR39-P030-F04,PR39-P030-F04-VARIANTS,verified,
PR39-0035,PR39-44,PR39,"PDF p.31, PR39, párrafo 1",fill_blank,easy,"cooperación divina, deberes pequeños y carácter","Según PDF p.31, PR39, párrafo 1, en el pasaje sobre cooperación divina, deberes pequeños y carácter, complete la formulación del PDF: «El Señor mide con _____ toda posibilidad de servir.»","[""adoración"", ""exactitud"", ""adorareis"", ""autoridad""]",1,exactitud,El PDF emplea la expresión «exactitud» en este contexto: «El Señor mide con exactitud toda posibilidad de servir».,El Señor mide con exactitud toda posibilidad de servir,PR39-P031-F09,PR39-P031-F09-VARIANTS,verified,
PR39-0036,PR39-44,PR39,"PDF p.32, PR39, párrafo 1",multiple_choice,hard,aplicación a los jóvenes actuales,"Según PDF p.32, PR39, párrafo 1, en el pasaje sobre aplicación a los jóvenes actuales, ¿Qué opción restituye con precisión la relación descrita? Marco: «tentaciones a satisfacer sus apetitos, [DETALLE] en nuestras grandes ciudades, donde resulta fácil»","[""tentaciones a satisfacer sus apetitos, completamente en nuestras grandes ciudades, donde resulta fácil"", ""tentaciones a satisfacer sus apetitos, confiadamente en nuestras grandes ciudades, donde resulta fácil"", ""tentaciones a satisfacer sus apetitos, especialmente en nuestras grandes ciudades, donde resulta fácil"", ""tentaciones a satisfacer sus apetitos, correctamente en nuestras grandes ciudades, donde resulta fácil""]",2,"tentaciones a satisfacer sus apetitos, especialmente en nuestras grandes ciudades, donde resulta fácil","La opción correcta conserva el detalle «especialmente» tal como aparece en la fuente: «tentaciones a satisfacer sus apetitos, especialmente en nuestras grandes ciudades, donde resulta fácil».","tentaciones a satisfacer sus apetitos, especialmente en nuestras grandes ciudades, donde resulta fácil",PR39-P032-F20,PR39-P032-F20-VARIANTS,verified,
PR39-0037,PR39-44,PR39,"PDF p.27, PR39, párrafo 1",true_false,expert,"cautiverio, misión y cambio de nombres","Según PDF p.27, PR39, párrafo 1, en el pasaje sobre cautiverio, misión y cambio de nombres, determine si el detalle entre corchetes hace verdadera o falsa esta afirmación: «El hecho de que esos adoradores de Jehová estuviesen cautivos en Babilonia y de que los vasos de la casa de Dios se hallaran en el templo de los dioses babilónicos, era mencionado ⟦jactanciosamente⟧ por los vencedores como evidencia de que su religión y sus costumbres eran superiores a la religión y las costumbres de los hebreos.»","[""Verdadero"", ""Falso""]",0,Verdadero,"La afirmación coincide con el PDF: «los dioses babilónicos, era mencionado jactanciosamente por los vencedores como evidencia de que».","los dioses babilónicos, era mencionado jactanciosamente por los vencedores como evidencia de que",PR39-P027-F06,PR39-P027-F06-VARIANTS,verified,
PR39-0038,PR39-44,PR39,"PDF p.28, PR39, párrafo 1",fill_blank,medium,"alimento real, vino e idolatría","Según PDF p.28, PR39, párrafo 1, en el pasaje sobre alimento real, vino e idolatría, complete la formulación del PDF: «Conocían la historia de Nadab y Abihú, cuya _____, así como los resultados que había tenido, describían los pergaminos del Pentateuco»","[""consideración"", ""desobediencia"", ""intemperancia"", ""determinación""]",2,intemperancia,"El PDF emplea la expresión «intemperancia» en este contexto: «de Nadab y Abihú, cuya intemperancia, así como los resultados que había tenido».","de Nadab y Abihú, cuya intemperancia, así como los resultados que había tenido",PR39-P028-F13,PR39-P028-F13-VARIANTS,verified,
PR39-0039,PR39-44,PR39,"PDF p.29, PR39, párrafo 1",multiple_choice,hard,"Melsar, prueba de diez días y templanza","Según PDF p.29, PR39, párrafo 1, en el pasaje sobre Melsar, prueba de diez días y templanza, ¿Qué opción restituye con precisión la relación descrita? Marco: «entonces a Melsar, oficial encargado [DETALLE] de la juventud hebrea, y solicitó que»","[""entonces a Melsar, oficial encargado completamente de la juventud hebrea, y solicitó que"", ""entonces a Melsar, oficial encargado confiadamente de la juventud hebrea, y solicitó que"", ""entonces a Melsar, oficial encargado correctamente de la juventud hebrea, y solicitó que"", ""entonces a Melsar, oficial encargado especialmente de la juventud hebrea, y solicitó que""]",3,"entonces a Melsar, oficial encargado especialmente de la juventud hebrea, y solicitó que","La opción correcta conserva el detalle «especialmente» tal como aparece en la fuente: «entonces a Melsar, oficial encargado especialmente de la juventud hebrea, y solicitó que».","entonces a Melsar, oficial encargado especialmente de la juventud hebrea, y solicitó que",PR39-P029-F02,PR39-P029-F02-VARIANTS,verified,
PR39-0040,PR39-44,PR39,"PDF p.30, PR39, párrafo 1",true_false,medium,"educación, salud y verdadero éxito","Según PDF p.30, PR39, párrafo 1, en el pasaje sobre educación, salud y verdadero éxito, determine si el detalle entre corchetes hace verdadera o falsa esta afirmación: «pero su saber no les llegó por ⟦apariencia⟧.»","[""Verdadero"", ""Falso""]",1,Falso,La afirmación cambia «casualidad». La corrección exacta es: «pero su saber no les llegó por casualidad.»,saber no les llegó por casualidad,PR39-P030-F10,PR39-P030-F10-VARIANTS,verified,pero su saber no les llegó por casualidad.
PR39-0041,PR39-44,PR39,"PDF p.31, PR39, párrafo 1",fill_blank,easy,"cooperación divina, deberes pequeños y carácter","Según PDF p.31, PR39, párrafo 1, en el pasaje sobre cooperación divina, deberes pequeños y carácter, complete la formulación del PDF: «El Señor mide con exactitud toda _____ de servir.»","[""convocación"", ""destrucción"", ""disposición"", ""posibilidad""]",3,posibilidad,El PDF emplea la expresión «posibilidad» en este contexto: «Señor mide con exactitud toda posibilidad de servir».,Señor mide con exactitud toda posibilidad de servir,PR39-P031-F10,PR39-P031-F10-VARIANTS,verified,
PR39-0042,PR39-44,PR39,"PDF p.32, PR39, párrafo 1",multiple_choice,hard,aplicación a los jóvenes actuales,"Según PDF p.32, PR39, párrafo 1, en el pasaje sobre aplicación a los jóvenes actuales, ¿Qué opción restituye con precisión la relación descrita? Marco: «ciudades, donde resulta fácil y [DETALLE] toda complacencia sensual, pueden permanecer por la»","[""ciudades, donde resulta fácil y atrayente toda complacencia sensual, pueden permanecer por la"", ""ciudades, donde resulta fácil y abrumador toda complacencia sensual, pueden permanecer por la"", ""ciudades, donde resulta fácil y aliviarla toda complacencia sensual, pueden permanecer por la"", ""ciudades, donde resulta fácil y atestiguó toda complacencia sensual, pueden permanecer por la""]",0,"ciudades, donde resulta fácil y atrayente toda complacencia sensual, pueden permanecer por la","La opción correcta conserva el detalle «atrayente» tal como aparece en la fuente: «ciudades, donde resulta fácil y atrayente toda complacencia sensual, pueden permanecer por la».","ciudades, donde resulta fácil y atrayente toda complacencia sensual, pueden permanecer por la",PR39-P032-F21,PR39-P032-F21-VARIANTS,verified,
PR39-0043,PR39-44,PR39,"PDF p.27, PR39, párrafo 1",true_false,expert,"cautiverio, misión y cambio de nombres","Según PDF p.27, PR39, párrafo 1, en el pasaje sobre cautiverio, misión y cambio de nombres, determine si el detalle entre corchetes hace verdadera o falsa esta afirmación: «El hecho de que esos adoradores de Jehová estuviesen cautivos en Babilonia y de que los vasos de la casa de Dios se hallaran en el templo de los dioses babilónicos, era mencionado jactanciosamente por los ⟦vencedores⟧ como evidencia de que su religión y sus costumbres eran superiores a la religión y las costumbres de los hebreos.»","[""Verdadero"", ""Falso""]",0,Verdadero,La afirmación coincide con el PDF: «era mencionado jactanciosamente por los vencedores como evidencia de que su religión y».,era mencionado jactanciosamente por los vencedores como evidencia de que su religión y,PR39-P027-F07,PR39-P027-F07-VARIANTS,verified,
PR39-0044,PR39-44,PR39,"PDF p.28, PR39, párrafo 1",fill_blank,medium,"alimento real, vino e idolatría","Según PDF p.28, PR39, párrafo 1, en el pasaje sobre alimento real, vino e idolatría, complete la formulación del PDF: «Conocían la historia de Nadab y Abihú, cuya intemperancia, así como los _____ que había tenido, describían los pergaminos del Pentateuco»","[""resultados"", ""asombrados"", ""babilonios"", ""caracteres""]",0,resultados,"El PDF emplea la expresión «resultados» en este contexto: «cuya intemperancia, así como los resultados que había tenido, describían los pergaminos del».","cuya intemperancia, así como los resultados que había tenido, describían los pergaminos del",PR39-P028-F14,PR39-P028-F14-VARIANTS,verified,
PR39-0045,PR39-44,PR39,"PDF p.29, PR39, párrafo 1",multiple_choice,hard,"Melsar, prueba de diez días y templanza","Según PDF p.29, PR39, párrafo 1, en el pasaje sobre Melsar, prueba de diez días y templanza, ¿Qué opción restituye con precisión la relación descrita? Marco: «días, durante los cuales se [DETALLE] alimento sencillo a los jóvenes hebreos, mientras»","[""días, durante los cuales se quedarían alimento sencillo a los jóvenes hebreos, mientras"", ""días, durante los cuales se proveería alimento sencillo a los jóvenes hebreos, mientras"", ""días, durante los cuales se ejercerían alimento sencillo a los jóvenes hebreos, mientras"", ""días, durante los cuales se prohibiría alimento sencillo a los jóvenes hebreos, mientras""]",1,"días, durante los cuales se proveería alimento sencillo a los jóvenes hebreos, mientras","La opción correcta conserva el detalle «proveería» tal como aparece en la fuente: «días, durante los cuales se proveería alimento sencillo a los jóvenes hebreos, mientras».","días, durante los cuales se proveería alimento sencillo a los jóvenes hebreos, mientras",PR39-P029-F14,PR39-P029-F14-VARIANTS,verified,
PR39-0046,PR39-44,PR39,"PDF p.30, PR39, párrafo 1",true_false,easy,"educación, salud y verdadero éxito","Según PDF p.30, PR39, párrafo 1, en el pasaje sobre educación, salud y verdadero éxito, determine si el detalle entre corchetes hace verdadera o falsa esta afirmación: «Lo obtuvieron por el uso fiel de sus ⟦facultades⟧, bajo la dirección del Espíritu Santo.»","[""Verdadero"", ""Falso""]",0,Verdadero,"La afirmación coincide con el PDF: «el uso fiel de sus facultades, bajo la dirección del Espíritu Santo».","el uso fiel de sus facultades, bajo la dirección del Espíritu Santo",PR39-P030-F13,PR39-P030-F13-VARIANTS,verified,
PR39-0047,PR39-44,PR39,"PDF p.31, PR39, párrafo 1",fill_blank,medium,"cooperación divina, deberes pequeños y carácter","Según PDF p.31, PR39, párrafo 1, en el pasaje sobre cooperación divina, deberes pequeños y carácter, complete la formulación del PDF: «Seremos juzgados por lo que _____ haber hecho y no hicimos porque no usamos nuestras facultades para glorificar a Dios.»","[""adoradores"", ""debiéramos"", ""astrólogos"", ""cristianas""]",1,debiéramos,El PDF emplea la expresión «debiéramos» en este contexto: «Seremos juzgados por lo que debiéramos haber hecho y no hicimos porque no».,Seremos juzgados por lo que debiéramos haber hecho y no hicimos porque no,PR39-P031-F16,PR39-P031-F16-VARIANTS,verified,
PR39-0048,PR39-44,PR39,"PDF p.32, PR39, párrafo 1",multiple_choice,hard,aplicación a los jóvenes actuales,"Según PDF p.32, PR39, párrafo 1, en el pasaje sobre aplicación a los jóvenes actuales, ¿Qué opción restituye con precisión la relación descrita? Marco: «resulta fácil y atrayente toda [DETALLE] sensual, pueden permanecer por la gracia de»","[""resulta fácil y atrayente toda amonestación sensual, pueden permanecer por la gracia de"", ""resulta fácil y atrayente toda aproximación sensual, pueden permanecer por la gracia de"", ""resulta fácil y atrayente toda complacencia sensual, pueden permanecer por la gracia de"", ""resulta fácil y atrayente toda distribución sensual, pueden permanecer por la gracia de""]",2,"resulta fácil y atrayente toda complacencia sensual, pueden permanecer por la gracia de","La opción correcta conserva el detalle «complacencia» tal como aparece en la fuente: «resulta fácil y atrayente toda complacencia sensual, pueden permanecer por la gracia de».","resulta fácil y atrayente toda complacencia sensual, pueden permanecer por la gracia de",PR39-P032-F22,PR39-P032-F22-VARIANTS,verified,
PR39-0049,PR39-44,PR39,"PDF p.27, PR39, párrafo 1",true_false,expert,"cautiverio, misión y cambio de nombres","Según PDF p.27, PR39, párrafo 1, en el pasaje sobre cautiverio, misión y cambio de nombres, determine si el detalle entre corchetes hace verdadera o falsa esta afirmación: «El hecho de que esos adoradores de Jehová estuviesen cautivos en Babilonia y de que los vasos de la casa de Dios se hallaran en el templo de los dioses babilónicos, era mencionado jactanciosamente por los vencedores como ⟦amenazaba⟧ de que su religión y sus costumbres eran superiores a la religión y las costumbres de los hebreos.»","[""Verdadero"", ""Falso""]",1,Falso,"La afirmación cambia «evidencia». La corrección exacta es: «El hecho de que esos adoradores de Jehová estuviesen cautivos en Babilonia y de que los vasos de la casa de Dios se hallaran en el templo de los dioses babilónicos, era mencionado jactanciosamente por los vencedores como evidencia de que su religión y sus costumbres eran superiores a la religión y las costumbres de los hebreos.»",jactanciosamente por los vencedores como evidencia de que su religión y sus costumbres,PR39-P027-F08,PR39-P027-F08-VARIANTS,verified,"El hecho de que esos adoradores de Jehová estuviesen cautivos en Babilonia y de que los vasos de la casa de Dios se hallaran en el templo de los dioses babilónicos, era mencionado jactanciosamente por los vencedores como evidencia de que su religión y sus costumbres eran superiores a la religión y las costumbres de los hebreos."
PR39-0050,PR39-44,PR39,"PDF p.28, PR39, párrafo 1",fill_blank,hard,"alimento real, vino e idolatría","Según PDF p.28, PR39, párrafo 1, en el pasaje sobre alimento real, vino e idolatría, complete la formulación del PDF: «Conocían la historia de Nadab y Abihú, cuya intemperancia, así como los resultados que había tenido, _____ los pergaminos del Pentateuco»","[""abundancia"", ""constancia"", ""describían"", ""establecía""]",2,describían,"El PDF emplea la expresión «describían» en este contexto: «los resultados que había tenido, describían los pergaminos del Pentateuco».","los resultados que había tenido, describían los pergaminos del Pentateuco",PR39-P028-F15,PR39-P028-F15-VARIANTS,verified,
PR39-0051,PR39-44,PR39,"PDF p.29, PR39, párrafo 1",multiple_choice,hard,"Melsar, prueba de diez días y templanza","Según PDF p.29, PR39, párrafo 1, en el pasaje sobre Melsar, prueba de diez días y templanza, ¿Qué opción restituye con precisión la relación descrita? Marco: «jóvenes hebreos, mientras que sus [DETALLE] comerían los manjares del rey»","[""jóvenes hebreos, mientras que sus asombrados comerían los manjares del rey"", ""jóvenes hebreos, mientras que sus babilonios comerían los manjares del rey"", ""jóvenes hebreos, mientras que sus caracteres comerían los manjares del rey"", ""jóvenes hebreos, mientras que sus compañeros comerían los manjares del rey""]",3,"jóvenes hebreos, mientras que sus compañeros comerían los manjares del rey","La opción correcta conserva el detalle «compañeros» tal como aparece en la fuente: «jóvenes hebreos, mientras que sus compañeros comerían los manjares del rey».","jóvenes hebreos, mientras que sus compañeros comerían los manjares del rey",PR39-P029-F15,PR39-P029-F15-VARIANTS,verified,
PR39-0052,PR39-44,PR39,"PDF p.30, PR39, párrafo 1",true_false,hard,"educación, salud y verdadero éxito","Según PDF p.30, PR39, párrafo 1, en el pasaje sobre educación, salud y verdadero éxito, determine si el detalle entre corchetes hace verdadera o falsa esta afirmación: «Lo obtuvieron por el uso fiel de sus facultades, bajo la ⟦adoración⟧ del Espíritu Santo.»","[""Verdadero"", ""Falso""]",1,Falso,"La afirmación cambia «dirección». La corrección exacta es: «Lo obtuvieron por el uso fiel de sus facultades, bajo la dirección del Espíritu Santo.»","de sus facultades, bajo la dirección del Espíritu Santo",PR39-P030-F14,PR39-P030-F14-VARIANTS,verified,"Lo obtuvieron por el uso fiel de sus facultades, bajo la dirección del Espíritu Santo."
PR39-0053,PR39-44,PR39,"PDF p.31, PR39, párrafo 1",fill_blank,medium,"cooperación divina, deberes pequeños y carácter","Según PDF p.31, PR39, párrafo 1, en el pasaje sobre cooperación divina, deberes pequeños y carácter, complete la formulación del PDF: «Seremos juzgados por lo que debiéramos haber hecho y no hicimos porque no usamos nuestras _____ para glorificar a Dios.»","[""adoradores"", ""astrólogos"", ""cristianas"", ""facultades""]",3,facultades,El PDF emplea la expresión «facultades» en este contexto: «hicimos porque no usamos nuestras facultades para glorificar a Dios».,hicimos porque no usamos nuestras facultades para glorificar a Dios,PR39-P031-F17,PR39-P031-F17-VARIANTS,verified,
PR39-0054,PR39-44,PR39,"PDF p.32, PR39, párrafo 1",multiple_choice,hard,aplicación a los jóvenes actuales,"Según PDF p.32, PR39, párrafo 1, en el pasaje sobre aplicación a los jóvenes actuales, ¿Qué opción restituye con precisión la relación descrita? Marco: «atrayente toda complacencia sensual, pueden [DETALLE] por la gracia de Dios firmes en»","[""atrayente toda complacencia sensual, pueden permanecer por la gracia de Dios firmes en"", ""atrayente toda complacencia sensual, pueden comprender por la gracia de Dios firmes en"", ""atrayente toda complacencia sensual, pueden contemplar por la gracia de Dios firmes en"", ""atrayente toda complacencia sensual, pueden desagradar por la gracia de Dios firmes en""]",0,"atrayente toda complacencia sensual, pueden permanecer por la gracia de Dios firmes en","La opción correcta conserva el detalle «permanecer» tal como aparece en la fuente: «atrayente toda complacencia sensual, pueden permanecer por la gracia de Dios firmes en».","atrayente toda complacencia sensual, pueden permanecer por la gracia de Dios firmes en",PR39-P032-F23,PR39-P032-F23-VARIANTS,verified,
PR39-0055,PR39-44,PR39,"PDF p.27, PR39, párrafo 1",true_false,expert,"cautiverio, misión y cambio de nombres","Según PDF p.27, PR39, párrafo 1, en el pasaje sobre cautiverio, misión y cambio de nombres, determine si el detalle entre corchetes hace verdadera o falsa esta afirmación: «El hecho de que esos adoradores de Jehová estuviesen cautivos en Babilonia y de que los vasos de la casa de Dios se hallaran en el templo de los dioses babilónicos, era mencionado jactanciosamente por los vencedores como evidencia de que su religión y sus ⟦asombrados⟧ eran superiores a la religión y las costumbres de los hebreos.»","[""Verdadero"", ""Falso""]",1,Falso,"La afirmación cambia «costumbres». La corrección exacta es: «El hecho de que esos adoradores de Jehová estuviesen cautivos en Babilonia y de que los vasos de la casa de Dios se hallaran en el templo de los dioses babilónicos, era mencionado jactanciosamente por los vencedores como evidencia de que su religión y sus costumbres eran superiores a la religión y las costumbres de los hebreos.»",que su religión y sus costumbres eran superiores a la religión y las,PR39-P027-F09,PR39-P027-F09-VARIANTS,verified,"El hecho de que esos adoradores de Jehová estuviesen cautivos en Babilonia y de que los vasos de la casa de Dios se hallaran en el templo de los dioses babilónicos, era mencionado jactanciosamente por los vencedores como evidencia de que su religión y sus costumbres eran superiores a la religión y las costumbres de los hebreos."
PR39-0056,PR39-44,PR39,"PDF p.28, PR39, párrafo 1",fill_blank,medium,"alimento real, vino e idolatría","Según PDF p.28, PR39, párrafo 1, en el pasaje sobre alimento real, vino e idolatría, complete la formulación del PDF: «Conocían la historia de Nadab y Abihú, cuya intemperancia, así como los resultados que había tenido, describían los _____ del Pentateuco»","[""pergaminos"", ""asombrados"", ""babilonios"", ""caracteres""]",0,pergaminos,"El PDF emplea la expresión «pergaminos» en este contexto: «que había tenido, describían los pergaminos del Pentateuco».","que había tenido, describían los pergaminos del Pentateuco",PR39-P028-F16,PR39-P028-F16-VARIANTS,verified,
PR39-0057,PR39-44,PR39,"PDF p.29, PR39, párrafo 2",multiple_choice,medium,"Melsar, prueba de diez días y templanza","Según PDF p.29, PR39, párrafo 2, en el pasaje sobre Melsar, prueba de diez días y templanza, ¿Cuál opción conserva el dato exacto de la fuente? Marco: «con temor de que esa [DETALLE] pudiera desagradar al rey»","[""con temor de que esa adoración pudiera desagradar al rey"", ""con temor de que esa concesión pudiera desagradar al rey"", ""con temor de que esa adorareis pudiera desagradar al rey"", ""con temor de que esa autoridad pudiera desagradar al rey""]",1,con temor de que esa concesión pudiera desagradar al rey,La opción correcta conserva el detalle «concesión» tal como aparece en la fuente: «con temor de que esa concesión pudiera desagradar al rey».,con temor de que esa concesión pudiera desagradar al rey,PR39-P029-F25,PR39-P029-F25-VARIANTS,verified,
PR39-0058,PR39-44,PR39,"PDF p.30, PR39, párrafo 1",true_false,hard,"educación, salud y verdadero éxito","Según PDF p.30, PR39, párrafo 1, en el pasaje sobre educación, salud y verdadero éxito, determine si el detalle entre corchetes hace verdadera o falsa esta afirmación: «Se relacionaron con la Fuente de toda ⟦adoración⟧, e hicieron del conocimiento de Dios el fundamento de su educación.»","[""Verdadero"", ""Falso""]",1,Falso,"La afirmación cambia «sabiduría». La corrección exacta es: «Se relacionaron con la Fuente de toda sabiduría, e hicieron del conocimiento de Dios el fundamento de su educación.»","con la Fuente de toda sabiduría, e hicieron del conocimiento de Dios el",PR39-P030-F18,PR39-P030-F18-VARIANTS,verified,"Se relacionaron con la Fuente de toda sabiduría, e hicieron del conocimiento de Dios el fundamento de su educación."
PR39-0059,PR39-44,PR39,"PDF p.31, PR39, párrafo 1",fill_blank,hard,"cooperación divina, deberes pequeños y carácter","Según PDF p.31, PR39, párrafo 1, en el pasaje sobre cooperación divina, deberes pequeños y carácter, complete la formulación del PDF: «Seremos juzgados por lo que debiéramos haber hecho y no hicimos porque no usamos nuestras facultades para _____ a Dios.»","[""comprender"", ""glorificar"", ""contemplar"", ""desagradar""]",1,glorificar,El PDF emplea la expresión «glorificar» en este contexto: «no usamos nuestras facultades para glorificar a Dios».,no usamos nuestras facultades para glorificar a Dios,PR39-P031-F18,PR39-P031-F18-VARIANTS,verified,
PR39-0060,PR39-44,PR39,"PDF p.32, PR39, párrafo 1",multiple_choice,hard,aplicación a los jóvenes actuales,"Según PDF p.32, PR39, párrafo 1, en el pasaje sobre aplicación a los jóvenes actuales, ¿Qué opción restituye con precisión la relación descrita? Marco: «de Dios firmes en su [DETALLE] de honrar a Dios»","[""de Dios firmes en su consejero de honrar a Dios"", ""de Dios firmes en su escenario de honrar a Dios"", ""de Dios firmes en su propósito de honrar a Dios"", ""de Dios firmes en su esplendor de honrar a Dios""]",2,de Dios firmes en su propósito de honrar a Dios,La opción correcta conserva el detalle «propósito» tal como aparece en la fuente: «de Dios firmes en su propósito de honrar a Dios».,de Dios firmes en su propósito de honrar a Dios,PR39-P032-F24,PR39-P032-F24-VARIANTS,verified,
PR39-0061,PR39-44,PR39,"PDF p.27, PR39, párrafo 1",true_false,expert,"cautiverio, misión y cambio de nombres","Según PDF p.27, PR39, párrafo 1, en el pasaje sobre cautiverio, misión y cambio de nombres, determine si el detalle entre corchetes hace verdadera o falsa esta afirmación: «El hecho de que esos adoradores de Jehová estuviesen cautivos en Babilonia y de que los vasos de la casa de Dios se hallaran en el templo de los dioses babilónicos, era mencionado jactanciosamente por los vencedores como evidencia de que su religión y sus costumbres eran ⟦adoradores⟧ a la religión y las costumbres de los hebreos.»","[""Verdadero"", ""Falso""]",1,Falso,"La afirmación cambia «superiores». La corrección exacta es: «El hecho de que esos adoradores de Jehová estuviesen cautivos en Babilonia y de que los vasos de la casa de Dios se hallaran en el templo de los dioses babilónicos, era mencionado jactanciosamente por los vencedores como evidencia de que su religión y sus costumbres eran superiores a la religión y las costumbres de los hebreos.»",religión y sus costumbres eran superiores a la religión y las costumbres de,PR39-P027-F10,PR39-P027-F10-VARIANTS,verified,"El hecho de que esos adoradores de Jehová estuviesen cautivos en Babilonia y de que los vasos de la casa de Dios se hallaran en el templo de los dioses babilónicos, era mencionado jactanciosamente por los vencedores como evidencia de que su religión y sus costumbres eran superiores a la religión y las costumbres de los hebreos."
PR39-0062,PR39-44,PR39,"PDF p.28, PR39, párrafo 1",fill_blank,medium,"alimento real, vino e idolatría","Según PDF p.28, PR39, párrafo 1, en el pasaje sobre alimento real, vino e idolatría, complete la formulación del PDF: «Conocían la historia de Nadab y Abihú, cuya intemperancia, así como los resultados que había tenido, describían los pergaminos del _____»","[""desarrollo"", ""fundamento"", ""Pentateuco"", ""gobernante""]",2,Pentateuco,"El PDF emplea la expresión «Pentateuco» en este contexto: «tenido, describían los pergaminos del Pentateuco».","tenido, describían los pergaminos del Pentateuco",PR39-P028-F17,PR39-P028-F17-VARIANTS,verified,
PR39-0063,PR39-44,PR39,"PDF p.29, PR39, párrafo 2",multiple_choice,hard,"Melsar, prueba de diez días y templanza","Según PDF p.29, PR39, párrafo 2, en el pasaje sobre Melsar, prueba de diez días y templanza, ¿Qué opción restituye con precisión la relación descrita? Marco: «de que esa concesión pudiera [DETALLE] al rey»","[""de que esa concesión pudiera comprender al rey"", ""de que esa concesión pudiera contemplar al rey"", ""de que esa concesión pudiera desempeñar al rey"", ""de que esa concesión pudiera desagradar al rey""]",3,de que esa concesión pudiera desagradar al rey,La opción correcta conserva el detalle «desagradar» tal como aparece en la fuente: «de que esa concesión pudiera desagradar al rey».,de que esa concesión pudiera desagradar al rey,PR39-P029-F26,PR39-P029-F26-VARIANTS,verified,
PR39-0064,PR39-44,PR39,"PDF p.30, PR39, párrafo 1",true_false,medium,"educación, salud y verdadero éxito","Según PDF p.30, PR39, párrafo 1, en el pasaje sobre educación, salud y verdadero éxito, determine si el detalle entre corchetes hace verdadera o falsa esta afirmación: «Se relacionaron con la Fuente de toda sabiduría, e hicieron del ⟦conocimiento⟧ de Dios el fundamento de su educación.»","[""Verdadero"", ""Falso""]",0,Verdadero,"La afirmación coincide con el PDF: «toda sabiduría, e hicieron del conocimiento de Dios el fundamento de su educación».","toda sabiduría, e hicieron del conocimiento de Dios el fundamento de su educación",PR39-P030-F19,PR39-P030-F19-VARIANTS,verified,
PR39-0065,PR39-44,PR39,"PDF p.31, PR39, párrafo 2",fill_blank,easy,"cooperación divina, deberes pequeños y carácter","Según PDF p.31, PR39, párrafo 2, en el pasaje sobre cooperación divina, deberes pequeños y carácter, complete la formulación del PDF: «Un carácter noble no es el _____ de la casualidad»","[""consejero"", ""escenario"", ""esplendor"", ""resultado""]",3,resultado,El PDF emplea la expresión «resultado» en este contexto: «carácter noble no es el resultado de la casualidad».,carácter noble no es el resultado de la casualidad,PR39-P031-F25,PR39-P031-F25-VARIANTS,verified,
PR39-0066,PR39-44,PR39,"PDF p.32, PR39, párrafo 1",multiple_choice,medium,aplicación a los jóvenes actuales,"Según PDF p.32, PR39, párrafo 1, en el pasaje sobre aplicación a los jóvenes actuales, ¿Cuál opción conserva el dato exacto de la fuente? Marco: «Mediante una [DETALLE] enérgica y una vigilancia constante, pueden resistir»","[""Mediante una determinación enérgica y una vigilancia constante, pueden resistir"", ""Mediante una consideración enérgica y una vigilancia constante, pueden resistir"", ""Mediante una desobediencia enérgica y una vigilancia constante, pueden resistir"", ""Mediante una intemperancia enérgica y una vigilancia constante, pueden resistir""]",0,"Mediante una determinación enérgica y una vigilancia constante, pueden resistir","La opción correcta conserva el detalle «determinación» tal como aparece en la fuente: «Mediante una determinación enérgica y una vigilancia constante, pueden resistir».","Mediante una determinación enérgica y una vigilancia constante, pueden resistir",PR39-P032-F30,PR39-P032-F30-VARIANTS,verified,
PR39-0067,PR39-44,PR39,"PDF p.27, PR39, párrafo 1",true_false,hard,"cautiverio, misión y cambio de nombres","Según PDF p.27, PR39, párrafo 1, en el pasaje sobre cautiverio, misión y cambio de nombres, determine si el detalle entre corchetes hace verdadera o falsa esta afirmación: «Sin embargo, mediante las mismas ⟦humillaciones⟧ que había acarreado la forma en que Israel se había desviado de él, Dios dió a Babilonia evidencia de su supremacía, de la santidad de sus requerimientos y de los seguros resultados que produce la obediencia.»","[""Verdadero"", ""Falso""]",0,Verdadero,"La afirmación coincide con el PDF: «Sin embargo, mediante las mismas humillaciones que había acarreado la forma en que».","Sin embargo, mediante las mismas humillaciones que había acarreado la forma en que",PR39-P027-F13,PR39-P027-F13-VARIANTS,verified,
PR39-0068,PR39-44,PR39,"PDF p.28, PR39, párrafo 1",fill_blank,medium,"alimento real, vino e idolatría","Según PDF p.28, PR39, párrafo 1, en el pasaje sobre alimento real, vino e idolatría, complete la formulación del PDF: «y sabían que sus propias _____ físicas y mentales quedarían perjudicadas por el consumo de vino.»","[""facultades"", ""adoradores"", ""astrólogos"", ""cristianas""]",0,facultades,El PDF emplea la expresión «facultades» en este contexto: «y sabían que sus propias facultades físicas y mentales quedarían perjudicadas por el».,y sabían que sus propias facultades físicas y mentales quedarían perjudicadas por el,PR39-P028-F24,PR39-P028-F24-VARIANTS,verified,
PR39-0069,PR39-44,PR39,"PDF p.29, PR39, párrafo 2",multiple_choice,medium,"Melsar, prueba de diez días y templanza","Según PDF p.29, PR39, párrafo 2, en el pasaje sobre Melsar, prueba de diez días y templanza, ¿Cuál opción conserva el dato exacto de la fuente? Marco: «prueba de diez días, el [DETALLE] era lo opuesto de lo que había»","[""prueba de diez días, el consejero era lo opuesto de lo que había"", ""prueba de diez días, el resultado era lo opuesto de lo que había"", ""prueba de diez días, el escenario era lo opuesto de lo que había"", ""prueba de diez días, el esplendor era lo opuesto de lo que había""]",1,"prueba de diez días, el resultado era lo opuesto de lo que había","La opción correcta conserva el detalle «resultado» tal como aparece en la fuente: «prueba de diez días, el resultado era lo opuesto de lo que había».","prueba de diez días, el resultado era lo opuesto de lo que había",PR39-P029-F35,PR39-P029-F35-VARIANTS,verified,
PR39-0070,PR39-44,PR39,"PDF p.30, PR39, párrafo 1",true_false,medium,"educación, salud y verdadero éxito","Según PDF p.30, PR39, párrafo 1, en el pasaje sobre educación, salud y verdadero éxito, determine si el detalle entre corchetes hace verdadera o falsa esta afirmación: «Se relacionaron con la Fuente de toda sabiduría, e hicieron del conocimiento de Dios el ⟦fundamento⟧ de su educación.»","[""Verdadero"", ""Falso""]",0,Verdadero,La afirmación coincide con el PDF: «del conocimiento de Dios el fundamento de su educación».,del conocimiento de Dios el fundamento de su educación,PR39-P030-F20,PR39-P030-F20-VARIANTS,verified,
PR39-0071,PR39-44,PR39,"PDF p.31, PR39, párrafo 2",fill_blank,easy,"cooperación divina, deberes pequeños y carácter","Según PDF p.31, PR39, párrafo 2, en el pasaje sobre cooperación divina, deberes pequeños y carácter, complete la formulación del PDF: «Un carácter noble no es el resultado de la _____»","[""apariencia"", ""casualidad"", ""cautividad"", ""corrupción""]",1,casualidad,El PDF emplea la expresión «casualidad» en este contexto: «es el resultado de la casualidad».,es el resultado de la casualidad,PR39-P031-F26,PR39-P031-F26-VARIANTS,verified,
PR39-0072,PR39-44,PR39,"PDF p.32, PR39, párrafo 1",multiple_choice,medium,aplicación a los jóvenes actuales,"Según PDF p.32, PR39, párrafo 1, en el pasaje sobre aplicación a los jóvenes actuales, ¿Cuál opción conserva el dato exacto de la fuente? Marco: «una determinación enérgica y una [DETALLE] constante, pueden resistir toda tentación que asalte»","[""una determinación enérgica y una apariencia constante, pueden resistir toda tentación que asalte"", ""una determinación enérgica y una casualidad constante, pueden resistir toda tentación que asalte"", ""una determinación enérgica y una vigilancia constante, pueden resistir toda tentación que asalte"", ""una determinación enérgica y una cautividad constante, pueden resistir toda tentación que asalte""]",2,"una determinación enérgica y una vigilancia constante, pueden resistir toda tentación que asalte","La opción correcta conserva el detalle «vigilancia» tal como aparece en la fuente: «una determinación enérgica y una vigilancia constante, pueden resistir toda tentación que asalte».","una determinación enérgica y una vigilancia constante, pueden resistir toda tentación que asalte",PR39-P032-F31,PR39-P032-F31-VARIANTS,verified,
PR39-0073,PR39-44,PR39,"PDF p.27, PR39, párrafo 1",true_false,expert,"cautiverio, misión y cambio de nombres","Según PDF p.27, PR39, párrafo 1, en el pasaje sobre cautiverio, misión y cambio de nombres, determine si el detalle entre corchetes hace verdadera o falsa esta afirmación: «Sin embargo, mediante las mismas humillaciones que había ⟦aprendido⟧ la forma en que Israel se había desviado de él, Dios dió a Babilonia evidencia de su supremacía, de la santidad de sus requerimientos y de los seguros resultados que produce la obediencia.»","[""Verdadero"", ""Falso""]",1,Falso,"La afirmación cambia «acarreado». La corrección exacta es: «Sin embargo, mediante las mismas humillaciones que había acarreado la forma en que Israel se había desviado de él, Dios dió a Babilonia evidencia de su supremacía, de la santidad de sus requerimientos y de los seguros resultados que produce la obediencia.»",las mismas humillaciones que había acarreado la forma en que Israel se había,PR39-P027-F14,PR39-P027-F14-VARIANTS,verified,"Sin embargo, mediante las mismas humillaciones que había acarreado la forma en que Israel se había desviado de él, Dios dió a Babilonia evidencia de su supremacía, de la santidad de sus requerimientos y de los seguros resultados que produce la obediencia."
PR39-0074,PR39-44,PR39,"PDF p.28, PR39, párrafo 1",fill_blank,medium,"alimento real, vino e idolatría","Según PDF p.28, PR39, párrafo 1, en el pasaje sobre alimento real, vino e idolatría, complete la formulación del PDF: «y sabían que sus propias facultades físicas y mentales _____ perjudicadas por el consumo de vino.»","[""proveería"", ""ejercerían"", ""quedarían"", ""prohibiría""]",2,quedarían,El PDF emplea la expresión «quedarían» en este contexto: «propias facultades físicas y mentales quedarían perjudicadas por el consumo de vino».,propias facultades físicas y mentales quedarían perjudicadas por el consumo de vino,PR39-P028-F25,PR39-P028-F25-VARIANTS,verified,
PR39-0075,PR39-44,PR39,"PDF p.29, PR39, párrafo 2",multiple_choice,hard,"Melsar, prueba de diez días y templanza","Según PDF p.29, PR39, párrafo 2, en el pasaje sobre Melsar, prueba de diez días y templanza, ¿Qué opción restituye con precisión la relación descrita? Marco: «de carne, que los otros [DETALLE] que comían de la ración de la»","[""de carne, que los otros blasfemos que comían de la ración de la"", ""de carne, que los otros corruptos que comían de la ración de la"", ""de carne, que los otros disolutos que comían de la ración de la"", ""de carne, que los otros muchachos que comían de la ración de la""]",3,"de carne, que los otros muchachos que comían de la ración de la","La opción correcta conserva el detalle «muchachos» tal como aparece en la fuente: «de carne, que los otros muchachos que comían de la ración de la».","de carne, que los otros muchachos que comían de la ración de la",PR39-P029-F41,PR39-P029-F41-VARIANTS,verified,
PR39-0076,PR39-44,PR39,"PDF p.30, PR39, párrafo 1",true_false,medium,"educación, salud y verdadero éxito","Según PDF p.30, PR39, párrafo 1, en el pasaje sobre educación, salud y verdadero éxito, determine si el detalle entre corchetes hace verdadera o falsa esta afirmación: «Se relacionaron con la Fuente de toda sabiduría, e hicieron del conocimiento de Dios el fundamento de su ⟦educación⟧.»","[""Verdadero"", ""Falso""]",0,Verdadero,La afirmación coincide con el PDF: «Dios el fundamento de su educación».,Dios el fundamento de su educación,PR39-P030-F21,PR39-P030-F21-VARIANTS,verified,
PR39-0077,PR39-44,PR39,"PDF p.31, PR39, párrafo 2",fill_blank,easy,"cooperación divina, deberes pequeños y carácter","Según PDF p.31, PR39, párrafo 2, en el pasaje sobre cooperación divina, deberes pequeños y carácter, complete la formulación del PDF: «no se debe a favores o dones _____ de la Providencia.»","[""adoradores"", ""astrólogos"", ""cristianas"", ""especiales""]",3,especiales,El PDF emplea la expresión «especiales» en este contexto: «debe a favores o dones especiales de la Providencia».,debe a favores o dones especiales de la Providencia,PR39-P031-F29,PR39-P031-F29-VARIANTS,verified,
PR39-0078,PR39-44,PR39,"PDF p.32, PR39, párrafo 1",multiple_choice,medium,aplicación a los jóvenes actuales,"Según PDF p.32, PR39, párrafo 1, en el pasaje sobre aplicación a los jóvenes actuales, ¿Cuál opción conserva el dato exacto de la fuente? Marco: «determinación enérgica y una vigilancia [DETALLE], pueden resistir toda tentación que asalte el»","[""determinación enérgica y una vigilancia constante, pueden resistir toda tentación que asalte el"", ""determinación enérgica y una vigilancia abrumador, pueden resistir toda tentación que asalte el"", ""determinación enérgica y una vigilancia aliviarla, pueden resistir toda tentación que asalte el"", ""determinación enérgica y una vigilancia atestiguó, pueden resistir toda tentación que asalte el""]",0,"determinación enérgica y una vigilancia constante, pueden resistir toda tentación que asalte el","La opción correcta conserva el detalle «constante» tal como aparece en la fuente: «determinación enérgica y una vigilancia constante, pueden resistir toda tentación que asalte el».","determinación enérgica y una vigilancia constante, pueden resistir toda tentación que asalte el",PR39-P032-F32,PR39-P032-F32-VARIANTS,verified,
PR39-0079,PR39-44,PR39,"PDF p.27, PR39, párrafo 1",true_false,medium,"cautiverio, misión y cambio de nombres","Según PDF p.27, PR39, párrafo 1, en el pasaje sobre cautiverio, misión y cambio de nombres, determine si el detalle entre corchetes hace verdadera o falsa esta afirmación: «Sin embargo, mediante las mismas humillaciones que había acarreado la forma en que Israel se había desviado de él, Dios dió a ⟦Jerusalem⟧ evidencia de su supremacía, de la santidad de sus requerimientos y de los seguros resultados que produce la obediencia.»","[""Verdadero"", ""Falso""]",1,Falso,"La afirmación cambia «Babilonia». La corrección exacta es: «Sin embargo, mediante las mismas humillaciones que había acarreado la forma en que Israel se había desviado de él, Dios dió a Babilonia evidencia de su supremacía, de la santidad de sus requerimientos y de los seguros resultados que produce la obediencia.»","de él, Dios dió a Babilonia evidencia de su supremacía, de la santidad",PR39-P027-F15,PR39-P027-F15-VARIANTS,verified,"Sin embargo, mediante las mismas humillaciones que había acarreado la forma en que Israel se había desviado de él, Dios dió a Babilonia evidencia de su supremacía, de la santidad de sus requerimientos y de los seguros resultados que produce la obediencia."
PR39-0080,PR39-44,PR39,"PDF p.28, PR39, párrafo 1",fill_blank,medium,"alimento real, vino e idolatría","Según PDF p.28, PR39, párrafo 1, en el pasaje sobre alimento real, vino e idolatría, complete la formulación del PDF: «y sabían que sus propias facultades físicas y mentales quedarían _____ por el consumo de vino.»","[""perjudicadas"", ""aterrorizado"", ""desesperados"", ""desprevenida""]",0,perjudicadas,El PDF emplea la expresión «perjudicadas» en este contexto: «facultades físicas y mentales quedarían perjudicadas por el consumo de vino».,facultades físicas y mentales quedarían perjudicadas por el consumo de vino,PR39-P028-F26,PR39-P028-F26-VARIANTS,verified,
PR39-0081,PR39-44,PR39,"PDF p.29, PR39, párrafo 2",multiple_choice,medium,"Melsar, prueba de diez días y templanza","Según PDF p.29, PR39, párrafo 2, en el pasaje sobre Melsar, prueba de diez días y templanza, ¿Cuál opción conserva el dato exacto de la fuente? Marco: «En su [DETALLE] personal los jóvenes hebreos resultaron notablemente superiores»","[""En su casualidad personal los jóvenes hebreos resultaron notablemente superiores"", ""En su apariencia personal los jóvenes hebreos resultaron notablemente superiores"", ""En su cautividad personal los jóvenes hebreos resultaron notablemente superiores"", ""En su corrupción personal los jóvenes hebreos resultaron notablemente superiores""]",1,En su apariencia personal los jóvenes hebreos resultaron notablemente superiores,La opción correcta conserva el detalle «apariencia» tal como aparece en la fuente: «En su apariencia personal los jóvenes hebreos resultaron notablemente superiores».,En su apariencia personal los jóvenes hebreos resultaron notablemente superiores,PR39-P029-F51,PR39-P029-F51-VARIANTS,verified,
PR39-0082,PR39-44,PR39,"PDF p.30, PR39, párrafo 1",true_false,hard,"educación, salud y verdadero éxito","Según PDF p.30, PR39, párrafo 1, en el pasaje sobre educación, salud y verdadero éxito, determine si el detalle entre corchetes hace verdadera o falsa esta afirmación: «Con fe, oraron por ⟦amenazaba⟧ y vivieron de acuerdo con sus oraciones.»","[""Verdadero"", ""Falso""]",1,Falso,"La afirmación cambia «sabiduría». La corrección exacta es: «Con fe, oraron por sabiduría y vivieron de acuerdo con sus oraciones.»","Con fe, oraron por sabiduría y vivieron de acuerdo con sus oraciones",PR39-P030-F25,PR39-P030-F25-VARIANTS,verified,"Con fe, oraron por sabiduría y vivieron de acuerdo con sus oraciones."
PR39-0083,PR39-44,PR39,"PDF p.31, PR39, párrafo 2",fill_blank,easy,"cooperación divina, deberes pequeños y carácter","Según PDF p.31, PR39, párrafo 2, en el pasaje sobre cooperación divina, deberes pequeños y carácter, complete la formulación del PDF: «no se debe a favores o dones especiales de la _____.»","[""convocación"", ""Providencia"", ""destrucción"", ""disposición""]",1,Providencia,El PDF emplea la expresión «Providencia» en este contexto: «o dones especiales de la Providencia».,o dones especiales de la Providencia,PR39-P031-F30,PR39-P031-F30-VARIANTS,verified,
PR39-0084,PR39-44,PR39,"PDF p.32, PR39, párrafo 1",multiple_choice,medium,aplicación a los jóvenes actuales,"Según PDF p.32, PR39, párrafo 1, en el pasaje sobre aplicación a los jóvenes actuales, ¿Cuál opción conserva el dato exacto de la fuente? Marco: «vigilancia constante, pueden resistir toda [DETALLE] que asalte el alma»","[""vigilancia constante, pueden resistir toda adoración que asalte el alma"", ""vigilancia constante, pueden resistir toda adorareis que asalte el alma"", ""vigilancia constante, pueden resistir toda tentación que asalte el alma"", ""vigilancia constante, pueden resistir toda autoridad que asalte el alma""]",2,"vigilancia constante, pueden resistir toda tentación que asalte el alma","La opción correcta conserva el detalle «tentación» tal como aparece en la fuente: «vigilancia constante, pueden resistir toda tentación que asalte el alma».","vigilancia constante, pueden resistir toda tentación que asalte el alma",PR39-P032-F33,PR39-P032-F33-VARIANTS,verified,
PR39-0085,PR39-44,PR39,"PDF p.27, PR39, párrafo 1",true_false,hard,"cautiverio, misión y cambio de nombres","Según PDF p.27, PR39, párrafo 1, en el pasaje sobre cautiverio, misión y cambio de nombres, determine si el detalle entre corchetes hace verdadera o falsa esta afirmación: «Sin embargo, mediante las mismas humillaciones que había acarreado la forma en que Israel se había desviado de él, Dios dió a Babilonia ⟦evidencia⟧ de su supremacía, de la santidad de sus requerimientos y de los seguros resultados que produce la obediencia.»","[""Verdadero"", ""Falso""]",0,Verdadero,"La afirmación coincide con el PDF: «él, Dios dió a Babilonia evidencia de su supremacía, de la santidad de».","él, Dios dió a Babilonia evidencia de su supremacía, de la santidad de",PR39-P027-F16,PR39-P027-F16-VARIANTS,verified,
PR39-0086,PR39-44,PR39,"PDF p.28, PR39, párrafo 2",fill_blank,easy,"alimento real, vino e idolatría","Según PDF p.28, PR39, párrafo 2, en el pasaje sobre alimento real, vino e idolatría, complete la formulación del PDF: «Los padres de Daniel y sus _____ les habían inculcado hábitos de estricta templanza.»","[""asombrados"", ""babilonios"", ""compañeros"", ""caracteres""]",2,compañeros,El PDF emplea la expresión «compañeros» en este contexto: «padres de Daniel y sus compañeros les habían inculcado hábitos de estricta templanza».,padres de Daniel y sus compañeros les habían inculcado hábitos de estricta templanza,PR39-P028-F33,PR39-P028-F33-VARIANTS,verified,
PR39-0087,PR39-44,PR39,"PDF p.29, PR39, párrafo 2",multiple_choice,hard,"Melsar, prueba de diez días y templanza","Según PDF p.29, PR39, párrafo 2, en el pasaje sobre Melsar, prueba de diez días y templanza, ¿Qué opción restituye con precisión la relación descrita? Marco: «apariencia personal los jóvenes hebreos [DETALLE] notablemente superiores a sus compañeros»","[""apariencia personal los jóvenes hebreos apoderaron notablemente superiores a sus compañeros"", ""apariencia personal los jóvenes hebreos desfilaron notablemente superiores a sus compañeros"", ""apariencia personal los jóvenes hebreos entregaron notablemente superiores a sus compañeros"", ""apariencia personal los jóvenes hebreos resultaron notablemente superiores a sus compañeros""]",3,apariencia personal los jóvenes hebreos resultaron notablemente superiores a sus compañeros,La opción correcta conserva el detalle «resultaron» tal como aparece en la fuente: «apariencia personal los jóvenes hebreos resultaron notablemente superiores a sus compañeros».,apariencia personal los jóvenes hebreos resultaron notablemente superiores a sus compañeros,PR39-P029-F52,PR39-P029-F52-VARIANTS,verified,
PR39-0088,PR39-44,PR39,"PDF p.30, PR39, párrafo 1",true_false,medium,"educación, salud y verdadero éxito","Según PDF p.30, PR39, párrafo 1, en el pasaje sobre educación, salud y verdadero éxito, determine si el detalle entre corchetes hace verdadera o falsa esta afirmación: «Con fe, oraron por sabiduría y vivieron de acuerdo con sus ⟦capitanes⟧.»","[""Verdadero"", ""Falso""]",1,Falso,"La afirmación cambia «oraciones». La corrección exacta es: «Con fe, oraron por sabiduría y vivieron de acuerdo con sus oraciones.»",vivieron de acuerdo con sus oraciones,PR39-P030-F26,PR39-P030-F26-VARIANTS,verified,"Con fe, oraron por sabiduría y vivieron de acuerdo con sus oraciones."
PR39-0089,PR39-44,PR39,"PDF p.31, PR39, párrafo 2",fill_blank,hard,"cooperación divina, deberes pequeños y carácter","Según PDF p.31, PR39, párrafo 2, en el pasaje sobre cooperación divina, deberes pequeños y carácter, complete la formulación del PDF: «Es resultado de la _____ propia, de la sujeción de la naturaleza inferior a la superior, de la entrega del yo al servicio de Dios y de los hombres.»","[""apariencia"", ""casualidad"", ""cautividad"", ""disciplina""]",3,disciplina,"El PDF emplea la expresión «disciplina» en este contexto: «Es resultado de la disciplina propia, de la sujeción de la naturaleza».","Es resultado de la disciplina propia, de la sujeción de la naturaleza",PR39-P031-F33,PR39-P031-F33-VARIANTS,verified,
PR39-0090,PR39-44,PR39,"PDF p.32, PR39, párrafo 2",multiple_choice,hard,aplicación a los jóvenes actuales,"Según PDF p.32, PR39, párrafo 2, en el pasaje sobre aplicación a los jóvenes actuales, ¿Qué opción restituye con precisión la relación descrita? Marco: «Poco se [DETALLE] cuando se despedían del hogar de su»","[""Poco se imaginaban cuando se despedían del hogar de su"", ""Poco se abundancia cuando se despedían del hogar de su"", ""Poco se constancia cuando se despedían del hogar de su"", ""Poco se describían cuando se despedían del hogar de su""]",0,Poco se imaginaban cuando se despedían del hogar de su,La opción correcta conserva el detalle «imaginaban» tal como aparece en la fuente: «Poco se imaginaban cuando se despedían del hogar de su».,Poco se imaginaban cuando se despedían del hogar de su,PR39-P032-F48,PR39-P032-F48-VARIANTS,verified,
PR39-0091,PR39-44,PR39,"PDF p.27, PR39, párrafo 1",true_false,hard,"cautiverio, misión y cambio de nombres","Según PDF p.27, PR39, párrafo 1, en el pasaje sobre cautiverio, misión y cambio de nombres, determine si el detalle entre corchetes hace verdadera o falsa esta afirmación: «Sin embargo, mediante las mismas humillaciones que había acarreado la forma en que Israel se había desviado de él, Dios dió a Babilonia evidencia de su ⟦supremacía⟧, de la santidad de sus requerimientos y de los seguros resultados que produce la obediencia.»","[""Verdadero"", ""Falso""]",0,Verdadero,"La afirmación coincide con el PDF: «a Babilonia evidencia de su supremacía, de la santidad de sus requerimientos y».","a Babilonia evidencia de su supremacía, de la santidad de sus requerimientos y",PR39-P027-F17,PR39-P027-F17-VARIANTS,verified,
PR39-0092,PR39-44,PR39,"PDF p.28, PR39, párrafo 2",fill_blank,medium,"alimento real, vino e idolatría","Según PDF p.28, PR39, párrafo 2, en el pasaje sobre alimento real, vino e idolatría, complete la formulación del PDF: «Los padres de Daniel y sus compañeros les habían _____ hábitos de estricta templanza.»","[""inculcado"", ""acarreado"", ""aprendido"", ""atribuído""]",0,inculcado,El PDF emplea la expresión «inculcado» en este contexto: «y sus compañeros les habían inculcado hábitos de estricta templanza».,y sus compañeros les habían inculcado hábitos de estricta templanza,PR39-P028-F34,PR39-P028-F34-VARIANTS,verified,
PR39-0093,PR39-44,PR39,"PDF p.29, PR39, párrafo 2",multiple_choice,medium,"Melsar, prueba de diez días y templanza","Según PDF p.29, PR39, párrafo 2, en el pasaje sobre Melsar, prueba de diez días y templanza, ¿Cuál opción conserva el dato exacto de la fuente? Marco: «personal los jóvenes hebreos resultaron [DETALLE] superiores a sus compañeros»","[""personal los jóvenes hebreos resultaron precisamente superiores a sus compañeros"", ""personal los jóvenes hebreos resultaron notablemente superiores a sus compañeros"", ""personal los jóvenes hebreos resultaron completamente superiores a sus compañeros"", ""personal los jóvenes hebreos resultaron confiadamente superiores a sus compañeros""]",1,personal los jóvenes hebreos resultaron notablemente superiores a sus compañeros,La opción correcta conserva el detalle «notablemente» tal como aparece en la fuente: «personal los jóvenes hebreos resultaron notablemente superiores a sus compañeros».,personal los jóvenes hebreos resultaron notablemente superiores a sus compañeros,PR39-P029-F53,PR39-P029-F53-VARIANTS,verified,
PR39-0094,PR39-44,PR39,"PDF p.30, PR39, párrafo 1",true_false,medium,"educación, salud y verdadero éxito","Según PDF p.30, PR39, párrafo 1, en el pasaje sobre educación, salud y verdadero éxito, determine si el detalle entre corchetes hace verdadera o falsa esta afirmación: «Se colocaron donde Dios podía ⟦adivinanzas⟧.»","[""Verdadero"", ""Falso""]",1,Falso,La afirmación cambia «bendecirlos». La corrección exacta es: «Se colocaron donde Dios podía bendecirlos.»,Se colocaron donde Dios podía bendecirlos,PR39-P030-F30,PR39-P030-F30-VARIANTS,verified,Se colocaron donde Dios podía bendecirlos.
PR39-0095,PR39-44,PR39,"PDF p.27, PR39, párrafo 3",fill_blank,hard,"cautiverio, misión y cambio de nombres","Según PDF p.27, PR39, párrafo 3, en el pasaje sobre cautiverio, misión y cambio de nombres, complete la formulación del PDF: «A fin de que quedasen plenamente capacitados para su carrera, ordenó que aprendiesen el idioma de los caldeos, y que durante _____ se les concediesen las ventajas educativas que tenían los príncipes del reino.»","[""diez días"", ""tres años"", ""seis codos"", ""siete veces""]",1,tres años,"El PDF emplea la expresión «tres años» en este contexto: «los caldeos, y que durante tres años se les concediesen las ventajas educativas que».","los caldeos, y que durante tres años se les concediesen las ventajas educativas que",PR39-P027-F82,PR39-P027-F82-VARIANTS,verified,
PR39-0096,PR39-44,PR39,"PDF p.28, PR39, párrafo 2",multiple_choice,expert,"alimento real, vino e idolatría","Según PDF p.28, PR39, párrafo 2, en el pasaje sobre alimento real, vino e idolatría, ¿Cuál opción mantiene sin alterar el detalle y el orden de la fuente? Marco: «les habían inculcado hábitos de [DETALLE]»","[""les habían inculcado hábitos de responsabilidad"", ""les habían inculcado hábitos de interpretación"", ""les habían inculcado hábitos de estricta templanza"", ""les habían inculcado hábitos de consideración""]",2,les habían inculcado hábitos de estricta templanza,La opción correcta conserva el detalle «estricta templanza» tal como aparece en la fuente: «les habían inculcado hábitos de estricta templanza».,les habían inculcado hábitos de estricta templanza,PR39-P028-F32,PR39-P028-F32-VARIANTS,verified,
PR39-0097,PR39-44,PR39,"PDF p.29, PR39, párrafo 1",true_false,hard,"Melsar, prueba de diez días y templanza","Según PDF p.29, PR39, párrafo 1, en el pasaje sobre Melsar, prueba de diez días y templanza, determine si el detalle entre corchetes hace verdadera o falsa esta afirmación: «Pidió que se hiciese una prueba de ⟦diez días⟧, durante los cuales se proveería alimento sencillo a los jóvenes hebreos, mientras que sus compañeros comerían los manjares del rey.»","[""Verdadero"", ""Falso""]",0,Verdadero,"La afirmación coincide con el PDF: «se hiciese una prueba de diez días, durante los cuales se proveería alimento sencillo».","se hiciese una prueba de diez días, durante los cuales se proveería alimento sencillo",PR39-P029-F13,PR39-P029-F13-VARIANTS,verified,
PR39-0098,PR39-44,PR39,"PDF p.30, PR39, párrafo 2",multiple_choice,expert,"educación, salud y verdadero éxito","Según PDF p.30, PR39, párrafo 2, en el pasaje sobre educación, salud y verdadero éxito, ¿Cuál opción mantiene sin alterar el detalle y el orden de la fuente? Marco: «cualquier ramo de trabajo, el [DETALLE] no es resultado de la casualidad ni»","[""cualquier ramo de trabajo, el Vigía invisible no es resultado de la casualidad ni"", ""cualquier ramo de trabajo, el Dios viviente no es resultado de la casualidad ni"", ""cualquier ramo de trabajo, el reino eterno no es resultado de la casualidad ni"", ""cualquier ramo de trabajo, el verdadero éxito no es resultado de la casualidad ni""]",3,"cualquier ramo de trabajo, el verdadero éxito no es resultado de la casualidad ni","La opción correcta conserva el detalle «verdadero éxito» tal como aparece en la fuente: «cualquier ramo de trabajo, el verdadero éxito no es resultado de la casualidad ni».","cualquier ramo de trabajo, el verdadero éxito no es resultado de la casualidad ni",PR39-P030-F77,PR39-P030-F77-VARIANTS,verified,
PR39-0099,PR39-44,PR39,"PDF p.31, PR39, párrafo 1",fill_blank,easy,"cooperación divina, deberes pequeños y carácter","Según PDF p.31, PR39, párrafo 1, en el pasaje sobre cooperación divina, deberes pequeños y carácter, complete la formulación del PDF: «En la vida del _____ cristiano, no hay cosas que no sean esenciales»","[""consejero"", ""escenario"", ""verdadero"", ""esplendor""]",2,verdadero,"El PDF emplea la expresión «verdadero» en este contexto: «En la vida del verdadero cristiano, no hay cosas que no sean».","En la vida del verdadero cristiano, no hay cosas que no sean",PR39-P031-F01,PR39-P031-F01-VARIANTS,verified,
PR39-0100,PR39-44,PR39,"PDF p.32, PR39, párrafo 1",true_false,expert,aplicación a los jóvenes actuales,"Según PDF p.32, PR39, párrafo 1, en el pasaje sobre aplicación a los jóvenes actuales, determine si el detalle entre corchetes hace verdadera o falsa esta afirmación: «pueden sacar fuerza de la misma fuente, poseer el mismo poder de dominio propio y revelar la misma gracia en su vida, aun en ⟦misericordias⟧ tan desfavorables como las que predominaban entonces.»","[""Verdadero"", ""Falso""]",1,Falso,"La afirmación cambia «circunstancias». La corrección exacta es: «pueden sacar fuerza de la misma fuente, poseer el mismo poder de dominio propio y revelar la misma gracia en su vida, aun en circunstancias tan desfavorables como las que predominaban entonces.»","en su vida, aun en circunstancias tan desfavorables como las que predominaban entonces",PR39-P032-F06,PR39-P032-F06-VARIANTS,verified,"pueden sacar fuerza de la misma fuente, poseer el mismo poder de dominio propio y revelar la misma gracia en su vida, aun en circunstancias tan desfavorables como las que predominaban entonces."
PR39-0101,PR39-44,PR39,"PDF p.27, PR39, párrafo 1",fill_blank,expert,"cautiverio, misión y cambio de nombres","Según PDF p.27, PR39, párrafo 1, en el pasaje sobre cautiverio, misión y cambio de nombres, complete la formulación del PDF: «El hecho de que esos _____ de Jehová estuviesen cautivos en Babilonia y de que los vasos de la casa de Dios se hallaran en el templo de los dioses babilónicos, era mencionado jactanciosamente por los vencedores como evidencia de que su religión y sus costumbres eran superiores a la religión y las costumbres de los hebreos.»","[""astrólogos"", ""cristianas"", ""debiéramos"", ""adoradores""]",3,adoradores,El PDF emplea la expresión «adoradores» en este contexto: «El hecho de que esos adoradores de Jehová estuviesen cautivos en Babilonia y».,El hecho de que esos adoradores de Jehová estuviesen cautivos en Babilonia y,PR39-P027-F01,PR39-P027-F01-VARIANTS,verified,
PR39-0102,PR39-44,PR39,"PDF p.28, PR39, párrafo 1",multiple_choice,hard,"alimento real, vino e idolatría","Según PDF p.28, PR39, párrafo 1, en el pasaje sobre alimento real, vino e idolatría, ¿Qué opción restituye con precisión la relación descrita? Marco: «podían correr el riesgo que [DETALLE] el efecto enervador del lujo y la»","[""podían correr el riesgo que representaba el efecto enervador del lujo y la"", ""podían correr el riesgo que predominaban el efecto enervador del lujo y la"", ""podían correr el riesgo que Medo-Persia el efecto enervador del lujo y la"", ""podían correr el riesgo que misericordias el efecto enervador del lujo y la""]",0,podían correr el riesgo que representaba el efecto enervador del lujo y la,La opción correcta conserva el detalle «representaba» tal como aparece en la fuente: «podían correr el riesgo que representaba el efecto enervador del lujo y la».,podían correr el riesgo que representaba el efecto enervador del lujo y la,PR39-P028-F01,PR39-P028-F01-VARIANTS,verified,
PR39-0103,PR39-44,PR39,"PDF p.29, PR39, párrafo 2",true_false,hard,"Melsar, prueba de diez días y templanza","Según PDF p.29, PR39, párrafo 2, en el pasaje sobre Melsar, prueba de diez días y templanza, determine si el detalle entre corchetes hace verdadera o falsa esta afirmación: «Al fin de la prueba de ⟦tres años⟧, el resultado era lo opuesto de lo que había temido el príncipe.»","[""Verdadero"", ""Falso""]",1,Falso,"La afirmación cambia «diez días». La corrección exacta es: «Al fin de la prueba de diez días, el resultado era lo opuesto de lo que había temido el príncipe.»","fin de la prueba de diez días, el resultado era lo opuesto de lo",PR39-P029-F34,PR39-P029-F34-VARIANTS,verified,"Al fin de la prueba de diez días, el resultado era lo opuesto de lo que había temido el príncipe."
PR39-0104,PR39-44,PR39,"PDF p.30, PR39, párrafo 3",multiple_choice,expert,"educación, salud y verdadero éxito","Según PDF p.30, PR39, párrafo 3, en el pasaje sobre educación, salud y verdadero éxito, ¿Cuál opción mantiene sin alterar el detalle y el orden de la fuente? Marco: «la cual no puede alcanzarse [DETALLE]»","[""la cual no puede alcanzarse Vigía invisible"", ""la cual no puede alcanzarse verdadero éxito"", ""la cual no puede alcanzarse Dios viviente"", ""la cual no puede alcanzarse reino eterno""]",1,la cual no puede alcanzarse verdadero éxito,La opción correcta conserva el detalle «verdadero éxito» tal como aparece en la fuente: «la cual no puede alcanzarse verdadero éxito».,la cual no puede alcanzarse verdadero éxito,PR39-P030-F109,PR39-P030-F109-VARIANTS,verified,
PR39-0105,PR39-44,PR39,"PDF p.31, PR39, párrafo 1",fill_blank,easy,"cooperación divina, deberes pequeños y carácter","Según PDF p.31, PR39, párrafo 1, en el pasaje sobre cooperación divina, deberes pequeños y carácter, complete la formulación del PDF: «En la vida del verdadero _____, no hay cosas que no sean esenciales»","[""cristiano"", ""abrumador"", ""aliviarla"", ""atestiguó""]",0,cristiano,"El PDF emplea la expresión «cristiano» en este contexto: «En la vida del verdadero cristiano, no hay cosas que no sean esenciales».","En la vida del verdadero cristiano, no hay cosas que no sean esenciales",PR39-P031-F02,PR39-P031-F02-VARIANTS,verified,
PR39-0106,PR39-44,PR39,"PDF p.32, PR39, párrafo 1",true_false,hard,aplicación a los jóvenes actuales,"Según PDF p.32, PR39, párrafo 1, en el pasaje sobre aplicación a los jóvenes actuales, determine si el detalle entre corchetes hace verdadera o falsa esta afirmación: «pueden sacar fuerza de la misma fuente, poseer el mismo poder de dominio propio y revelar la misma gracia en su vida, aun en circunstancias tan ⟦desfavorables⟧ como las que predominaban entonces.»","[""Verdadero"", ""Falso""]",0,Verdadero,"La afirmación coincide con el PDF: «vida, aun en circunstancias tan desfavorables como las que predominaban entonces».","vida, aun en circunstancias tan desfavorables como las que predominaban entonces",PR39-P032-F07,PR39-P032-F07-VARIANTS,verified,
PR39-0107,PR39-44,PR39,"PDF p.27, PR39, párrafo 1",fill_blank,expert,"cautiverio, misión y cambio de nombres","Según PDF p.27, PR39, párrafo 1, en el pasaje sobre cautiverio, misión y cambio de nombres, complete la formulación del PDF: «El hecho de que esos adoradores de Jehová _____ cautivos en Babilonia y de que los vasos de la casa de Dios se hallaran en el templo de los dioses babilónicos, era mencionado jactanciosamente por los vencedores como evidencia de que su religión y sus costumbres eran superiores a la religión y las costumbres de los hebreos.»","[""habitasen"", ""estuviesen"", ""recibiese"", ""revelasen""]",1,estuviesen,El PDF emplea la expresión «estuviesen» en este contexto: «que esos adoradores de Jehová estuviesen cautivos en Babilonia y de que los».,que esos adoradores de Jehová estuviesen cautivos en Babilonia y de que los,PR39-P027-F02,PR39-P027-F02-VARIANTS,verified,
PR39-0108,PR39-44,PR39,"PDF p.28, PR39, párrafo 1",multiple_choice,hard,"alimento real, vino e idolatría","Según PDF p.28, PR39, párrafo 1, en el pasaje sobre alimento real, vino e idolatría, ¿Qué opción restituye con precisión la relación descrita? Marco: «riesgo que representaba el efecto [DETALLE] del lujo y la disipación sobre el»","[""riesgo que representaba el efecto abrumador del lujo y la disipación sobre el"", ""riesgo que representaba el efecto aliviarla del lujo y la disipación sobre el"", ""riesgo que representaba el efecto enervador del lujo y la disipación sobre el"", ""riesgo que representaba el efecto atestiguó del lujo y la disipación sobre el""]",2,riesgo que representaba el efecto enervador del lujo y la disipación sobre el,La opción correcta conserva el detalle «enervador» tal como aparece en la fuente: «riesgo que representaba el efecto enervador del lujo y la disipación sobre el».,riesgo que representaba el efecto enervador del lujo y la disipación sobre el,PR39-P028-F02,PR39-P028-F02-VARIANTS,verified,
PR39-0109,PR39-44,PR39,"PDF p.29, PR39, párrafo 3",true_false,medium,"Melsar, prueba de diez días y templanza","Según PDF p.29, PR39, párrafo 3, en el pasaje sobre Melsar, prueba de diez días y templanza, determine si el detalle entre corchetes hace verdadera o falsa esta afirmación: «Los jóvenes hebreos estudiaron ⟦tres años⟧ “las letras y la lengua de los Caldeos.»","[""Verdadero"", ""Falso""]",0,Verdadero,La afirmación coincide con el PDF: «Los jóvenes hebreos estudiaron tres años “las letras y la lengua de los».,Los jóvenes hebreos estudiaron tres años “las letras y la lengua de los,PR39-P029-F67,PR39-P029-F67-VARIANTS,verified,
PR39-0110,PR39-44,PR39,"PDF p.30, PR39, párrafo 1",fill_blank,medium,"educación, salud y verdadero éxito","Según PDF p.30, PR39, párrafo 1, en el pasaje sobre educación, salud y verdadero éxito, complete la formulación del PDF: «Al adquirir la _____ de los babilonios, Daniel y sus compañeros tuvieron mucho más éxito que los demás estudiantes»","[""adoración"", ""adorareis"", ""sabiduría"", ""autoridad""]",2,sabiduría,"El PDF emplea la expresión «sabiduría» en este contexto: «Al adquirir la sabiduría de los babilonios, Daniel y sus compañeros».","Al adquirir la sabiduría de los babilonios, Daniel y sus compañeros",PR39-P030-F01,PR39-P030-F01-VARIANTS,verified,
PR39-0111,PR39-44,PR39,"PDF p.31, PR39, párrafo 1",multiple_choice,medium,"cooperación divina, deberes pequeños y carácter","Según PDF p.31, PR39, párrafo 1, en el pasaje sobre cooperación divina, deberes pequeños y carácter, ¿Cuál opción conserva el dato exacto de la fuente? Marco: «hay cosas que no sean [DETALLE]»","[""hay cosas que no sean adoradores"", ""hay cosas que no sean astrólogos"", ""hay cosas que no sean cristianas"", ""hay cosas que no sean esenciales""]",3,hay cosas que no sean esenciales,La opción correcta conserva el detalle «esenciales» tal como aparece en la fuente: «hay cosas que no sean esenciales».,hay cosas que no sean esenciales,PR39-P031-F03,PR39-P031-F03-VARIANTS,verified,
PR39-0112,PR39-44,PR39,"PDF p.32, PR39, párrafo 1",true_false,expert,aplicación a los jóvenes actuales,"Según PDF p.32, PR39, párrafo 1, en el pasaje sobre aplicación a los jóvenes actuales, determine si el detalle entre corchetes hace verdadera o falsa esta afirmación: «pueden sacar fuerza de la misma fuente, poseer el mismo poder de dominio propio y revelar la misma gracia en su vida, aun en circunstancias tan desfavorables como las que ⟦representaba⟧ entonces.»","[""Verdadero"", ""Falso""]",1,Falso,"La afirmación cambia «predominaban». La corrección exacta es: «pueden sacar fuerza de la misma fuente, poseer el mismo poder de dominio propio y revelar la misma gracia en su vida, aun en circunstancias tan desfavorables como las que predominaban entonces.»",tan desfavorables como las que predominaban entonces,PR39-P032-F08,PR39-P032-F08-VARIANTS,verified,"pueden sacar fuerza de la misma fuente, poseer el mismo poder de dominio propio y revelar la misma gracia en su vida, aun en circunstancias tan desfavorables como las que predominaban entonces."
PR39-0113,PR39-44,PR39,"PDF p.27, PR39, párrafo 1",fill_blank,medium,"cautiverio, misión y cambio de nombres","Según PDF p.27, PR39, párrafo 1, en el pasaje sobre cautiverio, misión y cambio de nombres, complete la formulación del PDF: «El hecho de que esos adoradores de Jehová estuviesen cautivos en _____ y de que los vasos de la casa de Dios se hallaran en el templo de los dioses babilónicos, era mencionado jactanciosamente por los vencedores como evidencia de que su religión y sus costumbres eran superiores a la religión y las costumbres de los hebreos.»","[""Jerusalem"", ""Jerusalén"", ""Atenas"", ""Babilonia""]",3,Babilonia,El PDF emplea la expresión «Babilonia» en este contexto: «de Jehová estuviesen cautivos en Babilonia y de que los vasos de la».,de Jehová estuviesen cautivos en Babilonia y de que los vasos de la,PR39-P027-F03,PR39-P027-F03-VARIANTS,verified,
PR39-0114,PR39-44,PR39,"PDF p.28, PR39, párrafo 1",multiple_choice,hard,"alimento real, vino e idolatría","Según PDF p.28, PR39, párrafo 1, en el pasaje sobre alimento real, vino e idolatría, ¿Qué opción restituye con precisión la relación descrita? Marco: «enervador del lujo y la [DETALLE] sobre el desarrollo físico, mental y espiritual»","[""enervador del lujo y la disipación sobre el desarrollo físico, mental y espiritual"", ""enervador del lujo y la apariencia sobre el desarrollo físico, mental y espiritual"", ""enervador del lujo y la casualidad sobre el desarrollo físico, mental y espiritual"", ""enervador del lujo y la cautividad sobre el desarrollo físico, mental y espiritual""]",0,"enervador del lujo y la disipación sobre el desarrollo físico, mental y espiritual","La opción correcta conserva el detalle «disipación» tal como aparece en la fuente: «enervador del lujo y la disipación sobre el desarrollo físico, mental y espiritual».","enervador del lujo y la disipación sobre el desarrollo físico, mental y espiritual",PR39-P028-F03,PR39-P028-F03-VARIANTS,verified,
PR39-0115,PR39-44,PR39,"PDF p.29, PR39, párrafo 5",true_false,expert,"Melsar, prueba de diez días y templanza","Según PDF p.29, PR39, párrafo 5, en el pasaje sobre Melsar, prueba de diez días y templanza, determine si el detalle entre corchetes hace verdadera o falsa esta afirmación: «“Y en todo negocio de sabiduría e inteligencia que el rey les demandó, hallólos ⟦diez veces mejores⟧ que todos los magos y astrólogos que había en todo su reino;” “y así estuvieron delante del rey.”»","[""Verdadero"", ""Falso""]",0,Verdadero,"La afirmación coincide con el PDF: «el rey les demandó, hallólos diez veces mejores que todos los magos y astrólogos que».","el rey les demandó, hallólos diez veces mejores que todos los magos y astrólogos que",PR39-P029-F183,PR39-P029-F183-VARIANTS,verified,
PR39-0116,PR39-44,PR39,"PDF p.30, PR39, párrafo 1",fill_blank,medium,"educación, salud y verdadero éxito","Según PDF p.30, PR39, párrafo 1, en el pasaje sobre educación, salud y verdadero éxito, complete la formulación del PDF: «Al adquirir la sabiduría de los _____, Daniel y sus compañeros tuvieron mucho más éxito que los demás estudiantes»","[""babilonios"", ""asombrados"", ""caracteres"", ""compañeros""]",0,babilonios,"El PDF emplea la expresión «babilonios» en este contexto: «adquirir la sabiduría de los babilonios, Daniel y sus compañeros tuvieron mucho más».","adquirir la sabiduría de los babilonios, Daniel y sus compañeros tuvieron mucho más",PR39-P030-F02,PR39-P030-F02-VARIANTS,verified,
PR39-0117,PR39-44,PR39,"PDF p.31, PR39, párrafo 1",multiple_choice,medium,"cooperación divina, deberes pequeños y carácter","Según PDF p.31, PR39, párrafo 1, en el pasaje sobre cooperación divina, deberes pequeños y carácter, ¿Cuál opción conserva el dato exacto de la fuente? Marco: «a la vista del [DETALLE] todo deber es importante»","[""a la vista del mandamiento todo deber es importante"", ""a la vista del Omnipotente todo deber es importante"", ""a la vista del pensamiento todo deber es importante"", ""a la vista del significado todo deber es importante""]",1,a la vista del Omnipotente todo deber es importante,La opción correcta conserva el detalle «Omnipotente» tal como aparece en la fuente: «a la vista del Omnipotente todo deber es importante».,a la vista del Omnipotente todo deber es importante,PR39-P031-F05,PR39-P031-F05-VARIANTS,verified,
PR39-0118,PR39-44,PR39,"PDF p.32, PR39, párrafo 1",true_false,hard,aplicación a los jóvenes actuales,"Según PDF p.32, PR39, párrafo 1, en el pasaje sobre aplicación a los jóvenes actuales, determine si el detalle entre corchetes hace verdadera o falsa esta afirmación: «Aunque rodeados por ⟦adivinanzas⟧ a satisfacer sus apetitos, especialmente en nuestras grandes ciudades, donde resulta fácil y atrayente toda complacencia sensual, pueden permanecer por la gracia de Dios firmes en su propósito de honrar a Dios.»","[""Verdadero"", ""Falso""]",1,Falso,"La afirmación cambia «tentaciones». La corrección exacta es: «Aunque rodeados por tentaciones a satisfacer sus apetitos, especialmente en nuestras grandes ciudades, donde resulta fácil y atrayente toda complacencia sensual, pueden permanecer por la gracia de Dios firmes en su propósito de honrar a Dios.»","Aunque rodeados por tentaciones a satisfacer sus apetitos, especialmente en nuestras",PR39-P032-F18,PR39-P032-F18-VARIANTS,verified,"Aunque rodeados por tentaciones a satisfacer sus apetitos, especialmente en nuestras grandes ciudades, donde resulta fácil y atrayente toda complacencia sensual, pueden permanecer por la gracia de Dios firmes en su propósito de honrar a Dios."
PR39-0119,PR39-44,PR39,"PDF p.27, PR39, párrafo 1",fill_blank,expert,"cautiverio, misión y cambio de nombres","Según PDF p.27, PR39, párrafo 1, en el pasaje sobre cautiverio, misión y cambio de nombres, complete la formulación del PDF: «El hecho de que esos adoradores de Jehová estuviesen cautivos en Babilonia y de que los vasos de la casa de Dios se hallaran en el templo de los dioses _____, era mencionado jactanciosamente por los vencedores como evidencia de que su religión y sus costumbres eran superiores a la religión y las costumbres de los hebreos.»","[""adivinanzas"", ""babilónicos"", ""bendecirlos"", ""bendiciones""]",1,babilónicos,"El PDF emplea la expresión «babilónicos» en este contexto: «el templo de los dioses babilónicos, era mencionado jactanciosamente por los vencedores como».","el templo de los dioses babilónicos, era mencionado jactanciosamente por los vencedores como",PR39-P027-F04,PR39-P027-F04-VARIANTS,verified,
PR39-0120,PR39-44,PR39,"PDF p.28, PR39, párrafo 1",multiple_choice,hard,"alimento real, vino e idolatría","Según PDF p.28, PR39, párrafo 1, en el pasaje sobre alimento real, vino e idolatría, ¿Qué opción restituye con precisión la relación descrita? Marco: «y la disipación sobre el [DETALLE] físico, mental y espiritual»","[""y la disipación sobre el fundamento físico, mental y espiritual"", ""y la disipación sobre el gobernante físico, mental y espiritual"", ""y la disipación sobre el desarrollo físico, mental y espiritual"", ""y la disipación sobre el nacimiento físico, mental y espiritual""]",2,"y la disipación sobre el desarrollo físico, mental y espiritual","La opción correcta conserva el detalle «desarrollo» tal como aparece en la fuente: «y la disipación sobre el desarrollo físico, mental y espiritual».","y la disipación sobre el desarrollo físico, mental y espiritual",PR39-P028-F04,PR39-P028-F04-VARIANTS,verified,
PR39-0121,PR39-44,PR39,"PDF p.29, PR39, párrafo 4",true_false,medium,"Melsar, prueba de diez días y templanza","Según PDF p.29, PR39, párrafo 4, en el pasaje sobre Melsar, prueba de diez días y templanza, determine si el detalle entre corchetes hace verdadera o falsa esta afirmación: «“A estos ⟦sesenta⟧ muchachos dióles Dios conocimiento e inteligencia en todas las letras y ciencia: mas Daniel tuvo entendimiento en toda visión y sueños.»","[""Verdadero"", ""Falso""]",1,Falso,La afirmación cambia «cuatro». La corrección exacta es: «“A estos cuatro muchachos dióles Dios conocimiento e inteligencia en todas las letras y ciencia: mas Daniel tuvo entendimiento en toda visión y sueños.»,A estos cuatro muchachos dióles Dios conocimiento e inteligencia en,PR39-P029-F121,PR39-P029-F121-VARIANTS,verified,“A estos cuatro muchachos dióles Dios conocimiento e inteligencia en todas las letras y ciencia: mas Daniel tuvo entendimiento en toda visión y sueños.
PR39-0122,PR39-44,PR39,"PDF p.30, PR39, párrafo 1",fill_blank,medium,"educación, salud y verdadero éxito","Según PDF p.30, PR39, párrafo 1, en el pasaje sobre educación, salud y verdadero éxito, complete la formulación del PDF: «Al adquirir la sabiduría de los babilonios, Daniel y sus _____ tuvieron mucho más éxito que los demás estudiantes»","[""asombrados"", ""babilonios"", ""compañeros"", ""caracteres""]",2,compañeros,"El PDF emplea la expresión «compañeros» en este contexto: «los babilonios, Daniel y sus compañeros tuvieron mucho más éxito que los demás».","los babilonios, Daniel y sus compañeros tuvieron mucho más éxito que los demás",PR39-P030-F03,PR39-P030-F03-VARIANTS,verified,
PR39-0123,PR39-44,PR39,"PDF p.31, PR39, párrafo 1",multiple_choice,medium,"cooperación divina, deberes pequeños y carácter","Según PDF p.31, PR39, párrafo 1, en el pasaje sobre cooperación divina, deberes pequeños y carácter, ¿Cuál opción conserva el dato exacto de la fuente? Marco: «del Omnipotente todo deber es [DETALLE]»","[""del Omnipotente todo deber es babilónico"", ""del Omnipotente todo deber es destruidor"", ""del Omnipotente todo deber es espiritual"", ""del Omnipotente todo deber es importante""]",3,del Omnipotente todo deber es importante,La opción correcta conserva el detalle «importante» tal como aparece en la fuente: «del Omnipotente todo deber es importante».,del Omnipotente todo deber es importante,PR39-P031-F06,PR39-P031-F06-VARIANTS,verified,
PR39-0124,PR39-44,PR39,"PDF p.32, PR39, párrafo 1",true_false,expert,aplicación a los jóvenes actuales,"Según PDF p.32, PR39, párrafo 1, en el pasaje sobre aplicación a los jóvenes actuales, determine si el detalle entre corchetes hace verdadera o falsa esta afirmación: «Aunque rodeados por tentaciones a ⟦comprender⟧ sus apetitos, especialmente en nuestras grandes ciudades, donde resulta fácil y atrayente toda complacencia sensual, pueden permanecer por la gracia de Dios firmes en su propósito de honrar a Dios.»","[""Verdadero"", ""Falso""]",1,Falso,"La afirmación cambia «satisfacer». La corrección exacta es: «Aunque rodeados por tentaciones a satisfacer sus apetitos, especialmente en nuestras grandes ciudades, donde resulta fácil y atrayente toda complacencia sensual, pueden permanecer por la gracia de Dios firmes en su propósito de honrar a Dios.»","Aunque rodeados por tentaciones a satisfacer sus apetitos, especialmente en nuestras grandes ciudades",PR39-P032-F19,PR39-P032-F19-VARIANTS,verified,"Aunque rodeados por tentaciones a satisfacer sus apetitos, especialmente en nuestras grandes ciudades, donde resulta fácil y atrayente toda complacencia sensual, pueden permanecer por la gracia de Dios firmes en su propósito de honrar a Dios."
PR39-0125,PR39-44,PR39,"PDF p.27, PR39, párrafo 1",fill_blank,expert,"cautiverio, misión y cambio de nombres","Según PDF p.27, PR39, párrafo 1, en el pasaje sobre cautiverio, misión y cambio de nombres, complete la formulación del PDF: «El hecho de que esos adoradores de Jehová estuviesen cautivos en Babilonia y de que los vasos de la casa de Dios se hallaran en el templo de los dioses babilónicos, era _____ jactanciosamente por los vencedores como evidencia de que su religión y sus costumbres eran superiores a la religión y las costumbres de los hebreos.»","[""arrostrado"", ""blasfemado"", ""confirmado"", ""mencionado""]",3,mencionado,"El PDF emplea la expresión «mencionado» en este contexto: «de los dioses babilónicos, era mencionado jactanciosamente por los vencedores como evidencia de».","de los dioses babilónicos, era mencionado jactanciosamente por los vencedores como evidencia de",PR39-P027-F05,PR39-P027-F05-VARIANTS,verified,
PR39-0126,PR39-44,PR39,"PDF p.28, PR39, párrafo 1",multiple_choice,hard,"alimento real, vino e idolatría","Según PDF p.28, PR39, párrafo 1, en el pasaje sobre alimento real, vino e idolatría, ¿Qué opción restituye con precisión la relación descrita? Marco: «el desarrollo físico, mental y [DETALLE]»","[""el desarrollo físico, mental y espiritual"", ""el desarrollo físico, mental y babilónico"", ""el desarrollo físico, mental y destruidor"", ""el desarrollo físico, mental y extranjero""]",0,"el desarrollo físico, mental y espiritual","La opción correcta conserva el detalle «espiritual» tal como aparece en la fuente: «el desarrollo físico, mental y espiritual».","el desarrollo físico, mental y espiritual",PR39-P028-F05,PR39-P028-F05-VARIANTS,verified,
PR39-0127,PR39-44,PR39,"PDF p.29, PR39, párrafo 1",true_false,hard,"Melsar, prueba de diez días y templanza","Según PDF p.29, PR39, párrafo 1, en el pasaje sobre Melsar, prueba de diez días y templanza, determine si el detalle entre corchetes hace verdadera o falsa esta afirmación: «Daniel apeló entonces a Melsar, oficial ⟦encargado⟧ especialmente de la juventud hebrea, y solicitó que se les excusase de comer la comida del rey y beber su vino.»","[""Verdadero"", ""Falso""]",0,Verdadero,"La afirmación coincide con el PDF: «apeló entonces a Melsar, oficial encargado especialmente de la juventud hebrea, y solicitó».","apeló entonces a Melsar, oficial encargado especialmente de la juventud hebrea, y solicitó",PR39-P029-F01,PR39-P029-F01-VARIANTS,verified,
PR39-0128,PR39-44,PR39,"PDF p.30, PR39, párrafo 1",fill_blank,medium,"educación, salud y verdadero éxito","Según PDF p.30, PR39, párrafo 1, en el pasaje sobre educación, salud y verdadero éxito, complete la formulación del PDF: «Al adquirir la sabiduría de los babilonios, Daniel y sus compañeros tuvieron mucho más éxito que los demás _____»","[""estudiantes"", ""adivinanzas"", ""babilónicos"", ""bendecirlos""]",0,estudiantes,El PDF emplea la expresión «estudiantes» en este contexto: «más éxito que los demás estudiantes».,más éxito que los demás estudiantes,PR39-P030-F04,PR39-P030-F04-VARIANTS,verified,
PR39-0129,PR39-44,PR39,"PDF p.31, PR39, párrafo 1",multiple_choice,easy,"cooperación divina, deberes pequeños y carácter","Según PDF p.31, PR39, párrafo 1, en el pasaje sobre cooperación divina, deberes pequeños y carácter, ¿Qué expresión completa correctamente el detalle señalado? Marco: «El Señor mide con [DETALLE] toda posibilidad de servir»","[""El Señor mide con adoración toda posibilidad de servir"", ""El Señor mide con exactitud toda posibilidad de servir"", ""El Señor mide con adorareis toda posibilidad de servir"", ""El Señor mide con autoridad toda posibilidad de servir""]",1,El Señor mide con exactitud toda posibilidad de servir,La opción correcta conserva el detalle «exactitud» tal como aparece en la fuente: «El Señor mide con exactitud toda posibilidad de servir».,El Señor mide con exactitud toda posibilidad de servir,PR39-P031-F09,PR39-P031-F09-VARIANTS,verified,
PR39-0130,PR39-44,PR39,"PDF p.32, PR39, párrafo 1",true_false,hard,aplicación a los jóvenes actuales,"Según PDF p.32, PR39, párrafo 1, en el pasaje sobre aplicación a los jóvenes actuales, determine si el detalle entre corchetes hace verdadera o falsa esta afirmación: «Aunque rodeados por tentaciones a satisfacer sus apetitos, ⟦especialmente⟧ en nuestras grandes ciudades, donde resulta fácil y atrayente toda complacencia sensual, pueden permanecer por la gracia de Dios firmes en su propósito de honrar a Dios.»","[""Verdadero"", ""Falso""]",0,Verdadero,"La afirmación coincide con el PDF: «tentaciones a satisfacer sus apetitos, especialmente en nuestras grandes ciudades, donde resulta fácil».","tentaciones a satisfacer sus apetitos, especialmente en nuestras grandes ciudades, donde resulta fácil",PR39-P032-F20,PR39-P032-F20-VARIANTS,verified,
PR39-0131,PR39-44,PR39,"PDF p.27, PR39, párrafo 1",fill_blank,expert,"cautiverio, misión y cambio de nombres","Según PDF p.27, PR39, párrafo 1, en el pasaje sobre cautiverio, misión y cambio de nombres, complete la formulación del PDF: «El hecho de que esos adoradores de Jehová estuviesen cautivos en Babilonia y de que los vasos de la casa de Dios se hallaran en el templo de los dioses babilónicos, era mencionado _____ por los vencedores como evidencia de que su religión y sus costumbres eran superiores a la religión y las costumbres de los hebreos.»","[""manifiestamente"", ""jactanciosamente"", ""aceleradamente"", ""favorablemente""]",1,jactanciosamente,"El PDF emplea la expresión «jactanciosamente» en este contexto: «los dioses babilónicos, era mencionado jactanciosamente por los vencedores como evidencia de que».","los dioses babilónicos, era mencionado jactanciosamente por los vencedores como evidencia de que",PR39-P027-F06,PR39-P027-F06-VARIANTS,verified,
PR39-0132,PR39-44,PR39,"PDF p.28, PR39, párrafo 1",multiple_choice,hard,"alimento real, vino e idolatría","Según PDF p.28, PR39, párrafo 1, en el pasaje sobre alimento real, vino e idolatría, ¿Qué opción restituye con precisión la relación descrita? Marco: «de Nadab y Abihú, cuya [DETALLE], así como los resultados que había tenido»","[""de Nadab y Abihú, cuya consideración, así como los resultados que había tenido"", ""de Nadab y Abihú, cuya desobediencia, así como los resultados que había tenido"", ""de Nadab y Abihú, cuya intemperancia, así como los resultados que había tenido"", ""de Nadab y Abihú, cuya determinación, así como los resultados que había tenido""]",2,"de Nadab y Abihú, cuya intemperancia, así como los resultados que había tenido","La opción correcta conserva el detalle «intemperancia» tal como aparece en la fuente: «de Nadab y Abihú, cuya intemperancia, así como los resultados que había tenido».","de Nadab y Abihú, cuya intemperancia, así como los resultados que había tenido",PR39-P028-F13,PR39-P028-F13-VARIANTS,verified,
PR39-0133,PR39-44,PR39,"PDF p.29, PR39, párrafo 1",true_false,hard,"Melsar, prueba de diez días y templanza","Según PDF p.29, PR39, párrafo 1, en el pasaje sobre Melsar, prueba de diez días y templanza, determine si el detalle entre corchetes hace verdadera o falsa esta afirmación: «Daniel apeló entonces a Melsar, oficial encargado ⟦completamente⟧ de la juventud hebrea, y solicitó que se les excusase de comer la comida del rey y beber su vino.»","[""Verdadero"", ""Falso""]",1,Falso,"La afirmación cambia «especialmente». La corrección exacta es: «Daniel apeló entonces a Melsar, oficial encargado especialmente de la juventud hebrea, y solicitó que se les excusase de comer la comida del rey y beber su vino.»","entonces a Melsar, oficial encargado especialmente de la juventud hebrea, y solicitó que",PR39-P029-F02,PR39-P029-F02-VARIANTS,verified,"Daniel apeló entonces a Melsar, oficial encargado especialmente de la juventud hebrea, y solicitó que se les excusase de comer la comida del rey y beber su vino."
PR39-0134,PR39-44,PR39,"PDF p.30, PR39, párrafo 1",fill_blank,easy,"educación, salud y verdadero éxito","Según PDF p.30, PR39, párrafo 1, en el pasaje sobre educación, salud y verdadero éxito, complete la formulación del PDF: «pero su saber no les llegó por _____.»","[""apariencia"", ""cautividad"", ""casualidad"", ""corrupción""]",2,casualidad,El PDF emplea la expresión «casualidad» en este contexto: «saber no les llegó por casualidad».,saber no les llegó por casualidad,PR39-P030-F10,PR39-P030-F10-VARIANTS,verified,
PR39-0135,PR39-44,PR39,"PDF p.31, PR39, párrafo 1",multiple_choice,medium,"cooperación divina, deberes pequeños y carácter","Según PDF p.31, PR39, párrafo 1, en el pasaje sobre cooperación divina, deberes pequeños y carácter, ¿Cuál opción conserva el dato exacto de la fuente? Marco: «Señor mide con exactitud toda [DETALLE] de servir»","[""Señor mide con exactitud toda convocación de servir"", ""Señor mide con exactitud toda destrucción de servir"", ""Señor mide con exactitud toda disposición de servir"", ""Señor mide con exactitud toda posibilidad de servir""]",3,Señor mide con exactitud toda posibilidad de servir,La opción correcta conserva el detalle «posibilidad» tal como aparece en la fuente: «Señor mide con exactitud toda posibilidad de servir».,Señor mide con exactitud toda posibilidad de servir,PR39-P031-F10,PR39-P031-F10-VARIANTS,verified,
PR39-0136,PR39-44,PR39,"PDF p.32, PR39, párrafo 1",true_false,hard,aplicación a los jóvenes actuales,"Según PDF p.32, PR39, párrafo 1, en el pasaje sobre aplicación a los jóvenes actuales, determine si el detalle entre corchetes hace verdadera o falsa esta afirmación: «Aunque rodeados por tentaciones a satisfacer sus apetitos, especialmente en nuestras grandes ciudades, donde resulta fácil y ⟦atrayente⟧ toda complacencia sensual, pueden permanecer por la gracia de Dios firmes en su propósito de honrar a Dios.»","[""Verdadero"", ""Falso""]",0,Verdadero,"La afirmación coincide con el PDF: «ciudades, donde resulta fácil y atrayente toda complacencia sensual, pueden permanecer por la».","ciudades, donde resulta fácil y atrayente toda complacencia sensual, pueden permanecer por la",PR39-P032-F21,PR39-P032-F21-VARIANTS,verified,
PR39-0137,PR39-44,PR39,"PDF p.27, PR39, párrafo 1",fill_blank,expert,"cautiverio, misión y cambio de nombres","Según PDF p.27, PR39, párrafo 1, en el pasaje sobre cautiverio, misión y cambio de nombres, complete la formulación del PDF: «El hecho de que esos adoradores de Jehová estuviesen cautivos en Babilonia y de que los vasos de la casa de Dios se hallaran en el templo de los dioses babilónicos, era mencionado jactanciosamente por los _____ como evidencia de que su religión y sus costumbres eran superiores a la religión y las costumbres de los hebreos.»","[""asombrados"", ""babilonios"", ""caracteres"", ""vencedores""]",3,vencedores,El PDF emplea la expresión «vencedores» en este contexto: «era mencionado jactanciosamente por los vencedores como evidencia de que su religión y».,era mencionado jactanciosamente por los vencedores como evidencia de que su religión y,PR39-P027-F07,PR39-P027-F07-VARIANTS,verified,
PR39-0138,PR39-44,PR39,"PDF p.28, PR39, párrafo 1",multiple_choice,hard,"alimento real, vino e idolatría","Según PDF p.28, PR39, párrafo 1, en el pasaje sobre alimento real, vino e idolatría, ¿Qué opción restituye con precisión la relación descrita? Marco: «cuya intemperancia, así como los [DETALLE] que había tenido, describían los pergaminos del»","[""cuya intemperancia, así como los resultados que había tenido, describían los pergaminos del"", ""cuya intemperancia, así como los asombrados que había tenido, describían los pergaminos del"", ""cuya intemperancia, así como los babilonios que había tenido, describían los pergaminos del"", ""cuya intemperancia, así como los caracteres que había tenido, describían los pergaminos del""]",0,"cuya intemperancia, así como los resultados que había tenido, describían los pergaminos del","La opción correcta conserva el detalle «resultados» tal como aparece en la fuente: «cuya intemperancia, así como los resultados que había tenido, describían los pergaminos del».","cuya intemperancia, así como los resultados que había tenido, describían los pergaminos del",PR39-P028-F14,PR39-P028-F14-VARIANTS,verified,
PR39-0139,PR39-44,PR39,"PDF p.29, PR39, párrafo 1",true_false,hard,"Melsar, prueba de diez días y templanza","Según PDF p.29, PR39, párrafo 1, en el pasaje sobre Melsar, prueba de diez días y templanza, determine si el detalle entre corchetes hace verdadera o falsa esta afirmación: «Pidió que se hiciese una prueba de diez días, durante los cuales se ⟦quedarían⟧ alimento sencillo a los jóvenes hebreos, mientras que sus compañeros comerían los manjares del rey.»","[""Verdadero"", ""Falso""]",1,Falso,"La afirmación cambia «proveería». La corrección exacta es: «Pidió que se hiciese una prueba de diez días, durante los cuales se proveería alimento sencillo a los jóvenes hebreos, mientras que sus compañeros comerían los manjares del rey.»","días, durante los cuales se proveería alimento sencillo a los jóvenes hebreos, mientras",PR39-P029-F14,PR39-P029-F14-VARIANTS,verified,"Pidió que se hiciese una prueba de diez días, durante los cuales se proveería alimento sencillo a los jóvenes hebreos, mientras que sus compañeros comerían los manjares del rey."
PR39-0140,PR39-44,PR39,"PDF p.30, PR39, párrafo 1",fill_blank,easy,"educación, salud y verdadero éxito","Según PDF p.30, PR39, párrafo 1, en el pasaje sobre educación, salud y verdadero éxito, complete la formulación del PDF: «Lo obtuvieron por el uso fiel de sus _____, bajo la dirección del Espíritu Santo.»","[""facultades"", ""asombrados"", ""babilonios"", ""caracteres""]",0,facultades,"El PDF emplea la expresión «facultades» en este contexto: «el uso fiel de sus facultades, bajo la dirección del Espíritu Santo».","el uso fiel de sus facultades, bajo la dirección del Espíritu Santo",PR39-P030-F13,PR39-P030-F13-VARIANTS,verified,
PR39-0141,PR39-44,PR39,"PDF p.31, PR39, párrafo 1",multiple_choice,medium,"cooperación divina, deberes pequeños y carácter","Según PDF p.31, PR39, párrafo 1, en el pasaje sobre cooperación divina, deberes pequeños y carácter, ¿Cuál opción conserva el dato exacto de la fuente? Marco: «Seremos juzgados por lo que [DETALLE] haber hecho y no hicimos porque no»","[""Seremos juzgados por lo que adoradores haber hecho y no hicimos porque no"", ""Seremos juzgados por lo que debiéramos haber hecho y no hicimos porque no"", ""Seremos juzgados por lo que astrólogos haber hecho y no hicimos porque no"", ""Seremos juzgados por lo que cristianas haber hecho y no hicimos porque no""]",1,Seremos juzgados por lo que debiéramos haber hecho y no hicimos porque no,La opción correcta conserva el detalle «debiéramos» tal como aparece en la fuente: «Seremos juzgados por lo que debiéramos haber hecho y no hicimos porque no».,Seremos juzgados por lo que debiéramos haber hecho y no hicimos porque no,PR39-P031-F16,PR39-P031-F16-VARIANTS,verified,
PR39-0142,PR39-44,PR39,"PDF p.32, PR39, párrafo 1",true_false,hard,aplicación a los jóvenes actuales,"Según PDF p.32, PR39, párrafo 1, en el pasaje sobre aplicación a los jóvenes actuales, determine si el detalle entre corchetes hace verdadera o falsa esta afirmación: «Aunque rodeados por tentaciones a satisfacer sus apetitos, especialmente en nuestras grandes ciudades, donde resulta fácil y atrayente toda ⟦amonestación⟧ sensual, pueden permanecer por la gracia de Dios firmes en su propósito de honrar a Dios.»","[""Verdadero"", ""Falso""]",1,Falso,"La afirmación cambia «complacencia». La corrección exacta es: «Aunque rodeados por tentaciones a satisfacer sus apetitos, especialmente en nuestras grandes ciudades, donde resulta fácil y atrayente toda complacencia sensual, pueden permanecer por la gracia de Dios firmes en su propósito de honrar a Dios.»","resulta fácil y atrayente toda complacencia sensual, pueden permanecer por la gracia de",PR39-P032-F22,PR39-P032-F22-VARIANTS,verified,"Aunque rodeados por tentaciones a satisfacer sus apetitos, especialmente en nuestras grandes ciudades, donde resulta fácil y atrayente toda complacencia sensual, pueden permanecer por la gracia de Dios firmes en su propósito de honrar a Dios."
PR39-0143,PR39-44,PR39,"PDF p.27, PR39, párrafo 1",fill_blank,expert,"cautiverio, misión y cambio de nombres","Según PDF p.27, PR39, párrafo 1, en el pasaje sobre cautiverio, misión y cambio de nombres, complete la formulación del PDF: «El hecho de que esos adoradores de Jehová estuviesen cautivos en Babilonia y de que los vasos de la casa de Dios se hallaran en el templo de los dioses babilónicos, era mencionado jactanciosamente por los vencedores como _____ de que su religión y sus costumbres eran superiores a la religión y las costumbres de los hebreos.»","[""amenazaba"", ""evidencia"", ""esperaban"", ""indicaban""]",1,evidencia,El PDF emplea la expresión «evidencia» en este contexto: «jactanciosamente por los vencedores como evidencia de que su religión y sus costumbres».,jactanciosamente por los vencedores como evidencia de que su religión y sus costumbres,PR39-P027-F08,PR39-P027-F08-VARIANTS,verified,
PR39-0144,PR39-44,PR39,"PDF p.28, PR39, párrafo 1",multiple_choice,hard,"alimento real, vino e idolatría","Según PDF p.28, PR39, párrafo 1, en el pasaje sobre alimento real, vino e idolatría, ¿Qué opción restituye con precisión la relación descrita? Marco: «los resultados que había tenido, [DETALLE] los pergaminos del Pentateuco»","[""los resultados que había tenido, abundancia los pergaminos del Pentateuco"", ""los resultados que había tenido, constancia los pergaminos del Pentateuco"", ""los resultados que había tenido, describían los pergaminos del Pentateuco"", ""los resultados que había tenido, establecía los pergaminos del Pentateuco""]",2,"los resultados que había tenido, describían los pergaminos del Pentateuco","La opción correcta conserva el detalle «describían» tal como aparece en la fuente: «los resultados que había tenido, describían los pergaminos del Pentateuco».","los resultados que había tenido, describían los pergaminos del Pentateuco",PR39-P028-F15,PR39-P028-F15-VARIANTS,verified,
PR39-0145,PR39-44,PR39,"PDF p.29, PR39, párrafo 1",true_false,hard,"Melsar, prueba de diez días y templanza","Según PDF p.29, PR39, párrafo 1, en el pasaje sobre Melsar, prueba de diez días y templanza, determine si el detalle entre corchetes hace verdadera o falsa esta afirmación: «Pidió que se hiciese una prueba de diez días, durante los cuales se proveería alimento sencillo a los jóvenes hebreos, mientras que sus ⟦asombrados⟧ comerían los manjares del rey.»","[""Verdadero"", ""Falso""]",1,Falso,"La afirmación cambia «compañeros». La corrección exacta es: «Pidió que se hiciese una prueba de diez días, durante los cuales se proveería alimento sencillo a los jóvenes hebreos, mientras que sus compañeros comerían los manjares del rey.»","jóvenes hebreos, mientras que sus compañeros comerían los manjares del rey",PR39-P029-F15,PR39-P029-F15-VARIANTS,verified,"Pidió que se hiciese una prueba de diez días, durante los cuales se proveería alimento sencillo a los jóvenes hebreos, mientras que sus compañeros comerían los manjares del rey."
PR39-0146,PR39-44,PR39,"PDF p.30, PR39, párrafo 1",fill_blank,easy,"educación, salud y verdadero éxito","Según PDF p.30, PR39, párrafo 1, en el pasaje sobre educación, salud y verdadero éxito, complete la formulación del PDF: «Lo obtuvieron por el uso fiel de sus facultades, bajo la _____ del Espíritu Santo.»","[""adoración"", ""adorareis"", ""dirección"", ""autoridad""]",2,dirección,"El PDF emplea la expresión «dirección» en este contexto: «de sus facultades, bajo la dirección del Espíritu Santo».","de sus facultades, bajo la dirección del Espíritu Santo",PR39-P030-F14,PR39-P030-F14-VARIANTS,verified,
PR39-0147,PR39-44,PR39,"PDF p.31, PR39, párrafo 1",multiple_choice,medium,"cooperación divina, deberes pequeños y carácter","Según PDF p.31, PR39, párrafo 1, en el pasaje sobre cooperación divina, deberes pequeños y carácter, ¿Cuál opción conserva el dato exacto de la fuente? Marco: «hicimos porque no usamos nuestras [DETALLE] para glorificar a Dios»","[""hicimos porque no usamos nuestras adoradores para glorificar a Dios"", ""hicimos porque no usamos nuestras astrólogos para glorificar a Dios"", ""hicimos porque no usamos nuestras cristianas para glorificar a Dios"", ""hicimos porque no usamos nuestras facultades para glorificar a Dios""]",3,hicimos porque no usamos nuestras facultades para glorificar a Dios,La opción correcta conserva el detalle «facultades» tal como aparece en la fuente: «hicimos porque no usamos nuestras facultades para glorificar a Dios».,hicimos porque no usamos nuestras facultades para glorificar a Dios,PR39-P031-F17,PR39-P031-F17-VARIANTS,verified,
PR39-0148,PR39-44,PR39,"PDF p.32, PR39, párrafo 1",true_false,expert,aplicación a los jóvenes actuales,"Según PDF p.32, PR39, párrafo 1, en el pasaje sobre aplicación a los jóvenes actuales, determine si el detalle entre corchetes hace verdadera o falsa esta afirmación: «Aunque rodeados por tentaciones a satisfacer sus apetitos, especialmente en nuestras grandes ciudades, donde resulta fácil y atrayente toda complacencia sensual, pueden ⟦comprender⟧ por la gracia de Dios firmes en su propósito de honrar a Dios.»","[""Verdadero"", ""Falso""]",1,Falso,"La afirmación cambia «permanecer». La corrección exacta es: «Aunque rodeados por tentaciones a satisfacer sus apetitos, especialmente en nuestras grandes ciudades, donde resulta fácil y atrayente toda complacencia sensual, pueden permanecer por la gracia de Dios firmes en su propósito de honrar a Dios.»","atrayente toda complacencia sensual, pueden permanecer por la gracia de Dios firmes en",PR39-P032-F23,PR39-P032-F23-VARIANTS,verified,"Aunque rodeados por tentaciones a satisfacer sus apetitos, especialmente en nuestras grandes ciudades, donde resulta fácil y atrayente toda complacencia sensual, pueden permanecer por la gracia de Dios firmes en su propósito de honrar a Dios."
PR39-0149,PR39-44,PR39,"PDF p.27, PR39, párrafo 1",fill_blank,expert,"cautiverio, misión y cambio de nombres","Según PDF p.27, PR39, párrafo 1, en el pasaje sobre cautiverio, misión y cambio de nombres, complete la formulación del PDF: «El hecho de que esos adoradores de Jehová estuviesen cautivos en Babilonia y de que los vasos de la casa de Dios se hallaran en el templo de los dioses babilónicos, era mencionado jactanciosamente por los vencedores como evidencia de que su religión y sus _____ eran superiores a la religión y las costumbres de los hebreos.»","[""asombrados"", ""babilonios"", ""caracteres"", ""costumbres""]",3,costumbres,El PDF emplea la expresión «costumbres» en este contexto: «que su religión y sus costumbres eran superiores a la religión y las».,que su religión y sus costumbres eran superiores a la religión y las,PR39-P027-F09,PR39-P027-F09-VARIANTS,verified,
PR39-0150,PR39-44,PR39,"PDF p.28, PR39, párrafo 1",multiple_choice,hard,"alimento real, vino e idolatría","Según PDF p.28, PR39, párrafo 1, en el pasaje sobre alimento real, vino e idolatría, ¿Qué opción restituye con precisión la relación descrita? Marco: «que había tenido, describían los [DETALLE] del Pentateuco»","[""que había tenido, describían los pergaminos del Pentateuco"", ""que había tenido, describían los asombrados del Pentateuco"", ""que había tenido, describían los babilonios del Pentateuco"", ""que había tenido, describían los caracteres del Pentateuco""]",0,"que había tenido, describían los pergaminos del Pentateuco","La opción correcta conserva el detalle «pergaminos» tal como aparece en la fuente: «que había tenido, describían los pergaminos del Pentateuco».","que había tenido, describían los pergaminos del Pentateuco",PR39-P028-F16,PR39-P028-F16-VARIANTS,verified,
PR40-0001,PR39-44,PR40,"PDF p.33, PR40, párrafo 1",fill_blank,hard,"sueño olvidado, sabios, amenaza y recompensa","Según PDF p.33, PR40, párrafo 1, en el pasaje sobre sueño olvidado, sabios, amenaza y recompensa, complete la formulación del PDF: «Poco después que Daniel y sus _____ entraron en el servicio del rey de Babilonia, acontecieron sucesos que revelaron a una nación idólatra el poder y la fidelidad del Dios de Israel.»","[""compañeros"", ""asombrados"", ""babilonios"", ""caracteres""]",0,compañeros,El PDF emplea la expresión «compañeros» en este contexto: «después que Daniel y sus compañeros entraron en el servicio del rey de».,después que Daniel y sus compañeros entraron en el servicio del rey de,PR40-P033-F01,PR40-P033-F01-VARIANTS,verified,
PR40-0002,PR39-44,PR40,"PDF p.34, PR40, párrafo 1",multiple_choice,medium,"Daniel, Arioc, oración y visión nocturna","Según PDF p.34, PR40, párrafo 1, en el pasaje sobre Daniel, Arioc, oración y visión nocturna, ¿Cuál opción conserva el dato exacto de la fuente? Marco: «Ananías, Misael, y Azarías, sus [DETALLE]»","[""Ananías, Misael, y Azarías, sus asombrados"", ""Ananías, Misael, y Azarías, sus compañeros"", ""Ananías, Misael, y Azarías, sus babilonios"", ""Ananías, Misael, y Azarías, sus caracteres""]",1,"Ananías, Misael, y Azarías, sus compañeros","La opción correcta conserva el detalle «compañeros» tal como aparece en la fuente: «Ananías, Misael, y Azarías, sus compañeros».","Ananías, Misael, y Azarías, sus compañeros",PR40-P034-F03,PR40-P034-F03-VARIANTS,verified,
PR40-0003,PR39-44,PR40,"PDF p.35, PR40, párrafo 2",fill_blank,expert,"imagen, metales, piedra y reinos","Según PDF p.35, PR40, párrafo 2, en el pasaje sobre imagen, metales, piedra y reinos, complete la formulación del PDF: «El _____ estaba por comunicar una gran verdad al monarca babilónico.»","[""Hijo de Dios"", ""Rey de reyes"", ""tiempo del fin"", ""trono de zafiro""]",1,Rey de reyes,El PDF emplea la expresión «Rey de reyes» en este contexto: «El Rey de reyes estaba por comunicar una gran verdad al».,El Rey de reyes estaba por comunicar una gran verdad al,PR40-P035-F53,PR40-P035-F53-VARIANTS,verified,
PR40-0004,PR39-44,PR40,"PDF p.36, PR40, párrafo 6",multiple_choice,expert,"honores, naciones y agentes divinos","Según PDF p.36, PR40, párrafo 6, en el pasaje sobre honores, naciones y agentes divinos, ¿Cuál opción mantiene sin alterar el detalle y el orden de la fuente? Marco: «quienes sabían que honraban al [DETALLE] y eran honrados por él»","[""quienes sabían que honraban al reino eterno y eran honrados por él"", ""quienes sabían que honraban al río Eufrates y eran honrados por él"", ""quienes sabían que honraban al Dios viviente y eran honrados por él"", ""quienes sabían que honraban al verdadero éxito y eran honrados por él""]",2,quienes sabían que honraban al Dios viviente y eran honrados por él,La opción correcta conserva el detalle «Dios viviente» tal como aparece en la fuente: «quienes sabían que honraban al Dios viviente y eran honrados por él».,quienes sabían que honraban al Dios viviente y eran honrados por él,PR40-P036-F166,PR40-P036-F166-VARIANTS,verified,
PR40-0005,PR39-44,PR40,"PDF p.37, PR40, párrafo 1",fill_blank,hard,filosofía de la historia y propósito de Dios,"Según PDF p.37, PR40, párrafo 1, en el pasaje sobre filosofía de la historia y propósito de Dios, complete la formulación del PDF: «En la historia de las naciones el que estudia la Palabra de Dios puede _____ el cumplimiento literal de la profecía divina.»","[""comprender"", ""desagradar"", ""contemplar"", ""desempeñar""]",2,contemplar,El PDF emplea la expresión «contemplar» en este contexto: «la Palabra de Dios puede contemplar el cumplimiento literal de la profecía divina».,la Palabra de Dios puede contemplar el cumplimiento literal de la profecía divina,PR40-P037-F01,PR40-P037-F01-VARIANTS,verified,
PR40-0006,PR39-44,PR40,"PDF p.33, PR40, párrafo 1",multiple_choice,easy,"sueño olvidado, sabios, amenaza y recompensa","Según PDF p.33, PR40, párrafo 1, en el pasaje sobre sueño olvidado, sabios, amenaza y recompensa, ¿Qué expresión completa correctamente el detalle señalado? Marco: «el servicio del rey de [DETALLE], acontecieron sucesos que revelaron a una nación»","[""el servicio del rey de Jerusalem, acontecieron sucesos que revelaron a una nación"", ""el servicio del rey de Jerusalén, acontecieron sucesos que revelaron a una nación"", ""el servicio del rey de Atenas, acontecieron sucesos que revelaron a una nación"", ""el servicio del rey de Babilonia, acontecieron sucesos que revelaron a una nación""]",3,"el servicio del rey de Babilonia, acontecieron sucesos que revelaron a una nación","La opción correcta conserva el detalle «Babilonia» tal como aparece en la fuente: «el servicio del rey de Babilonia, acontecieron sucesos que revelaron a una nación».","el servicio del rey de Babilonia, acontecieron sucesos que revelaron a una nación",PR40-P033-F02,PR40-P033-F02-VARIANTS,verified,
PR40-0007,PR39-44,PR40,"PDF p.34, PR40, párrafo 1",fill_blank,medium,"Daniel, Arioc, oración y visión nocturna","Según PDF p.34, PR40, párrafo 1, en el pasaje sobre Daniel, Arioc, oración y visión nocturna, complete la formulación del PDF: «Juntos pidieron _____ a la Fuente de luz y conocimiento.»","[""amenazaba"", ""esperaban"", ""evidencia"", ""sabiduría""]",3,sabiduría,El PDF emplea la expresión «sabiduría» en este contexto: «Juntos pidieron sabiduría a la Fuente de luz y conocimiento».,Juntos pidieron sabiduría a la Fuente de luz y conocimiento,PR40-P034-F11,PR40-P034-F11-VARIANTS,verified,
PR40-0008,PR39-44,PR40,"PDF p.35, PR40, párrafo 3",multiple_choice,expert,"imagen, metales, piedra y reinos","Según PDF p.35, PR40, párrafo 3, en el pasaje sobre imagen, metales, piedra y reinos, ¿Cuál opción mantiene sin alterar el detalle y el orden de la fuente? Marco: «diciendo: “Tú, oh rey, eres [DETALLE]»","[""diciendo: “Tú, oh rey, eres rey de reyes"", ""diciendo: “Tú, oh rey, eres Hijo de Dios"", ""diciendo: “Tú, oh rey, eres tiempo del fin"", ""diciendo: “Tú, oh rey, eres trono de zafiro""]",0,"diciendo: “Tú, oh rey, eres rey de reyes","La opción correcta conserva el detalle «rey de reyes» tal como aparece en la fuente: «diciendo: “Tú, oh rey, eres rey de reyes».","diciendo: “Tú, oh rey, eres rey de reyes",PR40-P035-F81,PR40-P035-F81-VARIANTS,verified,
PR40-0009,PR39-44,PR40,"PDF p.36, PR40, párrafo 1",fill_blank,hard,"honores, naciones y agentes divinos","Según PDF p.36, PR40, párrafo 1, en el pasaje sobre honores, naciones y agentes divinos, complete la formulación del PDF: «En los anales de la historia humana, el _____ de las naciones, el nacimiento y la caída de los imperios, parecen depender de la voluntad y las proezas de los hombres»","[""desarrollo"", ""fundamento"", ""gobernante"", ""nacimiento""]",0,desarrollo,"El PDF emplea la expresión «desarrollo» en este contexto: «de la historia humana, el desarrollo de las naciones, el nacimiento y la».","de la historia humana, el desarrollo de las naciones, el nacimiento y la",PR40-P036-F01,PR40-P036-F01-VARIANTS,verified,
PR40-0010,PR39-44,PR40,"PDF p.37, PR40, párrafo 1",multiple_choice,hard,filosofía de la historia y propósito de Dios,"Según PDF p.37, PR40, párrafo 1, en el pasaje sobre filosofía de la historia y propósito de Dios, ¿Qué opción restituye con precisión la relación descrita? Marco: «de Dios puede contemplar el [DETALLE] literal de la profecía divina»","[""de Dios puede contemplar el conocimiento literal de la profecía divina"", ""de Dios puede contemplar el cumplimiento literal de la profecía divina"", ""de Dios puede contemplar el subsiguiente literal de la profecía divina"", ""de Dios puede contemplar el mandamiento literal de la profecía divina""]",1,de Dios puede contemplar el cumplimiento literal de la profecía divina,La opción correcta conserva el detalle «cumplimiento» tal como aparece en la fuente: «de Dios puede contemplar el cumplimiento literal de la profecía divina».,de Dios puede contemplar el cumplimiento literal de la profecía divina,PR40-P037-F02,PR40-P037-F02-VARIANTS,verified,
PR40-0011,PR39-44,PR40,"PDF p.33, PR40, párrafo 1",fill_blank,hard,"sueño olvidado, sabios, amenaza y recompensa","Según PDF p.33, PR40, párrafo 1, en el pasaje sobre sueño olvidado, sabios, amenaza y recompensa, complete la formulación del PDF: «Poco después que Daniel y sus compañeros entraron en el servicio del rey de Babilonia, _____ sucesos que revelaron a una nación idólatra el poder y la fidelidad del Dios de Israel.»","[""manifestaron"", ""acontecieron"", ""quebrantaron"", ""respondieron""]",1,acontecieron,"El PDF emplea la expresión «acontecieron» en este contexto: «servicio del rey de Babilonia, acontecieron sucesos que revelaron a una nación idólatra».","servicio del rey de Babilonia, acontecieron sucesos que revelaron a una nación idólatra",PR40-P033-F03,PR40-P033-F03-VARIANTS,verified,
PR40-0012,PR39-44,PR40,"PDF p.34, PR40, párrafo 1",multiple_choice,medium,"Daniel, Arioc, oración y visión nocturna","Según PDF p.34, PR40, párrafo 1, en el pasaje sobre Daniel, Arioc, oración y visión nocturna, ¿Cuál opción conserva el dato exacto de la fuente? Marco: «la Fuente de luz y [DETALLE]»","[""la Fuente de luz y cumplimiento"", ""la Fuente de luz y subsiguiente"", ""la Fuente de luz y conocimiento"", ""la Fuente de luz y mandamiento""]",2,la Fuente de luz y conocimiento,La opción correcta conserva el detalle «conocimiento» tal como aparece en la fuente: «la Fuente de luz y conocimiento».,la Fuente de luz y conocimiento,PR40-P034-F12,PR40-P034-F12-VARIANTS,verified,
PR40-0013,PR39-44,PR40,"PDF p.35, PR40, párrafo 1",fill_blank,hard,"imagen, metales, piedra y reinos","Según PDF p.35, PR40, párrafo 1, en el pasaje sobre imagen, metales, piedra y reinos, complete la formulación del PDF: «“Estabas mirando, hasta que una piedra fué cortada, no con mano, la cual hirió a la imagen en sus pies de hierro y de barro cocido, y los _____.»","[""capitanes"", ""caprichos"", ""desmenuzó"", ""corazones""]",2,desmenuzó,"El PDF emplea la expresión «desmenuzó» en este contexto: «de barro cocido, y los desmenuzó».","de barro cocido, y los desmenuzó",PR40-P035-F01,PR40-P035-F01-VARIANTS,verified,
PR40-0014,PR39-44,PR40,"PDF p.36, PR40, párrafo 1",multiple_choice,hard,"honores, naciones y agentes divinos","Según PDF p.36, PR40, párrafo 1, en el pasaje sobre honores, naciones y agentes divinos, ¿Qué opción restituye con precisión la relación descrita? Marco: «desarrollo de las naciones, el [DETALLE] y la caída de los imperios, parecen»","[""desarrollo de las naciones, el desarrollo y la caída de los imperios, parecen"", ""desarrollo de las naciones, el fundamento y la caída de los imperios, parecen"", ""desarrollo de las naciones, el gobernante y la caída de los imperios, parecen"", ""desarrollo de las naciones, el nacimiento y la caída de los imperios, parecen""]",3,"desarrollo de las naciones, el nacimiento y la caída de los imperios, parecen","La opción correcta conserva el detalle «nacimiento» tal como aparece en la fuente: «desarrollo de las naciones, el nacimiento y la caída de los imperios, parecen».","desarrollo de las naciones, el nacimiento y la caída de los imperios, parecen",PR40-P036-F02,PR40-P036-F02-VARIANTS,verified,
PR40-0015,PR39-44,PR40,"PDF p.37, PR40, párrafo 1",true_false,hard,filosofía de la historia y propósito de Dios,"Según PDF p.37, PR40, párrafo 1, en el pasaje sobre filosofía de la historia y propósito de Dios, determine si el detalle entre corchetes hace verdadera o falsa esta afirmación: «Babilonia, al fin ⟦quebrantada⟧, desapareció porque, en tiempos de prosperidad, sus gobernantes se habían considerado independientes de Dios y habían atribuído la gloria de su reino a las hazañas humanas.»","[""Verdadero"", ""Falso""]",0,Verdadero,"La afirmación coincide con el PDF: «Babilonia, al fin quebrantada, desapareció porque, en tiempos de prosperidad, sus».","Babilonia, al fin quebrantada, desapareció porque, en tiempos de prosperidad, sus",PR40-P037-F11,PR40-P037-F11-VARIANTS,verified,
PR40-0016,PR39-44,PR40,"PDF p.33, PR40, párrafo 1",fill_blank,hard,"sueño olvidado, sabios, amenaza y recompensa","Según PDF p.33, PR40, párrafo 1, en el pasaje sobre sueño olvidado, sabios, amenaza y recompensa, complete la formulación del PDF: «Poco después que Daniel y sus compañeros entraron en el servicio del rey de Babilonia, acontecieron sucesos que _____ a una nación idólatra el poder y la fidelidad del Dios de Israel.»","[""acordaste"", ""confiaste"", ""engañaron"", ""revelaron""]",3,revelaron,"El PDF emplea la expresión «revelaron» en este contexto: «de Babilonia, acontecieron sucesos que revelaron a una nación idólatra el poder y».","de Babilonia, acontecieron sucesos que revelaron a una nación idólatra el poder y",PR40-P033-F04,PR40-P033-F04-VARIANTS,verified,
PR40-0017,PR39-44,PR40,"PDF p.34, PR40, párrafo 1",multiple_choice,hard,"Daniel, Arioc, oración y visión nocturna","Según PDF p.34, PR40, párrafo 1, en el pasaje sobre Daniel, Arioc, oración y visión nocturna, ¿Qué opción restituye con precisión la relación descrita? Marco: «estaban haciendo su obra y [DETALLE] las exigencias de su deber, manifestaron una»","[""estaban haciendo su obra y cumpliendo las exigencias de su deber, manifestaron una"", ""estaban haciendo su obra y escuchando las exigencias de su deber, manifestaron una"", ""estaban haciendo su obra y hundiendo las exigencias de su deber, manifestaron una"", ""estaban haciendo su obra y produciendo las exigencias de su deber, manifestaron una""]",0,"estaban haciendo su obra y cumpliendo las exigencias de su deber, manifestaron una","La opción correcta conserva el detalle «cumpliendo» tal como aparece en la fuente: «estaban haciendo su obra y cumpliendo las exigencias de su deber, manifestaron una».","estaban haciendo su obra y cumpliendo las exigencias de su deber, manifestaron una",PR40-P034-F16,PR40-P034-F16-VARIANTS,verified,
PR40-0018,PR39-44,PR40,"PDF p.35, PR40, párrafo 1",true_false,hard,"imagen, metales, piedra y reinos","Según PDF p.35, PR40, párrafo 1, en el pasaje sobre imagen, metales, piedra y reinos, determine si el detalle entre corchetes hace verdadera o falsa esta afirmación: «Entonces fué también ⟦concentrada⟧ el hierro, el barro cocido, el metal, la plata y el oro, y se tornaron como tamo de las eras del verano»","[""Verdadero"", ""Falso""]",1,Falso,"La afirmación cambia «desmenuzado». La corrección exacta es: «Entonces fué también desmenuzado el hierro, el barro cocido, el metal, la plata y el oro, y se tornaron como tamo de las eras del verano»","Entonces fué también desmenuzado el hierro, el barro cocido, el metal",PR40-P035-F11,PR40-P035-F11-VARIANTS,verified,"Entonces fué también desmenuzado el hierro, el barro cocido, el metal, la plata y el oro, y se tornaron como tamo de las eras del verano"
PR40-0019,PR39-44,PR40,"PDF p.36, PR40, párrafo 1",fill_blank,medium,"honores, naciones y agentes divinos","Según PDF p.36, PR40, párrafo 1, en el pasaje sobre honores, naciones y agentes divinos, complete la formulación del PDF: «y en cierta medida los _____ se dirían determinados por el poder, la ambición y los caprichos de ellos.»","[""acontecimientos"", ""contempladores"", ""requerimientos"", ""especuladores""]",0,acontecimientos,"El PDF emplea la expresión «acontecimientos» en este contexto: «y en cierta medida los acontecimientos se dirían determinados por el poder, la».","y en cierta medida los acontecimientos se dirían determinados por el poder, la",PR40-P036-F13,PR40-P036-F13-VARIANTS,verified,
PR40-0020,PR39-44,PR40,"PDF p.37, PR40, párrafo 1",multiple_choice,hard,filosofía de la historia y propósito de Dios,"Según PDF p.37, PR40, párrafo 1, en el pasaje sobre filosofía de la historia y propósito de Dios, ¿Qué opción restituye con precisión la relación descrita? Marco: «Babilonia, al fin quebrantada, [DETALLE] porque, en tiempos de prosperidad, sus gobernantes»","[""Babilonia, al fin quebrantada, contrajuego porque, en tiempos de prosperidad, sus gobernantes"", ""Babilonia, al fin quebrantada, desapareció porque, en tiempos de prosperidad, sus gobernantes"", ""Babilonia, al fin quebrantada, defiéndante porque, en tiempos de prosperidad, sus gobernantes"", ""Babilonia, al fin quebrantada, inestimable porque, en tiempos de prosperidad, sus gobernantes""]",1,"Babilonia, al fin quebrantada, desapareció porque, en tiempos de prosperidad, sus gobernantes","La opción correcta conserva el detalle «desapareció» tal como aparece en la fuente: «Babilonia, al fin quebrantada, desapareció porque, en tiempos de prosperidad, sus gobernantes».","Babilonia, al fin quebrantada, desapareció porque, en tiempos de prosperidad, sus gobernantes",PR40-P037-F12,PR40-P037-F12-VARIANTS,verified,
PR40-0021,PR39-44,PR40,"PDF p.33, PR40, párrafo 1",true_false,hard,"sueño olvidado, sabios, amenaza y recompensa","Según PDF p.33, PR40, párrafo 1, en el pasaje sobre sueño olvidado, sabios, amenaza y recompensa, determine si el detalle entre corchetes hace verdadera o falsa esta afirmación: «Poco después que Daniel y sus compañeros entraron en el servicio del rey de Babilonia, acontecieron sucesos que revelaron a una nación idólatra el poder y la ⟦adoración⟧ del Dios de Israel.»","[""Verdadero"", ""Falso""]",1,Falso,"La afirmación cambia «fidelidad». La corrección exacta es: «Poco después que Daniel y sus compañeros entraron en el servicio del rey de Babilonia, acontecieron sucesos que revelaron a una nación idólatra el poder y la fidelidad del Dios de Israel.»",idólatra el poder y la fidelidad del Dios de Israel,PR40-P033-F05,PR40-P033-F05-VARIANTS,verified,"Poco después que Daniel y sus compañeros entraron en el servicio del rey de Babilonia, acontecieron sucesos que revelaron a una nación idólatra el poder y la fidelidad del Dios de Israel."
PR40-0022,PR39-44,PR40,"PDF p.34, PR40, párrafo 1",fill_blank,hard,"Daniel, Arioc, oración y visión nocturna","Según PDF p.34, PR40, párrafo 1, en el pasaje sobre Daniel, Arioc, oración y visión nocturna, complete la formulación del PDF: «Conscientes de que Dios los había puesto donde estaban, y de que estaban haciendo su obra y cumpliendo las _____ de su deber, manifestaron una fe poderosa.»","[""realidades"", ""exigencias"", ""relaciones"", ""impresiones""]",1,exigencias,"El PDF emplea la expresión «exigencias» en este contexto: «su obra y cumpliendo las exigencias de su deber, manifestaron una fe poderosa».","su obra y cumpliendo las exigencias de su deber, manifestaron una fe poderosa",PR40-P034-F17,PR40-P034-F17-VARIANTS,verified,
PR40-0023,PR39-44,PR40,"PDF p.35, PR40, párrafo 2",multiple_choice,medium,"imagen, metales, piedra y reinos","Según PDF p.35, PR40, párrafo 2, en el pasaje sobre imagen, metales, piedra y reinos, ¿Cuál opción conserva el dato exacto de la fuente? Marco: «Este es el sueño,” declaró [DETALLE] Daniel»","[""Este es el sueño,” declaró completamente Daniel"", ""Este es el sueño,” declaró correctamente Daniel"", ""Este es el sueño,” declaró confiadamente Daniel"", ""Este es el sueño,” declaró especialmente Daniel""]",2,"Este es el sueño,” declaró confiadamente Daniel","La opción correcta conserva el detalle «confiadamente» tal como aparece en la fuente: «Este es el sueño,” declaró confiadamente Daniel».","Este es el sueño,” declaró confiadamente Daniel",PR40-P035-F33,PR40-P035-F33-VARIANTS,verified,
PR40-0024,PR39-44,PR40,"PDF p.36, PR40, párrafo 1",true_false,hard,"honores, naciones y agentes divinos","Según PDF p.36, PR40, párrafo 1, en el pasaje sobre honores, naciones y agentes divinos, determine si el detalle entre corchetes hace verdadera o falsa esta afirmación: «y en cierta medida los acontecimientos se dirían ⟦determinados⟧ por el poder, la ambición y los caprichos de ellos.»","[""Verdadero"", ""Falso""]",0,Verdadero,"La afirmación coincide con el PDF: «medida los acontecimientos se dirían determinados por el poder, la ambición y los».","medida los acontecimientos se dirían determinados por el poder, la ambición y los",PR40-P036-F14,PR40-P036-F14-VARIANTS,verified,
PR40-0025,PR39-44,PR40,"PDF p.37, PR40, párrafo 1",fill_blank,hard,filosofía de la historia y propósito de Dios,"Según PDF p.37, PR40, párrafo 1, en el pasaje sobre filosofía de la historia y propósito de Dios, complete la formulación del PDF: «Babilonia, al fin quebrantada, desapareció porque, en tiempos de _____, sus gobernantes se habían considerado independientes de Dios y habían atribuído la gloria de su reino a las hazañas humanas.»","[""convocación"", ""destrucción"", ""prosperidad"", ""disposición""]",2,prosperidad,"El PDF emplea la expresión «prosperidad» en este contexto: «desapareció porque, en tiempos de prosperidad, sus gobernantes se habían considerado independientes de».","desapareció porque, en tiempos de prosperidad, sus gobernantes se habían considerado independientes de",PR40-P037-F13,PR40-P037-F13-VARIANTS,verified,
PR40-0026,PR39-44,PR40,"PDF p.33, PR40, párrafo 1",multiple_choice,medium,"sueño olvidado, sabios, amenaza y recompensa","Según PDF p.33, PR40, párrafo 1, en el pasaje sobre sueño olvidado, sabios, amenaza y recompensa, ¿Cuál opción conserva el dato exacto de la fuente? Marco: «tuvo un sueño notable, “y [DETALLE] su espíritu, y su sueño se huyó»","[""tuvo un sueño notable, “y babilónico su espíritu, y su sueño se huyó"", ""tuvo un sueño notable, “y destruidor su espíritu, y su sueño se huyó"", ""tuvo un sueño notable, “y espiritual su espíritu, y su sueño se huyó"", ""tuvo un sueño notable, “y perturbóse su espíritu, y su sueño se huyó""]",3,"tuvo un sueño notable, “y perturbóse su espíritu, y su sueño se huyó","La opción correcta conserva el detalle «perturbóse» tal como aparece en la fuente: «tuvo un sueño notable, “y perturbóse su espíritu, y su sueño se huyó».","tuvo un sueño notable, “y perturbóse su espíritu, y su sueño se huyó",PR40-P033-F13,PR40-P033-F13-VARIANTS,verified,
PR40-0027,PR39-44,PR40,"PDF p.34, PR40, párrafo 1",true_false,hard,"Daniel, Arioc, oración y visión nocturna","Según PDF p.34, PR40, párrafo 1, en el pasaje sobre Daniel, Arioc, oración y visión nocturna, determine si el detalle entre corchetes hace verdadera o falsa esta afirmación: «Conscientes de que Dios los había puesto donde estaban, y de que estaban haciendo su obra y cumpliendo las exigencias de su deber, ⟦manifestaron⟧ una fe poderosa.»","[""Verdadero"", ""Falso""]",0,Verdadero,"La afirmación coincide con el PDF: «las exigencias de su deber, manifestaron una fe poderosa».","las exigencias de su deber, manifestaron una fe poderosa",PR40-P034-F18,PR40-P034-F18-VARIANTS,verified,
PR40-0028,PR39-44,PR40,"PDF p.35, PR40, párrafo 2",fill_blank,hard,"imagen, metales, piedra y reinos","Según PDF p.35, PR40, párrafo 2, en el pasaje sobre imagen, metales, piedra y reinos, complete la formulación del PDF: «y el rey, _____ todo detalle con la más concentrada atención, reconoció que se trataba del mismo sueño que tanto le había perturbado.»","[""cumpliendo"", ""hundiendo"", ""produciendo"", ""escuchando""]",3,escuchando,"El PDF emplea la expresión «escuchando» en este contexto: «y el rey, escuchando todo detalle con la más concentrada atención».","y el rey, escuchando todo detalle con la más concentrada atención",PR40-P035-F36,PR40-P035-F36-VARIANTS,verified,
PR40-0029,PR39-44,PR40,"PDF p.36, PR40, párrafo 1",multiple_choice,medium,"honores, naciones y agentes divinos","Según PDF p.36, PR40, párrafo 1, en el pasaje sobre honores, naciones y agentes divinos, ¿Cuál opción conserva el dato exacto de la fuente? Marco: «poder, la ambición y los [DETALLE] de ellos»","[""poder, la ambición y los caprichos de ellos"", ""poder, la ambición y los capitanes de ellos"", ""poder, la ambición y los corazones de ellos"", ""poder, la ambición y los designios de ellos""]",0,"poder, la ambición y los caprichos de ellos","La opción correcta conserva el detalle «caprichos» tal como aparece en la fuente: «poder, la ambición y los caprichos de ellos».","poder, la ambición y los caprichos de ellos",PR40-P036-F15,PR40-P036-F15-VARIANTS,verified,
PR40-0030,PR39-44,PR40,"PDF p.37, PR40, párrafo 1",true_false,hard,filosofía de la historia y propósito de Dios,"Según PDF p.37, PR40, párrafo 1, en el pasaje sobre filosofía de la historia y propósito de Dios, determine si el detalle entre corchetes hace verdadera o falsa esta afirmación: «Babilonia, al fin quebrantada, desapareció porque, en tiempos de prosperidad, sus ⟦divinidades⟧ se habían considerado independientes de Dios y habían atribuído la gloria de su reino a las hazañas humanas.»","[""Verdadero"", ""Falso""]",1,Falso,"La afirmación cambia «gobernantes». La corrección exacta es: «Babilonia, al fin quebrantada, desapareció porque, en tiempos de prosperidad, sus gobernantes se habían considerado independientes de Dios y habían atribuído la gloria de su reino a las hazañas humanas.»","en tiempos de prosperidad, sus gobernantes se habían considerado independientes de Dios y",PR40-P037-F14,PR40-P037-F14-VARIANTS,verified,"Babilonia, al fin quebrantada, desapareció porque, en tiempos de prosperidad, sus gobernantes se habían considerado independientes de Dios y habían atribuído la gloria de su reino a las hazañas humanas."
PR40-0031,PR39-44,PR40,"PDF p.33, PR40, párrafo 1",fill_blank,medium,"sueño olvidado, sabios, amenaza y recompensa","Según PDF p.33, PR40, párrafo 1, en el pasaje sobre sueño olvidado, sabios, amenaza y recompensa, complete la formulación del PDF: «Pero aunque el ánimo del rey sufrió una _____ profunda, cuando despertó le resultó imposible recordar los detalles.»","[""impresión"", ""adoración"", ""adorareis"", ""autoridad""]",0,impresión,"El PDF emplea la expresión «impresión» en este contexto: «ánimo del rey sufrió una impresión profunda, cuando despertó le resultó imposible recordar».","ánimo del rey sufrió una impresión profunda, cuando despertó le resultó imposible recordar",PR40-P033-F18,PR40-P033-F18-VARIANTS,verified,
PR40-0032,PR39-44,PR40,"PDF p.34, PR40, párrafo 1",multiple_choice,medium,"Daniel, Arioc, oración y visión nocturna","Según PDF p.34, PR40, párrafo 1, en el pasaje sobre Daniel, Arioc, oración y visión nocturna, ¿Cuál opción conserva el dato exacto de la fuente? Marco: «En momentos de [DETALLE] y peligro, siempre se habían dirigido al»","[""En momentos de convocación y peligro, siempre se habían dirigido al"", ""En momentos de perplejidad y peligro, siempre se habían dirigido al"", ""En momentos de destrucción y peligro, siempre se habían dirigido al"", ""En momentos de disposición y peligro, siempre se habían dirigido al""]",1,"En momentos de perplejidad y peligro, siempre se habían dirigido al","La opción correcta conserva el detalle «perplejidad» tal como aparece en la fuente: «En momentos de perplejidad y peligro, siempre se habían dirigido al».","En momentos de perplejidad y peligro, siempre se habían dirigido al",PR40-P034-F26,PR40-P034-F26-VARIANTS,verified,
PR40-0033,PR39-44,PR40,"PDF p.35, PR40, párrafo 2",true_false,hard,"imagen, metales, piedra y reinos","Según PDF p.35, PR40, párrafo 2, en el pasaje sobre imagen, metales, piedra y reinos, determine si el detalle entre corchetes hace verdadera o falsa esta afirmación: «y el rey, escuchando todo detalle con la más ⟦considerado⟧ atención, reconoció que se trataba del mismo sueño que tanto le había perturbado.»","[""Verdadero"", ""Falso""]",1,Falso,"La afirmación cambia «concentrada». La corrección exacta es: «y el rey, escuchando todo detalle con la más concentrada atención, reconoció que se trataba del mismo sueño que tanto le había perturbado.»","todo detalle con la más concentrada atención, reconoció que se trataba del mismo",PR40-P035-F37,PR40-P035-F37-VARIANTS,verified,"y el rey, escuchando todo detalle con la más concentrada atención, reconoció que se trataba del mismo sueño que tanto le había perturbado."
PR40-0034,PR39-44,PR40,"PDF p.36, PR40, párrafo 1",fill_blank,hard,"honores, naciones y agentes divinos","Según PDF p.36, PR40, párrafo 1, en el pasaje sobre honores, naciones y agentes divinos, complete la formulación del PDF: «Pero en la Palabra de Dios se descorre el velo, y encima, detrás y a través de todo el juego y _____ de los humanos intereses, poder y pasiones, contemplamos a los agentes del que es todo misericordioso, que cumplen silenciosa y pacientemente los designios y la voluntad de él.»","[""defiéndante"", ""contrajuego"", ""desapareció"", ""inestimable""]",1,contrajuego,"El PDF emplea la expresión «contrajuego» en este contexto: «de todo el juego y contrajuego de los humanos intereses, poder y pasiones».","de todo el juego y contrajuego de los humanos intereses, poder y pasiones",PR40-P036-F21,PR40-P036-F21-VARIANTS,verified,
PR40-0035,PR39-44,PR40,"PDF p.37, PR40, párrafo 1",multiple_choice,hard,filosofía de la historia y propósito de Dios,"Según PDF p.37, PR40, párrafo 1, en el pasaje sobre filosofía de la historia y propósito de Dios, ¿Qué opción restituye con precisión la relación descrita? Marco: «prosperidad, sus gobernantes se habían [DETALLE] independientes de Dios y habían atribuído la»","[""prosperidad, sus gobernantes se habían concentrada independientes de Dios y habían atribuído la"", ""prosperidad, sus gobernantes se habían desmenuzado independientes de Dios y habían atribuído la"", ""prosperidad, sus gobernantes se habían considerado independientes de Dios y habían atribuído la"", ""prosperidad, sus gobernantes se habían establecido independientes de Dios y habían atribuído la""]",2,"prosperidad, sus gobernantes se habían considerado independientes de Dios y habían atribuído la","La opción correcta conserva el detalle «considerado» tal como aparece en la fuente: «prosperidad, sus gobernantes se habían considerado independientes de Dios y habían atribuído la».","prosperidad, sus gobernantes se habían considerado independientes de Dios y habían atribuído la",PR40-P037-F15,PR40-P037-F15-VARIANTS,verified,
PR40-0036,PR39-44,PR40,"PDF p.33, PR40, párrafo 1",true_false,hard,"sueño olvidado, sabios, amenaza y recompensa","Según PDF p.33, PR40, párrafo 1, en el pasaje sobre sueño olvidado, sabios, amenaza y recompensa, determine si el detalle entre corchetes hace verdadera o falsa esta afirmación: «Pero aunque el ánimo del rey sufrió una impresión profunda, cuando despertó le resultó ⟦abrumador⟧ recordar los detalles.»","[""Verdadero"", ""Falso""]",1,Falso,"La afirmación cambia «imposible». La corrección exacta es: «Pero aunque el ánimo del rey sufrió una impresión profunda, cuando despertó le resultó imposible recordar los detalles.»","profunda, cuando despertó le resultó imposible recordar los detalles",PR40-P033-F19,PR40-P033-F19-VARIANTS,verified,"Pero aunque el ánimo del rey sufrió una impresión profunda, cuando despertó le resultó imposible recordar los detalles."
PR40-0037,PR39-44,PR40,"PDF p.34, PR40, párrafo 1",fill_blank,medium,"Daniel, Arioc, oración y visión nocturna","Según PDF p.34, PR40, párrafo 1, en el pasaje sobre Daniel, Arioc, oración y visión nocturna, complete la formulación del PDF: «En momentos de perplejidad y peligro, siempre se habían dirigido al Señor para obtener _____ y protección»","[""adoración"", ""adorareis"", ""dirección"", ""autoridad""]",2,dirección,El PDF emplea la expresión «dirección» en este contexto: «dirigido al Señor para obtener dirección y protección».,dirigido al Señor para obtener dirección y protección,PR40-P034-F27,PR40-P034-F27-VARIANTS,verified,
PR40-0038,PR39-44,PR40,"PDF p.35, PR40, párrafo 2",multiple_choice,hard,"imagen, metales, piedra y reinos","Según PDF p.35, PR40, párrafo 2, en el pasaje sobre imagen, metales, piedra y reinos, ¿Qué opción restituye con precisión la relación descrita? Marco: «con la más concentrada atención, [DETALLE] que se trataba del mismo sueño que»","[""con la más concentrada atención, acarreado que se trataba del mismo sueño que"", ""con la más concentrada atención, acontecer que se trataba del mismo sueño que"", ""con la más concentrada atención, acordaste que se trataba del mismo sueño que"", ""con la más concentrada atención, reconoció que se trataba del mismo sueño que""]",3,"con la más concentrada atención, reconoció que se trataba del mismo sueño que","La opción correcta conserva el detalle «reconoció» tal como aparece en la fuente: «con la más concentrada atención, reconoció que se trataba del mismo sueño que».","con la más concentrada atención, reconoció que se trataba del mismo sueño que",PR40-P035-F38,PR40-P035-F38-VARIANTS,verified,
PR40-0039,PR39-44,PR40,"PDF p.36, PR40, párrafo 1",true_false,hard,"honores, naciones y agentes divinos","Según PDF p.36, PR40, párrafo 1, en el pasaje sobre honores, naciones y agentes divinos, determine si el detalle entre corchetes hace verdadera o falsa esta afirmación: «Pero en la Palabra de Dios se descorre el velo, y encima, detrás y a través de todo el juego y contrajuego de los humanos ⟦intereses⟧, poder y pasiones, contemplamos a los agentes del que es todo misericordioso, que cumplen silenciosa y pacientemente los designios y la voluntad de él.»","[""Verdadero"", ""Falso""]",0,Verdadero,"La afirmación coincide con el PDF: «y contrajuego de los humanos intereses, poder y pasiones, contemplamos a los agentes».","y contrajuego de los humanos intereses, poder y pasiones, contemplamos a los agentes",PR40-P036-F22,PR40-P036-F22-VARIANTS,verified,
PR40-0040,PR39-44,PR40,"PDF p.37, PR40, párrafo 1",fill_blank,hard,filosofía de la historia y propósito de Dios,"Según PDF p.37, PR40, párrafo 1, en el pasaje sobre filosofía de la historia y propósito de Dios, complete la formulación del PDF: «Babilonia, al fin quebrantada, desapareció porque, en tiempos de prosperidad, sus gobernantes se habían considerado _____ de Dios y habían atribuído la gloria de su reino a las hazañas humanas.»","[""significativos"", ""acontecimientos"", ""características"", ""independientes""]",3,independientes,El PDF emplea la expresión «independientes» en este contexto: «sus gobernantes se habían considerado independientes de Dios y habían atribuído la gloria».,sus gobernantes se habían considerado independientes de Dios y habían atribuído la gloria,PR40-P037-F16,PR40-P037-F16-VARIANTS,verified,
PR40-0041,PR39-44,PR40,"PDF p.33, PR40, párrafo 2",multiple_choice,medium,"sueño olvidado, sabios, amenaza y recompensa","Según PDF p.33, PR40, párrafo 2, en el pasaje sobre sueño olvidado, sabios, amenaza y recompensa, ¿Cuál opción conserva el dato exacto de la fuente? Marco: «En su [DETALLE], Nabucodonosor congregó a sus sabios, “magos, astrólogos»","[""En su perplejidad, Nabucodonosor congregó a sus sabios, “magos, astrólogos"", ""En su convocación, Nabucodonosor congregó a sus sabios, “magos, astrólogos"", ""En su destrucción, Nabucodonosor congregó a sus sabios, “magos, astrólogos"", ""En su disposición, Nabucodonosor congregó a sus sabios, “magos, astrólogos""]",0,"En su perplejidad, Nabucodonosor congregó a sus sabios, “magos, astrólogos","La opción correcta conserva el detalle «perplejidad» tal como aparece en la fuente: «En su perplejidad, Nabucodonosor congregó a sus sabios, “magos, astrólogos».","En su perplejidad, Nabucodonosor congregó a sus sabios, “magos, astrólogos",PR40-P033-F27,PR40-P033-F27-VARIANTS,verified,
PR40-0042,PR39-44,PR40,"PDF p.34, PR40, párrafo 1",true_false,hard,"Daniel, Arioc, oración y visión nocturna","Según PDF p.34, PR40, párrafo 1, en el pasaje sobre Daniel, Arioc, oración y visión nocturna, determine si el detalle entre corchetes hace verdadera o falsa esta afirmación: «En momentos de perplejidad y peligro, siempre se habían dirigido al Señor para obtener dirección y ⟦apariencia⟧»","[""Verdadero"", ""Falso""]",1,Falso,"La afirmación cambia «protección». La corrección exacta es: «En momentos de perplejidad y peligro, siempre se habían dirigido al Señor para obtener dirección y protección»",Señor para obtener dirección y protección,PR40-P034-F28,PR40-P034-F28-VARIANTS,verified,"En momentos de perplejidad y peligro, siempre se habían dirigido al Señor para obtener dirección y protección"
PR40-0043,PR39-44,PR40,"PDF p.35, PR40, párrafo 2",fill_blank,hard,"imagen, metales, piedra y reinos","Según PDF p.35, PR40, párrafo 2, en el pasaje sobre imagen, metales, piedra y reinos, complete la formulación del PDF: «y el rey, escuchando todo detalle con la más concentrada atención, reconoció que se trataba del mismo sueño que tanto le había _____.»","[""perturbado"", ""arrostrado"", ""blasfemado"", ""confirmado""]",0,perturbado,El PDF emplea la expresión «perturbado» en este contexto: «sueño que tanto le había perturbado».,sueño que tanto le había perturbado,PR40-P035-F39,PR40-P035-F39-VARIANTS,verified,
PR40-0044,PR39-44,PR40,"PDF p.36, PR40, párrafo 1",multiple_choice,expert,"honores, naciones y agentes divinos","Según PDF p.36, PR40, párrafo 1, en el pasaje sobre honores, naciones y agentes divinos, ¿Cuál opción mantiene sin alterar el detalle y el orden de la fuente? Marco: «humanos intereses, poder y pasiones, [DETALLE] a los agentes del que es todo»","[""humanos intereses, poder y pasiones, encantadores a los agentes del que es todo"", ""humanos intereses, poder y pasiones, contemplamos a los agentes del que es todo"", ""humanos intereses, poder y pasiones, espirituales a los agentes del que es todo"", ""humanos intereses, poder y pasiones, gobernadores a los agentes del que es todo""]",1,"humanos intereses, poder y pasiones, contemplamos a los agentes del que es todo","La opción correcta conserva el detalle «contemplamos» tal como aparece en la fuente: «humanos intereses, poder y pasiones, contemplamos a los agentes del que es todo».","humanos intereses, poder y pasiones, contemplamos a los agentes del que es todo",PR40-P036-F23,PR40-P036-F23-VARIANTS,verified,
PR40-0045,PR39-44,PR40,"PDF p.37, PR40, párrafo 1",true_false,hard,filosofía de la historia y propósito de Dios,"Según PDF p.37, PR40, párrafo 1, en el pasaje sobre filosofía de la historia y propósito de Dios, determine si el detalle entre corchetes hace verdadera o falsa esta afirmación: «Babilonia, al fin quebrantada, desapareció porque, en tiempos de prosperidad, sus gobernantes se habían considerado independientes de Dios y habían ⟦acarreado⟧ la gloria de su reino a las hazañas humanas.»","[""Verdadero"", ""Falso""]",1,Falso,"La afirmación cambia «atribuído». La corrección exacta es: «Babilonia, al fin quebrantada, desapareció porque, en tiempos de prosperidad, sus gobernantes se habían considerado independientes de Dios y habían atribuído la gloria de su reino a las hazañas humanas.»",independientes de Dios y habían atribuído la gloria de su reino a las,PR40-P037-F17,PR40-P037-F17-VARIANTS,verified,"Babilonia, al fin quebrantada, desapareció porque, en tiempos de prosperidad, sus gobernantes se habían considerado independientes de Dios y habían atribuído la gloria de su reino a las hazañas humanas."
PR40-0046,PR39-44,PR40,"PDF p.33, PR40, párrafo 2",fill_blank,easy,"sueño olvidado, sabios, amenaza y recompensa","Según PDF p.33, PR40, párrafo 2, en el pasaje sobre sueño olvidado, sabios, amenaza y recompensa, complete la formulación del PDF: «En su perplejidad, _____ congregó a sus sabios, “magos, astrólogos, y encantadores,” y solicitó su ayuda.»","[""Abed-nego"", ""Nabucodonosor"", ""Beltsasar"", ""Belsasar""]",1,Nabucodonosor,"El PDF emplea la expresión «Nabucodonosor» en este contexto: «En su perplejidad, Nabucodonosor congregó a sus sabios, “magos, astrólogos, y».","En su perplejidad, Nabucodonosor congregó a sus sabios, “magos, astrólogos, y",PR40-P033-F28,PR40-P033-F28-VARIANTS,verified,
PR40-0047,PR39-44,PR40,"PDF p.34, PR40, párrafo 1",multiple_choice,hard,"Daniel, Arioc, oración y visión nocturna","Según PDF p.34, PR40, párrafo 1, en el pasaje sobre Daniel, Arioc, oración y visión nocturna, ¿Qué opción restituye con precisión la relación descrita? Marco: «Ahora con corazón contrito, se [DETALLE] de nuevo al Juez de la tierra»","[""Ahora con corazón contrito, se apoderaron de nuevo al Juez de la tierra"", ""Ahora con corazón contrito, se desfilaron de nuevo al Juez de la tierra"", ""Ahora con corazón contrito, se sometieron de nuevo al Juez de la tierra"", ""Ahora con corazón contrito, se entregaron de nuevo al Juez de la tierra""]",2,"Ahora con corazón contrito, se sometieron de nuevo al Juez de la tierra","La opción correcta conserva el detalle «sometieron» tal como aparece en la fuente: «Ahora con corazón contrito, se sometieron de nuevo al Juez de la tierra».","Ahora con corazón contrito, se sometieron de nuevo al Juez de la tierra",PR40-P034-F38,PR40-P034-F38-VARIANTS,verified,
PR40-0048,PR39-44,PR40,"PDF p.35, PR40, párrafo 2",true_false,hard,"imagen, metales, piedra y reinos","Según PDF p.35, PR40, párrafo 2, en el pasaje sobre imagen, metales, piedra y reinos, determine si el detalle entre corchetes hace verdadera o falsa esta afirmación: «Su mente quedó así ⟦acarreado⟧ para recibir favorablemente la interpretación.»","[""Verdadero"", ""Falso""]",1,Falso,La afirmación cambia «preparada». La corrección exacta es: «Su mente quedó así preparada para recibir favorablemente la interpretación.»,Su mente quedó así preparada para recibir favorablemente la interpretación,PR40-P035-F47,PR40-P035-F47-VARIANTS,verified,Su mente quedó así preparada para recibir favorablemente la interpretación.
PR40-0049,PR39-44,PR40,"PDF p.36, PR40, párrafo 1",fill_blank,expert,"honores, naciones y agentes divinos","Según PDF p.36, PR40, párrafo 1, en el pasaje sobre honores, naciones y agentes divinos, complete la formulación del PDF: «Pero en la Palabra de Dios se descorre el velo, y encima, detrás y a través de todo el juego y contrajuego de los humanos intereses, poder y pasiones, contemplamos a los agentes del que es todo _____, que cumplen silenciosa y pacientemente los designios y la voluntad de él.»","[""reconocimiento"", ""encarcelamiento"", ""misericordioso"", ""establecimiento""]",2,misericordioso,"El PDF emplea la expresión «misericordioso» en este contexto: «agentes del que es todo misericordioso, que cumplen silenciosa y pacientemente los designios».","agentes del que es todo misericordioso, que cumplen silenciosa y pacientemente los designios",PR40-P036-F24,PR40-P036-F24-VARIANTS,verified,
PR40-0050,PR39-44,PR40,"PDF p.37, PR40, párrafo 1",multiple_choice,medium,filosofía de la historia y propósito de Dios,"Según PDF p.37, PR40, párrafo 1, en el pasaje sobre filosofía de la historia y propósito de Dios, ¿Cuál opción conserva el dato exacto de la fuente? Marco: «El reino [DETALLE] fué objeto de la ira del Cielo»","[""El reino babilónico fué objeto de la ira del Cielo"", ""El reino destruidor fué objeto de la ira del Cielo"", ""El reino espiritual fué objeto de la ira del Cielo"", ""El reino medo-persa fué objeto de la ira del Cielo""]",3,El reino medo-persa fué objeto de la ira del Cielo,La opción correcta conserva el detalle «medo-persa» tal como aparece en la fuente: «El reino medo-persa fué objeto de la ira del Cielo».,El reino medo-persa fué objeto de la ira del Cielo,PR40-P037-F23,PR40-P037-F23-VARIANTS,verified,
PR40-0051,PR39-44,PR40,"PDF p.33, PR40, párrafo 2",true_false,medium,"sueño olvidado, sabios, amenaza y recompensa","Según PDF p.33, PR40, párrafo 2, en el pasaje sobre sueño olvidado, sabios, amenaza y recompensa, determine si el detalle entre corchetes hace verdadera o falsa esta afirmación: «En su perplejidad, Nabucodonosor congregó a sus sabios, “magos, ⟦astrólogos⟧, y encantadores,” y solicitó su ayuda.»","[""Verdadero"", ""Falso""]",0,Verdadero,"La afirmación coincide con el PDF: «congregó a sus sabios, “magos, astrólogos, y encantadores,” y solicitó su ayuda».","congregó a sus sabios, “magos, astrólogos, y encantadores,” y solicitó su ayuda",PR40-P033-F29,PR40-P033-F29-VARIANTS,verified,
PR40-0052,PR39-44,PR40,"PDF p.34, PR40, párrafo 1",fill_blank,medium,"Daniel, Arioc, oración y visión nocturna","Según PDF p.34, PR40, párrafo 1, en el pasaje sobre Daniel, Arioc, oración y visión nocturna, complete la formulación del PDF: «Ahora con corazón contrito, se sometieron de nuevo al Juez de la tierra, _____ que los librase en este su tiempo de necesidad especial.»","[""abrumador"", ""aliviarla"", ""atestiguó"", ""rogándole""]",3,rogándole,"El PDF emplea la expresión «rogándole» en este contexto: «al Juez de la tierra, rogándole que los librase en este su tiempo».","al Juez de la tierra, rogándole que los librase en este su tiempo",PR40-P034-F39,PR40-P034-F39-VARIANTS,verified,
PR40-0053,PR39-44,PR40,"PDF p.35, PR40, párrafo 2",multiple_choice,medium,"imagen, metales, piedra y reinos","Según PDF p.35, PR40, párrafo 2, en el pasaje sobre imagen, metales, piedra y reinos, ¿Cuál opción conserva el dato exacto de la fuente? Marco: «quedó así preparada para recibir [DETALLE] la interpretación»","[""quedó así preparada para recibir favorablemente la interpretación"", ""quedó así preparada para recibir aceleradamente la interpretación"", ""quedó así preparada para recibir fervorosamente la interpretación"", ""quedó así preparada para recibir inmediatamente la interpretación""]",0,quedó así preparada para recibir favorablemente la interpretación,La opción correcta conserva el detalle «favorablemente» tal como aparece en la fuente: «quedó así preparada para recibir favorablemente la interpretación».,quedó así preparada para recibir favorablemente la interpretación,PR40-P035-F48,PR40-P035-F48-VARIANTS,verified,
PR40-0054,PR39-44,PR40,"PDF p.36, PR40, párrafo 1",true_false,hard,"honores, naciones y agentes divinos","Según PDF p.36, PR40, párrafo 1, en el pasaje sobre honores, naciones y agentes divinos, determine si el detalle entre corchetes hace verdadera o falsa esta afirmación: «Pero en la Palabra de Dios se descorre el velo, y encima, detrás y a través de todo el juego y contrajuego de los humanos intereses, poder y pasiones, contemplamos a los agentes del que es todo misericordioso, que cumplen ⟦silenciosa⟧ y pacientemente los designios y la voluntad de él.»","[""Verdadero"", ""Falso""]",0,Verdadero,"La afirmación coincide con el PDF: «es todo misericordioso, que cumplen silenciosa y pacientemente los designios y la voluntad».","es todo misericordioso, que cumplen silenciosa y pacientemente los designios y la voluntad",PR40-P036-F25,PR40-P036-F25-VARIANTS,verified,
PR40-0055,PR39-44,PR40,"PDF p.37, PR40, párrafo 1",fill_blank,hard,filosofía de la historia y propósito de Dios,"Según PDF p.37, PR40, párrafo 1, en el pasaje sobre filosofía de la historia y propósito de Dios, complete la formulación del PDF: «El reino medo-persa fué objeto de la ira del Cielo porque en él se _____ la ley de Dios.»","[""pisoteaba"", ""amenazaba"", ""esperaban"", ""evidencia""]",0,pisoteaba,El PDF emplea la expresión «pisoteaba» en este contexto: «Cielo porque en él se pisoteaba la ley de Dios».,Cielo porque en él se pisoteaba la ley de Dios,PR40-P037-F24,PR40-P037-F24-VARIANTS,verified,
PR40-0056,PR39-44,PR40,"PDF p.33, PR40, párrafo 2",multiple_choice,medium,"sueño olvidado, sabios, amenaza y recompensa","Según PDF p.33, PR40, párrafo 2, en el pasaje sobre sueño olvidado, sabios, amenaza y recompensa, ¿Cuál opción conserva el dato exacto de la fuente? Marco: «sus sabios, “magos, astrólogos, y [DETALLE],” y solicitó su ayuda»","[""sus sabios, “magos, astrólogos, y contemplamos,” y solicitó su ayuda"", ""sus sabios, “magos, astrólogos, y encantadores,” y solicitó su ayuda"", ""sus sabios, “magos, astrólogos, y espirituales,” y solicitó su ayuda"", ""sus sabios, “magos, astrólogos, y gobernadores,” y solicitó su ayuda""]",1,"sus sabios, “magos, astrólogos, y encantadores,” y solicitó su ayuda","La opción correcta conserva el detalle «encantadores» tal como aparece en la fuente: «sus sabios, “magos, astrólogos, y encantadores,” y solicitó su ayuda».","sus sabios, “magos, astrólogos, y encantadores,” y solicitó su ayuda",PR40-P033-F30,PR40-P033-F30-VARIANTS,verified,
PR40-0057,PR39-44,PR40,"PDF p.34, PR40, párrafo 1",true_false,medium,"Daniel, Arioc, oración y visión nocturna","Según PDF p.34, PR40, párrafo 1, en el pasaje sobre Daniel, Arioc, oración y visión nocturna, determine si el detalle entre corchetes hace verdadera o falsa esta afirmación: «Ahora con corazón contrito, se sometieron de nuevo al Juez de la tierra, rogándole que los librase en este su tiempo de ⟦necesidad⟧ especial.»","[""Verdadero"", ""Falso""]",0,Verdadero,La afirmación coincide con el PDF: «en este su tiempo de necesidad especial».,en este su tiempo de necesidad especial,PR40-P034-F40,PR40-P034-F40-VARIANTS,verified,
PR40-0058,PR39-44,PR40,"PDF p.35, PR40, párrafo 2",fill_blank,easy,"imagen, metales, piedra y reinos","Según PDF p.35, PR40, párrafo 2, en el pasaje sobre imagen, metales, piedra y reinos, complete la formulación del PDF: «Su mente quedó así preparada para recibir favorablemente la _____.»","[""consideración"", ""interpretación"", ""desobediencia"", ""determinación""]",1,interpretación,El PDF emplea la expresión «interpretación» en este contexto: «preparada para recibir favorablemente la interpretación».,preparada para recibir favorablemente la interpretación,PR40-P035-F49,PR40-P035-F49-VARIANTS,verified,
PR40-0059,PR39-44,PR40,"PDF p.36, PR40, párrafo 1",multiple_choice,expert,"honores, naciones y agentes divinos","Según PDF p.36, PR40, párrafo 1, en el pasaje sobre honores, naciones y agentes divinos, ¿Cuál opción mantiene sin alterar el detalle y el orden de la fuente? Marco: «misericordioso, que cumplen silenciosa y [DETALLE] los designios y la voluntad de él»","[""misericordioso, que cumplen silenciosa y completamente los designios y la voluntad de él"", ""misericordioso, que cumplen silenciosa y confiadamente los designios y la voluntad de él"", ""misericordioso, que cumplen silenciosa y pacientemente los designios y la voluntad de él"", ""misericordioso, que cumplen silenciosa y correctamente los designios y la voluntad de él""]",2,"misericordioso, que cumplen silenciosa y pacientemente los designios y la voluntad de él","La opción correcta conserva el detalle «pacientemente» tal como aparece en la fuente: «misericordioso, que cumplen silenciosa y pacientemente los designios y la voluntad de él».","misericordioso, que cumplen silenciosa y pacientemente los designios y la voluntad de él",PR40-P036-F26,PR40-P036-F26-VARIANTS,verified,
PR40-0060,PR39-44,PR40,"PDF p.37, PR40, párrafo 1",true_false,hard,filosofía de la historia y propósito de Dios,"Según PDF p.37, PR40, párrafo 1, en el pasaje sobre filosofía de la historia y propósito de Dios, determine si el detalle entre corchetes hace verdadera o falsa esta afirmación: «El temor de Jehová no tenía cabida en los ⟦capitanes⟧ de la vasta mayoría del pueblo.»","[""Verdadero"", ""Falso""]",1,Falso,La afirmación cambia «corazones». La corrección exacta es: «El temor de Jehová no tenía cabida en los corazones de la vasta mayoría del pueblo.»,no tenía cabida en los corazones de la vasta mayoría del pueblo,PR40-P037-F27,PR40-P037-F27-VARIANTS,verified,El temor de Jehová no tenía cabida en los corazones de la vasta mayoría del pueblo.
PR40-0061,PR39-44,PR40,"PDF p.33, PR40, párrafo 2",fill_blank,medium,"sueño olvidado, sabios, amenaza y recompensa","Según PDF p.33, PR40, párrafo 2, en el pasaje sobre sueño olvidado, sabios, amenaza y recompensa, complete la formulación del PDF: «Dijo: “He soñado un sueño, y mi espíritu se ha _____ por saber el sueño.»","[""arrostrado"", ""blasfemado"", ""perturbado"", ""confirmado""]",2,perturbado,El PDF emplea la expresión «perturbado» en este contexto: «y mi espíritu se ha perturbado por saber el sueño».,y mi espíritu se ha perturbado por saber el sueño,PR40-P033-F36,PR40-P033-F36-VARIANTS,verified,
PR40-0062,PR39-44,PR40,"PDF p.34, PR40, párrafo 1",multiple_choice,hard,"Daniel, Arioc, oración y visión nocturna","Según PDF p.34, PR40, párrafo 1, en el pasaje sobre Daniel, Arioc, oración y visión nocturna, ¿Qué opción restituye con precisión la relación descrita? Marco: «en visión de noche,” fueron [DETALLE] el sueño del rey y su significado»","[""en visión de noche,” fueron acarreado el sueño del rey y su significado"", ""en visión de noche,” fueron aprendido el sueño del rey y su significado"", ""en visión de noche,” fueron atribuído el sueño del rey y su significado"", ""en visión de noche,” fueron revelados el sueño del rey y su significado""]",3,"en visión de noche,” fueron revelados el sueño del rey y su significado","La opción correcta conserva el detalle «revelados» tal como aparece en la fuente: «en visión de noche,” fueron revelados el sueño del rey y su significado».","en visión de noche,” fueron revelados el sueño del rey y su significado",PR40-P034-F54,PR40-P034-F54-VARIANTS,verified,
PR40-0063,PR39-44,PR40,"PDF p.35, PR40, párrafo 2",true_false,hard,"imagen, metales, piedra y reinos","Según PDF p.35, PR40, párrafo 2, en el pasaje sobre imagen, metales, piedra y reinos, determine si el detalle entre corchetes hace verdadera o falsa esta afirmación: «El Rey de reyes estaba por ⟦acontecer⟧ una gran verdad al monarca babilónico.»","[""Verdadero"", ""Falso""]",1,Falso,La afirmación cambia «comunicar». La corrección exacta es: «El Rey de reyes estaba por comunicar una gran verdad al monarca babilónico.»,Rey de reyes estaba por comunicar una gran verdad al monarca babilónico,PR40-P035-F54,PR40-P035-F54-VARIANTS,verified,El Rey de reyes estaba por comunicar una gran verdad al monarca babilónico.
PR40-0064,PR39-44,PR40,"PDF p.36, PR40, párrafo 1",fill_blank,hard,"honores, naciones y agentes divinos","Según PDF p.36, PR40, párrafo 1, en el pasaje sobre honores, naciones y agentes divinos, complete la formulación del PDF: «Pero en la Palabra de Dios se descorre el velo, y encima, detrás y a través de todo el juego y contrajuego de los humanos intereses, poder y pasiones, contemplamos a los agentes del que es todo misericordioso, que cumplen silenciosa y pacientemente los _____ y la voluntad de él.»","[""capitanes"", ""caprichos"", ""corazones"", ""designios""]",3,designios,El PDF emplea la expresión «designios» en este contexto: «cumplen silenciosa y pacientemente los designios y la voluntad de él».,cumplen silenciosa y pacientemente los designios y la voluntad de él,PR40-P036-F27,PR40-P036-F27-VARIANTS,verified,
PR40-0065,PR39-44,PR40,"PDF p.37, PR40, párrafo 1",multiple_choice,easy,filosofía de la historia y propósito de Dios,"Según PDF p.37, PR40, párrafo 1, en el pasaje sobre filosofía de la historia y propósito de Dios, ¿Qué expresión completa correctamente el detalle señalado? Marco: «Prevalecían la impiedad, la [DETALLE] y la corrupción»","[""Prevalecían la impiedad, la blasfemia y la corrupción"", ""Prevalecían la impiedad, la adoración y la corrupción"", ""Prevalecían la impiedad, la adorareis y la corrupción"", ""Prevalecían la impiedad, la autoridad y la corrupción""]",0,"Prevalecían la impiedad, la blasfemia y la corrupción","La opción correcta conserva el detalle «blasfemia» tal como aparece en la fuente: «Prevalecían la impiedad, la blasfemia y la corrupción».","Prevalecían la impiedad, la blasfemia y la corrupción",PR40-P037-F33,PR40-P037-F33-VARIANTS,verified,
PR40-0066,PR39-44,PR40,"PDF p.33, PR40, párrafo 2",true_false,medium,"sueño olvidado, sabios, amenaza y recompensa","Según PDF p.33, PR40, párrafo 2, en el pasaje sobre sueño olvidado, sabios, amenaza y recompensa, determine si el detalle entre corchetes hace verdadera o falsa esta afirmación: «Y habiendo ⟦declarado⟧ su preocupación, les pidió que le revelasen lo que habría de aliviarla.»","[""Verdadero"", ""Falso""]",0,Verdadero,"La afirmación coincide con el PDF: «Y habiendo declarado su preocupación, les pidió que le revelasen».","Y habiendo declarado su preocupación, les pidió que le revelasen",PR40-P033-F41,PR40-P033-F41-VARIANTS,verified,
PR40-0067,PR39-44,PR40,"PDF p.34, PR40, párrafo 1",fill_blank,medium,"Daniel, Arioc, oración y visión nocturna","Según PDF p.34, PR40, párrafo 1, en el pasaje sobre Daniel, Arioc, oración y visión nocturna, complete la formulación del PDF: «El Espíritu del Señor descansó sobre ellos, y a Daniel, “en visión de noche,” fueron revelados el sueño del rey y su _____.»","[""significado"", ""mandamiento"", ""Omnipotente"", ""pensamiento""]",0,significado,El PDF emplea la expresión «significado» en este contexto: «sueño del rey y su significado».,sueño del rey y su significado,PR40-P034-F55,PR40-P034-F55-VARIANTS,verified,
PR40-0068,PR39-44,PR40,"PDF p.35, PR40, párrafo 2",multiple_choice,medium,"imagen, metales, piedra y reinos","Según PDF p.35, PR40, párrafo 2, en el pasaje sobre imagen, metales, piedra y reinos, ¿Cuál opción conserva el dato exacto de la fuente? Marco: «una gran verdad al monarca [DETALLE]»","[""una gran verdad al monarca destruidor"", ""una gran verdad al monarca babilónico"", ""una gran verdad al monarca espiritual"", ""una gran verdad al monarca extranjero""]",1,una gran verdad al monarca babilónico,La opción correcta conserva el detalle «babilónico» tal como aparece en la fuente: «una gran verdad al monarca babilónico».,una gran verdad al monarca babilónico,PR40-P035-F55,PR40-P035-F55-VARIANTS,verified,
PR40-0069,PR39-44,PR40,"PDF p.36, PR40, párrafo 2",true_false,hard,"honores, naciones y agentes divinos","Según PDF p.36, PR40, párrafo 2, en el pasaje sobre honores, naciones y agentes divinos, determine si el detalle entre corchetes hace verdadera o falsa esta afirmación: «En palabras de ⟦incomparable⟧ belleza y ternura, el apóstol Pablo presentó a los sabios de Atenas el propósito que Dios había tenido en la creación y distribución de las razas y naciones.»","[""Verdadero"", ""Falso""]",0,Verdadero,"La afirmación coincide con el PDF: «En palabras de incomparable belleza y ternura, el apóstol Pablo presentó».","En palabras de incomparable belleza y ternura, el apóstol Pablo presentó",PR40-P036-F33,PR40-P036-F33-VARIANTS,verified,
PR40-0070,PR39-44,PR40,"PDF p.37, PR40, párrafo 1",fill_blank,easy,filosofía de la historia y propósito de Dios,"Según PDF p.37, PR40, párrafo 1, en el pasaje sobre filosofía de la historia y propósito de Dios, complete la formulación del PDF: «Prevalecían la impiedad, la blasfemia y la _____.»","[""apariencia"", ""corrupción"", ""casualidad"", ""cautividad""]",1,corrupción,"El PDF emplea la expresión «corrupción» en este contexto: «impiedad, la blasfemia y la corrupción».","impiedad, la blasfemia y la corrupción",PR40-P037-F34,PR40-P037-F34-VARIANTS,verified,
PR40-0071,PR39-44,PR40,"PDF p.33, PR40, párrafo 2",multiple_choice,medium,"sueño olvidado, sabios, amenaza y recompensa","Según PDF p.33, PR40, párrafo 2, en el pasaje sobre sueño olvidado, sabios, amenaza y recompensa, ¿Cuál opción conserva el dato exacto de la fuente? Marco: «Y habiendo declarado su [DETALLE], les pidió que le revelasen lo que»","[""Y habiendo declarado su amonestación, les pidió que le revelasen lo que"", ""Y habiendo declarado su aproximación, les pidió que le revelasen lo que"", ""Y habiendo declarado su preocupación, les pidió que le revelasen lo que"", ""Y habiendo declarado su complacencia, les pidió que le revelasen lo que""]",2,"Y habiendo declarado su preocupación, les pidió que le revelasen lo que","La opción correcta conserva el detalle «preocupación» tal como aparece en la fuente: «Y habiendo declarado su preocupación, les pidió que le revelasen lo que».","Y habiendo declarado su preocupación, les pidió que le revelasen lo que",PR40-P033-F42,PR40-P033-F42-VARIANTS,verified,
PR40-0072,PR39-44,PR40,"PDF p.34, PR40, párrafo 2",true_false,hard,"Daniel, Arioc, oración y visión nocturna","Según PDF p.34, PR40, párrafo 2, en el pasaje sobre Daniel, Arioc, oración y visión nocturna, determine si el detalle entre corchetes hace verdadera o falsa esta afirmación: «El primer acto de Daniel fué ⟦acontecer⟧ a Dios la revelación que le había dado.»","[""Verdadero"", ""Falso""]",1,Falso,La afirmación cambia «agradecer». La corrección exacta es: «El primer acto de Daniel fué agradecer a Dios la revelación que le había dado.»,primer acto de Daniel fué agradecer a Dios la revelación que le había,PR40-P034-F62,PR40-P034-F62-VARIANTS,verified,El primer acto de Daniel fué agradecer a Dios la revelación que le había dado.
PR40-0073,PR39-44,PR40,"PDF p.35, PR40, párrafo 2",fill_blank,hard,"imagen, metales, piedra y reinos","Según PDF p.35, PR40, párrafo 2, en el pasaje sobre imagen, metales, piedra y reinos, complete la formulación del PDF: «Dios iba a _____ que él ejerce el poder sobre los reinos del mundo, el poder de entronizar y de destronar a los reyes.»","[""acontecer"", ""agradecer"", ""revelarle"", ""compartir""]",2,revelarle,El PDF emplea la expresión «revelarle» en este contexto: «Dios iba a revelarle que él ejerce el poder sobre los».,Dios iba a revelarle que él ejerce el poder sobre los,PR40-P035-F59,PR40-P035-F59-VARIANTS,verified,
PR40-0074,PR39-44,PR40,"PDF p.36, PR40, párrafo 2",multiple_choice,hard,"honores, naciones y agentes divinos","Según PDF p.36, PR40, párrafo 2, en el pasaje sobre honores, naciones y agentes divinos, ¿Qué opción restituye con precisión la relación descrita? Marco: «los sabios de Atenas el [DETALLE] que Dios había tenido en la creación»","[""los sabios de Atenas el consejero que Dios había tenido en la creación"", ""los sabios de Atenas el escenario que Dios había tenido en la creación"", ""los sabios de Atenas el esplendor que Dios había tenido en la creación"", ""los sabios de Atenas el propósito que Dios había tenido en la creación""]",3,los sabios de Atenas el propósito que Dios había tenido en la creación,La opción correcta conserva el detalle «propósito» tal como aparece en la fuente: «los sabios de Atenas el propósito que Dios había tenido en la creación».,los sabios de Atenas el propósito que Dios había tenido en la creación,PR40-P036-F34,PR40-P036-F34-VARIANTS,verified,
PR40-0075,PR39-44,PR40,"PDF p.37, PR40, párrafo 1",true_false,medium,filosofía de la historia y propósito de Dios,"Según PDF p.37, PR40, párrafo 1, en el pasaje sobre filosofía de la historia y propósito de Dios, determine si el detalle entre corchetes hace verdadera o falsa esta afirmación: «Los reinos que ⟦siguieron⟧ fueron aun más viles y corruptos»","[""Verdadero"", ""Falso""]",0,Verdadero,La afirmación coincide con el PDF: «Los reinos que siguieron fueron aun más viles y corruptos».,Los reinos que siguieron fueron aun más viles y corruptos,PR40-P037-F37,PR40-P037-F37-VARIANTS,verified,
PR40-0076,PR39-44,PR40,"PDF p.33, PR40, párrafo 2",fill_blank,medium,"sueño olvidado, sabios, amenaza y recompensa","Según PDF p.33, PR40, párrafo 2, en el pasaje sobre sueño olvidado, sabios, amenaza y recompensa, complete la formulación del PDF: «Y habiendo declarado su preocupación, les pidió que le _____ lo que habría de aliviarla.»","[""habitasen"", ""recibiese"", ""sirviesen"", ""revelasen""]",3,revelasen,"El PDF emplea la expresión «revelasen» en este contexto: «preocupación, les pidió que le revelasen lo que habría de aliviarla».","preocupación, les pidió que le revelasen lo que habría de aliviarla",PR40-P033-F43,PR40-P033-F43-VARIANTS,verified,
PR40-0077,PR39-44,PR40,"PDF p.34, PR40, párrafo 2",multiple_choice,medium,"Daniel, Arioc, oración y visión nocturna","Según PDF p.34, PR40, párrafo 2, en el pasaje sobre Daniel, Arioc, oración y visión nocturna, ¿Cuál opción conserva el dato exacto de la fuente? Marco: «fué agradecer a Dios la [DETALLE] que le había dado»","[""fué agradecer a Dios la revelación que le había dado"", ""fué agradecer a Dios la apariencia que le había dado"", ""fué agradecer a Dios la casualidad que le había dado"", ""fué agradecer a Dios la cautividad que le había dado""]",0,fué agradecer a Dios la revelación que le había dado,La opción correcta conserva el detalle «revelación» tal como aparece en la fuente: «fué agradecer a Dios la revelación que le había dado».,fué agradecer a Dios la revelación que le había dado,PR40-P034-F63,PR40-P034-F63-VARIANTS,verified,
PR40-0078,PR39-44,PR40,"PDF p.35, PR40, párrafo 2",true_false,hard,"imagen, metales, piedra y reinos","Según PDF p.35, PR40, párrafo 2, en el pasaje sobre imagen, metales, piedra y reinos, determine si el detalle entre corchetes hace verdadera o falsa esta afirmación: «Dios iba a revelarle que él ejerce el poder sobre los reinos del mundo, el poder de ⟦comprender⟧ y de destronar a los reyes.»","[""Verdadero"", ""Falso""]",1,Falso,"La afirmación cambia «entronizar». La corrección exacta es: «Dios iba a revelarle que él ejerce el poder sobre los reinos del mundo, el poder de entronizar y de destronar a los reyes.»","del mundo, el poder de entronizar y de destronar a los reyes",PR40-P035-F60,PR40-P035-F60-VARIANTS,verified,"Dios iba a revelarle que él ejerce el poder sobre los reinos del mundo, el poder de entronizar y de destronar a los reyes."
PR40-0079,PR39-44,PR40,"PDF p.36, PR40, párrafo 2",fill_blank,hard,"honores, naciones y agentes divinos","Según PDF p.36, PR40, párrafo 2, en el pasaje sobre honores, naciones y agentes divinos, complete la formulación del PDF: «En palabras de incomparable belleza y ternura, el apóstol Pablo presentó a los sabios de Atenas el propósito que Dios había tenido en la creación y _____ de las razas y naciones.»","[""distribución"", ""amonestación"", ""aproximación"", ""complacencia""]",0,distribución,El PDF emplea la expresión «distribución» en este contexto: «tenido en la creación y distribución de las razas y naciones».,tenido en la creación y distribución de las razas y naciones,PR40-P036-F35,PR40-P036-F35-VARIANTS,verified,
PR40-0080,PR39-44,PR40,"PDF p.37, PR40, párrafo 1",multiple_choice,medium,filosofía de la historia y propósito de Dios,"Según PDF p.37, PR40, párrafo 1, en el pasaje sobre filosofía de la historia y propósito de Dios, ¿Cuál opción conserva el dato exacto de la fuente? Marco: «fueron aun más viles y [DETALLE]»","[""fueron aun más viles y blasfemos"", ""fueron aun más viles y corruptos"", ""fueron aun más viles y disolutos"", ""fueron aun más viles y enfáticas""]",1,fueron aun más viles y corruptos,La opción correcta conserva el detalle «corruptos» tal como aparece en la fuente: «fueron aun más viles y corruptos».,fueron aun más viles y corruptos,PR40-P037-F38,PR40-P037-F38-VARIANTS,verified,
PR40-0081,PR39-44,PR40,"PDF p.33, PR40, párrafo 2",true_false,hard,"sueño olvidado, sabios, amenaza y recompensa","Según PDF p.33, PR40, párrafo 2, en el pasaje sobre sueño olvidado, sabios, amenaza y recompensa, determine si el detalle entre corchetes hace verdadera o falsa esta afirmación: «Y habiendo declarado su preocupación, les pidió que le revelasen lo que habría de ⟦abrumador⟧.»","[""Verdadero"", ""Falso""]",1,Falso,"La afirmación cambia «aliviarla». La corrección exacta es: «Y habiendo declarado su preocupación, les pidió que le revelasen lo que habría de aliviarla.»",revelasen lo que habría de aliviarla,PR40-P033-F44,PR40-P033-F44-VARIANTS,verified,"Y habiendo declarado su preocupación, les pidió que le revelasen lo que habría de aliviarla."
PR40-0082,PR39-44,PR40,"PDF p.34, PR40, párrafo 2",fill_blank,expert,"Daniel, Arioc, oración y visión nocturna","Según PDF p.34, PR40, párrafo 2, en el pasaje sobre Daniel, Arioc, oración y visión nocturna, complete la formulación del PDF: «Exclamó: “Sea bendito el nombre de Dios de siglo hasta siglo: porque suya es la _____ y la fortaleza: y él es el que muda los tiempos y las oportunidades: quita reyes, y pone reyes: da la sabiduría a los sabios, y la ciencia a los entendidos: él revela lo profundo y lo escondido: conoce lo que está en tinieblas, y la luz mora con él.»","[""adoración"", ""sabiduría"", ""adorareis"", ""autoridad""]",1,sabiduría,El PDF emplea la expresión «sabiduría» en este contexto: «siglo: porque suya es la sabiduría y la fortaleza: y él es el».,siglo: porque suya es la sabiduría y la fortaleza: y él es el,PR40-P034-F66,PR40-P034-F66-VARIANTS,verified,
PR40-0083,PR39-44,PR40,"PDF p.35, PR40, párrafo 2",multiple_choice,hard,"imagen, metales, piedra y reinos","Según PDF p.35, PR40, párrafo 2, en el pasaje sobre imagen, metales, piedra y reinos, ¿Qué opción restituye con precisión la relación descrita? Marco: «poder de entronizar y de [DETALLE] a los reyes»","[""poder de entronizar y de acontecer a los reyes"", ""poder de entronizar y de agradecer a los reyes"", ""poder de entronizar y de destronar a los reyes"", ""poder de entronizar y de compartir a los reyes""]",2,poder de entronizar y de destronar a los reyes,La opción correcta conserva el detalle «destronar» tal como aparece en la fuente: «poder de entronizar y de destronar a los reyes».,poder de entronizar y de destronar a los reyes,PR40-P035-F61,PR40-P035-F61-VARIANTS,verified,
PR40-0084,PR39-44,PR40,"PDF p.36, PR40, párrafo 2",true_false,hard,"honores, naciones y agentes divinos","Según PDF p.36, PR40, párrafo 2, en el pasaje sobre honores, naciones y agentes divinos, determine si el detalle entre corchetes hace verdadera o falsa esta afirmación: «de una sangre ha hecho todo el linaje de los hombres, para que ⟦habitasen⟧ sobre toda la faz de la tierra»","[""Verdadero"", ""Falso""]",0,Verdadero,"La afirmación coincide con el PDF: «de los hombres, para que habitasen sobre toda la faz de la tierra».","de los hombres, para que habitasen sobre toda la faz de la tierra",PR40-P036-F50,PR40-P036-F50-VARIANTS,verified,
PR40-0085,PR39-44,PR40,"PDF p.37, PR40, párrafo 1",fill_blank,medium,filosofía de la historia y propósito de Dios,"Según PDF p.37, PR40, párrafo 1, en el pasaje sobre filosofía de la historia y propósito de Dios, complete la formulación del PDF: «y se fueron _____ cada vez más en su falta de valor moral.»","[""cumpliendo"", ""escuchando"", ""hundiendo"", ""mirando""]",2,hundiendo,El PDF emplea la expresión «hundiendo» en este contexto: «y se fueron hundiendo cada vez más en su falta de».,y se fueron hundiendo cada vez más en su falta de,PR40-P037-F42,PR40-P037-F42-VARIANTS,verified,
PR40-0086,PR39-44,PR40,"PDF p.33, PR40, párrafo 3",multiple_choice,hard,"sueño olvidado, sabios, amenaza y recompensa","Según PDF p.33, PR40, párrafo 3, en el pasaje sobre sueño olvidado, sabios, amenaza y recompensa, ¿Qué opción restituye con precisión la relación descrita? Marco: «A esto los sabios [DETALLE]: “Rey, para siempre vive: di el sueño»","[""A esto los sabios acontecieron: “Rey, para siempre vive: di el sueño"", ""A esto los sabios manifestaron: “Rey, para siempre vive: di el sueño"", ""A esto los sabios quebrantaron: “Rey, para siempre vive: di el sueño"", ""A esto los sabios respondieron: “Rey, para siempre vive: di el sueño""]",3,"A esto los sabios respondieron: “Rey, para siempre vive: di el sueño","La opción correcta conserva el detalle «respondieron» tal como aparece en la fuente: «A esto los sabios respondieron: “Rey, para siempre vive: di el sueño».","A esto los sabios respondieron: “Rey, para siempre vive: di el sueño",PR40-P033-F48,PR40-P033-F48-VARIANTS,verified,
PR40-0087,PR39-44,PR40,"PDF p.34, PR40, párrafo 2",true_false,expert,"Daniel, Arioc, oración y visión nocturna","Según PDF p.34, PR40, párrafo 2, en el pasaje sobre Daniel, Arioc, oración y visión nocturna, determine si el detalle entre corchetes hace verdadera o falsa esta afirmación: «Exclamó: “Sea bendito el nombre de Dios de siglo hasta siglo: porque suya es la sabiduría y la ⟦fortaleza⟧: y él es el que muda los tiempos y las oportunidades: quita reyes, y pone reyes: da la sabiduría a los sabios, y la ciencia a los entendidos: él revela lo profundo y lo escondido: conoce lo que está en tinieblas, y la luz mora con él.»","[""Verdadero"", ""Falso""]",0,Verdadero,La afirmación coincide con el PDF: «es la sabiduría y la fortaleza: y él es el que muda los».,es la sabiduría y la fortaleza: y él es el que muda los,PR40-P034-F67,PR40-P034-F67-VARIANTS,verified,
PR40-0088,PR39-44,PR40,"PDF p.35, PR40, párrafo 2",fill_blank,easy,"imagen, metales, piedra y reinos","Según PDF p.35, PR40, párrafo 2, en el pasaje sobre imagen, metales, piedra y reinos, complete la formulación del PDF: «La atención de _____ fué despertada para que sintiera, si era posible, su responsabilidad para con el Cielo.»","[""Abed-nego"", ""Beltsasar"", ""Belsasar"", ""Nabucodonosor""]",3,Nabucodonosor,"El PDF emplea la expresión «Nabucodonosor» en este contexto: «La atención de Nabucodonosor fué despertada para que sintiera, si era».","La atención de Nabucodonosor fué despertada para que sintiera, si era",PR40-P035-F67,PR40-P035-F67-VARIANTS,verified,
PR40-0089,PR39-44,PR40,"PDF p.33, PR40, párrafo 1",multiple_choice,hard,"sueño olvidado, sabios, amenaza y recompensa","Según PDF p.33, PR40, párrafo 1, en el pasaje sobre sueño olvidado, sabios, amenaza y recompensa, ¿Qué opción restituye con precisión la relación descrita? Marco: «después que Daniel y sus [DETALLE] entraron en el servicio del rey de»","[""después que Daniel y sus compañeros entraron en el servicio del rey de"", ""después que Daniel y sus asombrados entraron en el servicio del rey de"", ""después que Daniel y sus babilonios entraron en el servicio del rey de"", ""después que Daniel y sus caracteres entraron en el servicio del rey de""]",0,después que Daniel y sus compañeros entraron en el servicio del rey de,La opción correcta conserva el detalle «compañeros» tal como aparece en la fuente: «después que Daniel y sus compañeros entraron en el servicio del rey de».,después que Daniel y sus compañeros entraron en el servicio del rey de,PR40-P033-F01,PR40-P033-F01-VARIANTS,verified,
PR40-0090,PR39-44,PR40,"PDF p.34, PR40, párrafo 1",true_false,hard,"Daniel, Arioc, oración y visión nocturna","Según PDF p.34, PR40, párrafo 1, en el pasaje sobre Daniel, Arioc, oración y visión nocturna, determine si el detalle entre corchetes hace verdadera o falsa esta afirmación: «“Fuése luego Daniel a su casa, y declaró el negocio a Ananías, Misael, y Azarías, sus ⟦asombrados⟧.»","[""Verdadero"", ""Falso""]",1,Falso,"La afirmación cambia «compañeros». La corrección exacta es: «“Fuése luego Daniel a su casa, y declaró el negocio a Ananías, Misael, y Azarías, sus compañeros.»","Ananías, Misael, y Azarías, sus compañeros",PR40-P034-F03,PR40-P034-F03-VARIANTS,verified,"“Fuése luego Daniel a su casa, y declaró el negocio a Ananías, Misael, y Azarías, sus compañeros."
PR40-0091,PR39-44,PR40,"PDF p.35, PR40, párrafo 2",multiple_choice,expert,"imagen, metales, piedra y reinos","Según PDF p.35, PR40, párrafo 2, en el pasaje sobre imagen, metales, piedra y reinos, ¿Cuál opción mantiene sin alterar el detalle y el orden de la fuente? Marco: «El [DETALLE] estaba por comunicar una gran verdad al»","[""El Hijo de Dios estaba por comunicar una gran verdad al"", ""El Rey de reyes estaba por comunicar una gran verdad al"", ""El tiempo del fin estaba por comunicar una gran verdad al"", ""El trono de zafiro estaba por comunicar una gran verdad al""]",1,El Rey de reyes estaba por comunicar una gran verdad al,La opción correcta conserva el detalle «Rey de reyes» tal como aparece en la fuente: «El Rey de reyes estaba por comunicar una gran verdad al».,El Rey de reyes estaba por comunicar una gran verdad al,PR40-P035-F53,PR40-P035-F53-VARIANTS,verified,
PR40-0092,PR39-44,PR40,"PDF p.36, PR40, párrafo 6",fill_blank,expert,"honores, naciones y agentes divinos","Según PDF p.36, PR40, párrafo 6, en el pasaje sobre honores, naciones y agentes divinos, complete la formulación del PDF: «En tales ocasiones, al no hallar ayuda en sus grandes hombres, la buscaban en hombres como Daniel, hombres acerca de quienes sabían que honraban al _____ y eran honrados por él.»","[""Dios viviente"", ""reino eterno"", ""río Eufrates"", ""verdadero éxito""]",0,Dios viviente,El PDF emplea la expresión «Dios viviente» en este contexto: «quienes sabían que honraban al Dios viviente y eran honrados por él».,quienes sabían que honraban al Dios viviente y eran honrados por él,PR40-P036-F166,PR40-P036-F166-VARIANTS,verified,
PR40-0093,PR39-44,PR40,"PDF p.37, PR40, párrafo 1",true_false,hard,filosofía de la historia y propósito de Dios,"Según PDF p.37, PR40, párrafo 1, en el pasaje sobre filosofía de la historia y propósito de Dios, determine si el detalle entre corchetes hace verdadera o falsa esta afirmación: «En la historia de las naciones el que estudia la Palabra de Dios puede ⟦comprender⟧ el cumplimiento literal de la profecía divina.»","[""Verdadero"", ""Falso""]",1,Falso,La afirmación cambia «contemplar». La corrección exacta es: «En la historia de las naciones el que estudia la Palabra de Dios puede contemplar el cumplimiento literal de la profecía divina.»,la Palabra de Dios puede contemplar el cumplimiento literal de la profecía divina,PR40-P037-F01,PR40-P037-F01-VARIANTS,verified,En la historia de las naciones el que estudia la Palabra de Dios puede contemplar el cumplimiento literal de la profecía divina.
PR40-0094,PR39-44,PR40,"PDF p.33, PR40, párrafo 1",fill_blank,easy,"sueño olvidado, sabios, amenaza y recompensa","Según PDF p.33, PR40, párrafo 1, en el pasaje sobre sueño olvidado, sabios, amenaza y recompensa, complete la formulación del PDF: «Poco después que Daniel y sus compañeros entraron en el servicio del rey de _____, acontecieron sucesos que revelaron a una nación idólatra el poder y la fidelidad del Dios de Israel.»","[""Jerusalem"", ""Babilonia"", ""Jerusalén"", ""Atenas""]",1,Babilonia,"El PDF emplea la expresión «Babilonia» en este contexto: «el servicio del rey de Babilonia, acontecieron sucesos que revelaron a una nación».","el servicio del rey de Babilonia, acontecieron sucesos que revelaron a una nación",PR40-P033-F02,PR40-P033-F02-VARIANTS,verified,
PR40-0095,PR39-44,PR40,"PDF p.34, PR40, párrafo 1",multiple_choice,medium,"Daniel, Arioc, oración y visión nocturna","Según PDF p.34, PR40, párrafo 1, en el pasaje sobre Daniel, Arioc, oración y visión nocturna, ¿Cuál opción conserva el dato exacto de la fuente? Marco: «Juntos pidieron [DETALLE] a la Fuente de luz y conocimiento»","[""Juntos pidieron amenazaba a la Fuente de luz y conocimiento"", ""Juntos pidieron esperaban a la Fuente de luz y conocimiento"", ""Juntos pidieron sabiduría a la Fuente de luz y conocimiento"", ""Juntos pidieron evidencia a la Fuente de luz y conocimiento""]",2,Juntos pidieron sabiduría a la Fuente de luz y conocimiento,La opción correcta conserva el detalle «sabiduría» tal como aparece en la fuente: «Juntos pidieron sabiduría a la Fuente de luz y conocimiento».,Juntos pidieron sabiduría a la Fuente de luz y conocimiento,PR40-P034-F11,PR40-P034-F11-VARIANTS,verified,
PR40-0096,PR39-44,PR40,"PDF p.35, PR40, párrafo 3",true_false,expert,"imagen, metales, piedra y reinos","Según PDF p.35, PR40, párrafo 3, en el pasaje sobre imagen, metales, piedra y reinos, determine si el detalle entre corchetes hace verdadera o falsa esta afirmación: «Daniel continuó diciendo: “Tú, oh rey, eres ⟦Hijo de Dios⟧»","[""Verdadero"", ""Falso""]",1,Falso,"La afirmación cambia «rey de reyes». La corrección exacta es: «Daniel continuó diciendo: “Tú, oh rey, eres rey de reyes»","diciendo: “Tú, oh rey, eres rey de reyes",PR40-P035-F81,PR40-P035-F81-VARIANTS,verified,"Daniel continuó diciendo: “Tú, oh rey, eres rey de reyes"
PR40-0097,PR39-44,PR40,"PDF p.36, PR40, párrafo 1",multiple_choice,hard,"honores, naciones y agentes divinos","Según PDF p.36, PR40, párrafo 1, en el pasaje sobre honores, naciones y agentes divinos, ¿Qué opción restituye con precisión la relación descrita? Marco: «de la historia humana, el [DETALLE] de las naciones, el nacimiento y la»","[""de la historia humana, el fundamento de las naciones, el nacimiento y la"", ""de la historia humana, el gobernante de las naciones, el nacimiento y la"", ""de la historia humana, el nacimiento de las naciones, el nacimiento y la"", ""de la historia humana, el desarrollo de las naciones, el nacimiento y la""]",3,"de la historia humana, el desarrollo de las naciones, el nacimiento y la","La opción correcta conserva el detalle «desarrollo» tal como aparece en la fuente: «de la historia humana, el desarrollo de las naciones, el nacimiento y la».","de la historia humana, el desarrollo de las naciones, el nacimiento y la",PR40-P036-F01,PR40-P036-F01-VARIANTS,verified,
PR40-0098,PR39-44,PR40,"PDF p.37, PR40, párrafo 1",fill_blank,medium,filosofía de la historia y propósito de Dios,"Según PDF p.37, PR40, párrafo 1, en el pasaje sobre filosofía de la historia y propósito de Dios, complete la formulación del PDF: «En la historia de las naciones el que estudia la Palabra de Dios puede contemplar el _____ literal de la profecía divina.»","[""conocimiento"", ""subsiguiente"", ""cumplimiento"", ""mandamiento""]",2,cumplimiento,El PDF emplea la expresión «cumplimiento» en este contexto: «de Dios puede contemplar el cumplimiento literal de la profecía divina».,de Dios puede contemplar el cumplimiento literal de la profecía divina,PR40-P037-F02,PR40-P037-F02-VARIANTS,verified,
PR40-0099,PR39-44,PR40,"PDF p.33, PR40, párrafo 1",true_false,expert,"sueño olvidado, sabios, amenaza y recompensa","Según PDF p.33, PR40, párrafo 1, en el pasaje sobre sueño olvidado, sabios, amenaza y recompensa, determine si el detalle entre corchetes hace verdadera o falsa esta afirmación: «Poco después que Daniel y sus compañeros entraron en el servicio del rey de Babilonia, ⟦manifestaron⟧ sucesos que revelaron a una nación idólatra el poder y la fidelidad del Dios de Israel.»","[""Verdadero"", ""Falso""]",1,Falso,"La afirmación cambia «acontecieron». La corrección exacta es: «Poco después que Daniel y sus compañeros entraron en el servicio del rey de Babilonia, acontecieron sucesos que revelaron a una nación idólatra el poder y la fidelidad del Dios de Israel.»","servicio del rey de Babilonia, acontecieron sucesos que revelaron a una nación idólatra",PR40-P033-F03,PR40-P033-F03-VARIANTS,verified,"Poco después que Daniel y sus compañeros entraron en el servicio del rey de Babilonia, acontecieron sucesos que revelaron a una nación idólatra el poder y la fidelidad del Dios de Israel."
PR40-0100,PR39-44,PR40,"PDF p.34, PR40, párrafo 1",fill_blank,easy,"Daniel, Arioc, oración y visión nocturna","Según PDF p.34, PR40, párrafo 1, en el pasaje sobre Daniel, Arioc, oración y visión nocturna, complete la formulación del PDF: «Juntos pidieron sabiduría a la Fuente de luz y _____.»","[""cumplimiento"", ""subsiguiente"", ""mandamiento"", ""conocimiento""]",3,conocimiento,El PDF emplea la expresión «conocimiento» en este contexto: «la Fuente de luz y conocimiento».,la Fuente de luz y conocimiento,PR40-P034-F12,PR40-P034-F12-VARIANTS,verified,
PR40-0101,PR39-44,PR40,"PDF p.35, PR40, párrafo 1",multiple_choice,hard,"imagen, metales, piedra y reinos","Según PDF p.35, PR40, párrafo 1, en el pasaje sobre imagen, metales, piedra y reinos, ¿Qué opción restituye con precisión la relación descrita? Marco: «de barro cocido, y los [DETALLE]»","[""de barro cocido, y los desmenuzó"", ""de barro cocido, y los capitanes"", ""de barro cocido, y los caprichos"", ""de barro cocido, y los corazones""]",0,"de barro cocido, y los desmenuzó","La opción correcta conserva el detalle «desmenuzó» tal como aparece en la fuente: «de barro cocido, y los desmenuzó».","de barro cocido, y los desmenuzó",PR40-P035-F01,PR40-P035-F01-VARIANTS,verified,
PR40-0102,PR39-44,PR40,"PDF p.36, PR40, párrafo 1",true_false,hard,"honores, naciones y agentes divinos","Según PDF p.36, PR40, párrafo 1, en el pasaje sobre honores, naciones y agentes divinos, determine si el detalle entre corchetes hace verdadera o falsa esta afirmación: «En los anales de la historia humana, el desarrollo de las naciones, el ⟦desarrollo⟧ y la caída de los imperios, parecen depender de la voluntad y las proezas de los hombres»","[""Verdadero"", ""Falso""]",1,Falso,"La afirmación cambia «nacimiento». La corrección exacta es: «En los anales de la historia humana, el desarrollo de las naciones, el nacimiento y la caída de los imperios, parecen depender de la voluntad y las proezas de los hombres»","desarrollo de las naciones, el nacimiento y la caída de los imperios, parecen",PR40-P036-F02,PR40-P036-F02-VARIANTS,verified,"En los anales de la historia humana, el desarrollo de las naciones, el nacimiento y la caída de los imperios, parecen depender de la voluntad y las proezas de los hombres"
PR40-0103,PR39-44,PR40,"PDF p.37, PR40, párrafo 1",fill_blank,hard,filosofía de la historia y propósito de Dios,"Según PDF p.37, PR40, párrafo 1, en el pasaje sobre filosofía de la historia y propósito de Dios, complete la formulación del PDF: «Babilonia, al fin _____, desapareció porque, en tiempos de prosperidad, sus gobernantes se habían considerado independientes de Dios y habían atribuído la gloria de su reino a las hazañas humanas.»","[""quebrantada"", ""concentrada"", ""considerado"", ""desmenuzado""]",0,quebrantada,"El PDF emplea la expresión «quebrantada» en este contexto: «Babilonia, al fin quebrantada, desapareció porque, en tiempos de prosperidad, sus».","Babilonia, al fin quebrantada, desapareció porque, en tiempos de prosperidad, sus",PR40-P037-F11,PR40-P037-F11-VARIANTS,verified,
PR40-0104,PR39-44,PR40,"PDF p.33, PR40, párrafo 1",multiple_choice,hard,"sueño olvidado, sabios, amenaza y recompensa","Según PDF p.33, PR40, párrafo 1, en el pasaje sobre sueño olvidado, sabios, amenaza y recompensa, ¿Qué opción restituye con precisión la relación descrita? Marco: «de Babilonia, acontecieron sucesos que [DETALLE] a una nación idólatra el poder y»","[""de Babilonia, acontecieron sucesos que acordaste a una nación idólatra el poder y"", ""de Babilonia, acontecieron sucesos que revelaron a una nación idólatra el poder y"", ""de Babilonia, acontecieron sucesos que confiaste a una nación idólatra el poder y"", ""de Babilonia, acontecieron sucesos que engañaron a una nación idólatra el poder y""]",1,"de Babilonia, acontecieron sucesos que revelaron a una nación idólatra el poder y","La opción correcta conserva el detalle «revelaron» tal como aparece en la fuente: «de Babilonia, acontecieron sucesos que revelaron a una nación idólatra el poder y».","de Babilonia, acontecieron sucesos que revelaron a una nación idólatra el poder y",PR40-P033-F04,PR40-P033-F04-VARIANTS,verified,
PR40-0105,PR39-44,PR40,"PDF p.34, PR40, párrafo 1",true_false,hard,"Daniel, Arioc, oración y visión nocturna","Según PDF p.34, PR40, párrafo 1, en el pasaje sobre Daniel, Arioc, oración y visión nocturna, determine si el detalle entre corchetes hace verdadera o falsa esta afirmación: «Conscientes de que Dios los había puesto donde estaban, y de que estaban haciendo su obra y ⟦cumpliendo⟧ las exigencias de su deber, manifestaron una fe poderosa.»","[""Verdadero"", ""Falso""]",0,Verdadero,"La afirmación coincide con el PDF: «estaban haciendo su obra y cumpliendo las exigencias de su deber, manifestaron una».","estaban haciendo su obra y cumpliendo las exigencias de su deber, manifestaron una",PR40-P034-F16,PR40-P034-F16-VARIANTS,verified,
PR40-0106,PR39-44,PR40,"PDF p.35, PR40, párrafo 1",fill_blank,hard,"imagen, metales, piedra y reinos","Según PDF p.35, PR40, párrafo 1, en el pasaje sobre imagen, metales, piedra y reinos, complete la formulación del PDF: «Entonces fué también _____ el hierro, el barro cocido, el metal, la plata y el oro, y se tornaron como tamo de las eras del verano»","[""concentrada"", ""desmenuzado"", ""considerado"", ""establecido""]",1,desmenuzado,"El PDF emplea la expresión «desmenuzado» en este contexto: «Entonces fué también desmenuzado el hierro, el barro cocido, el metal».","Entonces fué también desmenuzado el hierro, el barro cocido, el metal",PR40-P035-F11,PR40-P035-F11-VARIANTS,verified,
PR40-0107,PR39-44,PR40,"PDF p.36, PR40, párrafo 1",multiple_choice,hard,"honores, naciones y agentes divinos","Según PDF p.36, PR40, párrafo 1, en el pasaje sobre honores, naciones y agentes divinos, ¿Qué opción restituye con precisión la relación descrita? Marco: «y en cierta medida los [DETALLE] se dirían determinados por el poder, la»","[""y en cierta medida los contempladores se dirían determinados por el poder, la"", ""y en cierta medida los requerimientos se dirían determinados por el poder, la"", ""y en cierta medida los acontecimientos se dirían determinados por el poder, la"", ""y en cierta medida los especuladores se dirían determinados por el poder, la""]",2,"y en cierta medida los acontecimientos se dirían determinados por el poder, la","La opción correcta conserva el detalle «acontecimientos» tal como aparece en la fuente: «y en cierta medida los acontecimientos se dirían determinados por el poder, la».","y en cierta medida los acontecimientos se dirían determinados por el poder, la",PR40-P036-F13,PR40-P036-F13-VARIANTS,verified,
PR40-0108,PR39-44,PR40,"PDF p.37, PR40, párrafo 1",true_false,hard,filosofía de la historia y propósito de Dios,"Según PDF p.37, PR40, párrafo 1, en el pasaje sobre filosofía de la historia y propósito de Dios, determine si el detalle entre corchetes hace verdadera o falsa esta afirmación: «Babilonia, al fin quebrantada, ⟦contrajuego⟧ porque, en tiempos de prosperidad, sus gobernantes se habían considerado independientes de Dios y habían atribuído la gloria de su reino a las hazañas humanas.»","[""Verdadero"", ""Falso""]",1,Falso,"La afirmación cambia «desapareció». La corrección exacta es: «Babilonia, al fin quebrantada, desapareció porque, en tiempos de prosperidad, sus gobernantes se habían considerado independientes de Dios y habían atribuído la gloria de su reino a las hazañas humanas.»","Babilonia, al fin quebrantada, desapareció porque, en tiempos de prosperidad, sus gobernantes",PR40-P037-F12,PR40-P037-F12-VARIANTS,verified,"Babilonia, al fin quebrantada, desapareció porque, en tiempos de prosperidad, sus gobernantes se habían considerado independientes de Dios y habían atribuído la gloria de su reino a las hazañas humanas."
PR40-0109,PR39-44,PR40,"PDF p.33, PR40, párrafo 1",fill_blank,hard,"sueño olvidado, sabios, amenaza y recompensa","Según PDF p.33, PR40, párrafo 1, en el pasaje sobre sueño olvidado, sabios, amenaza y recompensa, complete la formulación del PDF: «Poco después que Daniel y sus compañeros entraron en el servicio del rey de Babilonia, acontecieron sucesos que revelaron a una nación idólatra el poder y la _____ del Dios de Israel.»","[""adoración"", ""adorareis"", ""fidelidad"", ""autoridad""]",2,fidelidad,El PDF emplea la expresión «fidelidad» en este contexto: «idólatra el poder y la fidelidad del Dios de Israel».,idólatra el poder y la fidelidad del Dios de Israel,PR40-P033-F05,PR40-P033-F05-VARIANTS,verified,
PR40-0110,PR39-44,PR40,"PDF p.34, PR40, párrafo 1",multiple_choice,hard,"Daniel, Arioc, oración y visión nocturna","Según PDF p.34, PR40, párrafo 1, en el pasaje sobre Daniel, Arioc, oración y visión nocturna, ¿Qué opción restituye con precisión la relación descrita? Marco: «su obra y cumpliendo las [DETALLE] de su deber, manifestaron una fe poderosa»","[""su obra y cumpliendo las realidades de su deber, manifestaron una fe poderosa"", ""su obra y cumpliendo las relaciones de su deber, manifestaron una fe poderosa"", ""su obra y cumpliendo las impresiones de su deber, manifestaron una fe poderosa"", ""su obra y cumpliendo las exigencias de su deber, manifestaron una fe poderosa""]",3,"su obra y cumpliendo las exigencias de su deber, manifestaron una fe poderosa","La opción correcta conserva el detalle «exigencias» tal como aparece en la fuente: «su obra y cumpliendo las exigencias de su deber, manifestaron una fe poderosa».","su obra y cumpliendo las exigencias de su deber, manifestaron una fe poderosa",PR40-P034-F17,PR40-P034-F17-VARIANTS,verified,
PR40-0111,PR39-44,PR40,"PDF p.35, PR40, párrafo 2",true_false,easy,"imagen, metales, piedra y reinos","Según PDF p.35, PR40, párrafo 2, en el pasaje sobre imagen, metales, piedra y reinos, determine si el detalle entre corchetes hace verdadera o falsa esta afirmación: «“Este es el sueño,” declaró ⟦confiadamente⟧ Daniel»","[""Verdadero"", ""Falso""]",0,Verdadero,"La afirmación coincide con el PDF: «Este es el sueño,” declaró confiadamente Daniel».","Este es el sueño,” declaró confiadamente Daniel",PR40-P035-F33,PR40-P035-F33-VARIANTS,verified,
PR40-0112,PR39-44,PR40,"PDF p.36, PR40, párrafo 1",fill_blank,hard,"honores, naciones y agentes divinos","Según PDF p.36, PR40, párrafo 1, en el pasaje sobre honores, naciones y agentes divinos, complete la formulación del PDF: «y en cierta medida los acontecimientos se dirían _____ por el poder, la ambición y los caprichos de ellos.»","[""aterrorizado"", ""desesperados"", ""desprevenida"", ""determinados""]",3,determinados,"El PDF emplea la expresión «determinados» en este contexto: «medida los acontecimientos se dirían determinados por el poder, la ambición y los».","medida los acontecimientos se dirían determinados por el poder, la ambición y los",PR40-P036-F14,PR40-P036-F14-VARIANTS,verified,
PR40-0113,PR39-44,PR40,"PDF p.37, PR40, párrafo 1",multiple_choice,hard,filosofía de la historia y propósito de Dios,"Según PDF p.37, PR40, párrafo 1, en el pasaje sobre filosofía de la historia y propósito de Dios, ¿Qué opción restituye con precisión la relación descrita? Marco: «desapareció porque, en tiempos de [DETALLE], sus gobernantes se habían considerado independientes de»","[""desapareció porque, en tiempos de prosperidad, sus gobernantes se habían considerado independientes de"", ""desapareció porque, en tiempos de convocación, sus gobernantes se habían considerado independientes de"", ""desapareció porque, en tiempos de destrucción, sus gobernantes se habían considerado independientes de"", ""desapareció porque, en tiempos de disposición, sus gobernantes se habían considerado independientes de""]",0,"desapareció porque, en tiempos de prosperidad, sus gobernantes se habían considerado independientes de","La opción correcta conserva el detalle «prosperidad» tal como aparece en la fuente: «desapareció porque, en tiempos de prosperidad, sus gobernantes se habían considerado independientes de».","desapareció porque, en tiempos de prosperidad, sus gobernantes se habían considerado independientes de",PR40-P037-F13,PR40-P037-F13-VARIANTS,verified,
PR40-0114,PR39-44,PR40,"PDF p.33, PR40, párrafo 1",true_false,hard,"sueño olvidado, sabios, amenaza y recompensa","Según PDF p.33, PR40, párrafo 1, en el pasaje sobre sueño olvidado, sabios, amenaza y recompensa, determine si el detalle entre corchetes hace verdadera o falsa esta afirmación: «Nabucodonosor tuvo un sueño notable, “y ⟦babilónico⟧ su espíritu, y su sueño se huyó de él.»","[""Verdadero"", ""Falso""]",1,Falso,"La afirmación cambia «perturbóse». La corrección exacta es: «Nabucodonosor tuvo un sueño notable, “y perturbóse su espíritu, y su sueño se huyó de él.»","tuvo un sueño notable, “y perturbóse su espíritu, y su sueño se huyó",PR40-P033-F13,PR40-P033-F13-VARIANTS,verified,"Nabucodonosor tuvo un sueño notable, “y perturbóse su espíritu, y su sueño se huyó de él."
PR40-0115,PR39-44,PR40,"PDF p.34, PR40, párrafo 1",fill_blank,hard,"Daniel, Arioc, oración y visión nocturna","Según PDF p.34, PR40, párrafo 1, en el pasaje sobre Daniel, Arioc, oración y visión nocturna, complete la formulación del PDF: «Conscientes de que Dios los había puesto donde estaban, y de que estaban haciendo su obra y cumpliendo las exigencias de su deber, _____ una fe poderosa.»","[""manifestaron"", ""acontecieron"", ""quebrantaron"", ""respondieron""]",0,manifestaron,"El PDF emplea la expresión «manifestaron» en este contexto: «las exigencias de su deber, manifestaron una fe poderosa».","las exigencias de su deber, manifestaron una fe poderosa",PR40-P034-F18,PR40-P034-F18-VARIANTS,verified,
PR40-0116,PR39-44,PR40,"PDF p.35, PR40, párrafo 2",multiple_choice,hard,"imagen, metales, piedra y reinos","Según PDF p.35, PR40, párrafo 2, en el pasaje sobre imagen, metales, piedra y reinos, ¿Qué opción restituye con precisión la relación descrita? Marco: «y el rey, [DETALLE] todo detalle con la más concentrada atención»","[""y el rey, cumpliendo todo detalle con la más concentrada atención"", ""y el rey, escuchando todo detalle con la más concentrada atención"", ""y el rey, hundiendo todo detalle con la más concentrada atención"", ""y el rey, produciendo todo detalle con la más concentrada atención""]",1,"y el rey, escuchando todo detalle con la más concentrada atención","La opción correcta conserva el detalle «escuchando» tal como aparece en la fuente: «y el rey, escuchando todo detalle con la más concentrada atención».","y el rey, escuchando todo detalle con la más concentrada atención",PR40-P035-F36,PR40-P035-F36-VARIANTS,verified,
PR40-0117,PR39-44,PR40,"PDF p.36, PR40, párrafo 1",true_false,medium,"honores, naciones y agentes divinos","Según PDF p.36, PR40, párrafo 1, en el pasaje sobre honores, naciones y agentes divinos, determine si el detalle entre corchetes hace verdadera o falsa esta afirmación: «y en cierta medida los acontecimientos se dirían determinados por el poder, la ambición y los ⟦caprichos⟧ de ellos.»","[""Verdadero"", ""Falso""]",0,Verdadero,"La afirmación coincide con el PDF: «poder, la ambición y los caprichos de ellos».","poder, la ambición y los caprichos de ellos",PR40-P036-F15,PR40-P036-F15-VARIANTS,verified,
PR40-0118,PR39-44,PR40,"PDF p.37, PR40, párrafo 1",fill_blank,hard,filosofía de la historia y propósito de Dios,"Según PDF p.37, PR40, párrafo 1, en el pasaje sobre filosofía de la historia y propósito de Dios, complete la formulación del PDF: «Babilonia, al fin quebrantada, desapareció porque, en tiempos de prosperidad, sus _____ se habían considerado independientes de Dios y habían atribuído la gloria de su reino a las hazañas humanas.»","[""divinidades"", ""gobernantes"", ""presidentes"", ""principales""]",1,gobernantes,"El PDF emplea la expresión «gobernantes» en este contexto: «en tiempos de prosperidad, sus gobernantes se habían considerado independientes de Dios y».","en tiempos de prosperidad, sus gobernantes se habían considerado independientes de Dios y",PR40-P037-F14,PR40-P037-F14-VARIANTS,verified,
PR40-0119,PR39-44,PR40,"PDF p.33, PR40, párrafo 1",multiple_choice,medium,"sueño olvidado, sabios, amenaza y recompensa","Según PDF p.33, PR40, párrafo 1, en el pasaje sobre sueño olvidado, sabios, amenaza y recompensa, ¿Cuál opción conserva el dato exacto de la fuente? Marco: «ánimo del rey sufrió una [DETALLE] profunda, cuando despertó le resultó imposible recordar»","[""ánimo del rey sufrió una adoración profunda, cuando despertó le resultó imposible recordar"", ""ánimo del rey sufrió una adorareis profunda, cuando despertó le resultó imposible recordar"", ""ánimo del rey sufrió una impresión profunda, cuando despertó le resultó imposible recordar"", ""ánimo del rey sufrió una autoridad profunda, cuando despertó le resultó imposible recordar""]",2,"ánimo del rey sufrió una impresión profunda, cuando despertó le resultó imposible recordar","La opción correcta conserva el detalle «impresión» tal como aparece en la fuente: «ánimo del rey sufrió una impresión profunda, cuando despertó le resultó imposible recordar».","ánimo del rey sufrió una impresión profunda, cuando despertó le resultó imposible recordar",PR40-P033-F18,PR40-P033-F18-VARIANTS,verified,
PR40-0120,PR39-44,PR40,"PDF p.34, PR40, párrafo 1",true_false,medium,"Daniel, Arioc, oración y visión nocturna","Según PDF p.34, PR40, párrafo 1, en el pasaje sobre Daniel, Arioc, oración y visión nocturna, determine si el detalle entre corchetes hace verdadera o falsa esta afirmación: «En momentos de ⟦perplejidad⟧ y peligro, siempre se habían dirigido al Señor para obtener dirección y protección»","[""Verdadero"", ""Falso""]",0,Verdadero,"La afirmación coincide con el PDF: «En momentos de perplejidad y peligro, siempre se habían dirigido al».","En momentos de perplejidad y peligro, siempre se habían dirigido al",PR40-P034-F26,PR40-P034-F26-VARIANTS,verified,
PR40-0121,PR39-44,PR40,"PDF p.35, PR40, párrafo 2",fill_blank,hard,"imagen, metales, piedra y reinos","Según PDF p.35, PR40, párrafo 2, en el pasaje sobre imagen, metales, piedra y reinos, complete la formulación del PDF: «y el rey, escuchando todo detalle con la más _____ atención, reconoció que se trataba del mismo sueño que tanto le había perturbado.»","[""considerado"", ""desmenuzado"", ""concentrada"", ""establecido""]",2,concentrada,"El PDF emplea la expresión «concentrada» en este contexto: «todo detalle con la más concentrada atención, reconoció que se trataba del mismo».","todo detalle con la más concentrada atención, reconoció que se trataba del mismo",PR40-P035-F37,PR40-P035-F37-VARIANTS,verified,
PR40-0122,PR39-44,PR40,"PDF p.36, PR40, párrafo 1",multiple_choice,expert,"honores, naciones y agentes divinos","Según PDF p.36, PR40, párrafo 1, en el pasaje sobre honores, naciones y agentes divinos, ¿Cuál opción mantiene sin alterar el detalle y el orden de la fuente? Marco: «de todo el juego y [DETALLE] de los humanos intereses, poder y pasiones»","[""de todo el juego y defiéndante de los humanos intereses, poder y pasiones"", ""de todo el juego y desapareció de los humanos intereses, poder y pasiones"", ""de todo el juego y inestimable de los humanos intereses, poder y pasiones"", ""de todo el juego y contrajuego de los humanos intereses, poder y pasiones""]",3,"de todo el juego y contrajuego de los humanos intereses, poder y pasiones","La opción correcta conserva el detalle «contrajuego» tal como aparece en la fuente: «de todo el juego y contrajuego de los humanos intereses, poder y pasiones».","de todo el juego y contrajuego de los humanos intereses, poder y pasiones",PR40-P036-F21,PR40-P036-F21-VARIANTS,verified,
PR40-0123,PR39-44,PR40,"PDF p.37, PR40, párrafo 1",true_false,expert,filosofía de la historia y propósito de Dios,"Según PDF p.37, PR40, párrafo 1, en el pasaje sobre filosofía de la historia y propósito de Dios, determine si el detalle entre corchetes hace verdadera o falsa esta afirmación: «Babilonia, al fin quebrantada, desapareció porque, en tiempos de prosperidad, sus gobernantes se habían ⟦concentrada⟧ independientes de Dios y habían atribuído la gloria de su reino a las hazañas humanas.»","[""Verdadero"", ""Falso""]",1,Falso,"La afirmación cambia «considerado». La corrección exacta es: «Babilonia, al fin quebrantada, desapareció porque, en tiempos de prosperidad, sus gobernantes se habían considerado independientes de Dios y habían atribuído la gloria de su reino a las hazañas humanas.»","prosperidad, sus gobernantes se habían considerado independientes de Dios y habían atribuído la",PR40-P037-F15,PR40-P037-F15-VARIANTS,verified,"Babilonia, al fin quebrantada, desapareció porque, en tiempos de prosperidad, sus gobernantes se habían considerado independientes de Dios y habían atribuído la gloria de su reino a las hazañas humanas."
PR40-0124,PR39-44,PR40,"PDF p.33, PR40, párrafo 1",fill_blank,medium,"sueño olvidado, sabios, amenaza y recompensa","Según PDF p.33, PR40, párrafo 1, en el pasaje sobre sueño olvidado, sabios, amenaza y recompensa, complete la formulación del PDF: «Pero aunque el ánimo del rey sufrió una impresión profunda, cuando despertó le resultó _____ recordar los detalles.»","[""abrumador"", ""aliviarla"", ""atestiguó"", ""imposible""]",3,imposible,"El PDF emplea la expresión «imposible» en este contexto: «profunda, cuando despertó le resultó imposible recordar los detalles».","profunda, cuando despertó le resultó imposible recordar los detalles",PR40-P033-F19,PR40-P033-F19-VARIANTS,verified,
PR40-0125,PR39-44,PR40,"PDF p.34, PR40, párrafo 1",multiple_choice,medium,"Daniel, Arioc, oración y visión nocturna","Según PDF p.34, PR40, párrafo 1, en el pasaje sobre Daniel, Arioc, oración y visión nocturna, ¿Cuál opción conserva el dato exacto de la fuente? Marco: «dirigido al Señor para obtener [DETALLE] y protección»","[""dirigido al Señor para obtener dirección y protección"", ""dirigido al Señor para obtener adoración y protección"", ""dirigido al Señor para obtener adorareis y protección"", ""dirigido al Señor para obtener autoridad y protección""]",0,dirigido al Señor para obtener dirección y protección,La opción correcta conserva el detalle «dirección» tal como aparece en la fuente: «dirigido al Señor para obtener dirección y protección».,dirigido al Señor para obtener dirección y protección,PR40-P034-F27,PR40-P034-F27-VARIANTS,verified,
PR40-0126,PR39-44,PR40,"PDF p.35, PR40, párrafo 2",true_false,hard,"imagen, metales, piedra y reinos","Según PDF p.35, PR40, párrafo 2, en el pasaje sobre imagen, metales, piedra y reinos, determine si el detalle entre corchetes hace verdadera o falsa esta afirmación: «y el rey, escuchando todo detalle con la más concentrada atención, ⟦reconoció⟧ que se trataba del mismo sueño que tanto le había perturbado.»","[""Verdadero"", ""Falso""]",0,Verdadero,"La afirmación coincide con el PDF: «con la más concentrada atención, reconoció que se trataba del mismo sueño que».","con la más concentrada atención, reconoció que se trataba del mismo sueño que",PR40-P035-F38,PR40-P035-F38-VARIANTS,verified,
PR40-0127,PR39-44,PR40,"PDF p.36, PR40, párrafo 1",fill_blank,hard,"honores, naciones y agentes divinos","Según PDF p.36, PR40, párrafo 1, en el pasaje sobre honores, naciones y agentes divinos, complete la formulación del PDF: «Pero en la Palabra de Dios se descorre el velo, y encima, detrás y a través de todo el juego y contrajuego de los humanos _____, poder y pasiones, contemplamos a los agentes del que es todo misericordioso, que cumplen silenciosa y pacientemente los designios y la voluntad de él.»","[""intereses"", ""blasfemos"", ""corruptos"", ""disolutos""]",0,intereses,"El PDF emplea la expresión «intereses» en este contexto: «y contrajuego de los humanos intereses, poder y pasiones, contemplamos a los agentes».","y contrajuego de los humanos intereses, poder y pasiones, contemplamos a los agentes",PR40-P036-F22,PR40-P036-F22-VARIANTS,verified,
PR40-0128,PR39-44,PR40,"PDF p.37, PR40, párrafo 1",multiple_choice,hard,filosofía de la historia y propósito de Dios,"Según PDF p.37, PR40, párrafo 1, en el pasaje sobre filosofía de la historia y propósito de Dios, ¿Qué opción restituye con precisión la relación descrita? Marco: «sus gobernantes se habían considerado [DETALLE] de Dios y habían atribuído la gloria»","[""sus gobernantes se habían considerado significativos de Dios y habían atribuído la gloria"", ""sus gobernantes se habían considerado independientes de Dios y habían atribuído la gloria"", ""sus gobernantes se habían considerado acontecimientos de Dios y habían atribuído la gloria"", ""sus gobernantes se habían considerado características de Dios y habían atribuído la gloria""]",1,sus gobernantes se habían considerado independientes de Dios y habían atribuído la gloria,La opción correcta conserva el detalle «independientes» tal como aparece en la fuente: «sus gobernantes se habían considerado independientes de Dios y habían atribuído la gloria».,sus gobernantes se habían considerado independientes de Dios y habían atribuído la gloria,PR40-P037-F16,PR40-P037-F16-VARIANTS,verified,
PR40-0129,PR39-44,PR40,"PDF p.33, PR40, párrafo 2",true_false,medium,"sueño olvidado, sabios, amenaza y recompensa","Según PDF p.33, PR40, párrafo 2, en el pasaje sobre sueño olvidado, sabios, amenaza y recompensa, determine si el detalle entre corchetes hace verdadera o falsa esta afirmación: «En su ⟦perplejidad⟧, Nabucodonosor congregó a sus sabios, “magos, astrólogos, y encantadores,” y solicitó su ayuda.»","[""Verdadero"", ""Falso""]",0,Verdadero,"La afirmación coincide con el PDF: «En su perplejidad, Nabucodonosor congregó a sus sabios, “magos, astrólogos».","En su perplejidad, Nabucodonosor congregó a sus sabios, “magos, astrólogos",PR40-P033-F27,PR40-P033-F27-VARIANTS,verified,
PR40-0130,PR39-44,PR40,"PDF p.34, PR40, párrafo 1",fill_blank,medium,"Daniel, Arioc, oración y visión nocturna","Según PDF p.34, PR40, párrafo 1, en el pasaje sobre Daniel, Arioc, oración y visión nocturna, complete la formulación del PDF: «En momentos de perplejidad y peligro, siempre se habían dirigido al Señor para obtener dirección y _____»","[""apariencia"", ""protección"", ""casualidad"", ""cautividad""]",1,protección,El PDF emplea la expresión «protección» en este contexto: «Señor para obtener dirección y protección».,Señor para obtener dirección y protección,PR40-P034-F28,PR40-P034-F28-VARIANTS,verified,
PR40-0131,PR39-44,PR40,"PDF p.35, PR40, párrafo 2",multiple_choice,hard,"imagen, metales, piedra y reinos","Según PDF p.35, PR40, párrafo 2, en el pasaje sobre imagen, metales, piedra y reinos, ¿Qué opción restituye con precisión la relación descrita? Marco: «sueño que tanto le había [DETALLE]»","[""sueño que tanto le había arrostrado"", ""sueño que tanto le había blasfemado"", ""sueño que tanto le había perturbado"", ""sueño que tanto le había confirmado""]",2,sueño que tanto le había perturbado,La opción correcta conserva el detalle «perturbado» tal como aparece en la fuente: «sueño que tanto le había perturbado».,sueño que tanto le había perturbado,PR40-P035-F39,PR40-P035-F39-VARIANTS,verified,
PR40-0132,PR39-44,PR40,"PDF p.36, PR40, párrafo 1",true_false,hard,"honores, naciones y agentes divinos","Según PDF p.36, PR40, párrafo 1, en el pasaje sobre honores, naciones y agentes divinos, determine si el detalle entre corchetes hace verdadera o falsa esta afirmación: «Pero en la Palabra de Dios se descorre el velo, y encima, detrás y a través de todo el juego y contrajuego de los humanos intereses, poder y pasiones, ⟦contemplamos⟧ a los agentes del que es todo misericordioso, que cumplen silenciosa y pacientemente los designios y la voluntad de él.»","[""Verdadero"", ""Falso""]",0,Verdadero,"La afirmación coincide con el PDF: «humanos intereses, poder y pasiones, contemplamos a los agentes del que es todo».","humanos intereses, poder y pasiones, contemplamos a los agentes del que es todo",PR40-P036-F23,PR40-P036-F23-VARIANTS,verified,
PR40-0133,PR39-44,PR40,"PDF p.37, PR40, párrafo 1",fill_blank,hard,filosofía de la historia y propósito de Dios,"Según PDF p.37, PR40, párrafo 1, en el pasaje sobre filosofía de la historia y propósito de Dios, complete la formulación del PDF: «Babilonia, al fin quebrantada, desapareció porque, en tiempos de prosperidad, sus gobernantes se habían considerado independientes de Dios y habían _____ la gloria de su reino a las hazañas humanas.»","[""acarreado"", ""aprendido"", ""atribuído"", ""concedido""]",2,atribuído,El PDF emplea la expresión «atribuído» en este contexto: «independientes de Dios y habían atribuído la gloria de su reino a las».,independientes de Dios y habían atribuído la gloria de su reino a las,PR40-P037-F17,PR40-P037-F17-VARIANTS,verified,
PR40-0134,PR39-44,PR40,"PDF p.33, PR40, párrafo 2",multiple_choice,easy,"sueño olvidado, sabios, amenaza y recompensa","Según PDF p.33, PR40, párrafo 2, en el pasaje sobre sueño olvidado, sabios, amenaza y recompensa, ¿Qué expresión completa correctamente el detalle señalado? Marco: «En su perplejidad, [DETALLE] congregó a sus sabios, “magos, astrólogos, y»","[""En su perplejidad, Abed-nego congregó a sus sabios, “magos, astrólogos, y"", ""En su perplejidad, Beltsasar congregó a sus sabios, “magos, astrólogos, y"", ""En su perplejidad, Belsasar congregó a sus sabios, “magos, astrólogos, y"", ""En su perplejidad, Nabucodonosor congregó a sus sabios, “magos, astrólogos, y""]",3,"En su perplejidad, Nabucodonosor congregó a sus sabios, “magos, astrólogos, y","La opción correcta conserva el detalle «Nabucodonosor» tal como aparece en la fuente: «En su perplejidad, Nabucodonosor congregó a sus sabios, “magos, astrólogos, y».","En su perplejidad, Nabucodonosor congregó a sus sabios, “magos, astrólogos, y",PR40-P033-F28,PR40-P033-F28-VARIANTS,verified,
PR40-0135,PR39-44,PR40,"PDF p.34, PR40, párrafo 1",true_false,hard,"Daniel, Arioc, oración y visión nocturna","Según PDF p.34, PR40, párrafo 1, en el pasaje sobre Daniel, Arioc, oración y visión nocturna, determine si el detalle entre corchetes hace verdadera o falsa esta afirmación: «Ahora con corazón contrito, se ⟦sometieron⟧ de nuevo al Juez de la tierra, rogándole que los librase en este su tiempo de necesidad especial.»","[""Verdadero"", ""Falso""]",0,Verdadero,"La afirmación coincide con el PDF: «Ahora con corazón contrito, se sometieron de nuevo al Juez de la tierra».","Ahora con corazón contrito, se sometieron de nuevo al Juez de la tierra",PR40-P034-F38,PR40-P034-F38-VARIANTS,verified,
PR40-0136,PR39-44,PR40,"PDF p.35, PR40, párrafo 2",fill_blank,medium,"imagen, metales, piedra y reinos","Según PDF p.35, PR40, párrafo 2, en el pasaje sobre imagen, metales, piedra y reinos, complete la formulación del PDF: «Su mente quedó así _____ para recibir favorablemente la interpretación.»","[""acarreado"", ""aprendido"", ""atribuído"", ""preparada""]",3,preparada,El PDF emplea la expresión «preparada» en este contexto: «Su mente quedó así preparada para recibir favorablemente la interpretación».,Su mente quedó así preparada para recibir favorablemente la interpretación,PR40-P035-F47,PR40-P035-F47-VARIANTS,verified,
PR40-0137,PR39-44,PR40,"PDF p.36, PR40, párrafo 1",multiple_choice,expert,"honores, naciones y agentes divinos","Según PDF p.36, PR40, párrafo 1, en el pasaje sobre honores, naciones y agentes divinos, ¿Cuál opción mantiene sin alterar el detalle y el orden de la fuente? Marco: «agentes del que es todo [DETALLE], que cumplen silenciosa y pacientemente los designios»","[""agentes del que es todo misericordioso, que cumplen silenciosa y pacientemente los designios"", ""agentes del que es todo reconocimiento, que cumplen silenciosa y pacientemente los designios"", ""agentes del que es todo encarcelamiento, que cumplen silenciosa y pacientemente los designios"", ""agentes del que es todo establecimiento, que cumplen silenciosa y pacientemente los designios""]",0,"agentes del que es todo misericordioso, que cumplen silenciosa y pacientemente los designios","La opción correcta conserva el detalle «misericordioso» tal como aparece en la fuente: «agentes del que es todo misericordioso, que cumplen silenciosa y pacientemente los designios».","agentes del que es todo misericordioso, que cumplen silenciosa y pacientemente los designios",PR40-P036-F24,PR40-P036-F24-VARIANTS,verified,
PR40-0138,PR39-44,PR40,"PDF p.37, PR40, párrafo 1",true_false,medium,filosofía de la historia y propósito de Dios,"Según PDF p.37, PR40, párrafo 1, en el pasaje sobre filosofía de la historia y propósito de Dios, determine si el detalle entre corchetes hace verdadera o falsa esta afirmación: «El reino ⟦medo-persa⟧ fué objeto de la ira del Cielo porque en él se pisoteaba la ley de Dios.»","[""Verdadero"", ""Falso""]",0,Verdadero,La afirmación coincide con el PDF: «El reino medo-persa fué objeto de la ira del Cielo».,El reino medo-persa fué objeto de la ira del Cielo,PR40-P037-F23,PR40-P037-F23-VARIANTS,verified,
PR40-0139,PR39-44,PR40,"PDF p.33, PR40, párrafo 2",fill_blank,medium,"sueño olvidado, sabios, amenaza y recompensa","Según PDF p.33, PR40, párrafo 2, en el pasaje sobre sueño olvidado, sabios, amenaza y recompensa, complete la formulación del PDF: «En su perplejidad, Nabucodonosor congregó a sus sabios, “magos, _____, y encantadores,” y solicitó su ayuda.»","[""astrólogos"", ""adoradores"", ""cristianas"", ""debiéramos""]",0,astrólogos,"El PDF emplea la expresión «astrólogos» en este contexto: «congregó a sus sabios, “magos, astrólogos, y encantadores,” y solicitó su ayuda».","congregó a sus sabios, “magos, astrólogos, y encantadores,” y solicitó su ayuda",PR40-P033-F29,PR40-P033-F29-VARIANTS,verified,
PR40-0140,PR39-44,PR40,"PDF p.34, PR40, párrafo 1",multiple_choice,hard,"Daniel, Arioc, oración y visión nocturna","Según PDF p.34, PR40, párrafo 1, en el pasaje sobre Daniel, Arioc, oración y visión nocturna, ¿Qué opción restituye con precisión la relación descrita? Marco: «al Juez de la tierra, [DETALLE] que los librase en este su tiempo»","[""al Juez de la tierra, abrumador que los librase en este su tiempo"", ""al Juez de la tierra, rogándole que los librase en este su tiempo"", ""al Juez de la tierra, aliviarla que los librase en este su tiempo"", ""al Juez de la tierra, atestiguó que los librase en este su tiempo""]",1,"al Juez de la tierra, rogándole que los librase en este su tiempo","La opción correcta conserva el detalle «rogándole» tal como aparece en la fuente: «al Juez de la tierra, rogándole que los librase en este su tiempo».","al Juez de la tierra, rogándole que los librase en este su tiempo",PR40-P034-F39,PR40-P034-F39-VARIANTS,verified,
PR41-0001,PR39-44,PR41,"PDF p.38, PR41, párrafo 1",fill_blank,hard,propósito del sueño y orgullo del rey,"Según PDF p.38, PR41, párrafo 1, en el pasaje sobre propósito del sueño y orgullo del rey, complete la formulación del PDF: «En la interpretación del sueño, se le había instruído claramente acerca del establecimiento del _____ de Dios.»","[""río Eufrates"", ""reino eterno"", ""Dios viviente"", ""arco iris""]",1,reino eterno,El PDF emplea la expresión «reino eterno» en este contexto: «claramente acerca del establecimiento del reino eterno de Dios».,claramente acerca del establecimiento del reino eterno de Dios,PR41-P038-F13,PR41-P038-F13-VARIANTS,verified,
PR41-0002,PR39-44,PR41,"PDF p.39, PR41, párrafo 1",multiple_choice,expert,"estatua de oro, símbolo falseado y dedicación","Según PDF p.39, PR41, párrafo 1, en el pasaje sobre estatua de oro, símbolo falseado y dedicación, ¿Cuál opción mantiene sin alterar el detalle y el orden de la fuente? Marco: «como esta estatua resplandeciente, de [DETALLE] de altura y seis codos de anchura»","[""como esta estatua resplandeciente, de siete tiempos de altura y seis codos de anchura"", ""como esta estatua resplandeciente, de siete veces de altura y seis codos de anchura"", ""como esta estatua resplandeciente, de sesenta codos de altura y seis codos de anchura"", ""como esta estatua resplandeciente, de seis codos de altura y seis codos de anchura""]",2,"como esta estatua resplandeciente, de sesenta codos de altura y seis codos de anchura","La opción correcta conserva el detalle «sesenta codos» tal como aparece en la fuente: «como esta estatua resplandeciente, de sesenta codos de altura y seis codos de anchura».","como esta estatua resplandeciente, de sesenta codos de altura y seis codos de anchura",PR41-P039-F13,PR41-P039-F13-VARIANTS,verified,
PR41-0003,PR39-44,PR41,"PDF p.40, PR41, párrafo 3",fill_blank,hard,acusación y fidelidad de los tres hebreos,"Según PDF p.40, PR41, párrafo 3, en el pasaje sobre acusación y fidelidad de los tres hebreos, complete la formulación del PDF: «Ordenando que se calentase el horno _____ más que de costumbre, mandó a hombres fuertes de su ejército que atasen a los adoradores del Dios de Israel para ejecutarlos sumariamente.»","[""seis codos"", ""diez días"", ""siete veces"", ""sesenta codos""]",2,siete veces,"El PDF emplea la expresión «siete veces» en este contexto: «que se calentase el horno siete veces más que de costumbre, mandó a hombres».","que se calentase el horno siete veces más que de costumbre, mandó a hombres",PR41-P040-F100,PR41-P040-F100-VARIANTS,verified,
PR41-0004,PR39-44,PR41,"PDF p.41, PR41, párrafo 2",multiple_choice,hard,"cuarta persona, liberación y proclamación","Según PDF p.41, PR41, párrafo 2, en el pasaje sobre cuarta persona, liberación y proclamación, ¿Qué opción restituye con precisión la relación descrita? Marco: «En la presencia del [DETALLE], los hombres temieron y temblaron»","[""En la presencia del reino eterno, los hombres temieron y temblaron"", ""En la presencia del río Eufrates, los hombres temieron y temblaron"", ""En la presencia del verdadero éxito, los hombres temieron y temblaron"", ""En la presencia del Dios viviente, los hombres temieron y temblaron""]",3,"En la presencia del Dios viviente, los hombres temieron y temblaron","La opción correcta conserva el detalle «Dios viviente» tal como aparece en la fuente: «En la presencia del Dios viviente, los hombres temieron y temblaron».","En la presencia del Dios viviente, los hombres temieron y temblaron",PR41-P041-F35,PR41-P041-F35-VARIANTS,verified,
PR41-0005,PR39-44,PR41,"PDF p.42, PR41, párrafo 1",fill_blank,medium,"poder civil, sábado y fidelidad final","Según PDF p.42, PR41, párrafo 1, en el pasaje sobre poder civil, sábado y fidelidad final, complete la formulación del PDF: «El tiempo de angustia que espera al pueblo de Dios _____ una fe inquebrantable.»","[""consumirá"", ""levantará"", ""venideras"", ""requerirá""]",3,requerirá,El PDF emplea la expresión «requerirá» en este contexto: «espera al pueblo de Dios requerirá una fe inquebrantable».,espera al pueblo de Dios requerirá una fe inquebrantable,PR41-P042-F01,PR41-P042-F01-VARIANTS,verified,
PR41-0006,PR39-44,PR41,"PDF p.38, PR41, párrafo 4",multiple_choice,expert,propósito del sueño y orgullo del rey,"Según PDF p.38, PR41, párrafo 4, en el pasaje sobre propósito del sueño y orgullo del rey, ¿Cuál opción mantiene sin alterar el detalle y el orden de la fuente? Marco: «ella simbolizara a Babilonia como [DETALLE], indestructible y todopoderoso que quebrantaría y desmenuzaría»","[""ella simbolizara a Babilonia como reino eterno, indestructible y todopoderoso que quebrantaría y desmenuzaría"", ""ella simbolizara a Babilonia como río Eufrates, indestructible y todopoderoso que quebrantaría y desmenuzaría"", ""ella simbolizara a Babilonia como Dios viviente, indestructible y todopoderoso que quebrantaría y desmenuzaría"", ""ella simbolizara a Babilonia como arco iris, indestructible y todopoderoso que quebrantaría y desmenuzaría""]",0,"ella simbolizara a Babilonia como reino eterno, indestructible y todopoderoso que quebrantaría y desmenuzaría","La opción correcta conserva el detalle «reino eterno» tal como aparece en la fuente: «ella simbolizara a Babilonia como reino eterno, indestructible y todopoderoso que quebrantaría y desmenuzaría».","ella simbolizara a Babilonia como reino eterno, indestructible y todopoderoso que quebrantaría y desmenuzaría",PR41-P038-F107,PR41-P038-F107-VARIANTS,verified,
PR41-0007,PR39-44,PR41,"PDF p.39, PR41, párrafo 1",fill_blank,hard,"estatua de oro, símbolo falseado y dedicación","Según PDF p.39, PR41, párrafo 1, en el pasaje sobre estatua de oro, símbolo falseado y dedicación, complete la formulación del PDF: «Aunque acostumbrados a magníficas representaciones de sus divinidades paganas, los caldeos no habían producido antes cosa alguna tan imponente ni majestuosa como esta estatua resplandeciente, de sesenta codos de altura y _____ de anchura.»","[""seis codos"", ""diez días"", ""siete veces"", ""tres años""]",0,seis codos,El PDF emplea la expresión «seis codos» en este contexto: «sesenta codos de altura y seis codos de anchura».,sesenta codos de altura y seis codos de anchura,PR41-P039-F14,PR41-P039-F14-VARIANTS,verified,
PR41-0008,PR39-44,PR41,"PDF p.40, PR41, párrafo 7",multiple_choice,expert,acusación y fidelidad de los tres hebreos,"Según PDF p.40, PR41, párrafo 7, en el pasaje sobre acusación y fidelidad de los tres hebreos, ¿Cuál opción mantiene sin alterar el detalle y el orden de la fuente? Marco: «rey qué aspecto tendría el [DETALLE]»","[""rey qué aspecto tendría el Rey de reyes"", ""rey qué aspecto tendría el Hijo de Dios"", ""rey qué aspecto tendría el tiempo del fin"", ""rey qué aspecto tendría el trono de zafiro""]",1,rey qué aspecto tendría el Hijo de Dios,La opción correcta conserva el detalle «Hijo de Dios» tal como aparece en la fuente: «rey qué aspecto tendría el Hijo de Dios».,rey qué aspecto tendría el Hijo de Dios,PR41-P040-F199,PR41-P040-F199-VARIANTS,verified,
PR41-0009,PR39-44,PR41,"PDF p.41, PR41, párrafo 1",fill_blank,easy,"cuarta persona, liberación y proclamación","Según PDF p.41, PR41, párrafo 1, en el pasaje sobre cuarta persona, liberación y proclamación, complete la formulación del PDF: «Entonces Sadrach, Mesach y _____ salieron delante de la vasta muchedumbre, y se los vió ilesos.»","[""Beltsasar"", ""Abed-nego"", ""Belsasar"", ""Gabriel""]",1,Abed-nego,"El PDF emplea la expresión «Abed-nego» en este contexto: «Entonces Sadrach, Mesach y Abed-nego salieron delante de la vasta muchedumbre, y».","Entonces Sadrach, Mesach y Abed-nego salieron delante de la vasta muchedumbre, y",PR41-P041-F01,PR41-P041-F01-VARIANTS,verified,
PR41-0010,PR39-44,PR41,"PDF p.42, PR41, párrafo 1",multiple_choice,medium,"poder civil, sábado y fidelidad final","Según PDF p.42, PR41, párrafo 1, en el pasaje sobre poder civil, sábado y fidelidad final, ¿Cuál opción conserva el dato exacto de la fuente? Marco: «de Dios requerirá una fe [DETALLE]»","[""de Dios requerirá una fe consultándose"", ""de Dios requerirá una fe representante"", ""de Dios requerirá una fe inquebrantable"", ""de Dios requerirá una fe resplandeciente""]",2,de Dios requerirá una fe inquebrantable,La opción correcta conserva el detalle «inquebrantable» tal como aparece en la fuente: «de Dios requerirá una fe inquebrantable».,de Dios requerirá una fe inquebrantable,PR41-P042-F02,PR41-P042-F02-VARIANTS,verified,
PR41-0011,PR39-44,PR41,"PDF p.38, PR41, párrafo 1",fill_blank,expert,propósito del sueño y orgullo del rey,"Según PDF p.38, PR41, párrafo 1, en el pasaje sobre propósito del sueño y orgullo del rey, complete la formulación del PDF: «El sueño de la gran imagen, que _____ a Nabucodonosor acontecimientos que llegaban hasta el fin del tiempo, le había sido dado para que comprendiese la parte que le tocaba desempeñar en la historia del mundo y la relación que su reino debía sostener con el reino del cielo.»","[""abundancia"", ""constancia"", ""presentaba"", ""describían""]",2,presentaba,"El PDF emplea la expresión «presentaba» en este contexto: «de la gran imagen, que presentaba a Nabucodonosor acontecimientos que llegaban hasta el».","de la gran imagen, que presentaba a Nabucodonosor acontecimientos que llegaban hasta el",PR41-P038-F01,PR41-P038-F01-VARIANTS,verified,
PR41-0012,PR39-44,PR41,"PDF p.39, PR41, párrafo 3",multiple_choice,expert,"estatua de oro, símbolo falseado y dedicación","Según PDF p.39, PR41, párrafo 3, en el pasaje sobre estatua de oro, símbolo falseado y dedicación, ¿Cuál opción mantiene sin alterar el detalle y el orden de la fuente? Marco: «Su Dios era [DETALLE] y Señor de señores»","[""Su Dios era Hijo de Dios y Señor de señores"", ""Su Dios era tiempo del fin y Señor de señores"", ""Su Dios era trono de zafiro y Señor de señores"", ""Su Dios era Rey de reyes y Señor de señores""]",3,Su Dios era Rey de reyes y Señor de señores,La opción correcta conserva el detalle «Rey de reyes» tal como aparece en la fuente: «Su Dios era Rey de reyes y Señor de señores».,Su Dios era Rey de reyes y Señor de señores,PR41-P039-F112,PR41-P039-F112-VARIANTS,verified,
PR41-0013,PR39-44,PR41,"PDF p.40, PR41, párrafo 6",fill_blank,easy,acusación y fidelidad de los tres hebreos,"Según PDF p.40, PR41, párrafo 6, en el pasaje sobre acusación y fidelidad de los tres hebreos, complete la formulación del PDF: «He aquí que yo veo _____ varones sueltos, que se pasean en medio del fuego, y ningún daño hay en ellos: y el parecer del cuarto es semejante a hijo de los dioses.”»","[""sesenta"", ""siete"", ""treinta"", ""cuatro""]",3,cuatro,"El PDF emplea la expresión «cuatro» en este contexto: «He aquí que yo veo cuatro varones sueltos, que se pasean en medio».","He aquí que yo veo cuatro varones sueltos, que se pasean en medio",PR41-P040-F188,PR41-P040-F188-VARIANTS,verified,
PR41-0014,PR39-44,PR41,"PDF p.41, PR41, párrafo 1",multiple_choice,medium,"cuarta persona, liberación y proclamación","Según PDF p.41, PR41, párrafo 1, en el pasaje sobre cuarta persona, liberación y proclamación, ¿Cuál opción conserva el dato exacto de la fuente? Marco: «salieron delante de la vasta [DETALLE], y se los vió ilesos»","[""salieron delante de la vasta muchedumbre, y se los vió ilesos"", ""salieron delante de la vasta contrajuego, y se los vió ilesos"", ""salieron delante de la vasta defiéndante, y se los vió ilesos"", ""salieron delante de la vasta desapareció, y se los vió ilesos""]",0,"salieron delante de la vasta muchedumbre, y se los vió ilesos","La opción correcta conserva el detalle «muchedumbre» tal como aparece en la fuente: «salieron delante de la vasta muchedumbre, y se los vió ilesos».","salieron delante de la vasta muchedumbre, y se los vió ilesos",PR41-P041-F02,PR41-P041-F02-VARIANTS,verified,
PR41-0015,PR39-44,PR41,"PDF p.42, PR41, párrafo 1",true_false,hard,"poder civil, sábado y fidelidad final","Según PDF p.42, PR41, párrafo 1, en el pasaje sobre poder civil, sábado y fidelidad final, determine si el detalle entre corchetes hace verdadera o falsa esta afirmación: «Sus hijos deberán dejar ⟦babilónico⟧ que él es el único objeto de su adoración, y que por ninguna consideración, ni siquiera de la vida misma, pueden ser inducidos a hacer la menor concesión a un culto falso.»","[""Verdadero"", ""Falso""]",1,Falso,"La afirmación cambia «manifiesto». La corrección exacta es: «Sus hijos deberán dejar manifiesto que él es el único objeto de su adoración, y que por ninguna consideración, ni siquiera de la vida misma, pueden ser inducidos a hacer la menor concesión a un culto falso.»",Sus hijos deberán dejar manifiesto que él es el único objeto de,PR41-P042-F06,PR41-P042-F06-VARIANTS,verified,"Sus hijos deberán dejar manifiesto que él es el único objeto de su adoración, y que por ninguna consideración, ni siquiera de la vida misma, pueden ser inducidos a hacer la menor concesión a un culto falso."
PR41-0016,PR39-44,PR41,"PDF p.38, PR41, párrafo 1",fill_blank,medium,propósito del sueño y orgullo del rey,"Según PDF p.38, PR41, párrafo 1, en el pasaje sobre propósito del sueño y orgullo del rey, complete la formulación del PDF: «El sueño de la gran imagen, que presentaba a _____ acontecimientos que llegaban hasta el fin del tiempo, le había sido dado para que comprendiese la parte que le tocaba desempeñar en la historia del mundo y la relación que su reino debía sostener con el reino del cielo.»","[""Nabucodonosor"", ""Abed-nego"", ""Beltsasar"", ""Belsasar""]",0,Nabucodonosor,"El PDF emplea la expresión «Nabucodonosor» en este contexto: «gran imagen, que presentaba a Nabucodonosor acontecimientos que llegaban hasta el fin del».","gran imagen, que presentaba a Nabucodonosor acontecimientos que llegaban hasta el fin del",PR41-P038-F02,PR41-P038-F02-VARIANTS,verified,
PR41-0017,PR39-44,PR41,"PDF p.39, PR41, párrafo 1",multiple_choice,easy,"estatua de oro, símbolo falseado y dedicación","Según PDF p.39, PR41, párrafo 1, en el pasaje sobre estatua de oro, símbolo falseado y dedicación, ¿Qué expresión completa correctamente el detalle señalado? Marco: «recursos de sus grandes tesoros, [DETALLE] hizo hacer una gran imagen de oro»","[""recursos de sus grandes tesoros, Abed-nego hizo hacer una gran imagen de oro"", ""recursos de sus grandes tesoros, Nabucodonosor hizo hacer una gran imagen de oro"", ""recursos de sus grandes tesoros, Beltsasar hizo hacer una gran imagen de oro"", ""recursos de sus grandes tesoros, Belsasar hizo hacer una gran imagen de oro""]",1,"recursos de sus grandes tesoros, Nabucodonosor hizo hacer una gran imagen de oro","La opción correcta conserva el detalle «Nabucodonosor» tal como aparece en la fuente: «recursos de sus grandes tesoros, Nabucodonosor hizo hacer una gran imagen de oro».","recursos de sus grandes tesoros, Nabucodonosor hizo hacer una gran imagen de oro",PR41-P039-F01,PR41-P039-F01-VARIANTS,verified,
PR41-0018,PR39-44,PR41,"PDF p.40, PR41, párrafo 1",true_false,hard,acusación y fidelidad de los tres hebreos,"Según PDF p.40, PR41, párrafo 1, en el pasaje sobre acusación y fidelidad de los tres hebreos, determine si el detalle entre corchetes hace verdadera o falsa esta afirmación: «Mientras los tres hebreos estaban delante del rey, él se ⟦enseñoreó⟧ de que poseían algo que no tenían los otros sabios de su reino.»","[""Verdadero"", ""Falso""]",1,Falso,"La afirmación cambia «convenció». La corrección exacta es: «Mientras los tres hebreos estaban delante del rey, él se convenció de que poseían algo que no tenían los otros sabios de su reino.»","delante del rey, él se convenció de que poseían algo que no tenían",PR41-P040-F01,PR41-P040-F01-VARIANTS,verified,"Mientras los tres hebreos estaban delante del rey, él se convenció de que poseían algo que no tenían los otros sabios de su reino."
PR41-0019,PR39-44,PR41,"PDF p.41, PR41, párrafo 1",fill_blank,medium,"cuarta persona, liberación y proclamación","Según PDF p.41, PR41, párrafo 1, en el pasaje sobre cuarta persona, liberación y proclamación, complete la formulación del PDF: «La presencia de su Salvador los había guardado de todo daño, y sólo se habían quemado sus _____.»","[""capitanes"", ""ligaduras"", ""caprichos"", ""corazones""]",1,ligaduras,El PDF emplea la expresión «ligaduras» en este contexto: «sólo se habían quemado sus ligaduras».,sólo se habían quemado sus ligaduras,PR41-P041-F10,PR41-P041-F10-VARIANTS,verified,
PR41-0020,PR39-44,PR41,"PDF p.42, PR41, párrafo 1",multiple_choice,hard,"poder civil, sábado y fidelidad final","Según PDF p.42, PR41, párrafo 1, en el pasaje sobre poder civil, sábado y fidelidad final, ¿Qué opción restituye con precisión la relación descrita? Marco: «el único objeto de su [DETALLE], y que por ninguna consideración, ni siquiera»","[""el único objeto de su adorareis, y que por ninguna consideración, ni siquiera"", ""el único objeto de su autoridad, y que por ninguna consideración, ni siquiera"", ""el único objeto de su adoración, y que por ninguna consideración, ni siquiera"", ""el único objeto de su blasfemia, y que por ninguna consideración, ni siquiera""]",2,"el único objeto de su adoración, y que por ninguna consideración, ni siquiera","La opción correcta conserva el detalle «adoración» tal como aparece en la fuente: «el único objeto de su adoración, y que por ninguna consideración, ni siquiera».","el único objeto de su adoración, y que por ninguna consideración, ni siquiera",PR41-P042-F07,PR41-P042-F07-VARIANTS,verified,
PR41-0021,PR39-44,PR41,"PDF p.38, PR41, párrafo 1",true_false,hard,propósito del sueño y orgullo del rey,"Según PDF p.38, PR41, párrafo 1, en el pasaje sobre propósito del sueño y orgullo del rey, determine si el detalle entre corchetes hace verdadera o falsa esta afirmación: «El sueño de la gran imagen, que presentaba a Nabucodonosor ⟦acontecimientos⟧ que llegaban hasta el fin del tiempo, le había sido dado para que comprendiese la parte que le tocaba desempeñar en la historia del mundo y la relación que su reino debía sostener con el reino del cielo.»","[""Verdadero"", ""Falso""]",0,Verdadero,"La afirmación coincide con el PDF: «imagen, que presentaba a Nabucodonosor acontecimientos que llegaban hasta el fin del tiempo».","imagen, que presentaba a Nabucodonosor acontecimientos que llegaban hasta el fin del tiempo",PR41-P038-F03,PR41-P038-F03-VARIANTS,verified,
PR41-0022,PR39-44,PR41,"PDF p.39, PR41, párrafo 1",fill_blank,hard,"estatua de oro, símbolo falseado y dedicación","Según PDF p.39, PR41, párrafo 1, en el pasaje sobre estatua de oro, símbolo falseado y dedicación, complete la formulación del PDF: «Con recursos de sus grandes tesoros, Nabucodonosor hizo hacer una gran imagen de oro, similar en sus rasgos _____ a la que había visto en visión, menos en un detalle relativo al material de que se componía.»","[""blasfemos"", ""corruptos"", ""generales"", ""disolutos""]",2,generales,"El PDF emplea la expresión «generales» en este contexto: «oro, similar en sus rasgos generales a la que había visto en visión».","oro, similar en sus rasgos generales a la que había visto en visión",PR41-P039-F02,PR41-P039-F02-VARIANTS,verified,
PR41-0023,PR39-44,PR41,"PDF p.40, PR41, párrafo 1",multiple_choice,medium,acusación y fidelidad de los tres hebreos,"Según PDF p.40, PR41, párrafo 1, en el pasaje sobre acusación y fidelidad de los tres hebreos, ¿Cuál opción conserva el dato exacto de la fuente? Marco: «Habían sido fieles en el [DETALLE] de todos sus deberes»","[""Habían sido fieles en el conocimiento de todos sus deberes"", ""Habían sido fieles en el subsiguiente de todos sus deberes"", ""Habían sido fieles en el mandamiento de todos sus deberes"", ""Habían sido fieles en el cumplimiento de todos sus deberes""]",3,Habían sido fieles en el cumplimiento de todos sus deberes,La opción correcta conserva el detalle «cumplimiento» tal como aparece en la fuente: «Habían sido fieles en el cumplimiento de todos sus deberes».,Habían sido fieles en el cumplimiento de todos sus deberes,PR41-P040-F09,PR41-P040-F09-VARIANTS,verified,
PR41-0024,PR39-44,PR41,"PDF p.41, PR41, párrafo 1",true_false,hard,"cuarta persona, liberación y proclamación","Según PDF p.41, PR41, párrafo 1, en el pasaje sobre cuarta persona, liberación y proclamación, determine si el detalle entre corchetes hace verdadera o falsa esta afirmación: «“Y juntáronse los grandes, los ⟦gobernadores⟧, los capitanes, y los del consejo del rey, para mirar estos varones, como el fuego no se enseñoreó de sus cuerpos, ni cabello de sus cabezas fué quemado, ni sus ropas se mudaron, ni olor de fuego había pasado por ellos.”»","[""Verdadero"", ""Falso""]",0,Verdadero,"La afirmación coincide con el PDF: «Y juntáronse los grandes, los gobernadores, los capitanes, y los del consejo del».","Y juntáronse los grandes, los gobernadores, los capitanes, y los del consejo del",PR41-P041-F17,PR41-P041-F17-VARIANTS,verified,
PR41-0025,PR39-44,PR41,"PDF p.42, PR41, párrafo 1",fill_blank,hard,"poder civil, sábado y fidelidad final","Según PDF p.42, PR41, párrafo 1, en el pasaje sobre poder civil, sábado y fidelidad final, complete la formulación del PDF: «Sus hijos deberán dejar manifiesto que él es el único objeto de su adoración, y que por ninguna _____, ni siquiera de la vida misma, pueden ser inducidos a hacer la menor concesión a un culto falso.»","[""desobediencia"", ""determinación"", ""intemperancia"", ""consideración""]",3,consideración,"El PDF emplea la expresión «consideración» en este contexto: «adoración, y que por ninguna consideración, ni siquiera de la vida misma, pueden».","adoración, y que por ninguna consideración, ni siquiera de la vida misma, pueden",PR41-P042-F08,PR41-P042-F08-VARIANTS,verified,
PR41-0026,PR39-44,PR41,"PDF p.38, PR41, párrafo 1",multiple_choice,expert,propósito del sueño y orgullo del rey,"Según PDF p.38, PR41, párrafo 1, en el pasaje sobre propósito del sueño y orgullo del rey, ¿Cuál opción mantiene sin alterar el detalle y el orden de la fuente? Marco: «había sido dado para que [DETALLE] la parte que le tocaba desempeñar en»","[""había sido dado para que comprendiese la parte que le tocaba desempeñar en"", ""había sido dado para que arrepintiese la parte que le tocaba desempeñar en"", ""había sido dado para que estuviesen la parte que le tocaba desempeñar en"", ""había sido dado para que habitasen la parte que le tocaba desempeñar en""]",0,había sido dado para que comprendiese la parte que le tocaba desempeñar en,La opción correcta conserva el detalle «comprendiese» tal como aparece en la fuente: «había sido dado para que comprendiese la parte que le tocaba desempeñar en».,había sido dado para que comprendiese la parte que le tocaba desempeñar en,PR41-P038-F04,PR41-P038-F04-VARIANTS,verified,
PR41-0027,PR39-44,PR41,"PDF p.39, PR41, párrafo 1",true_false,hard,"estatua de oro, símbolo falseado y dedicación","Según PDF p.39, PR41, párrafo 1, en el pasaje sobre estatua de oro, símbolo falseado y dedicación, determine si el detalle entre corchetes hace verdadera o falsa esta afirmación: «Aunque acostumbrados a ⟦magníficas⟧ representaciones de sus divinidades paganas, los caldeos no habían producido antes cosa alguna tan imponente ni majestuosa como esta estatua resplandeciente, de sesenta codos de altura y seis codos de anchura.»","[""Verdadero"", ""Falso""]",0,Verdadero,"La afirmación coincide con el PDF: «Aunque acostumbrados a magníficas representaciones de sus divinidades paganas, los caldeos».","Aunque acostumbrados a magníficas representaciones de sus divinidades paganas, los caldeos",PR41-P039-F15,PR41-P039-F15-VARIANTS,verified,
PR41-0028,PR39-44,PR41,"PDF p.40, PR41, párrafo 1",fill_blank,easy,acusación y fidelidad de los tres hebreos,"Según PDF p.40, PR41, párrafo 1, en el pasaje sobre acusación y fidelidad de los tres hebreos, complete la formulación del PDF: «Les daría otra _____.»","[""oportunidad"", ""convocación"", ""destrucción"", ""disposición""]",0,oportunidad,El PDF emplea la expresión «oportunidad» en este contexto: «Les daría otra oportunidad».,Les daría otra oportunidad,PR41-P040-F13,PR41-P040-F13-VARIANTS,verified,
PR41-0029,PR39-44,PR41,"PDF p.41, PR41, párrafo 1",multiple_choice,hard,"cuarta persona, liberación y proclamación","Según PDF p.41, PR41, párrafo 1, en el pasaje sobre cuarta persona, liberación y proclamación, ¿Qué opción restituye con precisión la relación descrita? Marco: «los grandes, los gobernadores, los [DETALLE], y los del consejo del rey, para»","[""los grandes, los gobernadores, los caprichos, y los del consejo del rey, para"", ""los grandes, los gobernadores, los capitanes, y los del consejo del rey, para"", ""los grandes, los gobernadores, los corazones, y los del consejo del rey, para"", ""los grandes, los gobernadores, los designios, y los del consejo del rey, para""]",1,"los grandes, los gobernadores, los capitanes, y los del consejo del rey, para","La opción correcta conserva el detalle «capitanes» tal como aparece en la fuente: «los grandes, los gobernadores, los capitanes, y los del consejo del rey, para».","los grandes, los gobernadores, los capitanes, y los del consejo del rey, para",PR41-P041-F18,PR41-P041-F18-VARIANTS,verified,
PR41-0030,PR39-44,PR41,"PDF p.42, PR41, párrafo 1",true_false,expert,"poder civil, sábado y fidelidad final","Según PDF p.42, PR41, párrafo 1, en el pasaje sobre poder civil, sábado y fidelidad final, determine si el detalle entre corchetes hace verdadera o falsa esta afirmación: «Sus hijos deberán dejar manifiesto que él es el único objeto de su adoración, y que por ninguna consideración, ni siquiera de la vida misma, pueden ser ⟦acarreado⟧ a hacer la menor concesión a un culto falso.»","[""Verdadero"", ""Falso""]",1,Falso,"La afirmación cambia «inducidos». La corrección exacta es: «Sus hijos deberán dejar manifiesto que él es el único objeto de su adoración, y que por ninguna consideración, ni siquiera de la vida misma, pueden ser inducidos a hacer la menor concesión a un culto falso.»","la vida misma, pueden ser inducidos a hacer la menor concesión a un",PR41-P042-F09,PR41-P042-F09-VARIANTS,verified,"Sus hijos deberán dejar manifiesto que él es el único objeto de su adoración, y que por ninguna consideración, ni siquiera de la vida misma, pueden ser inducidos a hacer la menor concesión a un culto falso."
PR41-0031,PR39-44,PR41,"PDF p.38, PR41, párrafo 1",fill_blank,expert,propósito del sueño y orgullo del rey,"Según PDF p.38, PR41, párrafo 1, en el pasaje sobre propósito del sueño y orgullo del rey, complete la formulación del PDF: «El sueño de la gran imagen, que presentaba a Nabucodonosor acontecimientos que llegaban hasta el fin del tiempo, le había sido dado para que comprendiese la parte que le tocaba _____ en la historia del mundo y la relación que su reino debía sostener con el reino del cielo.»","[""comprender"", ""desempeñar"", ""contemplar"", ""desagradar""]",1,desempeñar,El PDF emplea la expresión «desempeñar» en este contexto: «la parte que le tocaba desempeñar en la historia del mundo y la».,la parte que le tocaba desempeñar en la historia del mundo y la,PR41-P038-F05,PR41-P038-F05-VARIANTS,verified,
PR41-0032,PR39-44,PR41,"PDF p.39, PR41, párrafo 1",multiple_choice,hard,"estatua de oro, símbolo falseado y dedicación","Según PDF p.39, PR41, párrafo 1, en el pasaje sobre estatua de oro, símbolo falseado y dedicación, ¿Qué opción restituye con precisión la relación descrita? Marco: «Aunque acostumbrados a magníficas [DETALLE] de sus divinidades paganas, los caldeos no»","[""Aunque acostumbrados a magníficas acontecimientos de sus divinidades paganas, los caldeos no"", ""Aunque acostumbrados a magníficas características de sus divinidades paganas, los caldeos no"", ""Aunque acostumbrados a magníficas representaciones de sus divinidades paganas, los caldeos no"", ""Aunque acostumbrados a magníficas insignificantes de sus divinidades paganas, los caldeos no""]",2,"Aunque acostumbrados a magníficas representaciones de sus divinidades paganas, los caldeos no","La opción correcta conserva el detalle «representaciones» tal como aparece en la fuente: «Aunque acostumbrados a magníficas representaciones de sus divinidades paganas, los caldeos no».","Aunque acostumbrados a magníficas representaciones de sus divinidades paganas, los caldeos no",PR41-P039-F16,PR41-P039-F16-VARIANTS,verified,
PR41-0033,PR39-44,PR41,"PDF p.40, PR41, párrafo 1",true_false,medium,acusación y fidelidad de los tres hebreos,"Según PDF p.40, PR41, párrafo 1, en el pasaje sobre acusación y fidelidad de los tres hebreos, determine si el detalle entre corchetes hace verdadera o falsa esta afirmación: «Si tan sólo ⟦indicaban⟧ buena disposición a unirse con la multitud para adorar la imagen, les iría bien»","[""Verdadero"", ""Falso""]",0,Verdadero,La afirmación coincide con el PDF: «Si tan sólo indicaban buena disposición a unirse con la multitud».,Si tan sólo indicaban buena disposición a unirse con la multitud,PR41-P040-F15,PR41-P040-F15-VARIANTS,verified,
PR41-0034,PR39-44,PR41,"PDF p.41, PR41, párrafo 1",fill_blank,expert,"cuarta persona, liberación y proclamación","Según PDF p.41, PR41, párrafo 1, en el pasaje sobre cuarta persona, liberación y proclamación, complete la formulación del PDF: «“Y juntáronse los grandes, los gobernadores, los capitanes, y los del consejo del rey, para mirar estos varones, como el fuego no se _____ de sus cuerpos, ni cabello de sus cabezas fué quemado, ni sus ropas se mudaron, ni olor de fuego había pasado por ellos.”»","[""convenció"", ""reconoció"", ""enseñoreó"", ""desvaneció""]",2,enseñoreó,"El PDF emplea la expresión «enseñoreó» en este contexto: «como el fuego no se enseñoreó de sus cuerpos, ni cabello de sus».","como el fuego no se enseñoreó de sus cuerpos, ni cabello de sus",PR41-P041-F19,PR41-P041-F19-VARIANTS,verified,
PR41-0035,PR39-44,PR41,"PDF p.42, PR41, párrafo 1",multiple_choice,hard,"poder civil, sábado y fidelidad final","Según PDF p.42, PR41, párrafo 1, en el pasaje sobre poder civil, sábado y fidelidad final, ¿Qué opción restituye con precisión la relación descrita? Marco: «inducidos a hacer la menor [DETALLE] a un culto falso»","[""inducidos a hacer la menor adoración a un culto falso"", ""inducidos a hacer la menor adorareis a un culto falso"", ""inducidos a hacer la menor autoridad a un culto falso"", ""inducidos a hacer la menor concesión a un culto falso""]",3,inducidos a hacer la menor concesión a un culto falso,La opción correcta conserva el detalle «concesión» tal como aparece en la fuente: «inducidos a hacer la menor concesión a un culto falso».,inducidos a hacer la menor concesión a un culto falso,PR41-P042-F10,PR41-P042-F10-VARIANTS,verified,
PR41-0036,PR39-44,PR41,"PDF p.38, PR41, párrafo 1",true_false,medium,propósito del sueño y orgullo del rey,"Según PDF p.38, PR41, párrafo 1, en el pasaje sobre propósito del sueño y orgullo del rey, determine si el detalle entre corchetes hace verdadera o falsa esta afirmación: «En la ⟦interpretación⟧ del sueño, se le había instruído claramente acerca del establecimiento del reino eterno de Dios.»","[""Verdadero"", ""Falso""]",0,Verdadero,"La afirmación coincide con el PDF: «En la interpretación del sueño, se le había instruído claramente».","En la interpretación del sueño, se le había instruído claramente",PR41-P038-F14,PR41-P038-F14-VARIANTS,verified,
PR41-0037,PR39-44,PR41,"PDF p.39, PR41, párrafo 1",fill_blank,hard,"estatua de oro, símbolo falseado y dedicación","Según PDF p.39, PR41, párrafo 1, en el pasaje sobre estatua de oro, símbolo falseado y dedicación, complete la formulación del PDF: «Aunque acostumbrados a magníficas representaciones de sus _____ paganas, los caldeos no habían producido antes cosa alguna tan imponente ni majestuosa como esta estatua resplandeciente, de sesenta codos de altura y seis codos de anchura.»","[""gobernantes"", ""presidentes"", ""principales"", ""divinidades""]",3,divinidades,"El PDF emplea la expresión «divinidades» en este contexto: «a magníficas representaciones de sus divinidades paganas, los caldeos no habían producido antes».","a magníficas representaciones de sus divinidades paganas, los caldeos no habían producido antes",PR41-P039-F17,PR41-P039-F17-VARIANTS,verified,
PR41-0038,PR39-44,PR41,"PDF p.40, PR41, párrafo 1",multiple_choice,medium,acusación y fidelidad de los tres hebreos,"Según PDF p.40, PR41, párrafo 1, en el pasaje sobre acusación y fidelidad de los tres hebreos, ¿Cuál opción conserva el dato exacto de la fuente? Marco: «Si tan sólo indicaban buena [DETALLE] a unirse con la multitud para adorar»","[""Si tan sólo indicaban buena disposición a unirse con la multitud para adorar"", ""Si tan sólo indicaban buena convocación a unirse con la multitud para adorar"", ""Si tan sólo indicaban buena destrucción a unirse con la multitud para adorar"", ""Si tan sólo indicaban buena información a unirse con la multitud para adorar""]",0,Si tan sólo indicaban buena disposición a unirse con la multitud para adorar,La opción correcta conserva el detalle «disposición» tal como aparece en la fuente: «Si tan sólo indicaban buena disposición a unirse con la multitud para adorar».,Si tan sólo indicaban buena disposición a unirse con la multitud para adorar,PR41-P040-F16,PR41-P040-F16-VARIANTS,verified,
PR41-0039,PR39-44,PR41,"PDF p.41, PR41, párrafo 2",true_false,medium,"cuarta persona, liberación y proclamación","Según PDF p.41, PR41, párrafo 2, en el pasaje sobre cuarta persona, liberación y proclamación, determine si el detalle entre corchetes hace verdadera o falsa esta afirmación: «Olvidada quedó la gran imagen de oro, ⟦levantada⟧ con tanta pompa.»","[""Verdadero"", ""Falso""]",0,Verdadero,"La afirmación coincide con el PDF: «la gran imagen de oro, levantada con tanta pompa».","la gran imagen de oro, levantada con tanta pompa",PR41-P041-F29,PR41-P041-F29-VARIANTS,verified,
PR41-0040,PR39-44,PR41,"PDF p.42, PR41, párrafo 1",fill_blank,medium,"poder civil, sábado y fidelidad final","Según PDF p.42, PR41, párrafo 1, en el pasaje sobre poder civil, sábado y fidelidad final, complete la formulación del PDF: «Para el corazón leal, los _____ de hombres pecaminosos y finitos son insignificantes frente a la Palabra del Dios eterno.»","[""mandamientos"", ""gobernadores"", ""divinidades"", ""especuladores""]",0,mandamientos,"El PDF emplea la expresión «mandamientos» en este contexto: «Para el corazón leal, los mandamientos de hombres pecaminosos y finitos son insignificantes».","Para el corazón leal, los mandamientos de hombres pecaminosos y finitos son insignificantes",PR41-P042-F18,PR41-P042-F18-VARIANTS,verified,
PR41-0041,PR39-44,PR41,"PDF p.38, PR41, párrafo 1",multiple_choice,hard,propósito del sueño y orgullo del rey,"Según PDF p.38, PR41, párrafo 1, en el pasaje sobre propósito del sueño y orgullo del rey, ¿Qué opción restituye con precisión la relación descrita? Marco: «del sueño, se le había [DETALLE] claramente acerca del establecimiento del reino eterno»","[""del sueño, se le había acarreado claramente acerca del establecimiento del reino eterno"", ""del sueño, se le había instruído claramente acerca del establecimiento del reino eterno"", ""del sueño, se le había aprendido claramente acerca del establecimiento del reino eterno"", ""del sueño, se le había atribuído claramente acerca del establecimiento del reino eterno""]",1,"del sueño, se le había instruído claramente acerca del establecimiento del reino eterno","La opción correcta conserva el detalle «instruído» tal como aparece en la fuente: «del sueño, se le había instruído claramente acerca del establecimiento del reino eterno».","del sueño, se le había instruído claramente acerca del establecimiento del reino eterno",PR41-P038-F15,PR41-P038-F15-VARIANTS,verified,
PR41-0042,PR39-44,PR41,"PDF p.39, PR41, párrafo 1",true_false,hard,"estatua de oro, símbolo falseado y dedicación","Según PDF p.39, PR41, párrafo 1, en el pasaje sobre estatua de oro, símbolo falseado y dedicación, determine si el detalle entre corchetes hace verdadera o falsa esta afirmación: «Aunque acostumbrados a magníficas representaciones de sus divinidades paganas, los caldeos no habían ⟦producido⟧ antes cosa alguna tan imponente ni majestuosa como esta estatua resplandeciente, de sesenta codos de altura y seis codos de anchura.»","[""Verdadero"", ""Falso""]",0,Verdadero,"La afirmación coincide con el PDF: «paganas, los caldeos no habían producido antes cosa alguna tan imponente ni majestuosa».","paganas, los caldeos no habían producido antes cosa alguna tan imponente ni majestuosa",PR41-P039-F18,PR41-P039-F18-VARIANTS,verified,
PR41-0043,PR39-44,PR41,"PDF p.40, PR41, párrafo 1",fill_blank,medium,acusación y fidelidad de los tres hebreos,"Según PDF p.40, PR41, párrafo 1, en el pasaje sobre acusación y fidelidad de los tres hebreos, complete la formulación del PDF: «pero “si no la _____—añadió,—en la misma hora seréis echados en medio de un horno de fuego ardiendo.»","[""adoración"", ""adorareis"", ""autoridad"", ""blasfemia""]",1,adorareis,"El PDF emplea la expresión «adorareis» en este contexto: «pero “si no la adorareis—añadió,—en la misma hora seréis echados».","pero “si no la adorareis—añadió,—en la misma hora seréis echados",PR41-P040-F22,PR41-P040-F22-VARIANTS,verified,
PR41-0044,PR39-44,PR41,"PDF p.41, PR41, párrafo 2",multiple_choice,medium,"cuarta persona, liberación y proclamación","Según PDF p.41, PR41, párrafo 2, en el pasaje sobre cuarta persona, liberación y proclamación, ¿Cuál opción conserva el dato exacto de la fuente? Marco: «En la [DETALLE] del Dios viviente, los hombres temieron y»","[""En la adoración del Dios viviente, los hombres temieron y"", ""En la adorareis del Dios viviente, los hombres temieron y"", ""En la presencia del Dios viviente, los hombres temieron y"", ""En la autoridad del Dios viviente, los hombres temieron y""]",2,"En la presencia del Dios viviente, los hombres temieron y","La opción correcta conserva el detalle «presencia» tal como aparece en la fuente: «En la presencia del Dios viviente, los hombres temieron y».","En la presencia del Dios viviente, los hombres temieron y",PR41-P041-F36,PR41-P041-F36-VARIANTS,verified,
PR41-0045,PR39-44,PR41,"PDF p.42, PR41, párrafo 1",true_false,hard,"poder civil, sábado y fidelidad final","Según PDF p.42, PR41, párrafo 1, en el pasaje sobre poder civil, sábado y fidelidad final, determine si el detalle entre corchetes hace verdadera o falsa esta afirmación: «Para el corazón leal, los mandamientos de hombres ⟦adivinanzas⟧ y finitos son insignificantes frente a la Palabra del Dios eterno.»","[""Verdadero"", ""Falso""]",1,Falso,"La afirmación cambia «pecaminosos». La corrección exacta es: «Para el corazón leal, los mandamientos de hombres pecaminosos y finitos son insignificantes frente a la Palabra del Dios eterno.»","leal, los mandamientos de hombres pecaminosos y finitos son insignificantes frente a la",PR41-P042-F19,PR41-P042-F19-VARIANTS,verified,"Para el corazón leal, los mandamientos de hombres pecaminosos y finitos son insignificantes frente a la Palabra del Dios eterno."
PR41-0046,PR39-44,PR41,"PDF p.38, PR41, párrafo 1",fill_blank,medium,propósito del sueño y orgullo del rey,"Según PDF p.38, PR41, párrafo 1, en el pasaje sobre propósito del sueño y orgullo del rey, complete la formulación del PDF: «En la interpretación del sueño, se le había instruído _____ acerca del establecimiento del reino eterno de Dios.»","[""finalmente"", ""firmemente"", ""claramente"", ""lentamente""]",2,claramente,"El PDF emplea la expresión «claramente» en este contexto: «sueño, se le había instruído claramente acerca del establecimiento del reino eterno de».","sueño, se le había instruído claramente acerca del establecimiento del reino eterno de",PR41-P038-F16,PR41-P038-F16-VARIANTS,verified,
PR41-0047,PR39-44,PR41,"PDF p.39, PR41, párrafo 1",multiple_choice,hard,"estatua de oro, símbolo falseado y dedicación","Según PDF p.39, PR41, párrafo 1, en el pasaje sobre estatua de oro, símbolo falseado y dedicación, ¿Qué opción restituye con precisión la relación descrita? Marco: «producido antes cosa alguna tan [DETALLE] ni majestuosa como esta estatua resplandeciente, de»","[""producido antes cosa alguna tan abrumador ni majestuosa como esta estatua resplandeciente, de"", ""producido antes cosa alguna tan aliviarla ni majestuosa como esta estatua resplandeciente, de"", ""producido antes cosa alguna tan atestiguó ni majestuosa como esta estatua resplandeciente, de"", ""producido antes cosa alguna tan imponente ni majestuosa como esta estatua resplandeciente, de""]",3,"producido antes cosa alguna tan imponente ni majestuosa como esta estatua resplandeciente, de","La opción correcta conserva el detalle «imponente» tal como aparece en la fuente: «producido antes cosa alguna tan imponente ni majestuosa como esta estatua resplandeciente, de».","producido antes cosa alguna tan imponente ni majestuosa como esta estatua resplandeciente, de",PR41-P039-F19,PR41-P039-F19-VARIANTS,verified,
PR41-0048,PR39-44,PR41,"PDF p.40, PR41, párrafo 1",true_false,hard,acusación y fidelidad de los tres hebreos,"Según PDF p.40, PR41, párrafo 1, en el pasaje sobre acusación y fidelidad de los tres hebreos, determine si el detalle entre corchetes hace verdadera o falsa esta afirmación: «Y con la mano ⟦extendida⟧ hacia arriba en son de desafío, preguntó: “¿Qué dios será aquel que os libre de mis manos?”»","[""Verdadero"", ""Falso""]",0,Verdadero,"La afirmación coincide con el PDF: «Y con la mano extendida hacia arriba en son de desafío, preguntó».","Y con la mano extendida hacia arriba en son de desafío, preguntó",PR41-P040-F31,PR41-P040-F31-VARIANTS,verified,
PR41-0049,PR39-44,PR41,"PDF p.41, PR41, párrafo 2",fill_blank,medium,"cuarta persona, liberación y proclamación","Según PDF p.41, PR41, párrafo 2, en el pasaje sobre cuarta persona, liberación y proclamación, complete la formulación del PDF: «En la presencia del Dios viviente, los hombres temieron y _____.»","[""acordaste"", ""confiaste"", ""engañaron"", ""temblaron""]",3,temblaron,"El PDF emplea la expresión «temblaron» en este contexto: «viviente, los hombres temieron y temblaron».","viviente, los hombres temieron y temblaron",PR41-P041-F37,PR41-P041-F37-VARIANTS,verified,
PR41-0050,PR39-44,PR41,"PDF p.42, PR41, párrafo 1",multiple_choice,hard,"poder civil, sábado y fidelidad final","Según PDF p.42, PR41, párrafo 1, en el pasaje sobre poder civil, sábado y fidelidad final, ¿Qué opción restituye con precisión la relación descrita? Marco: «hombres pecaminosos y finitos son [DETALLE] frente a la Palabra del Dios eterno»","[""hombres pecaminosos y finitos son insignificantes frente a la Palabra del Dios eterno"", ""hombres pecaminosos y finitos son acontecimientos frente a la Palabra del Dios eterno"", ""hombres pecaminosos y finitos son características frente a la Palabra del Dios eterno"", ""hombres pecaminosos y finitos son independientes frente a la Palabra del Dios eterno""]",0,hombres pecaminosos y finitos son insignificantes frente a la Palabra del Dios eterno,La opción correcta conserva el detalle «insignificantes» tal como aparece en la fuente: «hombres pecaminosos y finitos son insignificantes frente a la Palabra del Dios eterno».,hombres pecaminosos y finitos son insignificantes frente a la Palabra del Dios eterno,PR41-P042-F20,PR41-P042-F20-VARIANTS,verified,
PR41-0051,PR39-44,PR41,"PDF p.38, PR41, párrafo 1",true_false,medium,propósito del sueño y orgullo del rey,"Según PDF p.38, PR41, párrafo 1, en el pasaje sobre propósito del sueño y orgullo del rey, determine si el detalle entre corchetes hace verdadera o falsa esta afirmación: «En la interpretación del sueño, se le había instruído claramente acerca del ⟦establecimiento⟧ del reino eterno de Dios.»","[""Verdadero"", ""Falso""]",0,Verdadero,La afirmación coincide con el PDF: «había instruído claramente acerca del establecimiento del reino eterno de Dios».,había instruído claramente acerca del establecimiento del reino eterno de Dios,PR41-P038-F17,PR41-P038-F17-VARIANTS,verified,
PR41-0052,PR39-44,PR41,"PDF p.39, PR41, párrafo 1",fill_blank,hard,"estatua de oro, símbolo falseado y dedicación","Según PDF p.39, PR41, párrafo 1, en el pasaje sobre estatua de oro, símbolo falseado y dedicación, complete la formulación del PDF: «Aunque acostumbrados a magníficas representaciones de sus divinidades paganas, los caldeos no habían producido antes cosa alguna tan imponente ni _____ como esta estatua resplandeciente, de sesenta codos de altura y seis codos de anchura.»","[""majestuosa"", ""babilónico"", ""destruidor"", ""espiritual""]",0,majestuosa,"El PDF emplea la expresión «majestuosa» en este contexto: «cosa alguna tan imponente ni majestuosa como esta estatua resplandeciente, de sesenta codos».","cosa alguna tan imponente ni majestuosa como esta estatua resplandeciente, de sesenta codos",PR41-P039-F20,PR41-P039-F20-VARIANTS,verified,
PR41-0053,PR39-44,PR41,"PDF p.40, PR41, párrafo 2",multiple_choice,medium,acusación y fidelidad de los tres hebreos,"Según PDF p.40, PR41, párrafo 2, en el pasaje sobre acusación y fidelidad de los tres hebreos, ¿Cuál opción conserva el dato exacto de la fuente? Marco: «a esos hombres de su [DETALLE] al Príncipe del universo»","[""a esos hombres de su adoración al Príncipe del universo"", ""a esos hombres de su fidelidad al Príncipe del universo"", ""a esos hombres de su adorareis al Príncipe del universo"", ""a esos hombres de su autoridad al Príncipe del universo""]",1,a esos hombres de su fidelidad al Príncipe del universo,La opción correcta conserva el detalle «fidelidad» tal como aparece en la fuente: «a esos hombres de su fidelidad al Príncipe del universo».,a esos hombres de su fidelidad al Príncipe del universo,PR41-P040-F41,PR41-P040-F41-VARIANTS,verified,
PR41-0054,PR39-44,PR41,"PDF p.41, PR41, párrafo 2",true_false,expert,"cuarta persona, liberación y proclamación","Según PDF p.41, PR41, párrafo 2, en el pasaje sobre cuarta persona, liberación y proclamación, determine si el detalle entre corchetes hace verdadera o falsa esta afirmación: «El rey ⟦acarreado⟧ se vió obligado a reconocer: “Bendito el Dios de ellos, de Sadrach, Mesach, y Abed-nego, que envió su ángel, y libró sus siervos que esperaron en él, y el mandamiento del rey mudaron, y entregaron sus cuerpos antes que sirviesen ni adorasen otro dios que su Dios.”»","[""Verdadero"", ""Falso""]",1,Falso,"La afirmación cambia «humillado». La corrección exacta es: «El rey humillado se vió obligado a reconocer: “Bendito el Dios de ellos, de Sadrach, Mesach, y Abed-nego, que envió su ángel, y libró sus siervos que esperaron en él, y el mandamiento del rey mudaron, y entregaron sus cuerpos antes que sirviesen ni adorasen otro dios que su Dios.”»",El rey humillado se vió obligado a reconocer: “Bendito el,PR41-P041-F39,PR41-P041-F39-VARIANTS,verified,"El rey humillado se vió obligado a reconocer: “Bendito el Dios de ellos, de Sadrach, Mesach, y Abed-nego, que envió su ángel, y libró sus siervos que esperaron en él, y el mandamiento del rey mudaron, y entregaron sus cuerpos antes que sirviesen ni adorasen otro dios que su Dios.”"
PR41-0055,PR39-44,PR41,"PDF p.42, PR41, párrafo 1",fill_blank,easy,"poder civil, sábado y fidelidad final","Según PDF p.42, PR41, párrafo 1, en el pasaje sobre poder civil, sábado y fidelidad final, complete la formulación del PDF: «Obedecerán a la verdad aunque el _____ haya de ser encarcelamiento, destierro o muerte.»","[""consejero"", ""resultado"", ""escenario"", ""esplendor""]",1,resultado,"El PDF emplea la expresión «resultado» en este contexto: «a la verdad aunque el resultado haya de ser encarcelamiento, destierro o muerte».","a la verdad aunque el resultado haya de ser encarcelamiento, destierro o muerte",PR41-P042-F26,PR41-P042-F26-VARIANTS,verified,
PR41-0056,PR39-44,PR41,"PDF p.38, PR41, párrafo 1",multiple_choice,hard,propósito del sueño y orgullo del rey,"Según PDF p.38, PR41, párrafo 1, en el pasaje sobre propósito del sueño y orgullo del rey, ¿Qué opción restituye con precisión la relación descrita? Marco: «Daniel había [DETALLE]: “Y en los días de estos reyes»","[""Daniel había acarreado: “Y en los días de estos reyes"", ""Daniel había aprendido: “Y en los días de estos reyes"", ""Daniel había explicado: “Y en los días de estos reyes"", ""Daniel había atribuído: “Y en los días de estos reyes""]",2,Daniel había explicado: “Y en los días de estos reyes,La opción correcta conserva el detalle «explicado» tal como aparece en la fuente: «Daniel había explicado: “Y en los días de estos reyes».,Daniel había explicado: “Y en los días de estos reyes,PR41-P038-F21,PR41-P038-F21-VARIANTS,verified,
PR41-0057,PR39-44,PR41,"PDF p.39, PR41, párrafo 1",true_false,expert,"estatua de oro, símbolo falseado y dedicación","Según PDF p.39, PR41, párrafo 1, en el pasaje sobre estatua de oro, símbolo falseado y dedicación, determine si el detalle entre corchetes hace verdadera o falsa esta afirmación: «Aunque acostumbrados a magníficas representaciones de sus divinidades paganas, los caldeos no habían producido antes cosa alguna tan imponente ni majestuosa como esta estatua ⟦inquebrantable⟧, de sesenta codos de altura y seis codos de anchura.»","[""Verdadero"", ""Falso""]",1,Falso,"La afirmación cambia «resplandeciente». La corrección exacta es: «Aunque acostumbrados a magníficas representaciones de sus divinidades paganas, los caldeos no habían producido antes cosa alguna tan imponente ni majestuosa como esta estatua resplandeciente, de sesenta codos de altura y seis codos de anchura.»","ni majestuosa como esta estatua resplandeciente, de sesenta codos de altura y seis",PR41-P039-F21,PR41-P039-F21-VARIANTS,verified,"Aunque acostumbrados a magníficas representaciones de sus divinidades paganas, los caldeos no habían producido antes cosa alguna tan imponente ni majestuosa como esta estatua resplandeciente, de sesenta codos de altura y seis codos de anchura."
PR41-0058,PR39-44,PR41,"PDF p.40, PR41, párrafo 2",fill_blank,hard,acusación y fidelidad de los tres hebreos,"Según PDF p.40, PR41, párrafo 2, en el pasaje sobre acusación y fidelidad de los tres hebreos, complete la formulación del PDF: «De la historia de sus padres habían _____ que la desobediencia a Dios resulta en deshonor, desastre y muerte»","[""acarreado"", ""atribuído"", ""aprendido"", ""concedido""]",2,aprendido,El PDF emplea la expresión «aprendido» en este contexto: «historia de sus padres habían aprendido que la desobediencia a Dios resulta en».,historia de sus padres habían aprendido que la desobediencia a Dios resulta en,PR41-P040-F46,PR41-P040-F46-VARIANTS,verified,
PR41-0059,PR39-44,PR41,"PDF p.41, PR41, párrafo 2",multiple_choice,expert,"cuarta persona, liberación y proclamación","Según PDF p.41, PR41, párrafo 2, en el pasaje sobre cuarta persona, liberación y proclamación, ¿Cuál opción mantiene sin alterar el detalle y el orden de la fuente? Marco: «humillado se vió obligado a [DETALLE]: “Bendito el Dios de ellos, de Sadrach»","[""humillado se vió obligado a acontecer: “Bendito el Dios de ellos, de Sadrach"", ""humillado se vió obligado a agradecer: “Bendito el Dios de ellos, de Sadrach"", ""humillado se vió obligado a compartir: “Bendito el Dios de ellos, de Sadrach"", ""humillado se vió obligado a reconocer: “Bendito el Dios de ellos, de Sadrach""]",3,"humillado se vió obligado a reconocer: “Bendito el Dios de ellos, de Sadrach","La opción correcta conserva el detalle «reconocer» tal como aparece en la fuente: «humillado se vió obligado a reconocer: “Bendito el Dios de ellos, de Sadrach».","humillado se vió obligado a reconocer: “Bendito el Dios de ellos, de Sadrach",PR41-P041-F40,PR41-P041-F40-VARIANTS,verified,
PR41-0060,PR39-44,PR41,"PDF p.42, PR41, párrafo 1",true_false,hard,"poder civil, sábado y fidelidad final","Según PDF p.42, PR41, párrafo 1, en el pasaje sobre poder civil, sábado y fidelidad final, determine si el detalle entre corchetes hace verdadera o falsa esta afirmación: «Obedecerán a la verdad aunque el resultado haya de ser ⟦establecimiento⟧, destierro o muerte.»","[""Verdadero"", ""Falso""]",1,Falso,"La afirmación cambia «encarcelamiento». La corrección exacta es: «Obedecerán a la verdad aunque el resultado haya de ser encarcelamiento, destierro o muerte.»","el resultado haya de ser encarcelamiento, destierro o muerte",PR41-P042-F27,PR41-P042-F27-VARIANTS,verified,"Obedecerán a la verdad aunque el resultado haya de ser encarcelamiento, destierro o muerte."
PR41-0061,PR39-44,PR41,"PDF p.38, PR41, párrafo 1",fill_blank,hard,propósito del sueño y orgullo del rey,"Según PDF p.38, PR41, párrafo 1, en el pasaje sobre propósito del sueño y orgullo del rey, complete la formulación del PDF: «Daniel había explicado: “Y en los días de estos reyes, _____ el Dios del cielo un reino que nunca jamás se corromperá: y no será dejado a otro pueblo este reino»","[""consumirá"", ""requerirá"", ""venideras"", ""levantará""]",3,levantará,"El PDF emplea la expresión «levantará» en este contexto: «los días de estos reyes, levantará el Dios del cielo un reino que».","los días de estos reyes, levantará el Dios del cielo un reino que",PR41-P038-F22,PR41-P038-F22-VARIANTS,verified,
PR41-0062,PR39-44,PR41,"PDF p.39, PR41, párrafo 1",multiple_choice,hard,"estatua de oro, símbolo falseado y dedicación","Según PDF p.39, PR41, párrafo 1, en el pasaje sobre estatua de oro, símbolo falseado y dedicación, ¿Qué opción restituye con precisión la relación descrita? Marco: «No es [DETALLE] que en una tierra donde la adoración»","[""No es sorprendente que en una tierra donde la adoración"", ""No es incomparable que en una tierra donde la adoración"", ""No es inconmovible que en una tierra donde la adoración"", ""No es predominante que en una tierra donde la adoración""]",0,No es sorprendente que en una tierra donde la adoración,La opción correcta conserva el detalle «sorprendente» tal como aparece en la fuente: «No es sorprendente que en una tierra donde la adoración».,No es sorprendente que en una tierra donde la adoración,PR41-P039-F25,PR41-P039-F25-VARIANTS,verified,
PR41-0063,PR39-44,PR41,"PDF p.40, PR41, párrafo 2",true_false,medium,acusación y fidelidad de los tres hebreos,"Según PDF p.40, PR41, párrafo 2, en el pasaje sobre acusación y fidelidad de los tres hebreos, determine si el detalle entre corchetes hace verdadera o falsa esta afirmación: «De la historia de sus padres habían aprendido que la ⟦desobediencia⟧ a Dios resulta en deshonor, desastre y muerte»","[""Verdadero"", ""Falso""]",0,Verdadero,"La afirmación coincide con el PDF: «padres habían aprendido que la desobediencia a Dios resulta en deshonor, desastre y».","padres habían aprendido que la desobediencia a Dios resulta en deshonor, desastre y",PR41-P040-F47,PR41-P040-F47-VARIANTS,verified,
PR41-0064,PR39-44,PR41,"PDF p.41, PR41, párrafo 2",fill_blank,easy,"cuarta persona, liberación y proclamación","Según PDF p.41, PR41, párrafo 2, en el pasaje sobre cuarta persona, liberación y proclamación, complete la formulación del PDF: «El rey humillado se vió obligado a reconocer: “Bendito el Dios de ellos, de Sadrach, Mesach, y _____, que envió su ángel, y libró sus siervos que esperaron en él, y el mandamiento del rey mudaron, y entregaron sus cuerpos antes que sirviesen ni adorasen otro dios que su Dios.”»","[""Abed-nego"", ""Beltsasar"", ""Belsasar"", ""Gabriel""]",0,Abed-nego,"El PDF emplea la expresión «Abed-nego» en este contexto: «ellos, de Sadrach, Mesach, y Abed-nego, que envió su ángel, y libró sus».","ellos, de Sadrach, Mesach, y Abed-nego, que envió su ángel, y libró sus",PR41-P041-F41,PR41-P041-F41-VARIANTS,verified,
PR41-0065,PR39-44,PR41,"PDF p.42, PR41, párrafo 1",multiple_choice,medium,"poder civil, sábado y fidelidad final","Según PDF p.42, PR41, párrafo 1, en el pasaje sobre poder civil, sábado y fidelidad final, ¿Cuál opción conserva el dato exacto de la fuente? Marco: «resultado haya de ser encarcelamiento, [DETALLE] o muerte»","[""resultado haya de ser encarcelamiento, abrumador o muerte"", ""resultado haya de ser encarcelamiento, destierro o muerte"", ""resultado haya de ser encarcelamiento, aliviarla o muerte"", ""resultado haya de ser encarcelamiento, atestiguó o muerte""]",1,"resultado haya de ser encarcelamiento, destierro o muerte","La opción correcta conserva el detalle «destierro» tal como aparece en la fuente: «resultado haya de ser encarcelamiento, destierro o muerte».","resultado haya de ser encarcelamiento, destierro o muerte",PR41-P042-F28,PR41-P042-F28-VARIANTS,verified,
PR41-0066,PR39-44,PR41,"PDF p.38, PR41, párrafo 1",true_false,expert,propósito del sueño y orgullo del rey,"Según PDF p.38, PR41, párrafo 1, en el pasaje sobre propósito del sueño y orgullo del rey, determine si el detalle entre corchetes hace verdadera o falsa esta afirmación: «Daniel había explicado: “Y en los días de estos reyes, levantará el Dios del cielo un reino que nunca jamás se ⟦cualquiera⟧: y no será dejado a otro pueblo este reino»","[""Verdadero"", ""Falso""]",1,Falso,"La afirmación cambia «corromperá». La corrección exacta es: «Daniel había explicado: “Y en los días de estos reyes, levantará el Dios del cielo un reino que nunca jamás se corromperá: y no será dejado a otro pueblo este reino»",reino que nunca jamás se corromperá: y no será dejado a otro pueblo,PR41-P038-F23,PR41-P038-F23-VARIANTS,verified,"Daniel había explicado: “Y en los días de estos reyes, levantará el Dios del cielo un reino que nunca jamás se corromperá: y no será dejado a otro pueblo este reino"
PR41-0067,PR39-44,PR41,"PDF p.39, PR41, párrafo 1",fill_blank,hard,"estatua de oro, símbolo falseado y dedicación","Según PDF p.39, PR41, párrafo 1, en el pasaje sobre estatua de oro, símbolo falseado y dedicación, complete la formulación del PDF: «No es sorprendente que en una tierra donde la _____ de los ídolos era universal, la hermosa e inestimable imagen levantada en la llanura de Dura para representar la gloria, la magnificencia y el poder de Babilonia, fuese consagrada como objeto de culto.»","[""adorareis"", ""adoración"", ""autoridad"", ""blasfemia""]",1,adoración,"El PDF emplea la expresión «adoración» en este contexto: «en una tierra donde la adoración de los ídolos era universal, la hermosa».","en una tierra donde la adoración de los ídolos era universal, la hermosa",PR41-P039-F26,PR41-P039-F26-VARIANTS,verified,
PR41-0068,PR39-44,PR41,"PDF p.40, PR41, párrafo 2",multiple_choice,medium,acusación y fidelidad de los tres hebreos,"Según PDF p.40, PR41, párrafo 2, en el pasaje sobre acusación y fidelidad de los tres hebreos, ¿Cuál opción conserva el dato exacto de la fuente? Marco: «temor de Jehová es el [DETALLE] de la sabiduría, el fundamento de toda»","[""temor de Jehová es el consejero de la sabiduría, el fundamento de toda"", ""temor de Jehová es el escenario de la sabiduría, el fundamento de toda"", ""temor de Jehová es el principio de la sabiduría, el fundamento de toda"", ""temor de Jehová es el esplendor de la sabiduría, el fundamento de toda""]",2,"temor de Jehová es el principio de la sabiduría, el fundamento de toda","La opción correcta conserva el detalle «principio» tal como aparece en la fuente: «temor de Jehová es el principio de la sabiduría, el fundamento de toda».","temor de Jehová es el principio de la sabiduría, el fundamento de toda",PR41-P040-F55,PR41-P040-F55-VARIANTS,verified,
PR41-0069,PR39-44,PR41,"PDF p.41, PR41, párrafo 2",true_false,expert,"cuarta persona, liberación y proclamación","Según PDF p.41, PR41, párrafo 2, en el pasaje sobre cuarta persona, liberación y proclamación, determine si el detalle entre corchetes hace verdadera o falsa esta afirmación: «El rey humillado se vió obligado a reconocer: “Bendito el Dios de ellos, de Sadrach, Mesach, y Abed-nego, que envió su ángel, y libró sus siervos que ⟦esperaron⟧ en él, y el mandamiento del rey mudaron, y entregaron sus cuerpos antes que sirviesen ni adorasen otro dios que su Dios.”»","[""Verdadero"", ""Falso""]",0,Verdadero,"La afirmación coincide con el PDF: «y libró sus siervos que esperaron en él, y el mandamiento del rey».","y libró sus siervos que esperaron en él, y el mandamiento del rey",PR41-P041-F42,PR41-P041-F42-VARIANTS,verified,
PR41-0070,PR39-44,PR41,"PDF p.42, PR41, párrafo 2",fill_blank,easy,"poder civil, sábado y fidelidad final","Según PDF p.42, PR41, párrafo 2, en el pasaje sobre poder civil, sábado y fidelidad final, complete la formulación del PDF: «Como en los días de Sadrach, Mesach y _____, en el período final de la historia de esta tierra, el Señor obrará poderosamente en favor de aquellos que se mantengan firmemente por lo recto.»","[""Beltsasar"", ""Belsasar"", ""Abed-nego"", ""Gabriel""]",2,Abed-nego,"El PDF emplea la expresión «Abed-nego» en este contexto: «días de Sadrach, Mesach y Abed-nego, en el período final de la historia».","días de Sadrach, Mesach y Abed-nego, en el período final de la historia",PR41-P042-F32,PR41-P042-F32-VARIANTS,verified,
PR41-0071,PR39-44,PR41,"PDF p.38, PR41, párrafo 1",multiple_choice,hard,propósito del sueño y orgullo del rey,"Según PDF p.38, PR41, párrafo 1, en el pasaje sobre propósito del sueño y orgullo del rey, ¿Qué opción restituye con precisión la relación descrita? Marco: «el cual [DETALLE] y consumirá todos estos reinos, y él»","[""el cual despertarán y consumirá todos estos reinos, y él"", ""el cual permanecerá y consumirá todos estos reinos, y él"", ""el cual corromperá y consumirá todos estos reinos, y él"", ""el cual desmenuzará y consumirá todos estos reinos, y él""]",3,"el cual desmenuzará y consumirá todos estos reinos, y él","La opción correcta conserva el detalle «desmenuzará» tal como aparece en la fuente: «el cual desmenuzará y consumirá todos estos reinos, y él».","el cual desmenuzará y consumirá todos estos reinos, y él",PR41-P038-F30,PR41-P038-F30-VARIANTS,verified,
PR41-0072,PR39-44,PR41,"PDF p.39, PR41, párrafo 1",true_false,hard,"estatua de oro, símbolo falseado y dedicación","Según PDF p.39, PR41, párrafo 1, en el pasaje sobre estatua de oro, símbolo falseado y dedicación, determine si el detalle entre corchetes hace verdadera o falsa esta afirmación: «No es sorprendente que en una tierra donde la adoración de los ídolos era ⟦universal⟧, la hermosa e inestimable imagen levantada en la llanura de Dura para representar la gloria, la magnificencia y el poder de Babilonia, fuese consagrada como objeto de culto.»","[""Verdadero"", ""Falso""]",0,Verdadero,"La afirmación coincide con el PDF: «adoración de los ídolos era universal, la hermosa e inestimable imagen levantada en».","adoración de los ídolos era universal, la hermosa e inestimable imagen levantada en",PR41-P039-F27,PR41-P039-F27-VARIANTS,verified,
PR41-0073,PR39-44,PR41,"PDF p.40, PR41, párrafo 2",fill_blank,medium,acusación y fidelidad de los tres hebreos,"Según PDF p.40, PR41, párrafo 2, en el pasaje sobre acusación y fidelidad de los tres hebreos, complete la formulación del PDF: «y que el temor de Jehová es el principio de la _____, el fundamento de toda prosperidad verdadera.»","[""adoración"", ""adorareis"", ""autoridad"", ""sabiduría""]",3,sabiduría,"El PDF emplea la expresión «sabiduría» en este contexto: «es el principio de la sabiduría, el fundamento de toda prosperidad verdadera».","es el principio de la sabiduría, el fundamento de toda prosperidad verdadera",PR41-P040-F56,PR41-P040-F56-VARIANTS,verified,
PR41-0074,PR39-44,PR41,"PDF p.41, PR41, párrafo 2",multiple_choice,expert,"cuarta persona, liberación y proclamación","Según PDF p.41, PR41, párrafo 2, en el pasaje sobre cuarta persona, liberación y proclamación, ¿Cuál opción mantiene sin alterar el detalle y el orden de la fuente? Marco: «esperaron en él, y el [DETALLE] del rey mudaron, y entregaron sus cuerpos»","[""esperaron en él, y el mandamiento del rey mudaron, y entregaron sus cuerpos"", ""esperaron en él, y el Omnipotente del rey mudaron, y entregaron sus cuerpos"", ""esperaron en él, y el pensamiento del rey mudaron, y entregaron sus cuerpos"", ""esperaron en él, y el significado del rey mudaron, y entregaron sus cuerpos""]",0,"esperaron en él, y el mandamiento del rey mudaron, y entregaron sus cuerpos","La opción correcta conserva el detalle «mandamiento» tal como aparece en la fuente: «esperaron en él, y el mandamiento del rey mudaron, y entregaron sus cuerpos».","esperaron en él, y el mandamiento del rey mudaron, y entregaron sus cuerpos",PR41-P041-F43,PR41-P041-F43-VARIANTS,verified,
PR41-0075,PR39-44,PR41,"PDF p.42, PR41, párrafo 2",true_false,hard,"poder civil, sábado y fidelidad final","Según PDF p.42, PR41, párrafo 2, en el pasaje sobre poder civil, sábado y fidelidad final, determine si el detalle entre corchetes hace verdadera o falsa esta afirmación: «Como en los días de Sadrach, Mesach y Abed-nego, en el período final de la historia de esta tierra, el Señor obrará ⟦poderosamente⟧ en favor de aquellos que se mantengan firmemente por lo recto.»","[""Verdadero"", ""Falso""]",0,Verdadero,"La afirmación coincide con el PDF: «esta tierra, el Señor obrará poderosamente en favor de aquellos que se mantengan».","esta tierra, el Señor obrará poderosamente en favor de aquellos que se mantengan",PR41-P042-F33,PR41-P042-F33-VARIANTS,verified,
PR41-0076,PR39-44,PR41,"PDF p.38, PR41, párrafo 1",fill_blank,medium,propósito del sueño y orgullo del rey,"Según PDF p.38, PR41, párrafo 1, en el pasaje sobre propósito del sueño y orgullo del rey, complete la formulación del PDF: «el cual desmenuzará y _____ todos estos reinos, y él permanecerá para siempre...»","[""consumirá"", ""levantará"", ""requerirá"", ""venideras""]",0,consumirá,"El PDF emplea la expresión «consumirá» en este contexto: «el cual desmenuzará y consumirá todos estos reinos, y él permanecerá para».","el cual desmenuzará y consumirá todos estos reinos, y él permanecerá para",PR41-P038-F31,PR41-P038-F31-VARIANTS,verified,
PR41-0077,PR39-44,PR41,"PDF p.39, PR41, párrafo 1",multiple_choice,hard,"estatua de oro, símbolo falseado y dedicación","Según PDF p.39, PR41, párrafo 1, en el pasaje sobre estatua de oro, símbolo falseado y dedicación, ¿Qué opción restituye con precisión la relación descrita? Marco: «era universal, la hermosa e [DETALLE] imagen levantada en la llanura de Dura»","[""era universal, la hermosa e contrajuego imagen levantada en la llanura de Dura"", ""era universal, la hermosa e inestimable imagen levantada en la llanura de Dura"", ""era universal, la hermosa e defiéndante imagen levantada en la llanura de Dura"", ""era universal, la hermosa e desapareció imagen levantada en la llanura de Dura""]",1,"era universal, la hermosa e inestimable imagen levantada en la llanura de Dura","La opción correcta conserva el detalle «inestimable» tal como aparece en la fuente: «era universal, la hermosa e inestimable imagen levantada en la llanura de Dura».","era universal, la hermosa e inestimable imagen levantada en la llanura de Dura",PR41-P039-F28,PR41-P039-F28-VARIANTS,verified,
PR41-0078,PR39-44,PR41,"PDF p.40, PR41, párrafo 2",true_false,medium,acusación y fidelidad de los tres hebreos,"Según PDF p.40, PR41, párrafo 2, en el pasaje sobre acusación y fidelidad de los tres hebreos, determine si el detalle entre corchetes hace verdadera o falsa esta afirmación: «y que el temor de Jehová es el principio de la sabiduría, el ⟦fundamento⟧ de toda prosperidad verdadera.»","[""Verdadero"", ""Falso""]",0,Verdadero,"La afirmación coincide con el PDF: «principio de la sabiduría, el fundamento de toda prosperidad verdadera».","principio de la sabiduría, el fundamento de toda prosperidad verdadera",PR41-P040-F57,PR41-P040-F57-VARIANTS,verified,
PR41-0079,PR39-44,PR41,"PDF p.41, PR41, párrafo 2",fill_blank,expert,"cuarta persona, liberación y proclamación","Según PDF p.41, PR41, párrafo 2, en el pasaje sobre cuarta persona, liberación y proclamación, complete la formulación del PDF: «El rey humillado se vió obligado a reconocer: “Bendito el Dios de ellos, de Sadrach, Mesach, y Abed-nego, que envió su ángel, y libró sus siervos que esperaron en él, y el mandamiento del rey mudaron, y _____ sus cuerpos antes que sirviesen ni adorasen otro dios que su Dios.”»","[""apoderaron"", ""entregaron"", ""desfilaron"", ""rechazaron""]",1,entregaron,"El PDF emplea la expresión «entregaron» en este contexto: «mandamiento del rey mudaron, y entregaron sus cuerpos antes que sirviesen ni adorasen».","mandamiento del rey mudaron, y entregaron sus cuerpos antes que sirviesen ni adorasen",PR41-P041-F44,PR41-P041-F44-VARIANTS,verified,
PR41-0080,PR39-44,PR41,"PDF p.42, PR41, párrafo 2",multiple_choice,hard,"poder civil, sábado y fidelidad final","Según PDF p.42, PR41, párrafo 2, en el pasaje sobre poder civil, sábado y fidelidad final, ¿Qué opción restituye con precisión la relación descrita? Marco: «favor de aquellos que se [DETALLE] firmemente por lo recto»","[""favor de aquellos que se abrumador firmemente por lo recto"", ""favor de aquellos que se aliviarla firmemente por lo recto"", ""favor de aquellos que se mantengan firmemente por lo recto"", ""favor de aquellos que se atestiguó firmemente por lo recto""]",2,favor de aquellos que se mantengan firmemente por lo recto,La opción correcta conserva el detalle «mantengan» tal como aparece en la fuente: «favor de aquellos que se mantengan firmemente por lo recto».,favor de aquellos que se mantengan firmemente por lo recto,PR41-P042-F34,PR41-P042-F34-VARIANTS,verified,
PR41-0081,PR39-44,PR41,"PDF p.38, PR41, párrafo 1",true_false,hard,propósito del sueño y orgullo del rey,"Según PDF p.38, PR41, párrafo 1, en el pasaje sobre propósito del sueño y orgullo del rey, determine si el detalle entre corchetes hace verdadera o falsa esta afirmación: «el cual desmenuzará y consumirá todos estos reinos, y él ⟦desmenuzará⟧ para siempre...»","[""Verdadero"", ""Falso""]",1,Falso,"La afirmación cambia «permanecerá». La corrección exacta es: «el cual desmenuzará y consumirá todos estos reinos, y él permanecerá para siempre...»","todos estos reinos, y él permanecerá para siempre",PR41-P038-F32,PR41-P038-F32-VARIANTS,verified,"el cual desmenuzará y consumirá todos estos reinos, y él permanecerá para siempre..."
PR41-0082,PR39-44,PR41,"PDF p.39, PR41, párrafo 1",fill_blank,hard,"estatua de oro, símbolo falseado y dedicación","Según PDF p.39, PR41, párrafo 1, en el pasaje sobre estatua de oro, símbolo falseado y dedicación, complete la formulación del PDF: «No es sorprendente que en una tierra donde la adoración de los ídolos era universal, la hermosa e inestimable imagen _____ en la llanura de Dura para representar la gloria, la magnificencia y el poder de Babilonia, fuese consagrada como objeto de culto.»","[""acarreado"", ""aprendido"", ""levantada"", ""atribuído""]",2,levantada,El PDF emplea la expresión «levantada» en este contexto: «la hermosa e inestimable imagen levantada en la llanura de Dura para representar».,la hermosa e inestimable imagen levantada en la llanura de Dura para representar,PR41-P039-F29,PR41-P039-F29-VARIANTS,verified,
PR41-0083,PR39-44,PR41,"PDF p.40, PR41, párrafo 2",multiple_choice,medium,acusación y fidelidad de los tres hebreos,"Según PDF p.40, PR41, párrafo 2, en el pasaje sobre acusación y fidelidad de los tres hebreos, ¿Cuál opción conserva el dato exacto de la fuente? Marco: «sabiduría, el fundamento de toda [DETALLE] verdadera»","[""sabiduría, el fundamento de toda convocación verdadera"", ""sabiduría, el fundamento de toda destrucción verdadera"", ""sabiduría, el fundamento de toda disposición verdadera"", ""sabiduría, el fundamento de toda prosperidad verdadera""]",3,"sabiduría, el fundamento de toda prosperidad verdadera","La opción correcta conserva el detalle «prosperidad» tal como aparece en la fuente: «sabiduría, el fundamento de toda prosperidad verdadera».","sabiduría, el fundamento de toda prosperidad verdadera",PR41-P040-F58,PR41-P040-F58-VARIANTS,verified,
PR41-0084,PR39-44,PR41,"PDF p.41, PR41, párrafo 2",true_false,expert,"cuarta persona, liberación y proclamación","Según PDF p.41, PR41, párrafo 2, en el pasaje sobre cuarta persona, liberación y proclamación, determine si el detalle entre corchetes hace verdadera o falsa esta afirmación: «El rey humillado se vió obligado a reconocer: “Bendito el Dios de ellos, de Sadrach, Mesach, y Abed-nego, que envió su ángel, y libró sus siervos que esperaron en él, y el mandamiento del rey mudaron, y entregaron sus cuerpos antes que ⟦habitasen⟧ ni adorasen otro dios que su Dios.”»","[""Verdadero"", ""Falso""]",1,Falso,"La afirmación cambia «sirviesen». La corrección exacta es: «El rey humillado se vió obligado a reconocer: “Bendito el Dios de ellos, de Sadrach, Mesach, y Abed-nego, que envió su ángel, y libró sus siervos que esperaron en él, y el mandamiento del rey mudaron, y entregaron sus cuerpos antes que sirviesen ni adorasen otro dios que su Dios.”»",entregaron sus cuerpos antes que sirviesen ni adorasen otro dios que su Dios,PR41-P041-F45,PR41-P041-F45-VARIANTS,verified,"El rey humillado se vió obligado a reconocer: “Bendito el Dios de ellos, de Sadrach, Mesach, y Abed-nego, que envió su ángel, y libró sus siervos que esperaron en él, y el mandamiento del rey mudaron, y entregaron sus cuerpos antes que sirviesen ni adorasen otro dios que su Dios.”"
PR41-0085,PR39-44,PR41,"PDF p.42, PR41, párrafo 2",fill_blank,hard,"poder civil, sábado y fidelidad final","Según PDF p.42, PR41, párrafo 2, en el pasaje sobre poder civil, sábado y fidelidad final, complete la formulación del PDF: «Como en los días de Sadrach, Mesach y Abed-nego, en el período final de la historia de esta tierra, el Señor obrará poderosamente en favor de aquellos que se mantengan _____ por lo recto.»","[""claramente"", ""finalmente"", ""lentamente"", ""firmemente""]",3,firmemente,El PDF emplea la expresión «firmemente» en este contexto: «de aquellos que se mantengan firmemente por lo recto».,de aquellos que se mantengan firmemente por lo recto,PR41-P042-F35,PR41-P042-F35-VARIANTS,verified,
PR41-0086,PR39-44,PR41,"PDF p.38, PR41, párrafo 1",multiple_choice,easy,propósito del sueño y orgullo del rey,"Según PDF p.38, PR41, párrafo 1, en el pasaje sobre propósito del sueño y orgullo del rey, ¿Qué expresión completa correctamente el detalle señalado? Marco: «El sueño es [DETALLE], y fiel su declaración»","[""El sueño es verdadero, y fiel su declaración"", ""El sueño es abrumador, y fiel su declaración"", ""El sueño es aliviarla, y fiel su declaración"", ""El sueño es atestiguó, y fiel su declaración""]",0,"El sueño es verdadero, y fiel su declaración","La opción correcta conserva el detalle «verdadero» tal como aparece en la fuente: «El sueño es verdadero, y fiel su declaración».","El sueño es verdadero, y fiel su declaración",PR41-P038-F35,PR41-P038-F35-VARIANTS,verified,
PR41-0087,PR39-44,PR41,"PDF p.39, PR41, párrafo 1",true_false,hard,"estatua de oro, símbolo falseado y dedicación","Según PDF p.39, PR41, párrafo 1, en el pasaje sobre estatua de oro, símbolo falseado y dedicación, determine si el detalle entre corchetes hace verdadera o falsa esta afirmación: «No es sorprendente que en una tierra donde la adoración de los ídolos era universal, la hermosa e inestimable imagen levantada en la llanura de Dura para ⟦representar⟧ la gloria, la magnificencia y el poder de Babilonia, fuese consagrada como objeto de culto.»","[""Verdadero"", ""Falso""]",0,Verdadero,"La afirmación coincide con el PDF: «la llanura de Dura para representar la gloria, la magnificencia y el poder».","la llanura de Dura para representar la gloria, la magnificencia y el poder",PR41-P039-F30,PR41-P039-F30-VARIANTS,verified,
PR41-0088,PR39-44,PR41,"PDF p.40, PR41, párrafo 2",fill_blank,medium,acusación y fidelidad de los tres hebreos,"Según PDF p.40, PR41, párrafo 2, en el pasaje sobre acusación y fidelidad de los tres hebreos, complete la formulación del PDF: «y que el temor de Jehová es el principio de la sabiduría, el fundamento de toda prosperidad _____.»","[""verdadera"", ""consumirá"", ""levantará"", ""requerirá""]",0,verdadera,El PDF emplea la expresión «verdadera» en este contexto: «el fundamento de toda prosperidad verdadera».,el fundamento de toda prosperidad verdadera,PR41-P040-F59,PR41-P040-F59-VARIANTS,verified,
PR41-0089,PR39-44,PR41,"PDF p.38, PR41, párrafo 1",multiple_choice,expert,propósito del sueño y orgullo del rey,"Según PDF p.38, PR41, párrafo 1, en el pasaje sobre propósito del sueño y orgullo del rey, ¿Cuál opción mantiene sin alterar el detalle y el orden de la fuente? Marco: «claramente acerca del establecimiento del [DETALLE] de Dios»","[""claramente acerca del establecimiento del río Eufrates de Dios"", ""claramente acerca del establecimiento del reino eterno de Dios"", ""claramente acerca del establecimiento del Dios viviente de Dios"", ""claramente acerca del establecimiento del arco iris de Dios""]",1,claramente acerca del establecimiento del reino eterno de Dios,La opción correcta conserva el detalle «reino eterno» tal como aparece en la fuente: «claramente acerca del establecimiento del reino eterno de Dios».,claramente acerca del establecimiento del reino eterno de Dios,PR41-P038-F13,PR41-P038-F13-VARIANTS,verified,
PR41-0090,PR39-44,PR41,"PDF p.39, PR41, párrafo 1",true_false,expert,"estatua de oro, símbolo falseado y dedicación","Según PDF p.39, PR41, párrafo 1, en el pasaje sobre estatua de oro, símbolo falseado y dedicación, determine si el detalle entre corchetes hace verdadera o falsa esta afirmación: «Aunque acostumbrados a magníficas representaciones de sus divinidades paganas, los caldeos no habían producido antes cosa alguna tan imponente ni majestuosa como esta estatua resplandeciente, de ⟦siete tiempos⟧ de altura y seis codos de anchura.»","[""Verdadero"", ""Falso""]",1,Falso,"La afirmación cambia «sesenta codos». La corrección exacta es: «Aunque acostumbrados a magníficas representaciones de sus divinidades paganas, los caldeos no habían producido antes cosa alguna tan imponente ni majestuosa como esta estatua resplandeciente, de sesenta codos de altura y seis codos de anchura.»","como esta estatua resplandeciente, de sesenta codos de altura y seis codos de anchura",PR41-P039-F13,PR41-P039-F13-VARIANTS,verified,"Aunque acostumbrados a magníficas representaciones de sus divinidades paganas, los caldeos no habían producido antes cosa alguna tan imponente ni majestuosa como esta estatua resplandeciente, de sesenta codos de altura y seis codos de anchura."
PR41-0091,PR39-44,PR41,"PDF p.40, PR41, párrafo 3",multiple_choice,hard,acusación y fidelidad de los tres hebreos,"Según PDF p.40, PR41, párrafo 3, en el pasaje sobre acusación y fidelidad de los tres hebreos, ¿Qué opción restituye con precisión la relación descrita? Marco: «que se calentase el horno [DETALLE] más que de costumbre, mandó a hombres»","[""que se calentase el horno seis codos más que de costumbre, mandó a hombres"", ""que se calentase el horno diez días más que de costumbre, mandó a hombres"", ""que se calentase el horno siete veces más que de costumbre, mandó a hombres"", ""que se calentase el horno sesenta codos más que de costumbre, mandó a hombres""]",2,"que se calentase el horno siete veces más que de costumbre, mandó a hombres","La opción correcta conserva el detalle «siete veces» tal como aparece en la fuente: «que se calentase el horno siete veces más que de costumbre, mandó a hombres».","que se calentase el horno siete veces más que de costumbre, mandó a hombres",PR41-P040-F100,PR41-P040-F100-VARIANTS,verified,
PR41-0092,PR39-44,PR41,"PDF p.41, PR41, párrafo 2",fill_blank,hard,"cuarta persona, liberación y proclamación","Según PDF p.41, PR41, párrafo 2, en el pasaje sobre cuarta persona, liberación y proclamación, complete la formulación del PDF: «En la presencia del _____, los hombres temieron y temblaron.»","[""reino eterno"", ""Dios viviente"", ""río Eufrates"", ""verdadero éxito""]",1,Dios viviente,"El PDF emplea la expresión «Dios viviente» en este contexto: «En la presencia del Dios viviente, los hombres temieron y temblaron».","En la presencia del Dios viviente, los hombres temieron y temblaron",PR41-P041-F35,PR41-P041-F35-VARIANTS,verified,
PR41-0093,PR39-44,PR41,"PDF p.42, PR41, párrafo 1",true_false,hard,"poder civil, sábado y fidelidad final","Según PDF p.42, PR41, párrafo 1, en el pasaje sobre poder civil, sábado y fidelidad final, determine si el detalle entre corchetes hace verdadera o falsa esta afirmación: «El tiempo de angustia que espera al pueblo de Dios ⟦consumirá⟧ una fe inquebrantable.»","[""Verdadero"", ""Falso""]",1,Falso,La afirmación cambia «requerirá». La corrección exacta es: «El tiempo de angustia que espera al pueblo de Dios requerirá una fe inquebrantable.»,espera al pueblo de Dios requerirá una fe inquebrantable,PR41-P042-F01,PR41-P042-F01-VARIANTS,verified,El tiempo de angustia que espera al pueblo de Dios requerirá una fe inquebrantable.
PR41-0094,PR39-44,PR41,"PDF p.38, PR41, párrafo 4",fill_blank,expert,propósito del sueño y orgullo del rey,"Según PDF p.38, PR41, párrafo 4, en el pasaje sobre propósito del sueño y orgullo del rey, complete la formulación del PDF: «En su imagen no habría descenso de valores desde la cabeza hasta los pies, sino que se la haría por completo de oro, para que toda ella simbolizara a Babilonia como _____, indestructible y todopoderoso que quebrantaría y desmenuzaría todos los demás reinos, y perduraría para siempre.»","[""río Eufrates"", ""Dios viviente"", ""reino eterno"", ""arco iris""]",2,reino eterno,"El PDF emplea la expresión «reino eterno» en este contexto: «ella simbolizara a Babilonia como reino eterno, indestructible y todopoderoso que quebrantaría y desmenuzaría».","ella simbolizara a Babilonia como reino eterno, indestructible y todopoderoso que quebrantaría y desmenuzaría",PR41-P038-F107,PR41-P038-F107-VARIANTS,verified,
PR41-0095,PR39-44,PR41,"PDF p.39, PR41, párrafo 1",multiple_choice,expert,"estatua de oro, símbolo falseado y dedicación","Según PDF p.39, PR41, párrafo 1, en el pasaje sobre estatua de oro, símbolo falseado y dedicación, ¿Cuál opción mantiene sin alterar el detalle y el orden de la fuente? Marco: «sesenta codos de altura y [DETALLE] de anchura»","[""sesenta codos de altura y diez días de anchura"", ""sesenta codos de altura y siete veces de anchura"", ""sesenta codos de altura y tres años de anchura"", ""sesenta codos de altura y seis codos de anchura""]",3,sesenta codos de altura y seis codos de anchura,La opción correcta conserva el detalle «seis codos» tal como aparece en la fuente: «sesenta codos de altura y seis codos de anchura».,sesenta codos de altura y seis codos de anchura,PR41-P039-F14,PR41-P039-F14-VARIANTS,verified,
PR41-0096,PR39-44,PR41,"PDF p.40, PR41, párrafo 7",true_false,expert,acusación y fidelidad de los tres hebreos,"Según PDF p.40, PR41, párrafo 7, en el pasaje sobre acusación y fidelidad de los tres hebreos, determine si el detalle entre corchetes hace verdadera o falsa esta afirmación: «¿Cómo sabía el rey qué aspecto tendría el ⟦Rey de reyes⟧?»","[""Verdadero"", ""Falso""]",1,Falso,La afirmación cambia «Hijo de Dios». La corrección exacta es: «¿Cómo sabía el rey qué aspecto tendría el Hijo de Dios?»,rey qué aspecto tendría el Hijo de Dios,PR41-P040-F199,PR41-P040-F199-VARIANTS,verified,¿Cómo sabía el rey qué aspecto tendría el Hijo de Dios?
PR41-0097,PR39-44,PR41,"PDF p.41, PR41, párrafo 1",multiple_choice,easy,"cuarta persona, liberación y proclamación","Según PDF p.41, PR41, párrafo 1, en el pasaje sobre cuarta persona, liberación y proclamación, ¿Qué expresión completa correctamente el detalle señalado? Marco: «Entonces Sadrach, Mesach y [DETALLE] salieron delante de la vasta muchedumbre, y»","[""Entonces Sadrach, Mesach y Abed-nego salieron delante de la vasta muchedumbre, y"", ""Entonces Sadrach, Mesach y Beltsasar salieron delante de la vasta muchedumbre, y"", ""Entonces Sadrach, Mesach y Belsasar salieron delante de la vasta muchedumbre, y"", ""Entonces Sadrach, Mesach y Gabriel salieron delante de la vasta muchedumbre, y""]",0,"Entonces Sadrach, Mesach y Abed-nego salieron delante de la vasta muchedumbre, y","La opción correcta conserva el detalle «Abed-nego» tal como aparece en la fuente: «Entonces Sadrach, Mesach y Abed-nego salieron delante de la vasta muchedumbre, y».","Entonces Sadrach, Mesach y Abed-nego salieron delante de la vasta muchedumbre, y",PR41-P041-F01,PR41-P041-F01-VARIANTS,verified,
PR41-0098,PR39-44,PR41,"PDF p.42, PR41, párrafo 1",fill_blank,medium,"poder civil, sábado y fidelidad final","Según PDF p.42, PR41, párrafo 1, en el pasaje sobre poder civil, sábado y fidelidad final, complete la formulación del PDF: «El tiempo de angustia que espera al pueblo de Dios requerirá una fe _____.»","[""consultándose"", ""representante"", ""resplandeciente"", ""inquebrantable""]",3,inquebrantable,El PDF emplea la expresión «inquebrantable» en este contexto: «de Dios requerirá una fe inquebrantable».,de Dios requerirá una fe inquebrantable,PR41-P042-F02,PR41-P042-F02-VARIANTS,verified,
PR41-0099,PR39-44,PR41,"PDF p.38, PR41, párrafo 1",true_false,expert,propósito del sueño y orgullo del rey,"Según PDF p.38, PR41, párrafo 1, en el pasaje sobre propósito del sueño y orgullo del rey, determine si el detalle entre corchetes hace verdadera o falsa esta afirmación: «El sueño de la gran imagen, que ⟦presentaba⟧ a Nabucodonosor acontecimientos que llegaban hasta el fin del tiempo, le había sido dado para que comprendiese la parte que le tocaba desempeñar en la historia del mundo y la relación que su reino debía sostener con el reino del cielo.»","[""Verdadero"", ""Falso""]",0,Verdadero,"La afirmación coincide con el PDF: «de la gran imagen, que presentaba a Nabucodonosor acontecimientos que llegaban hasta el».","de la gran imagen, que presentaba a Nabucodonosor acontecimientos que llegaban hasta el",PR41-P038-F01,PR41-P038-F01-VARIANTS,verified,
PR41-0100,PR39-44,PR41,"PDF p.39, PR41, párrafo 3",fill_blank,expert,"estatua de oro, símbolo falseado y dedicación","Según PDF p.39, PR41, párrafo 3, en el pasaje sobre estatua de oro, símbolo falseado y dedicación, complete la formulación del PDF: «Su Dios era _____ y Señor de señores»","[""Rey de reyes"", ""Hijo de Dios"", ""tiempo del fin"", ""trono de zafiro""]",0,Rey de reyes,El PDF emplea la expresión «Rey de reyes» en este contexto: «Su Dios era Rey de reyes y Señor de señores».,Su Dios era Rey de reyes y Señor de señores,PR41-P039-F112,PR41-P039-F112-VARIANTS,verified,
PR41-0101,PR39-44,PR41,"PDF p.40, PR41, párrafo 6",multiple_choice,medium,acusación y fidelidad de los tres hebreos,"Según PDF p.40, PR41, párrafo 6, en el pasaje sobre acusación y fidelidad de los tres hebreos, ¿Cuál opción conserva el dato exacto de la fuente? Marco: «He aquí que yo veo [DETALLE] varones sueltos, que se pasean en medio»","[""He aquí que yo veo sesenta varones sueltos, que se pasean en medio"", ""He aquí que yo veo cuatro varones sueltos, que se pasean en medio"", ""He aquí que yo veo siete varones sueltos, que se pasean en medio"", ""He aquí que yo veo treinta varones sueltos, que se pasean en medio""]",1,"He aquí que yo veo cuatro varones sueltos, que se pasean en medio","La opción correcta conserva el detalle «cuatro» tal como aparece en la fuente: «He aquí que yo veo cuatro varones sueltos, que se pasean en medio».","He aquí que yo veo cuatro varones sueltos, que se pasean en medio",PR41-P040-F188,PR41-P040-F188-VARIANTS,verified,
PR41-0102,PR39-44,PR41,"PDF p.41, PR41, párrafo 1",true_false,hard,"cuarta persona, liberación y proclamación","Según PDF p.41, PR41, párrafo 1, en el pasaje sobre cuarta persona, liberación y proclamación, determine si el detalle entre corchetes hace verdadera o falsa esta afirmación: «Entonces Sadrach, Mesach y Abed-nego salieron delante de la vasta ⟦contrajuego⟧, y se los vió ilesos.»","[""Verdadero"", ""Falso""]",1,Falso,"La afirmación cambia «muchedumbre». La corrección exacta es: «Entonces Sadrach, Mesach y Abed-nego salieron delante de la vasta muchedumbre, y se los vió ilesos.»","salieron delante de la vasta muchedumbre, y se los vió ilesos",PR41-P041-F02,PR41-P041-F02-VARIANTS,verified,"Entonces Sadrach, Mesach y Abed-nego salieron delante de la vasta muchedumbre, y se los vió ilesos."
PR41-0103,PR39-44,PR41,"PDF p.42, PR41, párrafo 1",fill_blank,hard,"poder civil, sábado y fidelidad final","Según PDF p.42, PR41, párrafo 1, en el pasaje sobre poder civil, sábado y fidelidad final, complete la formulación del PDF: «Sus hijos deberán dejar _____ que él es el único objeto de su adoración, y que por ninguna consideración, ni siquiera de la vida misma, pueden ser inducidos a hacer la menor concesión a un culto falso.»","[""babilónico"", ""manifiesto"", ""destruidor"", ""espiritual""]",1,manifiesto,El PDF emplea la expresión «manifiesto» en este contexto: «Sus hijos deberán dejar manifiesto que él es el único objeto de».,Sus hijos deberán dejar manifiesto que él es el único objeto de,PR41-P042-F06,PR41-P042-F06-VARIANTS,verified,
PR41-0104,PR39-44,PR41,"PDF p.38, PR41, párrafo 1",multiple_choice,medium,propósito del sueño y orgullo del rey,"Según PDF p.38, PR41, párrafo 1, en el pasaje sobre propósito del sueño y orgullo del rey, ¿Cuál opción conserva el dato exacto de la fuente? Marco: «gran imagen, que presentaba a [DETALLE] acontecimientos que llegaban hasta el fin del»","[""gran imagen, que presentaba a Abed-nego acontecimientos que llegaban hasta el fin del"", ""gran imagen, que presentaba a Beltsasar acontecimientos que llegaban hasta el fin del"", ""gran imagen, que presentaba a Nabucodonosor acontecimientos que llegaban hasta el fin del"", ""gran imagen, que presentaba a Belsasar acontecimientos que llegaban hasta el fin del""]",2,"gran imagen, que presentaba a Nabucodonosor acontecimientos que llegaban hasta el fin del","La opción correcta conserva el detalle «Nabucodonosor» tal como aparece en la fuente: «gran imagen, que presentaba a Nabucodonosor acontecimientos que llegaban hasta el fin del».","gran imagen, que presentaba a Nabucodonosor acontecimientos que llegaban hasta el fin del",PR41-P038-F02,PR41-P038-F02-VARIANTS,verified,
PR41-0105,PR39-44,PR41,"PDF p.39, PR41, párrafo 1",true_false,easy,"estatua de oro, símbolo falseado y dedicación","Según PDF p.39, PR41, párrafo 1, en el pasaje sobre estatua de oro, símbolo falseado y dedicación, determine si el detalle entre corchetes hace verdadera o falsa esta afirmación: «Con recursos de sus grandes tesoros, ⟦Nabucodonosor⟧ hizo hacer una gran imagen de oro, similar en sus rasgos generales a la que había visto en visión, menos en un detalle relativo al material de que se componía.»","[""Verdadero"", ""Falso""]",0,Verdadero,"La afirmación coincide con el PDF: «recursos de sus grandes tesoros, Nabucodonosor hizo hacer una gran imagen de oro».","recursos de sus grandes tesoros, Nabucodonosor hizo hacer una gran imagen de oro",PR41-P039-F01,PR41-P039-F01-VARIANTS,verified,
PR41-0106,PR39-44,PR41,"PDF p.40, PR41, párrafo 1",fill_blank,hard,acusación y fidelidad de los tres hebreos,"Según PDF p.40, PR41, párrafo 1, en el pasaje sobre acusación y fidelidad de los tres hebreos, complete la formulación del PDF: «Mientras los tres hebreos estaban delante del rey, él se _____ de que poseían algo que no tenían los otros sabios de su reino.»","[""enseñoreó"", ""reconoció"", ""convenció"", ""desvaneció""]",2,convenció,"El PDF emplea la expresión «convenció» en este contexto: «delante del rey, él se convenció de que poseían algo que no tenían».","delante del rey, él se convenció de que poseían algo que no tenían",PR41-P040-F01,PR41-P040-F01-VARIANTS,verified,
PR41-0107,PR39-44,PR41,"PDF p.41, PR41, párrafo 1",multiple_choice,medium,"cuarta persona, liberación y proclamación","Según PDF p.41, PR41, párrafo 1, en el pasaje sobre cuarta persona, liberación y proclamación, ¿Cuál opción conserva el dato exacto de la fuente? Marco: «sólo se habían quemado sus [DETALLE]»","[""sólo se habían quemado sus capitanes"", ""sólo se habían quemado sus caprichos"", ""sólo se habían quemado sus corazones"", ""sólo se habían quemado sus ligaduras""]",3,sólo se habían quemado sus ligaduras,La opción correcta conserva el detalle «ligaduras» tal como aparece en la fuente: «sólo se habían quemado sus ligaduras».,sólo se habían quemado sus ligaduras,PR41-P041-F10,PR41-P041-F10-VARIANTS,verified,
PR41-0108,PR39-44,PR41,"PDF p.42, PR41, párrafo 1",true_false,hard,"poder civil, sábado y fidelidad final","Según PDF p.42, PR41, párrafo 1, en el pasaje sobre poder civil, sábado y fidelidad final, determine si el detalle entre corchetes hace verdadera o falsa esta afirmación: «Sus hijos deberán dejar manifiesto que él es el único objeto de su ⟦adorareis⟧, y que por ninguna consideración, ni siquiera de la vida misma, pueden ser inducidos a hacer la menor concesión a un culto falso.»","[""Verdadero"", ""Falso""]",1,Falso,"La afirmación cambia «adoración». La corrección exacta es: «Sus hijos deberán dejar manifiesto que él es el único objeto de su adoración, y que por ninguna consideración, ni siquiera de la vida misma, pueden ser inducidos a hacer la menor concesión a un culto falso.»","el único objeto de su adoración, y que por ninguna consideración, ni siquiera",PR41-P042-F07,PR41-P042-F07-VARIANTS,verified,"Sus hijos deberán dejar manifiesto que él es el único objeto de su adoración, y que por ninguna consideración, ni siquiera de la vida misma, pueden ser inducidos a hacer la menor concesión a un culto falso."
PR41-0109,PR39-44,PR41,"PDF p.38, PR41, párrafo 1",fill_blank,expert,propósito del sueño y orgullo del rey,"Según PDF p.38, PR41, párrafo 1, en el pasaje sobre propósito del sueño y orgullo del rey, complete la formulación del PDF: «El sueño de la gran imagen, que presentaba a Nabucodonosor _____ que llegaban hasta el fin del tiempo, le había sido dado para que comprendiese la parte que le tocaba desempeñar en la historia del mundo y la relación que su reino debía sostener con el reino del cielo.»","[""características"", ""insignificantes"", ""independientes"", ""acontecimientos""]",3,acontecimientos,"El PDF emplea la expresión «acontecimientos» en este contexto: «imagen, que presentaba a Nabucodonosor acontecimientos que llegaban hasta el fin del tiempo».","imagen, que presentaba a Nabucodonosor acontecimientos que llegaban hasta el fin del tiempo",PR41-P038-F03,PR41-P038-F03-VARIANTS,verified,
PR41-0110,PR39-44,PR41,"PDF p.39, PR41, párrafo 1",multiple_choice,hard,"estatua de oro, símbolo falseado y dedicación","Según PDF p.39, PR41, párrafo 1, en el pasaje sobre estatua de oro, símbolo falseado y dedicación, ¿Qué opción restituye con precisión la relación descrita? Marco: «oro, similar en sus rasgos [DETALLE] a la que había visto en visión»","[""oro, similar en sus rasgos generales a la que había visto en visión"", ""oro, similar en sus rasgos blasfemos a la que había visto en visión"", ""oro, similar en sus rasgos corruptos a la que había visto en visión"", ""oro, similar en sus rasgos disolutos a la que había visto en visión""]",0,"oro, similar en sus rasgos generales a la que había visto en visión","La opción correcta conserva el detalle «generales» tal como aparece en la fuente: «oro, similar en sus rasgos generales a la que había visto en visión».","oro, similar en sus rasgos generales a la que había visto en visión",PR41-P039-F02,PR41-P039-F02-VARIANTS,verified,
PR41-0111,PR39-44,PR41,"PDF p.40, PR41, párrafo 1",true_false,medium,acusación y fidelidad de los tres hebreos,"Según PDF p.40, PR41, párrafo 1, en el pasaje sobre acusación y fidelidad de los tres hebreos, determine si el detalle entre corchetes hace verdadera o falsa esta afirmación: «Habían sido fieles en el ⟦conocimiento⟧ de todos sus deberes.»","[""Verdadero"", ""Falso""]",1,Falso,La afirmación cambia «cumplimiento». La corrección exacta es: «Habían sido fieles en el cumplimiento de todos sus deberes.»,Habían sido fieles en el cumplimiento de todos sus deberes,PR41-P040-F09,PR41-P040-F09-VARIANTS,verified,Habían sido fieles en el cumplimiento de todos sus deberes.
PR41-0112,PR39-44,PR41,"PDF p.41, PR41, párrafo 1",fill_blank,hard,"cuarta persona, liberación y proclamación","Según PDF p.41, PR41, párrafo 1, en el pasaje sobre cuarta persona, liberación y proclamación, complete la formulación del PDF: «“Y juntáronse los grandes, los _____, los capitanes, y los del consejo del rey, para mirar estos varones, como el fuego no se enseñoreó de sus cuerpos, ni cabello de sus cabezas fué quemado, ni sus ropas se mudaron, ni olor de fuego había pasado por ellos.”»","[""gobernadores"", ""mandamientos"", ""divinidades"", ""especuladores""]",0,gobernadores,"El PDF emplea la expresión «gobernadores» en este contexto: «Y juntáronse los grandes, los gobernadores, los capitanes, y los del consejo del».","Y juntáronse los grandes, los gobernadores, los capitanes, y los del consejo del",PR41-P041-F17,PR41-P041-F17-VARIANTS,verified,
PR41-0113,PR39-44,PR41,"PDF p.42, PR41, párrafo 1",multiple_choice,hard,"poder civil, sábado y fidelidad final","Según PDF p.42, PR41, párrafo 1, en el pasaje sobre poder civil, sábado y fidelidad final, ¿Qué opción restituye con precisión la relación descrita? Marco: «adoración, y que por ninguna [DETALLE], ni siquiera de la vida misma, pueden»","[""adoración, y que por ninguna desobediencia, ni siquiera de la vida misma, pueden"", ""adoración, y que por ninguna consideración, ni siquiera de la vida misma, pueden"", ""adoración, y que por ninguna determinación, ni siquiera de la vida misma, pueden"", ""adoración, y que por ninguna intemperancia, ni siquiera de la vida misma, pueden""]",1,"adoración, y que por ninguna consideración, ni siquiera de la vida misma, pueden","La opción correcta conserva el detalle «consideración» tal como aparece en la fuente: «adoración, y que por ninguna consideración, ni siquiera de la vida misma, pueden».","adoración, y que por ninguna consideración, ni siquiera de la vida misma, pueden",PR41-P042-F08,PR41-P042-F08-VARIANTS,verified,
PR41-0114,PR39-44,PR41,"PDF p.38, PR41, párrafo 1",true_false,expert,propósito del sueño y orgullo del rey,"Según PDF p.38, PR41, párrafo 1, en el pasaje sobre propósito del sueño y orgullo del rey, determine si el detalle entre corchetes hace verdadera o falsa esta afirmación: «El sueño de la gran imagen, que presentaba a Nabucodonosor acontecimientos que llegaban hasta el fin del tiempo, le había sido dado para que ⟦comprendiese⟧ la parte que le tocaba desempeñar en la historia del mundo y la relación que su reino debía sostener con el reino del cielo.»","[""Verdadero"", ""Falso""]",0,Verdadero,La afirmación coincide con el PDF: «había sido dado para que comprendiese la parte que le tocaba desempeñar en».,había sido dado para que comprendiese la parte que le tocaba desempeñar en,PR41-P038-F04,PR41-P038-F04-VARIANTS,verified,
PR41-0115,PR39-44,PR41,"PDF p.39, PR41, párrafo 1",fill_blank,hard,"estatua de oro, símbolo falseado y dedicación","Según PDF p.39, PR41, párrafo 1, en el pasaje sobre estatua de oro, símbolo falseado y dedicación, complete la formulación del PDF: «Aunque acostumbrados a _____ representaciones de sus divinidades paganas, los caldeos no habían producido antes cosa alguna tan imponente ni majestuosa como esta estatua resplandeciente, de sesenta codos de altura y seis codos de anchura.»","[""adoradores"", ""magníficas"", ""astrólogos"", ""cristianas""]",1,magníficas,"El PDF emplea la expresión «magníficas» en este contexto: «Aunque acostumbrados a magníficas representaciones de sus divinidades paganas, los caldeos».","Aunque acostumbrados a magníficas representaciones de sus divinidades paganas, los caldeos",PR41-P039-F15,PR41-P039-F15-VARIANTS,verified,
PR41-0116,PR39-44,PR41,"PDF p.40, PR41, párrafo 1",multiple_choice,easy,acusación y fidelidad de los tres hebreos,"Según PDF p.40, PR41, párrafo 1, en el pasaje sobre acusación y fidelidad de los tres hebreos, ¿Qué expresión completa correctamente el detalle señalado? Marco: «Les daría otra [DETALLE]»","[""Les daría otra convocación"", ""Les daría otra destrucción"", ""Les daría otra oportunidad"", ""Les daría otra disposición""]",2,Les daría otra oportunidad,La opción correcta conserva el detalle «oportunidad» tal como aparece en la fuente: «Les daría otra oportunidad».,Les daría otra oportunidad,PR41-P040-F13,PR41-P040-F13-VARIANTS,verified,
PR41-0117,PR39-44,PR41,"PDF p.41, PR41, párrafo 1",true_false,hard,"cuarta persona, liberación y proclamación","Según PDF p.41, PR41, párrafo 1, en el pasaje sobre cuarta persona, liberación y proclamación, determine si el detalle entre corchetes hace verdadera o falsa esta afirmación: «“Y juntáronse los grandes, los gobernadores, los ⟦capitanes⟧, y los del consejo del rey, para mirar estos varones, como el fuego no se enseñoreó de sus cuerpos, ni cabello de sus cabezas fué quemado, ni sus ropas se mudaron, ni olor de fuego había pasado por ellos.”»","[""Verdadero"", ""Falso""]",0,Verdadero,"La afirmación coincide con el PDF: «los grandes, los gobernadores, los capitanes, y los del consejo del rey, para».","los grandes, los gobernadores, los capitanes, y los del consejo del rey, para",PR41-P041-F18,PR41-P041-F18-VARIANTS,verified,
PR41-0118,PR39-44,PR41,"PDF p.42, PR41, párrafo 1",fill_blank,hard,"poder civil, sábado y fidelidad final","Según PDF p.42, PR41, párrafo 1, en el pasaje sobre poder civil, sábado y fidelidad final, complete la formulación del PDF: «Sus hijos deberán dejar manifiesto que él es el único objeto de su adoración, y que por ninguna consideración, ni siquiera de la vida misma, pueden ser _____ a hacer la menor concesión a un culto falso.»","[""acarreado"", ""aprendido"", ""inducidos"", ""atribuído""]",2,inducidos,"El PDF emplea la expresión «inducidos» en este contexto: «la vida misma, pueden ser inducidos a hacer la menor concesión a un».","la vida misma, pueden ser inducidos a hacer la menor concesión a un",PR41-P042-F09,PR41-P042-F09-VARIANTS,verified,
PR41-0119,PR39-44,PR41,"PDF p.38, PR41, párrafo 1",multiple_choice,expert,propósito del sueño y orgullo del rey,"Según PDF p.38, PR41, párrafo 1, en el pasaje sobre propósito del sueño y orgullo del rey, ¿Cuál opción mantiene sin alterar el detalle y el orden de la fuente? Marco: «la parte que le tocaba [DETALLE] en la historia del mundo y la»","[""la parte que le tocaba comprender en la historia del mundo y la"", ""la parte que le tocaba contemplar en la historia del mundo y la"", ""la parte que le tocaba desagradar en la historia del mundo y la"", ""la parte que le tocaba desempeñar en la historia del mundo y la""]",3,la parte que le tocaba desempeñar en la historia del mundo y la,La opción correcta conserva el detalle «desempeñar» tal como aparece en la fuente: «la parte que le tocaba desempeñar en la historia del mundo y la».,la parte que le tocaba desempeñar en la historia del mundo y la,PR41-P038-F05,PR41-P038-F05-VARIANTS,verified,
PR41-0120,PR39-44,PR41,"PDF p.39, PR41, párrafo 1",true_false,hard,"estatua de oro, símbolo falseado y dedicación","Según PDF p.39, PR41, párrafo 1, en el pasaje sobre estatua de oro, símbolo falseado y dedicación, determine si el detalle entre corchetes hace verdadera o falsa esta afirmación: «Aunque acostumbrados a magníficas ⟦representaciones⟧ de sus divinidades paganas, los caldeos no habían producido antes cosa alguna tan imponente ni majestuosa como esta estatua resplandeciente, de sesenta codos de altura y seis codos de anchura.»","[""Verdadero"", ""Falso""]",0,Verdadero,"La afirmación coincide con el PDF: «Aunque acostumbrados a magníficas representaciones de sus divinidades paganas, los caldeos no».","Aunque acostumbrados a magníficas representaciones de sus divinidades paganas, los caldeos no",PR41-P039-F16,PR41-P039-F16-VARIANTS,verified,
PR41-0121,PR39-44,PR41,"PDF p.40, PR41, párrafo 1",fill_blank,medium,acusación y fidelidad de los tres hebreos,"Según PDF p.40, PR41, párrafo 1, en el pasaje sobre acusación y fidelidad de los tres hebreos, complete la formulación del PDF: «Si tan sólo _____ buena disposición a unirse con la multitud para adorar la imagen, les iría bien»","[""amenazaba"", ""esperaban"", ""evidencia"", ""indicaban""]",3,indicaban,El PDF emplea la expresión «indicaban» en este contexto: «Si tan sólo indicaban buena disposición a unirse con la multitud».,Si tan sólo indicaban buena disposición a unirse con la multitud,PR41-P040-F15,PR41-P040-F15-VARIANTS,verified,
PR41-0122,PR39-44,PR41,"PDF p.41, PR41, párrafo 1",multiple_choice,expert,"cuarta persona, liberación y proclamación","Según PDF p.41, PR41, párrafo 1, en el pasaje sobre cuarta persona, liberación y proclamación, ¿Cuál opción mantiene sin alterar el detalle y el orden de la fuente? Marco: «como el fuego no se [DETALLE] de sus cuerpos, ni cabello de sus»","[""como el fuego no se enseñoreó de sus cuerpos, ni cabello de sus"", ""como el fuego no se convenció de sus cuerpos, ni cabello de sus"", ""como el fuego no se reconoció de sus cuerpos, ni cabello de sus"", ""como el fuego no se desvaneció de sus cuerpos, ni cabello de sus""]",0,"como el fuego no se enseñoreó de sus cuerpos, ni cabello de sus","La opción correcta conserva el detalle «enseñoreó» tal como aparece en la fuente: «como el fuego no se enseñoreó de sus cuerpos, ni cabello de sus».","como el fuego no se enseñoreó de sus cuerpos, ni cabello de sus",PR41-P041-F19,PR41-P041-F19-VARIANTS,verified,
PR41-0123,PR39-44,PR41,"PDF p.42, PR41, párrafo 1",true_false,hard,"poder civil, sábado y fidelidad final","Según PDF p.42, PR41, párrafo 1, en el pasaje sobre poder civil, sábado y fidelidad final, determine si el detalle entre corchetes hace verdadera o falsa esta afirmación: «Sus hijos deberán dejar manifiesto que él es el único objeto de su adoración, y que por ninguna consideración, ni siquiera de la vida misma, pueden ser inducidos a hacer la menor ⟦concesión⟧ a un culto falso.»","[""Verdadero"", ""Falso""]",0,Verdadero,La afirmación coincide con el PDF: «inducidos a hacer la menor concesión a un culto falso».,inducidos a hacer la menor concesión a un culto falso,PR41-P042-F10,PR41-P042-F10-VARIANTS,verified,
PR41-0124,PR39-44,PR41,"PDF p.38, PR41, párrafo 1",fill_blank,medium,propósito del sueño y orgullo del rey,"Según PDF p.38, PR41, párrafo 1, en el pasaje sobre propósito del sueño y orgullo del rey, complete la formulación del PDF: «En la _____ del sueño, se le había instruído claramente acerca del establecimiento del reino eterno de Dios.»","[""interpretación"", ""consideración"", ""desobediencia"", ""determinación""]",0,interpretación,"El PDF emplea la expresión «interpretación» en este contexto: «En la interpretación del sueño, se le había instruído claramente».","En la interpretación del sueño, se le había instruído claramente",PR41-P038-F14,PR41-P038-F14-VARIANTS,verified,
PR41-0125,PR39-44,PR41,"PDF p.39, PR41, párrafo 1",multiple_choice,hard,"estatua de oro, símbolo falseado y dedicación","Según PDF p.39, PR41, párrafo 1, en el pasaje sobre estatua de oro, símbolo falseado y dedicación, ¿Qué opción restituye con precisión la relación descrita? Marco: «a magníficas representaciones de sus [DETALLE] paganas, los caldeos no habían producido antes»","[""a magníficas representaciones de sus gobernantes paganas, los caldeos no habían producido antes"", ""a magníficas representaciones de sus divinidades paganas, los caldeos no habían producido antes"", ""a magníficas representaciones de sus presidentes paganas, los caldeos no habían producido antes"", ""a magníficas representaciones de sus principales paganas, los caldeos no habían producido antes""]",1,"a magníficas representaciones de sus divinidades paganas, los caldeos no habían producido antes","La opción correcta conserva el detalle «divinidades» tal como aparece en la fuente: «a magníficas representaciones de sus divinidades paganas, los caldeos no habían producido antes».","a magníficas representaciones de sus divinidades paganas, los caldeos no habían producido antes",PR41-P039-F17,PR41-P039-F17-VARIANTS,verified,
PR41-0126,PR39-44,PR41,"PDF p.40, PR41, párrafo 1",true_false,hard,acusación y fidelidad de los tres hebreos,"Según PDF p.40, PR41, párrafo 1, en el pasaje sobre acusación y fidelidad de los tres hebreos, determine si el detalle entre corchetes hace verdadera o falsa esta afirmación: «Si tan sólo indicaban buena ⟦convocación⟧ a unirse con la multitud para adorar la imagen, les iría bien»","[""Verdadero"", ""Falso""]",1,Falso,"La afirmación cambia «disposición». La corrección exacta es: «Si tan sólo indicaban buena disposición a unirse con la multitud para adorar la imagen, les iría bien»",Si tan sólo indicaban buena disposición a unirse con la multitud para adorar,PR41-P040-F16,PR41-P040-F16-VARIANTS,verified,"Si tan sólo indicaban buena disposición a unirse con la multitud para adorar la imagen, les iría bien"
PR41-0127,PR39-44,PR41,"PDF p.41, PR41, párrafo 2",fill_blank,medium,"cuarta persona, liberación y proclamación","Según PDF p.41, PR41, párrafo 2, en el pasaje sobre cuarta persona, liberación y proclamación, complete la formulación del PDF: «Olvidada quedó la gran imagen de oro, _____ con tanta pompa.»","[""acarreado"", ""levantada"", ""aprendido"", ""atribuído""]",1,levantada,"El PDF emplea la expresión «levantada» en este contexto: «la gran imagen de oro, levantada con tanta pompa».","la gran imagen de oro, levantada con tanta pompa",PR41-P041-F29,PR41-P041-F29-VARIANTS,verified,
PR41-0128,PR39-44,PR41,"PDF p.42, PR41, párrafo 1",multiple_choice,hard,"poder civil, sábado y fidelidad final","Según PDF p.42, PR41, párrafo 1, en el pasaje sobre poder civil, sábado y fidelidad final, ¿Qué opción restituye con precisión la relación descrita? Marco: «Para el corazón leal, los [DETALLE] de hombres pecaminosos y finitos son insignificantes»","[""Para el corazón leal, los gobernadores de hombres pecaminosos y finitos son insignificantes"", ""Para el corazón leal, los divinidades de hombres pecaminosos y finitos son insignificantes"", ""Para el corazón leal, los mandamientos de hombres pecaminosos y finitos son insignificantes"", ""Para el corazón leal, los especuladores de hombres pecaminosos y finitos son insignificantes""]",2,"Para el corazón leal, los mandamientos de hombres pecaminosos y finitos son insignificantes","La opción correcta conserva el detalle «mandamientos» tal como aparece en la fuente: «Para el corazón leal, los mandamientos de hombres pecaminosos y finitos son insignificantes».","Para el corazón leal, los mandamientos de hombres pecaminosos y finitos son insignificantes",PR41-P042-F18,PR41-P042-F18-VARIANTS,verified,
PR41-0129,PR39-44,PR41,"PDF p.38, PR41, párrafo 1",true_false,medium,propósito del sueño y orgullo del rey,"Según PDF p.38, PR41, párrafo 1, en el pasaje sobre propósito del sueño y orgullo del rey, determine si el detalle entre corchetes hace verdadera o falsa esta afirmación: «En la interpretación del sueño, se le había ⟦instruído⟧ claramente acerca del establecimiento del reino eterno de Dios.»","[""Verdadero"", ""Falso""]",0,Verdadero,"La afirmación coincide con el PDF: «del sueño, se le había instruído claramente acerca del establecimiento del reino eterno».","del sueño, se le había instruído claramente acerca del establecimiento del reino eterno",PR41-P038-F15,PR41-P038-F15-VARIANTS,verified,
PR41-0130,PR39-44,PR41,"PDF p.39, PR41, párrafo 1",fill_blank,hard,"estatua de oro, símbolo falseado y dedicación","Según PDF p.39, PR41, párrafo 1, en el pasaje sobre estatua de oro, símbolo falseado y dedicación, complete la formulación del PDF: «Aunque acostumbrados a magníficas representaciones de sus divinidades paganas, los caldeos no habían _____ antes cosa alguna tan imponente ni majestuosa como esta estatua resplandeciente, de sesenta codos de altura y seis codos de anchura.»","[""acarreado"", ""aprendido"", ""producido"", ""atribuído""]",2,producido,"El PDF emplea la expresión «producido» en este contexto: «paganas, los caldeos no habían producido antes cosa alguna tan imponente ni majestuosa».","paganas, los caldeos no habían producido antes cosa alguna tan imponente ni majestuosa",PR41-P039-F18,PR41-P039-F18-VARIANTS,verified,
PR41-0131,PR39-44,PR41,"PDF p.40, PR41, párrafo 1",multiple_choice,medium,acusación y fidelidad de los tres hebreos,"Según PDF p.40, PR41, párrafo 1, en el pasaje sobre acusación y fidelidad de los tres hebreos, ¿Cuál opción conserva el dato exacto de la fuente? Marco: «pero “si no la [DETALLE]—añadió,—en la misma hora seréis echados»","[""pero “si no la adoración—añadió,—en la misma hora seréis echados"", ""pero “si no la autoridad—añadió,—en la misma hora seréis echados"", ""pero “si no la blasfemia—añadió,—en la misma hora seréis echados"", ""pero “si no la adorareis—añadió,—en la misma hora seréis echados""]",3,"pero “si no la adorareis—añadió,—en la misma hora seréis echados","La opción correcta conserva el detalle «adorareis» tal como aparece en la fuente: «pero “si no la adorareis—añadió,—en la misma hora seréis echados».","pero “si no la adorareis—añadió,—en la misma hora seréis echados",PR41-P040-F22,PR41-P040-F22-VARIANTS,verified,
PR41-0132,PR39-44,PR41,"PDF p.41, PR41, párrafo 2",true_false,medium,"cuarta persona, liberación y proclamación","Según PDF p.41, PR41, párrafo 2, en el pasaje sobre cuarta persona, liberación y proclamación, determine si el detalle entre corchetes hace verdadera o falsa esta afirmación: «En la ⟦adoración⟧ del Dios viviente, los hombres temieron y temblaron.»","[""Verdadero"", ""Falso""]",1,Falso,"La afirmación cambia «presencia». La corrección exacta es: «En la presencia del Dios viviente, los hombres temieron y temblaron.»","En la presencia del Dios viviente, los hombres temieron y",PR41-P041-F36,PR41-P041-F36-VARIANTS,verified,"En la presencia del Dios viviente, los hombres temieron y temblaron."
PR41-0133,PR39-44,PR41,"PDF p.42, PR41, párrafo 1",fill_blank,medium,"poder civil, sábado y fidelidad final","Según PDF p.42, PR41, párrafo 1, en el pasaje sobre poder civil, sábado y fidelidad final, complete la formulación del PDF: «Para el corazón leal, los mandamientos de hombres _____ y finitos son insignificantes frente a la Palabra del Dios eterno.»","[""adivinanzas"", ""babilónicos"", ""bendecirlos"", ""pecaminosos""]",3,pecaminosos,"El PDF emplea la expresión «pecaminosos» en este contexto: «leal, los mandamientos de hombres pecaminosos y finitos son insignificantes frente a la».","leal, los mandamientos de hombres pecaminosos y finitos son insignificantes frente a la",PR41-P042-F19,PR41-P042-F19-VARIANTS,verified,
PR41-0134,PR39-44,PR41,"PDF p.38, PR41, párrafo 1",multiple_choice,medium,propósito del sueño y orgullo del rey,"Según PDF p.38, PR41, párrafo 1, en el pasaje sobre propósito del sueño y orgullo del rey, ¿Cuál opción conserva el dato exacto de la fuente? Marco: «sueño, se le había instruído [DETALLE] acerca del establecimiento del reino eterno de»","[""sueño, se le había instruído claramente acerca del establecimiento del reino eterno de"", ""sueño, se le había instruído finalmente acerca del establecimiento del reino eterno de"", ""sueño, se le había instruído firmemente acerca del establecimiento del reino eterno de"", ""sueño, se le había instruído lentamente acerca del establecimiento del reino eterno de""]",0,"sueño, se le había instruído claramente acerca del establecimiento del reino eterno de","La opción correcta conserva el detalle «claramente» tal como aparece en la fuente: «sueño, se le había instruído claramente acerca del establecimiento del reino eterno de».","sueño, se le había instruído claramente acerca del establecimiento del reino eterno de",PR41-P038-F16,PR41-P038-F16-VARIANTS,verified,
PR41-0135,PR39-44,PR41,"PDF p.39, PR41, párrafo 1",true_false,hard,"estatua de oro, símbolo falseado y dedicación","Según PDF p.39, PR41, párrafo 1, en el pasaje sobre estatua de oro, símbolo falseado y dedicación, determine si el detalle entre corchetes hace verdadera o falsa esta afirmación: «Aunque acostumbrados a magníficas representaciones de sus divinidades paganas, los caldeos no habían producido antes cosa alguna tan ⟦abrumador⟧ ni majestuosa como esta estatua resplandeciente, de sesenta codos de altura y seis codos de anchura.»","[""Verdadero"", ""Falso""]",1,Falso,"La afirmación cambia «imponente». La corrección exacta es: «Aunque acostumbrados a magníficas representaciones de sus divinidades paganas, los caldeos no habían producido antes cosa alguna tan imponente ni majestuosa como esta estatua resplandeciente, de sesenta codos de altura y seis codos de anchura.»","producido antes cosa alguna tan imponente ni majestuosa como esta estatua resplandeciente, de",PR41-P039-F19,PR41-P039-F19-VARIANTS,verified,"Aunque acostumbrados a magníficas representaciones de sus divinidades paganas, los caldeos no habían producido antes cosa alguna tan imponente ni majestuosa como esta estatua resplandeciente, de sesenta codos de altura y seis codos de anchura."
PR41-0136,PR39-44,PR41,"PDF p.40, PR41, párrafo 1",fill_blank,hard,acusación y fidelidad de los tres hebreos,"Según PDF p.40, PR41, párrafo 1, en el pasaje sobre acusación y fidelidad de los tres hebreos, complete la formulación del PDF: «Y con la mano _____ hacia arriba en son de desafío, preguntó: “¿Qué dios será aquel que os libre de mis manos?”»","[""extendida"", ""acarreado"", ""aprendido"", ""atribuído""]",0,extendida,"El PDF emplea la expresión «extendida» en este contexto: «Y con la mano extendida hacia arriba en son de desafío, preguntó».","Y con la mano extendida hacia arriba en son de desafío, preguntó",PR41-P040-F31,PR41-P040-F31-VARIANTS,verified,
PR41-0137,PR39-44,PR41,"PDF p.41, PR41, párrafo 2",multiple_choice,medium,"cuarta persona, liberación y proclamación","Según PDF p.41, PR41, párrafo 2, en el pasaje sobre cuarta persona, liberación y proclamación, ¿Cuál opción conserva el dato exacto de la fuente? Marco: «viviente, los hombres temieron y [DETALLE]»","[""viviente, los hombres temieron y acordaste"", ""viviente, los hombres temieron y temblaron"", ""viviente, los hombres temieron y confiaste"", ""viviente, los hombres temieron y engañaron""]",1,"viviente, los hombres temieron y temblaron","La opción correcta conserva el detalle «temblaron» tal como aparece en la fuente: «viviente, los hombres temieron y temblaron».","viviente, los hombres temieron y temblaron",PR41-P041-F37,PR41-P041-F37-VARIANTS,verified,
PR41-0138,PR39-44,PR41,"PDF p.42, PR41, párrafo 1",true_false,medium,"poder civil, sábado y fidelidad final","Según PDF p.42, PR41, párrafo 1, en el pasaje sobre poder civil, sábado y fidelidad final, determine si el detalle entre corchetes hace verdadera o falsa esta afirmación: «Para el corazón leal, los mandamientos de hombres pecaminosos y finitos son ⟦insignificantes⟧ frente a la Palabra del Dios eterno.»","[""Verdadero"", ""Falso""]",0,Verdadero,La afirmación coincide con el PDF: «hombres pecaminosos y finitos son insignificantes frente a la Palabra del Dios eterno».,hombres pecaminosos y finitos son insignificantes frente a la Palabra del Dios eterno,PR41-P042-F20,PR41-P042-F20-VARIANTS,verified,
PR41-0139,PR39-44,PR41,"PDF p.38, PR41, párrafo 1",fill_blank,medium,propósito del sueño y orgullo del rey,"Según PDF p.38, PR41, párrafo 1, en el pasaje sobre propósito del sueño y orgullo del rey, complete la formulación del PDF: «En la interpretación del sueño, se le había instruído claramente acerca del _____ del reino eterno de Dios.»","[""encarcelamiento"", ""establecimiento"", ""quebrantamiento"", ""misericordioso""]",1,establecimiento,El PDF emplea la expresión «establecimiento» en este contexto: «había instruído claramente acerca del establecimiento del reino eterno de Dios».,había instruído claramente acerca del establecimiento del reino eterno de Dios,PR41-P038-F17,PR41-P038-F17-VARIANTS,verified,
PR41-0140,PR39-44,PR41,"PDF p.39, PR41, párrafo 1",multiple_choice,hard,"estatua de oro, símbolo falseado y dedicación","Según PDF p.39, PR41, párrafo 1, en el pasaje sobre estatua de oro, símbolo falseado y dedicación, ¿Qué opción restituye con precisión la relación descrita? Marco: «cosa alguna tan imponente ni [DETALLE] como esta estatua resplandeciente, de sesenta codos»","[""cosa alguna tan imponente ni babilónico como esta estatua resplandeciente, de sesenta codos"", ""cosa alguna tan imponente ni destruidor como esta estatua resplandeciente, de sesenta codos"", ""cosa alguna tan imponente ni majestuosa como esta estatua resplandeciente, de sesenta codos"", ""cosa alguna tan imponente ni espiritual como esta estatua resplandeciente, de sesenta codos""]",2,"cosa alguna tan imponente ni majestuosa como esta estatua resplandeciente, de sesenta codos","La opción correcta conserva el detalle «majestuosa» tal como aparece en la fuente: «cosa alguna tan imponente ni majestuosa como esta estatua resplandeciente, de sesenta codos».","cosa alguna tan imponente ni majestuosa como esta estatua resplandeciente, de sesenta codos",PR41-P039-F20,PR41-P039-F20-VARIANTS,verified,
PR42-0001,PR39-44,PR42,"PDF p.43, PR42, párrafo 1",fill_blank,expert,"prosperidad, Babilonia y segundo sueño","Según PDF p.43, PR42, párrafo 1, en el pasaje sobre prosperidad, Babilonia y segundo sueño, complete la formulación del PDF: «Aunque exaltado hasta el pináculo de los honores mundanales y reconocido por la Inspiración misma como “_____” (Ezequiel 26:7), Nabucodonosor había atribuído a veces la gloria de su reino y el esplendor de su reinado al favor de Jehová.»","[""hijo de Dios"", ""tiempo del fin"", ""rey de reyes"", ""trono de zafiro""]",2,rey de reyes,"El PDF emplea la expresión «rey de reyes» en este contexto: «por la Inspiración misma como “rey de reyes” (Ezequiel 26:7), Nabucodonosor había atribuído a».","por la Inspiración misma como “rey de reyes” (Ezequiel 26:7), Nabucodonosor había atribuído a",PR42-P043-F01,PR42-P043-F01-VARIANTS,verified,
PR42-0002,PR39-44,PR42,"PDF p.44, PR42, párrafo 6",multiple_choice,expert,"árbol, vigilante, cepa y siete tiempos","Según PDF p.44, PR42, párrafo 6, en el pasaje sobre árbol, vigilante, cepa y siete tiempos, ¿Cuál opción mantiene sin alterar el detalle y el orden de la fuente? Marco: «hasta que pasen sobre él [DETALLE]: esta es la declaración, oh rey, y»","[""hasta que pasen sobre él sesenta codos: esta es la declaración, oh rey, y"", ""hasta que pasen sobre él siete veces: esta es la declaración, oh rey, y"", ""hasta que pasen sobre él seis codos: esta es la declaración, oh rey, y"", ""hasta que pasen sobre él siete tiempos: esta es la declaración, oh rey, y""]",3,"hasta que pasen sobre él siete tiempos: esta es la declaración, oh rey, y","La opción correcta conserva el detalle «siete tiempos» tal como aparece en la fuente: «hasta que pasen sobre él siete tiempos: esta es la declaración, oh rey, y».","hasta que pasen sobre él siete tiempos: esta es la declaración, oh rey, y",PR42-P044-F153,PR42-P044-F153-VARIANTS,verified,
PR42-0003,PR39-44,PR42,"PDF p.45, PR42, párrafo 5",fill_blank,expert,"interpretación, arrepentimiento y demora del juicio","Según PDF p.45, PR42, párrafo 5, en el pasaje sobre interpretación, arrepentimiento y demora del juicio, complete la formulación del PDF: «el reino es traspasado de ti: y de entre los hombres te echan, y con las bestias del campo será tu morada, y como a los bueyes te apacentarán: y _____ pasarán sobre ti, hasta que conozcas que el Altísimo se enseñorea en el reino de los hombres, y a quien él quisiere lo da.”»","[""sesenta codos"", ""siete veces"", ""seis codos"", ""siete tiempos""]",3,siete tiempos,"El PDF emplea la expresión «siete tiempos» en este contexto: «los bueyes te apacentarán: y siete tiempos pasarán sobre ti, hasta que conozcas que».","los bueyes te apacentarán: y siete tiempos pasarán sobre ti, hasta que conozcas que",PR42-P045-F125,PR42-P045-F125-VARIANTS,verified,
PR42-0004,PR39-44,PR42,"PDF p.46, PR42, párrafo 2",multiple_choice,expert,"humillación, restauración y grandeza","Según PDF p.46, PR42, párrafo 2, en el pasaje sobre humillación, restauración y grandeza, ¿Cuál opción mantiene sin alterar el detalle y el orden de la fuente? Marco: «había llegado a ser humilde [DETALLE]»","[""había llegado a ser humilde hijo de Dios"", ""había llegado a ser humilde rey de reyes"", ""había llegado a ser humilde tiempo del fin"", ""había llegado a ser humilde trono de zafiro""]",0,había llegado a ser humilde hijo de Dios,La opción correcta conserva el detalle «hijo de Dios» tal como aparece en la fuente: «había llegado a ser humilde hijo de Dios».,había llegado a ser humilde hijo de Dios,PR42-P046-F16,PR42-P046-F16-VARIANTS,verified,
PR42-0005,PR39-44,PR42,"PDF p.43, PR42, párrafo 1",fill_blank,hard,"prosperidad, Babilonia y segundo sueño","Según PDF p.43, PR42, párrafo 1, en el pasaje sobre prosperidad, Babilonia y segundo sueño, complete la formulación del PDF: «Aunque exaltado hasta el pináculo de los honores _____ y reconocido por la Inspiración misma como “rey de reyes” (Ezequiel 26:7), Nabucodonosor había atribuído a veces la gloria de su reino y el esplendor de su reinado al favor de Jehová.»","[""mundanales"", ""adoradores"", ""astrólogos"", ""cristianas""]",0,mundanales,El PDF emplea la expresión «mundanales» en este contexto: «el pináculo de los honores mundanales y reconocido por la Inspiración misma como».,el pináculo de los honores mundanales y reconocido por la Inspiración misma como,PR42-P043-F02,PR42-P043-F02-VARIANTS,verified,
PR42-0006,PR39-44,PR42,"PDF p.44, PR42, párrafo 1",multiple_choice,hard,"árbol, vigilante, cepa y siete tiempos","Según PDF p.44, PR42, párrafo 1, en el pasaje sobre árbol, vigilante, cepa y siete tiempos, ¿Qué opción restituye con precisión la relación descrita? Marco: «por el sueño, que era [DETALLE] una predicción de cosas adversas, el rey»","[""por el sueño, que era completamente una predicción de cosas adversas, el rey"", ""por el sueño, que era evidentemente una predicción de cosas adversas, el rey"", ""por el sueño, que era confiadamente una predicción de cosas adversas, el rey"", ""por el sueño, que era correctamente una predicción de cosas adversas, el rey""]",1,"por el sueño, que era evidentemente una predicción de cosas adversas, el rey","La opción correcta conserva el detalle «evidentemente» tal como aparece en la fuente: «por el sueño, que era evidentemente una predicción de cosas adversas, el rey».","por el sueño, que era evidentemente una predicción de cosas adversas, el rey",PR42-P044-F01,PR42-P044-F01-VARIANTS,verified,
PR42-0007,PR39-44,PR42,"PDF p.45, PR42, párrafo 1",fill_blank,hard,"interpretación, arrepentimiento y demora del juicio","Según PDF p.45, PR42, párrafo 1, en el pasaje sobre interpretación, arrepentimiento y demora del juicio, complete la formulación del PDF: «Habiendo interpretado _____ el sueño, Daniel rogó al orgulloso monarca que se arrepintiese y se volviese a Dios, para que haciendo el bien evitase la calamidad que le amenazaba.»","[""claramente"", ""fielmente"", ""finalmente"", ""firmemente""]",1,fielmente,"El PDF emplea la expresión «fielmente» en este contexto: «Habiendo interpretado fielmente el sueño, Daniel rogó al orgulloso monarca».","Habiendo interpretado fielmente el sueño, Daniel rogó al orgulloso monarca",PR42-P045-F01,PR42-P045-F01-VARIANTS,verified,
PR42-0008,PR39-44,PR42,"PDF p.46, PR42, párrafo 2",multiple_choice,expert,"humillación, restauración y grandeza","Según PDF p.46, PR42, párrafo 2, en el pasaje sobre humillación, restauración y grandeza, ¿Cuál opción mantiene sin alterar el detalle y el orden de la fuente? Marco: «reprensión de Aquel que es [DETALLE] y Señor de señores, Nabucodonosor había aprendido»","[""reprensión de Aquel que es hijo de Dios y Señor de señores, Nabucodonosor había aprendido"", ""reprensión de Aquel que es tiempo del fin y Señor de señores, Nabucodonosor había aprendido"", ""reprensión de Aquel que es Rey de reyes y Señor de señores, Nabucodonosor había aprendido"", ""reprensión de Aquel que es trono de zafiro y Señor de señores, Nabucodonosor había aprendido""]",2,"reprensión de Aquel que es Rey de reyes y Señor de señores, Nabucodonosor había aprendido","La opción correcta conserva el detalle «Rey de reyes» tal como aparece en la fuente: «reprensión de Aquel que es Rey de reyes y Señor de señores, Nabucodonosor había aprendido».","reprensión de Aquel que es Rey de reyes y Señor de señores, Nabucodonosor había aprendido",PR42-P046-F40,PR42-P046-F40-VARIANTS,verified,
PR42-0009,PR39-44,PR42,"PDF p.43, PR42, párrafo 1",fill_blank,hard,"prosperidad, Babilonia y segundo sueño","Según PDF p.43, PR42, párrafo 1, en el pasaje sobre prosperidad, Babilonia y segundo sueño, complete la formulación del PDF: «Aunque exaltado hasta el pináculo de los honores mundanales y _____ por la Inspiración misma como “rey de reyes” (Ezequiel 26:7), Nabucodonosor había atribuído a veces la gloria de su reino y el esplendor de su reinado al favor de Jehová.»","[""arrostrado"", ""blasfemado"", ""reconocido"", ""confirmado""]",2,reconocido,El PDF emplea la expresión «reconocido» en este contexto: «de los honores mundanales y reconocido por la Inspiración misma como “rey de».,de los honores mundanales y reconocido por la Inspiración misma como “rey de,PR42-P043-F03,PR42-P043-F03-VARIANTS,verified,
PR42-0010,PR39-44,PR42,"PDF p.44, PR42, párrafo 1",multiple_choice,hard,"árbol, vigilante, cepa y siete tiempos","Según PDF p.44, PR42, párrafo 1, en el pasaje sobre árbol, vigilante, cepa y siete tiempos, ¿Qué opción restituye con precisión la relación descrita? Marco: «sueño, que era evidentemente una [DETALLE] de cosas adversas, el rey lo relató»","[""sueño, que era evidentemente una apariencia de cosas adversas, el rey lo relató"", ""sueño, que era evidentemente una casualidad de cosas adversas, el rey lo relató"", ""sueño, que era evidentemente una cautividad de cosas adversas, el rey lo relató"", ""sueño, que era evidentemente una predicción de cosas adversas, el rey lo relató""]",3,"sueño, que era evidentemente una predicción de cosas adversas, el rey lo relató","La opción correcta conserva el detalle «predicción» tal como aparece en la fuente: «sueño, que era evidentemente una predicción de cosas adversas, el rey lo relató».","sueño, que era evidentemente una predicción de cosas adversas, el rey lo relató",PR42-P044-F02,PR42-P044-F02-VARIANTS,verified,
PR42-0011,PR39-44,PR42,"PDF p.45, PR42, párrafo 1",fill_blank,hard,"interpretación, arrepentimiento y demora del juicio","Según PDF p.45, PR42, párrafo 1, en el pasaje sobre interpretación, arrepentimiento y demora del juicio, complete la formulación del PDF: «Habiendo interpretado fielmente el sueño, Daniel rogó al _____ monarca que se arrepintiese y se volviese a Dios, para que haciendo el bien evitase la calamidad que le amenazaba.»","[""consejero"", ""escenario"", ""esplendor"", ""orgulloso""]",3,orgulloso,"El PDF emplea la expresión «orgulloso» en este contexto: «el sueño, Daniel rogó al orgulloso monarca que se arrepintiese y se volviese».","el sueño, Daniel rogó al orgulloso monarca que se arrepintiese y se volviese",PR42-P045-F02,PR42-P045-F02-VARIANTS,verified,
PR42-0012,PR39-44,PR42,"PDF p.46, PR42, párrafo 2",multiple_choice,expert,"humillación, restauración y grandeza","Según PDF p.46, PR42, párrafo 2, en el pasaje sobre humillación, restauración y grandeza, ¿Cuál opción mantiene sin alterar el detalle y el orden de la fuente? Marco: «Reconoció a Jehová como el [DETALLE], diciendo: “Ahora yo Nabucodonosor alabo, engrandezco y»","[""Reconoció a Jehová como el Dios viviente, diciendo: “Ahora yo Nabucodonosor alabo, engrandezco y"", ""Reconoció a Jehová como el reino eterno, diciendo: “Ahora yo Nabucodonosor alabo, engrandezco y"", ""Reconoció a Jehová como el río Eufrates, diciendo: “Ahora yo Nabucodonosor alabo, engrandezco y"", ""Reconoció a Jehová como el verdadero éxito, diciendo: “Ahora yo Nabucodonosor alabo, engrandezco y""]",0,"Reconoció a Jehová como el Dios viviente, diciendo: “Ahora yo Nabucodonosor alabo, engrandezco y","La opción correcta conserva el detalle «Dios viviente» tal como aparece en la fuente: «Reconoció a Jehová como el Dios viviente, diciendo: “Ahora yo Nabucodonosor alabo, engrandezco y».","Reconoció a Jehová como el Dios viviente, diciendo: “Ahora yo Nabucodonosor alabo, engrandezco y",PR42-P046-F52,PR42-P046-F52-VARIANTS,verified,
PR42-0013,PR39-44,PR42,"PDF p.43, PR42, párrafo 1",true_false,expert,"prosperidad, Babilonia y segundo sueño","Según PDF p.43, PR42, párrafo 1, en el pasaje sobre prosperidad, Babilonia y segundo sueño, determine si el detalle entre corchetes hace verdadera o falsa esta afirmación: «Aunque exaltado hasta el pináculo de los honores mundanales y reconocido por la ⟦convocación⟧ misma como “rey de reyes” (Ezequiel 26:7), Nabucodonosor había atribuído a veces la gloria de su reino y el esplendor de su reinado al favor de Jehová.»","[""Verdadero"", ""Falso""]",1,Falso,"La afirmación cambia «Inspiración». La corrección exacta es: «Aunque exaltado hasta el pináculo de los honores mundanales y reconocido por la Inspiración misma como “rey de reyes” (Ezequiel 26:7), Nabucodonosor había atribuído a veces la gloria de su reino y el esplendor de su reinado al favor de Jehová.»",mundanales y reconocido por la Inspiración misma como “rey de reyes” (Ezequiel 26,PR42-P043-F04,PR42-P043-F04-VARIANTS,verified,"Aunque exaltado hasta el pináculo de los honores mundanales y reconocido por la Inspiración misma como “rey de reyes” (Ezequiel 26:7), Nabucodonosor había atribuído a veces la gloria de su reino y el esplendor de su reinado al favor de Jehová."
PR42-0014,PR39-44,PR42,"PDF p.44, PR42, párrafo 1",fill_blank,hard,"árbol, vigilante, cepa y siete tiempos","Según PDF p.44, PR42, párrafo 1, en el pasaje sobre árbol, vigilante, cepa y siete tiempos, complete la formulación del PDF: «Muy perturbado por el sueño, que era evidentemente una predicción de cosas adversas, el rey lo relató a los “magos, _____, Caldeos, y adivinos;” pero, aunque el sueño era muy explícito, ninguno de los sabios pudo interpretarlo.»","[""astrólogos"", ""adoradores"", ""cristianas"", ""debiéramos""]",0,astrólogos,"El PDF emplea la expresión «astrólogos» en este contexto: «lo relató a los “magos, astrólogos, Caldeos, y adivinos;” pero, aunque el sueño».","lo relató a los “magos, astrólogos, Caldeos, y adivinos;” pero, aunque el sueño",PR42-P044-F03,PR42-P044-F03-VARIANTS,verified,
PR42-0015,PR39-44,PR42,"PDF p.45, PR42, párrafo 1",multiple_choice,hard,"interpretación, arrepentimiento y demora del juicio","Según PDF p.45, PR42, párrafo 1, en el pasaje sobre interpretación, arrepentimiento y demora del juicio, ¿Qué opción restituye con precisión la relación descrita? Marco: «al orgulloso monarca que se [DETALLE] y se volviese a Dios, para que»","[""al orgulloso monarca que se comprendiese y se volviese a Dios, para que"", ""al orgulloso monarca que se arrepintiese y se volviese a Dios, para que"", ""al orgulloso monarca que se estuviesen y se volviese a Dios, para que"", ""al orgulloso monarca que se habitasen y se volviese a Dios, para que""]",1,"al orgulloso monarca que se arrepintiese y se volviese a Dios, para que","La opción correcta conserva el detalle «arrepintiese» tal como aparece en la fuente: «al orgulloso monarca que se arrepintiese y se volviese a Dios, para que».","al orgulloso monarca que se arrepintiese y se volviese a Dios, para que",PR42-P045-F03,PR42-P045-F03-VARIANTS,verified,
PR42-0016,PR39-44,PR42,"PDF p.46, PR42, párrafo 1",true_false,expert,"humillación, restauración y grandeza","Según PDF p.46, PR42, párrafo 1, en el pasaje sobre humillación, restauración y grandeza, determine si el detalle entre corchetes hace verdadera o falsa esta afirmación: «“En el mismo tiempo mi sentido me fué vuelto, y la majestad de mi reino, mi dignidad y mi grandeza ⟦acordaste⟧ a mí, y mis gobernadores y mis grandes me buscaron»","[""Verdadero"", ""Falso""]",1,Falso,"La afirmación cambia «volvieron». La corrección exacta es: «“En el mismo tiempo mi sentido me fué vuelto, y la majestad de mi reino, mi dignidad y mi grandeza volvieron a mí, y mis gobernadores y mis grandes me buscaron»","mi dignidad y mi grandeza volvieron a mí, y mis gobernadores y mis",PR42-P046-F01,PR42-P046-F01-VARIANTS,verified,"“En el mismo tiempo mi sentido me fué vuelto, y la majestad de mi reino, mi dignidad y mi grandeza volvieron a mí, y mis gobernadores y mis grandes me buscaron"
PR42-0017,PR39-44,PR42,"PDF p.43, PR42, párrafo 1",fill_blank,easy,"prosperidad, Babilonia y segundo sueño","Según PDF p.43, PR42, párrafo 1, en el pasaje sobre prosperidad, Babilonia y segundo sueño, complete la formulación del PDF: «Aunque exaltado hasta el pináculo de los honores mundanales y reconocido por la Inspiración misma como “rey de reyes” (Ezequiel 26:7), _____ había atribuído a veces la gloria de su reino y el esplendor de su reinado al favor de Jehová.»","[""Abed-nego"", ""Nabucodonosor"", ""Beltsasar"", ""Belsasar""]",1,Nabucodonosor,"El PDF emplea la expresión «Nabucodonosor» en este contexto: «de reyes” (Ezequiel 26:7), Nabucodonosor había atribuído a veces la gloria de».","de reyes” (Ezequiel 26:7), Nabucodonosor había atribuído a veces la gloria de",PR42-P043-F05,PR42-P043-F05-VARIANTS,verified,
PR42-0018,PR39-44,PR42,"PDF p.44, PR42, párrafo 1",multiple_choice,hard,"árbol, vigilante, cepa y siete tiempos","Según PDF p.44, PR42, párrafo 1, en el pasaje sobre árbol, vigilante, cepa y siete tiempos, ¿Qué opción restituye con precisión la relación descrita? Marco: «aunque el sueño era muy [DETALLE], ninguno de los sabios pudo interpretarlo»","[""aunque el sueño era muy abrumador, ninguno de los sabios pudo interpretarlo"", ""aunque el sueño era muy aliviarla, ninguno de los sabios pudo interpretarlo"", ""aunque el sueño era muy explícito, ninguno de los sabios pudo interpretarlo"", ""aunque el sueño era muy atestiguó, ninguno de los sabios pudo interpretarlo""]",2,"aunque el sueño era muy explícito, ninguno de los sabios pudo interpretarlo","La opción correcta conserva el detalle «explícito» tal como aparece en la fuente: «aunque el sueño era muy explícito, ninguno de los sabios pudo interpretarlo».","aunque el sueño era muy explícito, ninguno de los sabios pudo interpretarlo",PR42-P044-F04,PR42-P044-F04-VARIANTS,verified,
PR42-0019,PR39-44,PR42,"PDF p.45, PR42, párrafo 1",true_false,hard,"interpretación, arrepentimiento y demora del juicio","Según PDF p.45, PR42, párrafo 1, en el pasaje sobre interpretación, arrepentimiento y demora del juicio, determine si el detalle entre corchetes hace verdadera o falsa esta afirmación: «Habiendo interpretado fielmente el sueño, Daniel rogó al orgulloso monarca que se arrepintiese y se volviese a Dios, para que haciendo el bien evitase la ⟦calamidad⟧ que le amenazaba.»","[""Verdadero"", ""Falso""]",0,Verdadero,La afirmación coincide con el PDF: «haciendo el bien evitase la calamidad que le amenazaba».,haciendo el bien evitase la calamidad que le amenazaba,PR42-P045-F04,PR42-P045-F04-VARIANTS,verified,
PR42-0020,PR39-44,PR42,"PDF p.46, PR42, párrafo 1",fill_blank,hard,"humillación, restauración y grandeza","Según PDF p.46, PR42, párrafo 1, en el pasaje sobre humillación, restauración y grandeza, complete la formulación del PDF: «“En el mismo tiempo mi sentido me fué vuelto, y la majestad de mi reino, mi dignidad y mi grandeza volvieron a mí, y mis _____ y mis grandes me buscaron»","[""contemplamos"", ""encantadores"", ""gobernadores"", ""espirituales""]",2,gobernadores,"El PDF emplea la expresión «gobernadores» en este contexto: «volvieron a mí, y mis gobernadores y mis grandes me buscaron».","volvieron a mí, y mis gobernadores y mis grandes me buscaron",PR42-P046-F02,PR42-P046-F02-VARIANTS,verified,
PR42-0021,PR39-44,PR42,"PDF p.43, PR42, párrafo 1",multiple_choice,expert,"prosperidad, Babilonia y segundo sueño","Según PDF p.43, PR42, párrafo 1, en el pasaje sobre prosperidad, Babilonia y segundo sueño, ¿Cuál opción mantiene sin alterar el detalle y el orden de la fuente? Marco: «Ezequiel 26:7), Nabucodonosor había [DETALLE] a veces la gloria de su reino»","[""Ezequiel 26:7), Nabucodonosor había acarreado a veces la gloria de su reino"", ""Ezequiel 26:7), Nabucodonosor había aprendido a veces la gloria de su reino"", ""Ezequiel 26:7), Nabucodonosor había concedido a veces la gloria de su reino"", ""Ezequiel 26:7), Nabucodonosor había atribuído a veces la gloria de su reino""]",3,"Ezequiel 26:7), Nabucodonosor había atribuído a veces la gloria de su reino","La opción correcta conserva el detalle «atribuído» tal como aparece en la fuente: «Ezequiel 26:7), Nabucodonosor había atribuído a veces la gloria de su reino».","Ezequiel 26:7), Nabucodonosor había atribuído a veces la gloria de su reino",PR42-P043-F06,PR42-P043-F06-VARIANTS,verified,
PR42-0022,PR39-44,PR42,"PDF p.44, PR42, párrafo 1",true_false,expert,"árbol, vigilante, cepa y siete tiempos","Según PDF p.44, PR42, párrafo 1, en el pasaje sobre árbol, vigilante, cepa y siete tiempos, determine si el detalle entre corchetes hace verdadera o falsa esta afirmación: «Muy perturbado por el sueño, que era evidentemente una predicción de cosas adversas, el rey lo relató a los “magos, astrólogos, Caldeos, y adivinos;” pero, aunque el sueño era muy explícito, ninguno de los sabios pudo ⟦atestiguarse⟧.»","[""Verdadero"", ""Falso""]",1,Falso,"La afirmación cambia «interpretarlo». La corrección exacta es: «Muy perturbado por el sueño, que era evidentemente una predicción de cosas adversas, el rey lo relató a los “magos, astrólogos, Caldeos, y adivinos;” pero, aunque el sueño era muy explícito, ninguno de los sabios pudo interpretarlo.»",ninguno de los sabios pudo interpretarlo,PR42-P044-F05,PR42-P044-F05-VARIANTS,verified,"Muy perturbado por el sueño, que era evidentemente una predicción de cosas adversas, el rey lo relató a los “magos, astrólogos, Caldeos, y adivinos;” pero, aunque el sueño era muy explícito, ninguno de los sabios pudo interpretarlo."
PR42-0023,PR39-44,PR42,"PDF p.45, PR42, párrafo 1",fill_blank,hard,"interpretación, arrepentimiento y demora del juicio","Según PDF p.45, PR42, párrafo 1, en el pasaje sobre interpretación, arrepentimiento y demora del juicio, complete la formulación del PDF: «Habiendo interpretado fielmente el sueño, Daniel rogó al orgulloso monarca que se arrepintiese y se volviese a Dios, para que haciendo el bien evitase la calamidad que le _____.»","[""esperaban"", ""evidencia"", ""indicaban"", ""amenazaba""]",3,amenazaba,El PDF emplea la expresión «amenazaba» en este contexto: «evitase la calamidad que le amenazaba».,evitase la calamidad que le amenazaba,PR42-P045-F05,PR42-P045-F05-VARIANTS,verified,
PR42-0024,PR39-44,PR42,"PDF p.46, PR42, párrafo 1",multiple_choice,hard,"humillación, restauración y grandeza","Según PDF p.46, PR42, párrafo 1, en el pasaje sobre humillación, restauración y grandeza, ¿Qué opción restituye con precisión la relación descrita? Marco: «y fuí [DETALLE] a mi reino, y mayor grandeza me»","[""y fuí restituído a mi reino, y mayor grandeza me"", ""y fuí arrostrado a mi reino, y mayor grandeza me"", ""y fuí blasfemado a mi reino, y mayor grandeza me"", ""y fuí confirmado a mi reino, y mayor grandeza me""]",0,"y fuí restituído a mi reino, y mayor grandeza me","La opción correcta conserva el detalle «restituído» tal como aparece en la fuente: «y fuí restituído a mi reino, y mayor grandeza me».","y fuí restituído a mi reino, y mayor grandeza me",PR42-P046-F12,PR42-P046-F12-VARIANTS,verified,
PR42-0025,PR39-44,PR42,"PDF p.43, PR42, párrafo 1",true_false,hard,"prosperidad, Babilonia y segundo sueño","Según PDF p.43, PR42, párrafo 1, en el pasaje sobre prosperidad, Babilonia y segundo sueño, determine si el detalle entre corchetes hace verdadera o falsa esta afirmación: «Aunque exaltado hasta el pináculo de los honores mundanales y reconocido por la Inspiración misma como “rey de reyes” (Ezequiel 26:7), Nabucodonosor había atribuído a veces la gloria de su reino y el ⟦esplendor⟧ de su reinado al favor de Jehová.»","[""Verdadero"", ""Falso""]",0,Verdadero,La afirmación coincide con el PDF: «de su reino y el esplendor de su reinado al favor de Jehová».,de su reino y el esplendor de su reinado al favor de Jehová,PR42-P043-F07,PR42-P043-F07-VARIANTS,verified,
PR42-0026,PR39-44,PR42,"PDF p.44, PR42, párrafo 1",fill_blank,hard,"árbol, vigilante, cepa y siete tiempos","Según PDF p.44, PR42, párrafo 1, en el pasaje sobre árbol, vigilante, cepa y siete tiempos, complete la formulación del PDF: «Una vez más, en esa nación idólatra, debía _____ el hecho de que únicamente los que aman y temen a Dios pueden comprender los misterios del reino de los cielos.»","[""atestiguarse"", ""determinarse"", ""interponerse"", ""desfallecer""]",0,atestiguarse,"El PDF emplea la expresión «atestiguarse» en este contexto: «en esa nación idólatra, debía atestiguarse el hecho de que únicamente los que».","en esa nación idólatra, debía atestiguarse el hecho de que únicamente los que",PR42-P044-F13,PR42-P044-F13-VARIANTS,verified,
PR42-0027,PR39-44,PR42,"PDF p.45, PR42, párrafo 1",multiple_choice,hard,"interpretación, arrepentimiento y demora del juicio","Según PDF p.45, PR42, párrafo 1, en el pasaje sobre interpretación, arrepentimiento y demora del juicio, ¿Qué opción restituye con precisión la relación descrita? Marco: «pecados con justicia, y tus [DETALLE] con misericordias para con los pobres»","[""pecados con justicia, y tus adivinanzas con misericordias para con los pobres"", ""pecados con justicia, y tus iniquidades con misericordias para con los pobres"", ""pecados con justicia, y tus babilónicos con misericordias para con los pobres"", ""pecados con justicia, y tus bendecirlos con misericordias para con los pobres""]",1,"pecados con justicia, y tus iniquidades con misericordias para con los pobres","La opción correcta conserva el detalle «iniquidades» tal como aparece en la fuente: «pecados con justicia, y tus iniquidades con misericordias para con los pobres».","pecados con justicia, y tus iniquidades con misericordias para con los pobres",PR42-P045-F13,PR42-P045-F13-VARIANTS,verified,
PR42-0028,PR39-44,PR42,"PDF p.46, PR42, párrafo 2",true_false,hard,"humillación, restauración y grandeza","Según PDF p.46, PR42, párrafo 2, en el pasaje sobre humillación, restauración y grandeza, determine si el detalle entre corchetes hace verdadera o falsa esta afirmación: «El que fuera una vez un ⟦consejero⟧ monarca había llegado a ser humilde hijo de Dios»","[""Verdadero"", ""Falso""]",1,Falso,La afirmación cambia «orgulloso». La corrección exacta es: «El que fuera una vez un orgulloso monarca había llegado a ser humilde hijo de Dios»,que fuera una vez un orgulloso monarca había llegado a ser humilde hijo,PR42-P046-F17,PR42-P046-F17-VARIANTS,verified,El que fuera una vez un orgulloso monarca había llegado a ser humilde hijo de Dios
PR42-0029,PR39-44,PR42,"PDF p.43, PR42, párrafo 1",fill_blank,expert,"prosperidad, Babilonia y segundo sueño","Según PDF p.43, PR42, párrafo 1, en el pasaje sobre prosperidad, Babilonia y segundo sueño, complete la formulación del PDF: «Su espíritu sintió la profunda _____ de esa visión y del pensamiento de que el Imperio Babilónico, por universal que fuera, iba a caer finalmente y otros reinos ejercerían el dominio, hasta que al fin todas las potencias terrenales cedieran su lugar a un reino establecido por el Dios del cielo para nunca ser destruido.»","[""abundancia"", ""influencia"", ""constancia"", ""describían""]",1,influencia,El PDF emplea la expresión «influencia» en este contexto: «Su espíritu sintió la profunda influencia de esa visión y del pensamiento de».,Su espíritu sintió la profunda influencia de esa visión y del pensamiento de,PR42-P043-F17,PR42-P043-F17-VARIANTS,verified,
PR42-0030,PR39-44,PR42,"PDF p.44, PR42, párrafo 1",multiple_choice,hard,"árbol, vigilante, cepa y siete tiempos","Según PDF p.44, PR42, párrafo 1, en el pasaje sobre árbol, vigilante, cepa y siete tiempos, ¿Qué opción restituye con precisión la relación descrita? Marco: «atestiguarse el hecho de que [DETALLE] los que aman y temen a Dios»","[""atestiguarse el hecho de que claramente los que aman y temen a Dios"", ""atestiguarse el hecho de que finalmente los que aman y temen a Dios"", ""atestiguarse el hecho de que únicamente los que aman y temen a Dios"", ""atestiguarse el hecho de que firmemente los que aman y temen a Dios""]",2,atestiguarse el hecho de que únicamente los que aman y temen a Dios,La opción correcta conserva el detalle «únicamente» tal como aparece en la fuente: «atestiguarse el hecho de que únicamente los que aman y temen a Dios».,atestiguarse el hecho de que únicamente los que aman y temen a Dios,PR42-P044-F14,PR42-P044-F14-VARIANTS,verified,
PR42-0031,PR39-44,PR42,"PDF p.45, PR42, párrafo 1",true_false,hard,"interpretación, arrepentimiento y demora del juicio","Según PDF p.45, PR42, párrafo 1, en el pasaje sobre interpretación, arrepentimiento y demora del juicio, determine si el detalle entre corchetes hace verdadera o falsa esta afirmación: «Suplicó el profeta: “Por tanto, oh rey, aprueba mi consejo, y redime tus pecados con justicia, y tus iniquidades con ⟦misericordias⟧ para con los pobres»","[""Verdadero"", ""Falso""]",0,Verdadero,"La afirmación coincide con el PDF: «justicia, y tus iniquidades con misericordias para con los pobres».","justicia, y tus iniquidades con misericordias para con los pobres",PR42-P045-F14,PR42-P045-F14-VARIANTS,verified,
PR42-0032,PR39-44,PR42,"PDF p.46, PR42, párrafo 2",fill_blank,easy,"humillación, restauración y grandeza","Según PDF p.46, PR42, párrafo 2, en el pasaje sobre humillación, restauración y grandeza, complete la formulación del PDF: «el gobernante tiránico e _____, era un rey sabio y compasivo.»","[""contrajuego"", ""defiéndante"", ""intolerante"", ""desapareció""]",2,intolerante,"El PDF emplea la expresión «intolerante» en este contexto: «el gobernante tiránico e intolerante, era un rey sabio y compasivo».","el gobernante tiránico e intolerante, era un rey sabio y compasivo",PR42-P046-F23,PR42-P046-F23-VARIANTS,verified,
PR42-0033,PR39-44,PR42,"PDF p.43, PR42, párrafo 1",multiple_choice,expert,"prosperidad, Babilonia y segundo sueño","Según PDF p.43, PR42, párrafo 1, en el pasaje sobre prosperidad, Babilonia y segundo sueño, ¿Cuál opción mantiene sin alterar el detalle y el orden de la fuente? Marco: «de esa visión y del [DETALLE] de que el Imperio Babilónico, por universal»","[""de esa visión y del mandamiento de que el Imperio Babilónico, por universal"", ""de esa visión y del Omnipotente de que el Imperio Babilónico, por universal"", ""de esa visión y del significado de que el Imperio Babilónico, por universal"", ""de esa visión y del pensamiento de que el Imperio Babilónico, por universal""]",3,"de esa visión y del pensamiento de que el Imperio Babilónico, por universal","La opción correcta conserva el detalle «pensamiento» tal como aparece en la fuente: «de esa visión y del pensamiento de que el Imperio Babilónico, por universal».","de esa visión y del pensamiento de que el Imperio Babilónico, por universal",PR42-P043-F18,PR42-P043-F18-VARIANTS,verified,
PR42-0034,PR39-44,PR42,"PDF p.44, PR42, párrafo 1",true_false,expert,"árbol, vigilante, cepa y siete tiempos","Según PDF p.44, PR42, párrafo 1, en el pasaje sobre árbol, vigilante, cepa y siete tiempos, determine si el detalle entre corchetes hace verdadera o falsa esta afirmación: «Una vez más, en esa nación idólatra, debía atestiguarse el hecho de que únicamente los que aman y temen a Dios pueden ⟦contemplar⟧ los misterios del reino de los cielos.»","[""Verdadero"", ""Falso""]",1,Falso,"La afirmación cambia «comprender». La corrección exacta es: «Una vez más, en esa nación idólatra, debía atestiguarse el hecho de que únicamente los que aman y temen a Dios pueden comprender los misterios del reino de los cielos.»",y temen a Dios pueden comprender los misterios del reino de los cielos,PR42-P044-F15,PR42-P044-F15-VARIANTS,verified,"Una vez más, en esa nación idólatra, debía atestiguarse el hecho de que únicamente los que aman y temen a Dios pueden comprender los misterios del reino de los cielos."
PR42-0035,PR39-44,PR42,"PDF p.45, PR42, párrafo 1",fill_blank,easy,"interpretación, arrepentimiento y demora del juicio","Según PDF p.45, PR42, párrafo 1, en el pasaje sobre interpretación, arrepentimiento y demora del juicio, complete la formulación del PDF: «que tal vez será eso una _____ de tu tranquilidad.”»","[""amonestación"", ""aproximación"", ""complacencia"", ""prolongación""]",3,prolongación,El PDF emplea la expresión «prolongación» en este contexto: «tal vez será eso una prolongación de tu tranquilidad».,tal vez será eso una prolongación de tu tranquilidad,PR42-P045-F24,PR42-P045-F24-VARIANTS,verified,
PR42-0036,PR39-44,PR42,"PDF p.46, PR42, párrafo 2",multiple_choice,medium,"humillación, restauración y grandeza","Según PDF p.46, PR42, párrafo 2, en el pasaje sobre humillación, restauración y grandeza, ¿Cuál opción conserva el dato exacto de la fuente? Marco: «era un rey sabio y [DETALLE]»","[""era un rey sabio y compasivo"", ""era un rey sabio y abrumador"", ""era un rey sabio y aliviarla"", ""era un rey sabio y atestiguó""]",0,era un rey sabio y compasivo,La opción correcta conserva el detalle «compasivo» tal como aparece en la fuente: «era un rey sabio y compasivo».,era un rey sabio y compasivo,PR42-P046-F24,PR42-P046-F24-VARIANTS,verified,
PR42-0037,PR39-44,PR42,"PDF p.43, PR42, párrafo 1",true_false,expert,"prosperidad, Babilonia y segundo sueño","Según PDF p.43, PR42, párrafo 1, en el pasaje sobre prosperidad, Babilonia y segundo sueño, determine si el detalle entre corchetes hace verdadera o falsa esta afirmación: «Su espíritu sintió la profunda influencia de esa visión y del pensamiento de que el Imperio ⟦destruidor⟧, por universal que fuera, iba a caer finalmente y otros reinos ejercerían el dominio, hasta que al fin todas las potencias terrenales cedieran su lugar a un reino establecido por el Dios del cielo para nunca ser destruido.»","[""Verdadero"", ""Falso""]",1,Falso,"La afirmación cambia «Babilónico». La corrección exacta es: «Su espíritu sintió la profunda influencia de esa visión y del pensamiento de que el Imperio Babilónico, por universal que fuera, iba a caer finalmente y otros reinos ejercerían el dominio, hasta que al fin todas las potencias terrenales cedieran su lugar a un reino establecido por el Dios del cielo para nunca ser destruido.»","pensamiento de que el Imperio Babilónico, por universal que fuera, iba a caer",PR42-P043-F19,PR42-P043-F19-VARIANTS,verified,"Su espíritu sintió la profunda influencia de esa visión y del pensamiento de que el Imperio Babilónico, por universal que fuera, iba a caer finalmente y otros reinos ejercerían el dominio, hasta que al fin todas las potencias terrenales cedieran su lugar a un reino establecido por el Dios del cielo para nunca ser destruido."
PR42-0038,PR39-44,PR42,"PDF p.44, PR42, párrafo 1",fill_blank,hard,"árbol, vigilante, cepa y siete tiempos","Según PDF p.44, PR42, párrafo 1, en el pasaje sobre árbol, vigilante, cepa y siete tiempos, complete la formulación del PDF: «Una vez más, en esa nación idólatra, debía atestiguarse el hecho de que únicamente los que aman y temen a Dios pueden comprender los _____ del reino de los cielos.»","[""misterios"", ""capitanes"", ""caprichos"", ""corazones""]",0,misterios,El PDF emplea la expresión «misterios» en este contexto: «a Dios pueden comprender los misterios del reino de los cielos».,a Dios pueden comprender los misterios del reino de los cielos,PR42-P044-F16,PR42-P044-F16-VARIANTS,verified,
PR42-0039,PR39-44,PR42,"PDF p.45, PR42, párrafo 1",multiple_choice,medium,"interpretación, arrepentimiento y demora del juicio","Según PDF p.45, PR42, párrafo 1, en el pasaje sobre interpretación, arrepentimiento y demora del juicio, ¿Cuál opción conserva el dato exacto de la fuente? Marco: «eso una prolongación de tu [DETALLE]»","[""eso una prolongación de tu amonestación"", ""eso una prolongación de tu tranquilidad"", ""eso una prolongación de tu aproximación"", ""eso una prolongación de tu complacencia""]",1,eso una prolongación de tu tranquilidad,La opción correcta conserva el detalle «tranquilidad» tal como aparece en la fuente: «eso una prolongación de tu tranquilidad».,eso una prolongación de tu tranquilidad,PR42-P045-F25,PR42-P045-F25-VARIANTS,verified,
PR42-0040,PR39-44,PR42,"PDF p.46, PR42, párrafo 2",true_false,expert,"humillación, restauración y grandeza","Según PDF p.46, PR42, párrafo 2, en el pasaje sobre humillación, restauración y grandeza, determine si el detalle entre corchetes hace verdadera o falsa esta afirmación: «El que había ⟦acarreado⟧ al Dios del cielo y blasfemado contra él, reconocía ahora el poder del Altísimo, y procuraba fervorosamente promover el temor de Jehová y la felicidad de sus súbditos.»","[""Verdadero"", ""Falso""]",1,Falso,"La afirmación cambia «desafiado». La corrección exacta es: «El que había desafiado al Dios del cielo y blasfemado contra él, reconocía ahora el poder del Altísimo, y procuraba fervorosamente promover el temor de Jehová y la felicidad de sus súbditos.»",El que había desafiado al Dios del cielo y blasfemado contra,PR42-P046-F28,PR42-P046-F28-VARIANTS,verified,"El que había desafiado al Dios del cielo y blasfemado contra él, reconocía ahora el poder del Altísimo, y procuraba fervorosamente promover el temor de Jehová y la felicidad de sus súbditos."
PR42-0041,PR39-44,PR42,"PDF p.43, PR42, párrafo 1",fill_blank,expert,"prosperidad, Babilonia y segundo sueño","Según PDF p.43, PR42, párrafo 1, en el pasaje sobre prosperidad, Babilonia y segundo sueño, complete la formulación del PDF: «Su espíritu sintió la profunda influencia de esa visión y del pensamiento de que el Imperio Babilónico, por _____ que fuera, iba a caer finalmente y otros reinos ejercerían el dominio, hasta que al fin todas las potencias terrenales cedieran su lugar a un reino establecido por el Dios del cielo para nunca ser destruido.»","[""abrumador"", ""universal"", ""aliviarla"", ""atestiguó""]",1,universal,"El PDF emplea la expresión «universal» en este contexto: «que el Imperio Babilónico, por universal que fuera, iba a caer finalmente y».","que el Imperio Babilónico, por universal que fuera, iba a caer finalmente y",PR42-P043-F20,PR42-P043-F20-VARIANTS,verified,
PR42-0042,PR39-44,PR42,"PDF p.44, PR42, párrafo 1",multiple_choice,hard,"árbol, vigilante, cepa y siete tiempos","Según PDF p.44, PR42, párrafo 1, en el pasaje sobre árbol, vigilante, cepa y siete tiempos, ¿Qué opción restituye con precisión la relación descrita? Marco: «En su [DETALLE], el rey mandó llamar a su siervo»","[""En su convocación, el rey mandó llamar a su siervo"", ""En su destrucción, el rey mandó llamar a su siervo"", ""En su perplejidad, el rey mandó llamar a su siervo"", ""En su disposición, el rey mandó llamar a su siervo""]",2,"En su perplejidad, el rey mandó llamar a su siervo","La opción correcta conserva el detalle «perplejidad» tal como aparece en la fuente: «En su perplejidad, el rey mandó llamar a su siervo».","En su perplejidad, el rey mandó llamar a su siervo",PR42-P044-F24,PR42-P044-F24-VARIANTS,verified,
PR42-0043,PR39-44,PR42,"PDF p.45, PR42, párrafo 2",true_false,medium,"interpretación, arrepentimiento y demora del juicio","Según PDF p.45, PR42, párrafo 2, en el pasaje sobre interpretación, arrepentimiento y demora del juicio, determine si el detalle entre corchetes hace verdadera o falsa esta afirmación: «Por un tiempo la ⟦impresión⟧ que habían hecho la amonestación y el consejo del profeta fué profunda en el ánimo de Nabucodonosor»","[""Verdadero"", ""Falso""]",0,Verdadero,La afirmación coincide con el PDF: «Por un tiempo la impresión que habían hecho la amonestación y el».,Por un tiempo la impresión que habían hecho la amonestación y el,PR42-P045-F26,PR42-P045-F26-VARIANTS,verified,
PR42-0044,PR39-44,PR42,"PDF p.46, PR42, párrafo 2",fill_blank,hard,"humillación, restauración y grandeza","Según PDF p.46, PR42, párrafo 2, en el pasaje sobre humillación, restauración y grandeza, complete la formulación del PDF: «El que había desafiado al Dios del cielo y _____ contra él, reconocía ahora el poder del Altísimo, y procuraba fervorosamente promover el temor de Jehová y la felicidad de sus súbditos.»","[""arrostrado"", ""confirmado"", ""blasfemado"", ""emplazados""]",2,blasfemado,"El PDF emplea la expresión «blasfemado» en este contexto: «al Dios del cielo y blasfemado contra él, reconocía ahora el poder del».","al Dios del cielo y blasfemado contra él, reconocía ahora el poder del",PR42-P046-F29,PR42-P046-F29-VARIANTS,verified,
PR42-0045,PR39-44,PR42,"PDF p.43, PR42, párrafo 1",multiple_choice,expert,"prosperidad, Babilonia y segundo sueño","Según PDF p.43, PR42, párrafo 1, en el pasaje sobre prosperidad, Babilonia y segundo sueño, ¿Cuál opción mantiene sin alterar el detalle y el orden de la fuente? Marco: «que fuera, iba a caer [DETALLE] y otros reinos ejercerían el dominio, hasta»","[""que fuera, iba a caer claramente y otros reinos ejercerían el dominio, hasta"", ""que fuera, iba a caer firmemente y otros reinos ejercerían el dominio, hasta"", ""que fuera, iba a caer lentamente y otros reinos ejercerían el dominio, hasta"", ""que fuera, iba a caer finalmente y otros reinos ejercerían el dominio, hasta""]",3,"que fuera, iba a caer finalmente y otros reinos ejercerían el dominio, hasta","La opción correcta conserva el detalle «finalmente» tal como aparece en la fuente: «que fuera, iba a caer finalmente y otros reinos ejercerían el dominio, hasta».","que fuera, iba a caer finalmente y otros reinos ejercerían el dominio, hasta",PR42-P043-F21,PR42-P043-F21-VARIANTS,verified,
PR42-0046,PR39-44,PR42,"PDF p.44, PR42, párrafo 1",true_false,hard,"árbol, vigilante, cepa y siete tiempos","Según PDF p.44, PR42, párrafo 1, en el pasaje sobre árbol, vigilante, cepa y siete tiempos, determine si el detalle entre corchetes hace verdadera o falsa esta afirmación: «En su perplejidad, el rey mandó llamar a su siervo Daniel, hombre estimado por su ⟦apariencia⟧, constancia y sabiduría sin rival.»","[""Verdadero"", ""Falso""]",1,Falso,"La afirmación cambia «integridad». La corrección exacta es: «En su perplejidad, el rey mandó llamar a su siervo Daniel, hombre estimado por su integridad, constancia y sabiduría sin rival.»","Daniel, hombre estimado por su integridad, constancia y sabiduría sin rival",PR42-P044-F25,PR42-P044-F25-VARIANTS,verified,"En su perplejidad, el rey mandó llamar a su siervo Daniel, hombre estimado por su integridad, constancia y sabiduría sin rival."
PR42-0047,PR39-44,PR42,"PDF p.45, PR42, párrafo 2",fill_blank,medium,"interpretación, arrepentimiento y demora del juicio","Según PDF p.45, PR42, párrafo 2, en el pasaje sobre interpretación, arrepentimiento y demora del juicio, complete la formulación del PDF: «Por un tiempo la impresión que habían hecho la _____ y el consejo del profeta fué profunda en el ánimo de Nabucodonosor»","[""aproximación"", ""complacencia"", ""distribución"", ""amonestación""]",3,amonestación,El PDF emplea la expresión «amonestación» en este contexto: «impresión que habían hecho la amonestación y el consejo del profeta fué profunda».,impresión que habían hecho la amonestación y el consejo del profeta fué profunda,PR42-P045-F27,PR42-P045-F27-VARIANTS,verified,
PR42-0048,PR39-44,PR42,"PDF p.46, PR42, párrafo 2",multiple_choice,hard,"humillación, restauración y grandeza","Según PDF p.46, PR42, párrafo 2, en el pasaje sobre humillación, restauración y grandeza, ¿Qué opción restituye con precisión la relación descrita? Marco: «cielo y blasfemado contra él, [DETALLE] ahora el poder del Altísimo, y procuraba»","[""cielo y blasfemado contra él, reconocía ahora el poder del Altísimo, y procuraba"", ""cielo y blasfemado contra él, amenazaba ahora el poder del Altísimo, y procuraba"", ""cielo y blasfemado contra él, esperaban ahora el poder del Altísimo, y procuraba"", ""cielo y blasfemado contra él, evidencia ahora el poder del Altísimo, y procuraba""]",0,"cielo y blasfemado contra él, reconocía ahora el poder del Altísimo, y procuraba","La opción correcta conserva el detalle «reconocía» tal como aparece en la fuente: «cielo y blasfemado contra él, reconocía ahora el poder del Altísimo, y procuraba».","cielo y blasfemado contra él, reconocía ahora el poder del Altísimo, y procuraba",PR42-P046-F30,PR42-P046-F30-VARIANTS,verified,
PR42-0049,PR39-44,PR42,"PDF p.43, PR42, párrafo 1",true_false,expert,"prosperidad, Babilonia y segundo sueño","Según PDF p.43, PR42, párrafo 1, en el pasaje sobre prosperidad, Babilonia y segundo sueño, determine si el detalle entre corchetes hace verdadera o falsa esta afirmación: «Su espíritu sintió la profunda influencia de esa visión y del pensamiento de que el Imperio Babilónico, por universal que fuera, iba a caer finalmente y otros reinos ⟦prohibiría⟧ el dominio, hasta que al fin todas las potencias terrenales cedieran su lugar a un reino establecido por el Dios del cielo para nunca ser destruido.»","[""Verdadero"", ""Falso""]",1,Falso,"La afirmación cambia «ejercerían». La corrección exacta es: «Su espíritu sintió la profunda influencia de esa visión y del pensamiento de que el Imperio Babilónico, por universal que fuera, iba a caer finalmente y otros reinos ejercerían el dominio, hasta que al fin todas las potencias terrenales cedieran su lugar a un reino establecido por el Dios del cielo para nunca ser destruido.»","caer finalmente y otros reinos ejercerían el dominio, hasta que al fin todas",PR42-P043-F22,PR42-P043-F22-VARIANTS,verified,"Su espíritu sintió la profunda influencia de esa visión y del pensamiento de que el Imperio Babilónico, por universal que fuera, iba a caer finalmente y otros reinos ejercerían el dominio, hasta que al fin todas las potencias terrenales cedieran su lugar a un reino establecido por el Dios del cielo para nunca ser destruido."
PR42-0050,PR39-44,PR42,"PDF p.44, PR42, párrafo 1",fill_blank,hard,"árbol, vigilante, cepa y siete tiempos","Según PDF p.44, PR42, párrafo 1, en el pasaje sobre árbol, vigilante, cepa y siete tiempos, complete la formulación del PDF: «En su perplejidad, el rey mandó llamar a su siervo Daniel, hombre estimado por su integridad, _____ y sabiduría sin rival.»","[""constancia"", ""abundancia"", ""describían"", ""establecía""]",0,constancia,"El PDF emplea la expresión «constancia» en este contexto: «hombre estimado por su integridad, constancia y sabiduría sin rival».","hombre estimado por su integridad, constancia y sabiduría sin rival",PR42-P044-F26,PR42-P044-F26-VARIANTS,verified,
PR42-0051,PR39-44,PR42,"PDF p.45, PR42, párrafo 2",multiple_choice,easy,"interpretación, arrepentimiento y demora del juicio","Según PDF p.45, PR42, párrafo 2, en el pasaje sobre interpretación, arrepentimiento y demora del juicio, ¿Qué expresión completa correctamente el detalle señalado? Marco: «profunda en el ánimo de [DETALLE]»","[""profunda en el ánimo de Abed-nego"", ""profunda en el ánimo de Nabucodonosor"", ""profunda en el ánimo de Beltsasar"", ""profunda en el ánimo de Belsasar""]",1,profunda en el ánimo de Nabucodonosor,La opción correcta conserva el detalle «Nabucodonosor» tal como aparece en la fuente: «profunda en el ánimo de Nabucodonosor».,profunda en el ánimo de Nabucodonosor,PR42-P045-F28,PR42-P045-F28-VARIANTS,verified,
PR42-0052,PR39-44,PR42,"PDF p.46, PR42, párrafo 2",true_false,hard,"humillación, restauración y grandeza","Según PDF p.46, PR42, párrafo 2, en el pasaje sobre humillación, restauración y grandeza, determine si el detalle entre corchetes hace verdadera o falsa esta afirmación: «El que había desafiado al Dios del cielo y blasfemado contra él, reconocía ahora el poder del Altísimo, y ⟦procuraba⟧ fervorosamente promover el temor de Jehová y la felicidad de sus súbditos.»","[""Verdadero"", ""Falso""]",0,Verdadero,"La afirmación coincide con el PDF: «el poder del Altísimo, y procuraba fervorosamente promover el temor de Jehová y».","el poder del Altísimo, y procuraba fervorosamente promover el temor de Jehová y",PR42-P046-F31,PR42-P046-F31-VARIANTS,verified,
PR42-0053,PR39-44,PR42,"PDF p.43, PR42, párrafo 1",fill_blank,expert,"prosperidad, Babilonia y segundo sueño","Según PDF p.43, PR42, párrafo 1, en el pasaje sobre prosperidad, Babilonia y segundo sueño, complete la formulación del PDF: «Su espíritu sintió la profunda influencia de esa visión y del pensamiento de que el Imperio Babilónico, por universal que fuera, iba a caer finalmente y otros reinos ejercerían el dominio, hasta que al fin todas las _____ terrenales cedieran su lugar a un reino establecido por el Dios del cielo para nunca ser destruido.»","[""lecciones"", ""potencias"", ""tinieblas"", ""exigencias""]",1,potencias,El PDF emplea la expresión «potencias» en este contexto: «que al fin todas las potencias terrenales cedieran su lugar a un reino».,que al fin todas las potencias terrenales cedieran su lugar a un reino,PR42-P043-F23,PR42-P043-F23-VARIANTS,verified,
PR42-0054,PR39-44,PR42,"PDF p.44, PR42, párrafo 1",multiple_choice,hard,"árbol, vigilante, cepa y siete tiempos","Según PDF p.44, PR42, párrafo 1, en el pasaje sobre árbol, vigilante, cepa y siete tiempos, ¿Qué opción restituye con precisión la relación descrita? Marco: «por su integridad, constancia y [DETALLE] sin rival»","[""por su integridad, constancia y amenazaba sin rival"", ""por su integridad, constancia y esperaban sin rival"", ""por su integridad, constancia y sabiduría sin rival"", ""por su integridad, constancia y evidencia sin rival""]",2,"por su integridad, constancia y sabiduría sin rival","La opción correcta conserva el detalle «sabiduría» tal como aparece en la fuente: «por su integridad, constancia y sabiduría sin rival».","por su integridad, constancia y sabiduría sin rival",PR42-P044-F27,PR42-P044-F27-VARIANTS,verified,
PR42-0055,PR39-44,PR42,"PDF p.45, PR42, párrafo 2",true_false,hard,"interpretación, arrepentimiento y demora del juicio","Según PDF p.45, PR42, párrafo 2, en el pasaje sobre interpretación, arrepentimiento y demora del juicio, determine si el detalle entre corchetes hace verdadera o falsa esta afirmación: «pero el corazón que no ha sido ⟦aterrorizado⟧ por la gracia de Dios no tarda en perder las impresiones del Espíritu Santo.»","[""Verdadero"", ""Falso""]",1,Falso,La afirmación cambia «transformado». La corrección exacta es: «pero el corazón que no ha sido transformado por la gracia de Dios no tarda en perder las impresiones del Espíritu Santo.»,corazón que no ha sido transformado por la gracia de Dios no tarda,PR42-P045-F36,PR42-P045-F36-VARIANTS,verified,pero el corazón que no ha sido transformado por la gracia de Dios no tarda en perder las impresiones del Espíritu Santo.
PR42-0056,PR39-44,PR42,"PDF p.46, PR42, párrafo 2",fill_blank,hard,"humillación, restauración y grandeza","Según PDF p.46, PR42, párrafo 2, en el pasaje sobre humillación, restauración y grandeza, complete la formulación del PDF: «El que había desafiado al Dios del cielo y blasfemado contra él, reconocía ahora el poder del Altísimo, y procuraba _____ promover el temor de Jehová y la felicidad de sus súbditos.»","[""aceleradamente"", ""favorablemente"", ""fervorosamente"", ""inmediatamente""]",2,fervorosamente,"El PDF emplea la expresión «fervorosamente» en este contexto: «poder del Altísimo, y procuraba fervorosamente promover el temor de Jehová y la».","poder del Altísimo, y procuraba fervorosamente promover el temor de Jehová y la",PR42-P046-F32,PR42-P046-F32-VARIANTS,verified,
PR42-0057,PR39-44,PR42,"PDF p.43, PR42, párrafo 1",multiple_choice,expert,"prosperidad, Babilonia y segundo sueño","Según PDF p.43, PR42, párrafo 1, en el pasaje sobre prosperidad, Babilonia y segundo sueño, ¿Cuál opción mantiene sin alterar el detalle y el orden de la fuente? Marco: «al fin todas las potencias [DETALLE] cedieran su lugar a un reino establecido»","[""al fin todas las potencias adoradores cedieran su lugar a un reino establecido"", ""al fin todas las potencias astrólogos cedieran su lugar a un reino establecido"", ""al fin todas las potencias cristianas cedieran su lugar a un reino establecido"", ""al fin todas las potencias terrenales cedieran su lugar a un reino establecido""]",3,al fin todas las potencias terrenales cedieran su lugar a un reino establecido,La opción correcta conserva el detalle «terrenales» tal como aparece en la fuente: «al fin todas las potencias terrenales cedieran su lugar a un reino establecido».,al fin todas las potencias terrenales cedieran su lugar a un reino establecido,PR42-P043-F24,PR42-P043-F24-VARIANTS,verified,
PR42-0058,PR39-44,PR42,"PDF p.44, PR42, párrafo 2",true_false,hard,"árbol, vigilante, cepa y siete tiempos","Según PDF p.44, PR42, párrafo 2, en el pasaje sobre árbol, vigilante, cepa y siete tiempos, determine si el detalle entre corchetes hace verdadera o falsa esta afirmación: «Cuando Daniel, en ⟦respuesta⟧ a la convocación real, estuvo en presencia del rey, Nabucodonosor le dijo: “Beltsasar, príncipe de los magos, ya que he entendido que hay en ti espíritu de los dioses santos, y que ningún misterio se te esconde, exprésame las visiones de mi sueño que he visto, y su declaración.»","[""Verdadero"", ""Falso""]",0,Verdadero,"La afirmación coincide con el PDF: «Cuando Daniel, en respuesta a la convocación real, estuvo en presencia».","Cuando Daniel, en respuesta a la convocación real, estuvo en presencia",PR42-P044-F34,PR42-P044-F34-VARIANTS,verified,
PR42-0059,PR39-44,PR42,"PDF p.45, PR42, párrafo 2",fill_blank,medium,"interpretación, arrepentimiento y demora del juicio","Según PDF p.45, PR42, párrafo 2, en el pasaje sobre interpretación, arrepentimiento y demora del juicio, complete la formulación del PDF: «pero el corazón que no ha sido transformado por la gracia de Dios no tarda en perder las _____ del Espíritu Santo.»","[""advertencias"", ""exigencias"", ""perspectivas"", ""impresiones""]",3,impresiones,El PDF emplea la expresión «impresiones» en este contexto: «no tarda en perder las impresiones del Espíritu Santo».,no tarda en perder las impresiones del Espíritu Santo,PR42-P045-F37,PR42-P045-F37-VARIANTS,verified,
PR42-0060,PR39-44,PR42,"PDF p.46, PR42, párrafo 2",multiple_choice,hard,"humillación, restauración y grandeza","Según PDF p.46, PR42, párrafo 2, en el pasaje sobre humillación, restauración y grandeza, ¿Qué opción restituye con precisión la relación descrita? Marco: «temor de Jehová y la [DETALLE] de sus súbditos»","[""temor de Jehová y la felicidad de sus súbditos"", ""temor de Jehová y la adoración de sus súbditos"", ""temor de Jehová y la adorareis de sus súbditos"", ""temor de Jehová y la autoridad de sus súbditos""]",0,temor de Jehová y la felicidad de sus súbditos,La opción correcta conserva el detalle «felicidad» tal como aparece en la fuente: «temor de Jehová y la felicidad de sus súbditos».,temor de Jehová y la felicidad de sus súbditos,PR42-P046-F33,PR42-P046-F33-VARIANTS,verified,
PR42-0061,PR39-44,PR42,"PDF p.43, PR42, párrafo 1",true_false,expert,"prosperidad, Babilonia y segundo sueño","Según PDF p.43, PR42, párrafo 1, en el pasaje sobre prosperidad, Babilonia y segundo sueño, determine si el detalle entre corchetes hace verdadera o falsa esta afirmación: «Su espíritu sintió la profunda influencia de esa visión y del pensamiento de que el Imperio Babilónico, por universal que fuera, iba a caer finalmente y otros reinos ejercerían el dominio, hasta que al fin todas las potencias terrenales cedieran su lugar a un reino ⟦concentrada⟧ por el Dios del cielo para nunca ser destruido.»","[""Verdadero"", ""Falso""]",1,Falso,"La afirmación cambia «establecido». La corrección exacta es: «Su espíritu sintió la profunda influencia de esa visión y del pensamiento de que el Imperio Babilónico, por universal que fuera, iba a caer finalmente y otros reinos ejercerían el dominio, hasta que al fin todas las potencias terrenales cedieran su lugar a un reino establecido por el Dios del cielo para nunca ser destruido.»",su lugar a un reino establecido por el Dios del cielo para nunca,PR42-P043-F25,PR42-P043-F25-VARIANTS,verified,"Su espíritu sintió la profunda influencia de esa visión y del pensamiento de que el Imperio Babilónico, por universal que fuera, iba a caer finalmente y otros reinos ejercerían el dominio, hasta que al fin todas las potencias terrenales cedieran su lugar a un reino establecido por el Dios del cielo para nunca ser destruido."
PR42-0062,PR39-44,PR42,"PDF p.44, PR42, párrafo 2",fill_blank,expert,"árbol, vigilante, cepa y siete tiempos","Según PDF p.44, PR42, párrafo 2, en el pasaje sobre árbol, vigilante, cepa y siete tiempos, complete la formulación del PDF: «Cuando Daniel, en respuesta a la _____ real, estuvo en presencia del rey, Nabucodonosor le dijo: “Beltsasar, príncipe de los magos, ya que he entendido que hay en ti espíritu de los dioses santos, y que ningún misterio se te esconde, exprésame las visiones de mi sueño que he visto, y su declaración.»","[""convocación"", ""destrucción"", ""disposición"", ""información""]",0,convocación,"El PDF emplea la expresión «convocación» en este contexto: «Daniel, en respuesta a la convocación real, estuvo en presencia del rey, Nabucodonosor».","Daniel, en respuesta a la convocación real, estuvo en presencia del rey, Nabucodonosor",PR42-P044-F35,PR42-P044-F35-VARIANTS,verified,
PR42-0063,PR39-44,PR42,"PDF p.45, PR42, párrafo 2",multiple_choice,hard,"interpretación, arrepentimiento y demora del juicio","Según PDF p.45, PR42, párrafo 2, en el pasaje sobre interpretación, arrepentimiento y demora del juicio, ¿Qué opción restituye con precisión la relación descrita? Marco: «la ambición no habían sido [DETALLE] todavía del corazón del rey, y más»","[""la ambición no habían sido experimentado todavía del corazón del rey, y más"", ""la ambición no habían sido desarraigadas todavía del corazón del rey, y más"", ""la ambición no habían sido aterrorizado todavía del corazón del rey, y más"", ""la ambición no habían sido bienaventurado todavía del corazón del rey, y más""]",1,"la ambición no habían sido desarraigadas todavía del corazón del rey, y más","La opción correcta conserva el detalle «desarraigadas» tal como aparece en la fuente: «la ambición no habían sido desarraigadas todavía del corazón del rey, y más».","la ambición no habían sido desarraigadas todavía del corazón del rey, y más",PR42-P045-F44,PR42-P045-F44-VARIANTS,verified,
PR42-0064,PR39-44,PR42,"PDF p.46, PR42, párrafo 2",true_false,hard,"humillación, restauración y grandeza","Según PDF p.46, PR42, párrafo 2, en el pasaje sobre humillación, restauración y grandeza, determine si el detalle entre corchetes hace verdadera o falsa esta afirmación: «Bajo la ⟦reprensión⟧ de Aquel que es Rey de reyes y Señor de señores, Nabucodonosor había aprendido por fin la lección que necesitan aprender todos los gobernantes, a saber que la verdadera grandeza consiste en ser verdaderamente buenos.»","[""Verdadero"", ""Falso""]",0,Verdadero,La afirmación coincide con el PDF: «Bajo la reprensión de Aquel que es Rey de reyes».,Bajo la reprensión de Aquel que es Rey de reyes,PR42-P046-F41,PR42-P046-F41-VARIANTS,verified,
PR42-0065,PR39-44,PR42,"PDF p.43, PR42, párrafo 1",fill_blank,expert,"prosperidad, Babilonia y segundo sueño","Según PDF p.43, PR42, párrafo 1, en el pasaje sobre prosperidad, Babilonia y segundo sueño, complete la formulación del PDF: «Su espíritu sintió la profunda influencia de esa visión y del pensamiento de que el Imperio Babilónico, por universal que fuera, iba a caer finalmente y otros reinos ejercerían el dominio, hasta que al fin todas las potencias terrenales cedieran su lugar a un reino establecido por el Dios del cielo para nunca ser _____.»","[""acarreado"", ""destruido"", ""aprendido"", ""atribuído""]",1,destruido,El PDF emplea la expresión «destruido» en este contexto: «del cielo para nunca ser destruido».,del cielo para nunca ser destruido,PR42-P043-F26,PR42-P043-F26-VARIANTS,verified,
PR42-0066,PR39-44,PR42,"PDF p.44, PR42, párrafo 2",multiple_choice,expert,"árbol, vigilante, cepa y siete tiempos","Según PDF p.44, PR42, párrafo 2, en el pasaje sobre árbol, vigilante, cepa y siete tiempos, ¿Cuál opción mantiene sin alterar el detalle y el orden de la fuente? Marco: «la convocación real, estuvo en [DETALLE] del rey, Nabucodonosor le dijo: “Beltsasar, príncipe»","[""la convocación real, estuvo en amenazaba del rey, Nabucodonosor le dijo: “Beltsasar, príncipe"", ""la convocación real, estuvo en esperaban del rey, Nabucodonosor le dijo: “Beltsasar, príncipe"", ""la convocación real, estuvo en presencia del rey, Nabucodonosor le dijo: “Beltsasar, príncipe"", ""la convocación real, estuvo en evidencia del rey, Nabucodonosor le dijo: “Beltsasar, príncipe""]",2,"la convocación real, estuvo en presencia del rey, Nabucodonosor le dijo: “Beltsasar, príncipe","La opción correcta conserva el detalle «presencia» tal como aparece en la fuente: «la convocación real, estuvo en presencia del rey, Nabucodonosor le dijo: “Beltsasar, príncipe».","la convocación real, estuvo en presencia del rey, Nabucodonosor le dijo: “Beltsasar, príncipe",PR42-P044-F36,PR42-P044-F36-VARIANTS,verified,
PR42-0067,PR39-44,PR42,"PDF p.45, PR42, párrafo 2",true_false,hard,"interpretación, arrepentimiento y demora del juicio","Según PDF p.45, PR42, párrafo 2, en el pasaje sobre interpretación, arrepentimiento y demora del juicio, determine si el detalle entre corchetes hace verdadera o falsa esta afirmación: «La complacencia propia y la ambición no habían sido desarraigadas todavía del corazón del rey, y más tarde ⟦volvieron⟧ a aparecer.»","[""Verdadero"", ""Falso""]",0,Verdadero,"La afirmación coincide con el PDF: «del rey, y más tarde volvieron a aparecer».","del rey, y más tarde volvieron a aparecer",PR42-P045-F45,PR42-P045-F45-VARIANTS,verified,
PR42-0068,PR39-44,PR42,"PDF p.46, PR42, párrafo 2",fill_blank,easy,"humillación, restauración y grandeza","Según PDF p.46, PR42, párrafo 2, en el pasaje sobre humillación, restauración y grandeza, complete la formulación del PDF: «Bajo la reprensión de Aquel que es Rey de reyes y Señor de señores, _____ había aprendido por fin la lección que necesitan aprender todos los gobernantes, a saber que la verdadera grandeza consiste en ser verdaderamente buenos.»","[""Abed-nego"", ""Beltsasar"", ""Nabucodonosor"", ""Belsasar""]",2,Nabucodonosor,"El PDF emplea la expresión «Nabucodonosor» en este contexto: «reyes y Señor de señores, Nabucodonosor había aprendido por fin la lección que».","reyes y Señor de señores, Nabucodonosor había aprendido por fin la lección que",PR42-P046-F42,PR42-P046-F42-VARIANTS,verified,
PR42-0069,PR39-44,PR42,"PDF p.43, PR42, párrafo 2",multiple_choice,easy,"prosperidad, Babilonia y segundo sueño","Según PDF p.43, PR42, párrafo 2, en el pasaje sobre prosperidad, Babilonia y segundo sueño, ¿Qué expresión completa correctamente el detalle señalado? Marco: «Más tarde, [DETALLE] perdió de vista el noble concepto que»","[""Más tarde, Abed-nego perdió de vista el noble concepto que"", ""Más tarde, Beltsasar perdió de vista el noble concepto que"", ""Más tarde, Belsasar perdió de vista el noble concepto que"", ""Más tarde, Nabucodonosor perdió de vista el noble concepto que""]",3,"Más tarde, Nabucodonosor perdió de vista el noble concepto que","La opción correcta conserva el detalle «Nabucodonosor» tal como aparece en la fuente: «Más tarde, Nabucodonosor perdió de vista el noble concepto que».","Más tarde, Nabucodonosor perdió de vista el noble concepto que",PR42-P043-F29,PR42-P043-F29-VARIANTS,verified,
PR42-0070,PR39-44,PR42,"PDF p.44, PR42, párrafo 2",true_false,medium,"árbol, vigilante, cepa y siete tiempos","Según PDF p.44, PR42, párrafo 2, en el pasaje sobre árbol, vigilante, cepa y siete tiempos, determine si el detalle entre corchetes hace verdadera o falsa esta afirmación: «Cuando Daniel, en respuesta a la convocación real, estuvo en presencia del rey, ⟦Nabucodonosor⟧ le dijo: “Beltsasar, príncipe de los magos, ya que he entendido que hay en ti espíritu de los dioses santos, y que ningún misterio se te esconde, exprésame las visiones de mi sueño que he visto, y su declaración.»","[""Verdadero"", ""Falso""]",0,Verdadero,"La afirmación coincide con el PDF: «estuvo en presencia del rey, Nabucodonosor le dijo: “Beltsasar, príncipe de los magos».","estuvo en presencia del rey, Nabucodonosor le dijo: “Beltsasar, príncipe de los magos",PR42-P044-F37,PR42-P044-F37-VARIANTS,verified,
PR42-0071,PR39-44,PR42,"PDF p.45, PR42, párrafo 2",fill_blank,hard,"interpretación, arrepentimiento y demora del juicio","Según PDF p.45, PR42, párrafo 2, en el pasaje sobre interpretación, arrepentimiento y demora del juicio, complete la formulación del PDF: «A pesar de las _____ que le fueron dadas tan misericordiosamente, y a pesar de las advertencias que representaban las cosas que le habían sucedido antes, Nabucodonosor volvió a dejarse dominar por un espíritu de celos contra los reinos que iban a seguir.»","[""advertencias"", ""perspectivas"", ""impresiones"", ""instrucciones""]",3,instrucciones,"El PDF emplea la expresión «instrucciones» en este contexto: «A pesar de las instrucciones que le fueron dadas tan misericordiosamente, y».","A pesar de las instrucciones que le fueron dadas tan misericordiosamente, y",PR42-P045-F54,PR42-P045-F54-VARIANTS,verified,
PR42-0072,PR39-44,PR42,"PDF p.46, PR42, párrafo 2",multiple_choice,hard,"humillación, restauración y grandeza","Según PDF p.46, PR42, párrafo 2, en el pasaje sobre humillación, restauración y grandeza, ¿Qué opción restituye con precisión la relación descrita? Marco: «Señor de señores, Nabucodonosor había [DETALLE] por fin la lección que necesitan aprender»","[""Señor de señores, Nabucodonosor había aprendido por fin la lección que necesitan aprender"", ""Señor de señores, Nabucodonosor había acarreado por fin la lección que necesitan aprender"", ""Señor de señores, Nabucodonosor había atribuído por fin la lección que necesitan aprender"", ""Señor de señores, Nabucodonosor había concedido por fin la lección que necesitan aprender""]",0,"Señor de señores, Nabucodonosor había aprendido por fin la lección que necesitan aprender","La opción correcta conserva el detalle «aprendido» tal como aparece en la fuente: «Señor de señores, Nabucodonosor había aprendido por fin la lección que necesitan aprender».","Señor de señores, Nabucodonosor había aprendido por fin la lección que necesitan aprender",PR42-P046-F43,PR42-P046-F43-VARIANTS,verified,
PR42-0073,PR39-44,PR42,"PDF p.43, PR42, párrafo 2",true_false,hard,"prosperidad, Babilonia y segundo sueño","Según PDF p.43, PR42, párrafo 2, en el pasaje sobre prosperidad, Babilonia y segundo sueño, determine si el detalle entre corchetes hace verdadera o falsa esta afirmación: «Más tarde, Nabucodonosor perdió de vista el noble concepto que tenía del ⟦consejero⟧ de Dios concerniente a las naciones.»","[""Verdadero"", ""Falso""]",1,Falso,"La afirmación cambia «propósito». La corrección exacta es: «Más tarde, Nabucodonosor perdió de vista el noble concepto que tenía del propósito de Dios concerniente a las naciones.»",noble concepto que tenía del propósito de Dios concerniente a las naciones,PR42-P043-F30,PR42-P043-F30-VARIANTS,verified,"Más tarde, Nabucodonosor perdió de vista el noble concepto que tenía del propósito de Dios concerniente a las naciones."
PR42-0074,PR39-44,PR42,"PDF p.44, PR42, párrafo 2",fill_blank,medium,"árbol, vigilante, cepa y siete tiempos","Según PDF p.44, PR42, párrafo 2, en el pasaje sobre árbol, vigilante, cepa y siete tiempos, complete la formulación del PDF: «Cuando Daniel, en respuesta a la convocación real, estuvo en presencia del rey, Nabucodonosor le dijo: “_____, príncipe de los magos, ya que he entendido que hay en ti espíritu de los dioses santos, y que ningún misterio se te esconde, exprésame las visiones de mi sueño que he visto, y su declaración.»","[""Beltsasar"", ""Abed-nego"", ""Belsasar"", ""Gabriel""]",0,Beltsasar,"El PDF emplea la expresión «Beltsasar» en este contexto: «del rey, Nabucodonosor le dijo: “Beltsasar, príncipe de los magos, ya que he».","del rey, Nabucodonosor le dijo: “Beltsasar, príncipe de los magos, ya que he",PR42-P044-F38,PR42-P044-F38-VARIANTS,verified,
PR42-0075,PR39-44,PR42,"PDF p.45, PR42, párrafo 2",multiple_choice,expert,"interpretación, arrepentimiento y demora del juicio","Según PDF p.45, PR42, párrafo 2, en el pasaje sobre interpretación, arrepentimiento y demora del juicio, ¿Cuál opción mantiene sin alterar el detalle y el orden de la fuente? Marco: «que le fueron dadas tan [DETALLE], y a pesar de las advertencias que»","[""que le fueron dadas tan jactanciosamente, y a pesar de las advertencias que"", ""que le fueron dadas tan misericordiosamente, y a pesar de las advertencias que"", ""que le fueron dadas tan manifiestamente, y a pesar de las advertencias que"", ""que le fueron dadas tan aceleradamente, y a pesar de las advertencias que""]",1,"que le fueron dadas tan misericordiosamente, y a pesar de las advertencias que","La opción correcta conserva el detalle «misericordiosamente» tal como aparece en la fuente: «que le fueron dadas tan misericordiosamente, y a pesar de las advertencias que».","que le fueron dadas tan misericordiosamente, y a pesar de las advertencias que",PR42-P045-F55,PR42-P045-F55-VARIANTS,verified,
PR42-0076,PR39-44,PR42,"PDF p.43, PR42, párrafo 1",multiple_choice,expert,"prosperidad, Babilonia y segundo sueño","Según PDF p.43, PR42, párrafo 1, en el pasaje sobre prosperidad, Babilonia y segundo sueño, ¿Cuál opción mantiene sin alterar el detalle y el orden de la fuente? Marco: «por la Inspiración misma como “[DETALLE]” (Ezequiel 26:7), Nabucodonosor había atribuído a»","[""por la Inspiración misma como “hijo de Dios” (Ezequiel 26:7), Nabucodonosor había atribuído a"", ""por la Inspiración misma como “tiempo del fin” (Ezequiel 26:7), Nabucodonosor había atribuído a"", ""por la Inspiración misma como “rey de reyes” (Ezequiel 26:7), Nabucodonosor había atribuído a"", ""por la Inspiración misma como “trono de zafiro” (Ezequiel 26:7), Nabucodonosor había atribuído a""]",2,"por la Inspiración misma como “rey de reyes” (Ezequiel 26:7), Nabucodonosor había atribuído a","La opción correcta conserva el detalle «rey de reyes» tal como aparece en la fuente: «por la Inspiración misma como “rey de reyes” (Ezequiel 26:7), Nabucodonosor había atribuído a».","por la Inspiración misma como “rey de reyes” (Ezequiel 26:7), Nabucodonosor había atribuído a",PR42-P043-F01,PR42-P043-F01-VARIANTS,verified,
PR42-0077,PR39-44,PR42,"PDF p.44, PR42, párrafo 6",fill_blank,expert,"árbol, vigilante, cepa y siete tiempos","Según PDF p.44, PR42, párrafo 6, en el pasaje sobre árbol, vigilante, cepa y siete tiempos, complete la formulación del PDF: «y sea mojado con el rocío del cielo, y su parte sea con las bestias del campo, hasta que pasen sobre él _____: esta es la declaración, oh rey, y la sentencia del Altísimo, que ha venido sobre el rey mi señor: que te echarán de entre los hombres, y con»","[""sesenta codos"", ""siete tiempos"", ""siete veces"", ""seis codos""]",1,siete tiempos,"El PDF emplea la expresión «siete tiempos» en este contexto: «hasta que pasen sobre él siete tiempos: esta es la declaración, oh rey, y».","hasta que pasen sobre él siete tiempos: esta es la declaración, oh rey, y",PR42-P044-F153,PR42-P044-F153-VARIANTS,verified,
PR42-0078,PR39-44,PR42,"PDF p.45, PR42, párrafo 5",multiple_choice,expert,"interpretación, arrepentimiento y demora del juicio","Según PDF p.45, PR42, párrafo 5, en el pasaje sobre interpretación, arrepentimiento y demora del juicio, ¿Cuál opción mantiene sin alterar el detalle y el orden de la fuente? Marco: «los bueyes te apacentarán: y [DETALLE] pasarán sobre ti, hasta que conozcas que»","[""los bueyes te apacentarán: y sesenta codos pasarán sobre ti, hasta que conozcas que"", ""los bueyes te apacentarán: y siete veces pasarán sobre ti, hasta que conozcas que"", ""los bueyes te apacentarán: y seis codos pasarán sobre ti, hasta que conozcas que"", ""los bueyes te apacentarán: y siete tiempos pasarán sobre ti, hasta que conozcas que""]",3,"los bueyes te apacentarán: y siete tiempos pasarán sobre ti, hasta que conozcas que","La opción correcta conserva el detalle «siete tiempos» tal como aparece en la fuente: «los bueyes te apacentarán: y siete tiempos pasarán sobre ti, hasta que conozcas que».","los bueyes te apacentarán: y siete tiempos pasarán sobre ti, hasta que conozcas que",PR42-P045-F125,PR42-P045-F125-VARIANTS,verified,
PR42-0079,PR39-44,PR42,"PDF p.46, PR42, párrafo 2",true_false,expert,"humillación, restauración y grandeza","Según PDF p.46, PR42, párrafo 2, en el pasaje sobre humillación, restauración y grandeza, determine si el detalle entre corchetes hace verdadera o falsa esta afirmación: «El que fuera una vez un orgulloso monarca había llegado a ser humilde ⟦rey de reyes⟧»","[""Verdadero"", ""Falso""]",1,Falso,La afirmación cambia «hijo de Dios». La corrección exacta es: «El que fuera una vez un orgulloso monarca había llegado a ser humilde hijo de Dios»,había llegado a ser humilde hijo de Dios,PR42-P046-F16,PR42-P046-F16-VARIANTS,verified,El que fuera una vez un orgulloso monarca había llegado a ser humilde hijo de Dios
PR42-0080,PR39-44,PR42,"PDF p.43, PR42, párrafo 1",multiple_choice,hard,"prosperidad, Babilonia y segundo sueño","Según PDF p.43, PR42, párrafo 1, en el pasaje sobre prosperidad, Babilonia y segundo sueño, ¿Qué opción restituye con precisión la relación descrita? Marco: «el pináculo de los honores [DETALLE] y reconocido por la Inspiración misma como»","[""el pináculo de los honores mundanales y reconocido por la Inspiración misma como"", ""el pináculo de los honores adoradores y reconocido por la Inspiración misma como"", ""el pináculo de los honores astrólogos y reconocido por la Inspiración misma como"", ""el pináculo de los honores cristianas y reconocido por la Inspiración misma como""]",0,el pináculo de los honores mundanales y reconocido por la Inspiración misma como,La opción correcta conserva el detalle «mundanales» tal como aparece en la fuente: «el pináculo de los honores mundanales y reconocido por la Inspiración misma como».,el pináculo de los honores mundanales y reconocido por la Inspiración misma como,PR42-P043-F02,PR42-P043-F02-VARIANTS,verified,
PR42-0081,PR39-44,PR42,"PDF p.44, PR42, párrafo 1",fill_blank,hard,"árbol, vigilante, cepa y siete tiempos","Según PDF p.44, PR42, párrafo 1, en el pasaje sobre árbol, vigilante, cepa y siete tiempos, complete la formulación del PDF: «Muy perturbado por el sueño, que era _____ una predicción de cosas adversas, el rey lo relató a los “magos, astrólogos, Caldeos, y adivinos;” pero, aunque el sueño era muy explícito, ninguno de los sabios pudo interpretarlo.»","[""completamente"", ""confiadamente"", ""evidentemente"", ""correctamente""]",2,evidentemente,"El PDF emplea la expresión «evidentemente» en este contexto: «por el sueño, que era evidentemente una predicción de cosas adversas, el rey».","por el sueño, que era evidentemente una predicción de cosas adversas, el rey",PR42-P044-F01,PR42-P044-F01-VARIANTS,verified,
PR42-0082,PR39-44,PR42,"PDF p.45, PR42, párrafo 1",true_false,hard,"interpretación, arrepentimiento y demora del juicio","Según PDF p.45, PR42, párrafo 1, en el pasaje sobre interpretación, arrepentimiento y demora del juicio, determine si el detalle entre corchetes hace verdadera o falsa esta afirmación: «Habiendo interpretado ⟦fielmente⟧ el sueño, Daniel rogó al orgulloso monarca que se arrepintiese y se volviese a Dios, para que haciendo el bien evitase la calamidad que le amenazaba.»","[""Verdadero"", ""Falso""]",0,Verdadero,"La afirmación coincide con el PDF: «Habiendo interpretado fielmente el sueño, Daniel rogó al orgulloso monarca».","Habiendo interpretado fielmente el sueño, Daniel rogó al orgulloso monarca",PR42-P045-F01,PR42-P045-F01-VARIANTS,verified,
PR42-0083,PR39-44,PR42,"PDF p.46, PR42, párrafo 2",fill_blank,expert,"humillación, restauración y grandeza","Según PDF p.46, PR42, párrafo 2, en el pasaje sobre humillación, restauración y grandeza, complete la formulación del PDF: «Bajo la reprensión de Aquel que es _____ y Señor de señores, Nabucodonosor había aprendido por fin la lección que necesitan aprender todos los gobernantes, a saber que la verdadera grandeza consiste en ser verdaderamente buenos.»","[""hijo de Dios"", ""tiempo del fin"", ""trono de zafiro"", ""Rey de reyes""]",3,Rey de reyes,"El PDF emplea la expresión «Rey de reyes» en este contexto: «reprensión de Aquel que es Rey de reyes y Señor de señores, Nabucodonosor había aprendido».","reprensión de Aquel que es Rey de reyes y Señor de señores, Nabucodonosor había aprendido",PR42-P046-F40,PR42-P046-F40-VARIANTS,verified,
PR42-0084,PR39-44,PR42,"PDF p.43, PR42, párrafo 1",multiple_choice,expert,"prosperidad, Babilonia y segundo sueño","Según PDF p.43, PR42, párrafo 1, en el pasaje sobre prosperidad, Babilonia y segundo sueño, ¿Cuál opción mantiene sin alterar el detalle y el orden de la fuente? Marco: «de los honores mundanales y [DETALLE] por la Inspiración misma como “rey de»","[""de los honores mundanales y arrostrado por la Inspiración misma como “rey de"", ""de los honores mundanales y reconocido por la Inspiración misma como “rey de"", ""de los honores mundanales y blasfemado por la Inspiración misma como “rey de"", ""de los honores mundanales y confirmado por la Inspiración misma como “rey de""]",1,de los honores mundanales y reconocido por la Inspiración misma como “rey de,La opción correcta conserva el detalle «reconocido» tal como aparece en la fuente: «de los honores mundanales y reconocido por la Inspiración misma como “rey de».,de los honores mundanales y reconocido por la Inspiración misma como “rey de,PR42-P043-F03,PR42-P043-F03-VARIANTS,verified,
PR42-0085,PR39-44,PR42,"PDF p.44, PR42, párrafo 1",true_false,hard,"árbol, vigilante, cepa y siete tiempos","Según PDF p.44, PR42, párrafo 1, en el pasaje sobre árbol, vigilante, cepa y siete tiempos, determine si el detalle entre corchetes hace verdadera o falsa esta afirmación: «Muy perturbado por el sueño, que era evidentemente una ⟦predicción⟧ de cosas adversas, el rey lo relató a los “magos, astrólogos, Caldeos, y adivinos;” pero, aunque el sueño era muy explícito, ninguno de los sabios pudo interpretarlo.»","[""Verdadero"", ""Falso""]",0,Verdadero,"La afirmación coincide con el PDF: «sueño, que era evidentemente una predicción de cosas adversas, el rey lo relató».","sueño, que era evidentemente una predicción de cosas adversas, el rey lo relató",PR42-P044-F02,PR42-P044-F02-VARIANTS,verified,
PR42-0086,PR39-44,PR42,"PDF p.45, PR42, párrafo 1",multiple_choice,hard,"interpretación, arrepentimiento y demora del juicio","Según PDF p.45, PR42, párrafo 1, en el pasaje sobre interpretación, arrepentimiento y demora del juicio, ¿Qué opción restituye con precisión la relación descrita? Marco: «el sueño, Daniel rogó al [DETALLE] monarca que se arrepintiese y se volviese»","[""el sueño, Daniel rogó al consejero monarca que se arrepintiese y se volviese"", ""el sueño, Daniel rogó al escenario monarca que se arrepintiese y se volviese"", ""el sueño, Daniel rogó al orgulloso monarca que se arrepintiese y se volviese"", ""el sueño, Daniel rogó al esplendor monarca que se arrepintiese y se volviese""]",2,"el sueño, Daniel rogó al orgulloso monarca que se arrepintiese y se volviese","La opción correcta conserva el detalle «orgulloso» tal como aparece en la fuente: «el sueño, Daniel rogó al orgulloso monarca que se arrepintiese y se volviese».","el sueño, Daniel rogó al orgulloso monarca que se arrepintiese y se volviese",PR42-P045-F02,PR42-P045-F02-VARIANTS,verified,
PR42-0087,PR39-44,PR42,"PDF p.46, PR42, párrafo 2",fill_blank,expert,"humillación, restauración y grandeza","Según PDF p.46, PR42, párrafo 2, en el pasaje sobre humillación, restauración y grandeza, complete la formulación del PDF: «Reconoció a Jehová como el _____, diciendo: “Ahora yo Nabucodonosor alabo, engrandezco y glorifico al Rey del cielo, porque todas sus obras son verdad, y sus caminos juicio»","[""Dios viviente"", ""reino eterno"", ""río Eufrates"", ""verdadero éxito""]",0,Dios viviente,"El PDF emplea la expresión «Dios viviente» en este contexto: «Reconoció a Jehová como el Dios viviente, diciendo: “Ahora yo Nabucodonosor alabo, engrandezco y».","Reconoció a Jehová como el Dios viviente, diciendo: “Ahora yo Nabucodonosor alabo, engrandezco y",PR42-P046-F52,PR42-P046-F52-VARIANTS,verified,
PR42-0088,PR39-44,PR42,"PDF p.43, PR42, párrafo 1",fill_blank,hard,"prosperidad, Babilonia y segundo sueño","Según PDF p.43, PR42, párrafo 1, en el pasaje sobre prosperidad, Babilonia y segundo sueño, complete la formulación del PDF: «Aunque exaltado hasta el pináculo de los honores mundanales y reconocido por la _____ misma como “rey de reyes” (Ezequiel 26:7), Nabucodonosor había atribuído a veces la gloria de su reino y el esplendor de su reinado al favor de Jehová.»","[""convocación"", ""Inspiración"", ""destrucción"", ""disposición""]",1,Inspiración,El PDF emplea la expresión «Inspiración» en este contexto: «mundanales y reconocido por la Inspiración misma como “rey de reyes” (Ezequiel 26».,mundanales y reconocido por la Inspiración misma como “rey de reyes” (Ezequiel 26,PR42-P043-F04,PR42-P043-F04-VARIANTS,verified,
PR42-0089,PR39-44,PR42,"PDF p.44, PR42, párrafo 1",true_false,hard,"árbol, vigilante, cepa y siete tiempos","Según PDF p.44, PR42, párrafo 1, en el pasaje sobre árbol, vigilante, cepa y siete tiempos, determine si el detalle entre corchetes hace verdadera o falsa esta afirmación: «Muy perturbado por el sueño, que era evidentemente una predicción de cosas adversas, el rey lo relató a los “magos, ⟦adoradores⟧, Caldeos, y adivinos;” pero, aunque el sueño era muy explícito, ninguno de los sabios pudo interpretarlo.»","[""Verdadero"", ""Falso""]",1,Falso,"La afirmación cambia «astrólogos». La corrección exacta es: «Muy perturbado por el sueño, que era evidentemente una predicción de cosas adversas, el rey lo relató a los “magos, astrólogos, Caldeos, y adivinos;” pero, aunque el sueño era muy explícito, ninguno de los sabios pudo interpretarlo.»","lo relató a los “magos, astrólogos, Caldeos, y adivinos;” pero, aunque el sueño",PR42-P044-F03,PR42-P044-F03-VARIANTS,verified,"Muy perturbado por el sueño, que era evidentemente una predicción de cosas adversas, el rey lo relató a los “magos, astrólogos, Caldeos, y adivinos;” pero, aunque el sueño era muy explícito, ninguno de los sabios pudo interpretarlo."
PR42-0090,PR39-44,PR42,"PDF p.45, PR42, párrafo 1",true_false,expert,"interpretación, arrepentimiento y demora del juicio","Según PDF p.45, PR42, párrafo 1, en el pasaje sobre interpretación, arrepentimiento y demora del juicio, determine si el detalle entre corchetes hace verdadera o falsa esta afirmación: «Habiendo interpretado fielmente el sueño, Daniel rogó al orgulloso monarca que se ⟦comprendiese⟧ y se volviese a Dios, para que haciendo el bien evitase la calamidad que le amenazaba.»","[""Verdadero"", ""Falso""]",1,Falso,"La afirmación cambia «arrepintiese». La corrección exacta es: «Habiendo interpretado fielmente el sueño, Daniel rogó al orgulloso monarca que se arrepintiese y se volviese a Dios, para que haciendo el bien evitase la calamidad que le amenazaba.»","al orgulloso monarca que se arrepintiese y se volviese a Dios, para que",PR42-P045-F03,PR42-P045-F03-VARIANTS,verified,"Habiendo interpretado fielmente el sueño, Daniel rogó al orgulloso monarca que se arrepintiese y se volviese a Dios, para que haciendo el bien evitase la calamidad que le amenazaba."
PR42-0091,PR39-44,PR42,"PDF p.46, PR42, párrafo 1",multiple_choice,hard,"humillación, restauración y grandeza","Según PDF p.46, PR42, párrafo 1, en el pasaje sobre humillación, restauración y grandeza, ¿Qué opción restituye con precisión la relación descrita? Marco: «mi dignidad y mi grandeza [DETALLE] a mí, y mis gobernadores y mis»","[""mi dignidad y mi grandeza acordaste a mí, y mis gobernadores y mis"", ""mi dignidad y mi grandeza confiaste a mí, y mis gobernadores y mis"", ""mi dignidad y mi grandeza engañaron a mí, y mis gobernadores y mis"", ""mi dignidad y mi grandeza volvieron a mí, y mis gobernadores y mis""]",3,"mi dignidad y mi grandeza volvieron a mí, y mis gobernadores y mis","La opción correcta conserva el detalle «volvieron» tal como aparece en la fuente: «mi dignidad y mi grandeza volvieron a mí, y mis gobernadores y mis».","mi dignidad y mi grandeza volvieron a mí, y mis gobernadores y mis",PR42-P046-F01,PR42-P046-F01-VARIANTS,verified,
PR42-0092,PR39-44,PR42,"PDF p.43, PR42, párrafo 1",multiple_choice,easy,"prosperidad, Babilonia y segundo sueño","Según PDF p.43, PR42, párrafo 1, en el pasaje sobre prosperidad, Babilonia y segundo sueño, ¿Qué expresión completa correctamente el detalle señalado? Marco: «de reyes” (Ezequiel 26:7), [DETALLE] había atribuído a veces la gloria de»","[""de reyes” (Ezequiel 26:7), Nabucodonosor había atribuído a veces la gloria de"", ""de reyes” (Ezequiel 26:7), Abed-nego había atribuído a veces la gloria de"", ""de reyes” (Ezequiel 26:7), Beltsasar había atribuído a veces la gloria de"", ""de reyes” (Ezequiel 26:7), Belsasar había atribuído a veces la gloria de""]",0,"de reyes” (Ezequiel 26:7), Nabucodonosor había atribuído a veces la gloria de","La opción correcta conserva el detalle «Nabucodonosor» tal como aparece en la fuente: «de reyes” (Ezequiel 26:7), Nabucodonosor había atribuído a veces la gloria de».","de reyes” (Ezequiel 26:7), Nabucodonosor había atribuído a veces la gloria de",PR42-P043-F05,PR42-P043-F05-VARIANTS,verified,
PR42-0093,PR39-44,PR42,"PDF p.44, PR42, párrafo 1",fill_blank,hard,"árbol, vigilante, cepa y siete tiempos","Según PDF p.44, PR42, párrafo 1, en el pasaje sobre árbol, vigilante, cepa y siete tiempos, complete la formulación del PDF: «Muy perturbado por el sueño, que era evidentemente una predicción de cosas adversas, el rey lo relató a los “magos, astrólogos, Caldeos, y adivinos;” pero, aunque el sueño era muy _____, ninguno de los sabios pudo interpretarlo.»","[""abrumador"", ""aliviarla"", ""explícito"", ""atestiguó""]",2,explícito,"El PDF emplea la expresión «explícito» en este contexto: «aunque el sueño era muy explícito, ninguno de los sabios pudo interpretarlo».","aunque el sueño era muy explícito, ninguno de los sabios pudo interpretarlo",PR42-P044-F04,PR42-P044-F04-VARIANTS,verified,
PR42-0094,PR39-44,PR42,"PDF p.45, PR42, párrafo 1",fill_blank,hard,"interpretación, arrepentimiento y demora del juicio","Según PDF p.45, PR42, párrafo 1, en el pasaje sobre interpretación, arrepentimiento y demora del juicio, complete la formulación del PDF: «Habiendo interpretado fielmente el sueño, Daniel rogó al orgulloso monarca que se arrepintiese y se volviese a Dios, para que haciendo el bien evitase la _____ que le amenazaba.»","[""adoración"", ""adorareis"", ""autoridad"", ""calamidad""]",3,calamidad,El PDF emplea la expresión «calamidad» en este contexto: «haciendo el bien evitase la calamidad que le amenazaba».,haciendo el bien evitase la calamidad que le amenazaba,PR42-P045-F04,PR42-P045-F04-VARIANTS,verified,
PR42-0095,PR39-44,PR42,"PDF p.46, PR42, párrafo 1",true_false,hard,"humillación, restauración y grandeza","Según PDF p.46, PR42, párrafo 1, en el pasaje sobre humillación, restauración y grandeza, determine si el detalle entre corchetes hace verdadera o falsa esta afirmación: «“En el mismo tiempo mi sentido me fué vuelto, y la majestad de mi reino, mi dignidad y mi grandeza volvieron a mí, y mis ⟦gobernadores⟧ y mis grandes me buscaron»","[""Verdadero"", ""Falso""]",0,Verdadero,"La afirmación coincide con el PDF: «volvieron a mí, y mis gobernadores y mis grandes me buscaron».","volvieron a mí, y mis gobernadores y mis grandes me buscaron",PR42-P046-F02,PR42-P046-F02-VARIANTS,verified,
PR42-0096,PR39-44,PR42,"PDF p.43, PR42, párrafo 1",true_false,expert,"prosperidad, Babilonia y segundo sueño","Según PDF p.43, PR42, párrafo 1, en el pasaje sobre prosperidad, Babilonia y segundo sueño, determine si el detalle entre corchetes hace verdadera o falsa esta afirmación: «Aunque exaltado hasta el pináculo de los honores mundanales y reconocido por la Inspiración misma como “rey de reyes” (Ezequiel 26:7), Nabucodonosor había ⟦acarreado⟧ a veces la gloria de su reino y el esplendor de su reinado al favor de Jehová.»","[""Verdadero"", ""Falso""]",1,Falso,"La afirmación cambia «atribuído». La corrección exacta es: «Aunque exaltado hasta el pináculo de los honores mundanales y reconocido por la Inspiración misma como “rey de reyes” (Ezequiel 26:7), Nabucodonosor había atribuído a veces la gloria de su reino y el esplendor de su reinado al favor de Jehová.»","Ezequiel 26:7), Nabucodonosor había atribuído a veces la gloria de su reino",PR42-P043-F06,PR42-P043-F06-VARIANTS,verified,"Aunque exaltado hasta el pináculo de los honores mundanales y reconocido por la Inspiración misma como “rey de reyes” (Ezequiel 26:7), Nabucodonosor había atribuído a veces la gloria de su reino y el esplendor de su reinado al favor de Jehová."
PR42-0097,PR39-44,PR42,"PDF p.44, PR42, párrafo 1",multiple_choice,expert,"árbol, vigilante, cepa y siete tiempos","Según PDF p.44, PR42, párrafo 1, en el pasaje sobre árbol, vigilante, cepa y siete tiempos, ¿Cuál opción mantiene sin alterar el detalle y el orden de la fuente? Marco: «ninguno de los sabios pudo [DETALLE]»","[""ninguno de los sabios pudo atestiguarse"", ""ninguno de los sabios pudo interpretarlo"", ""ninguno de los sabios pudo determinarse"", ""ninguno de los sabios pudo interponerse""]",1,ninguno de los sabios pudo interpretarlo,La opción correcta conserva el detalle «interpretarlo» tal como aparece en la fuente: «ninguno de los sabios pudo interpretarlo».,ninguno de los sabios pudo interpretarlo,PR42-P044-F05,PR42-P044-F05-VARIANTS,verified,
PR42-0098,PR39-44,PR42,"PDF p.45, PR42, párrafo 1",multiple_choice,hard,"interpretación, arrepentimiento y demora del juicio","Según PDF p.45, PR42, párrafo 1, en el pasaje sobre interpretación, arrepentimiento y demora del juicio, ¿Qué opción restituye con precisión la relación descrita? Marco: «evitase la calamidad que le [DETALLE]»","[""evitase la calamidad que le esperaban"", ""evitase la calamidad que le evidencia"", ""evitase la calamidad que le amenazaba"", ""evitase la calamidad que le indicaban""]",2,evitase la calamidad que le amenazaba,La opción correcta conserva el detalle «amenazaba» tal como aparece en la fuente: «evitase la calamidad que le amenazaba».,evitase la calamidad que le amenazaba,PR42-P045-F05,PR42-P045-F05-VARIANTS,verified,
PR42-0099,PR39-44,PR42,"PDF p.46, PR42, párrafo 1",fill_blank,medium,"humillación, restauración y grandeza","Según PDF p.46, PR42, párrafo 1, en el pasaje sobre humillación, restauración y grandeza, complete la formulación del PDF: «y fuí _____ a mi reino, y mayor grandeza me fué añadida.”»","[""restituído"", ""arrostrado"", ""blasfemado"", ""confirmado""]",0,restituído,"El PDF emplea la expresión «restituído» en este contexto: «y fuí restituído a mi reino, y mayor grandeza me».","y fuí restituído a mi reino, y mayor grandeza me",PR42-P046-F12,PR42-P046-F12-VARIANTS,verified,
PR42-0100,PR39-44,PR42,"PDF p.43, PR42, párrafo 1",fill_blank,hard,"prosperidad, Babilonia y segundo sueño","Según PDF p.43, PR42, párrafo 1, en el pasaje sobre prosperidad, Babilonia y segundo sueño, complete la formulación del PDF: «Aunque exaltado hasta el pináculo de los honores mundanales y reconocido por la Inspiración misma como “rey de reyes” (Ezequiel 26:7), Nabucodonosor había atribuído a veces la gloria de su reino y el _____ de su reinado al favor de Jehová.»","[""consejero"", ""esplendor"", ""escenario"", ""mensajero""]",1,esplendor,El PDF emplea la expresión «esplendor» en este contexto: «de su reino y el esplendor de su reinado al favor de Jehová».,de su reino y el esplendor de su reinado al favor de Jehová,PR42-P043-F07,PR42-P043-F07-VARIANTS,verified,
PR42-0101,PR39-44,PR42,"PDF p.44, PR42, párrafo 1",true_false,hard,"árbol, vigilante, cepa y siete tiempos","Según PDF p.44, PR42, párrafo 1, en el pasaje sobre árbol, vigilante, cepa y siete tiempos, determine si el detalle entre corchetes hace verdadera o falsa esta afirmación: «Una vez más, en esa nación idólatra, debía ⟦atestiguarse⟧ el hecho de que únicamente los que aman y temen a Dios pueden comprender los misterios del reino de los cielos.»","[""Verdadero"", ""Falso""]",0,Verdadero,"La afirmación coincide con el PDF: «en esa nación idólatra, debía atestiguarse el hecho de que únicamente los que».","en esa nación idólatra, debía atestiguarse el hecho de que únicamente los que",PR42-P044-F13,PR42-P044-F13-VARIANTS,verified,
PR42-0102,PR39-44,PR42,"PDF p.45, PR42, párrafo 1",true_false,medium,"interpretación, arrepentimiento y demora del juicio","Según PDF p.45, PR42, párrafo 1, en el pasaje sobre interpretación, arrepentimiento y demora del juicio, determine si el detalle entre corchetes hace verdadera o falsa esta afirmación: «Suplicó el profeta: “Por tanto, oh rey, aprueba mi consejo, y redime tus pecados con justicia, y tus ⟦iniquidades⟧ con misericordias para con los pobres»","[""Verdadero"", ""Falso""]",0,Verdadero,"La afirmación coincide con el PDF: «pecados con justicia, y tus iniquidades con misericordias para con los pobres».","pecados con justicia, y tus iniquidades con misericordias para con los pobres",PR42-P045-F13,PR42-P045-F13-VARIANTS,verified,
PR42-0103,PR39-44,PR42,"PDF p.46, PR42, párrafo 2",multiple_choice,medium,"humillación, restauración y grandeza","Según PDF p.46, PR42, párrafo 2, en el pasaje sobre humillación, restauración y grandeza, ¿Cuál opción conserva el dato exacto de la fuente? Marco: «que fuera una vez un [DETALLE] monarca había llegado a ser humilde hijo»","[""que fuera una vez un consejero monarca había llegado a ser humilde hijo"", ""que fuera una vez un escenario monarca había llegado a ser humilde hijo"", ""que fuera una vez un esplendor monarca había llegado a ser humilde hijo"", ""que fuera una vez un orgulloso monarca había llegado a ser humilde hijo""]",3,que fuera una vez un orgulloso monarca había llegado a ser humilde hijo,La opción correcta conserva el detalle «orgulloso» tal como aparece en la fuente: «que fuera una vez un orgulloso monarca había llegado a ser humilde hijo».,que fuera una vez un orgulloso monarca había llegado a ser humilde hijo,PR42-P046-F17,PR42-P046-F17-VARIANTS,verified,
PR42-0104,PR39-44,PR42,"PDF p.43, PR42, párrafo 1",multiple_choice,expert,"prosperidad, Babilonia y segundo sueño","Según PDF p.43, PR42, párrafo 1, en el pasaje sobre prosperidad, Babilonia y segundo sueño, ¿Cuál opción mantiene sin alterar el detalle y el orden de la fuente? Marco: «Su espíritu sintió la profunda [DETALLE] de esa visión y del pensamiento de»","[""Su espíritu sintió la profunda influencia de esa visión y del pensamiento de"", ""Su espíritu sintió la profunda abundancia de esa visión y del pensamiento de"", ""Su espíritu sintió la profunda constancia de esa visión y del pensamiento de"", ""Su espíritu sintió la profunda describían de esa visión y del pensamiento de""]",0,Su espíritu sintió la profunda influencia de esa visión y del pensamiento de,La opción correcta conserva el detalle «influencia» tal como aparece en la fuente: «Su espíritu sintió la profunda influencia de esa visión y del pensamiento de».,Su espíritu sintió la profunda influencia de esa visión y del pensamiento de,PR42-P043-F17,PR42-P043-F17-VARIANTS,verified,
PR42-0105,PR39-44,PR42,"PDF p.44, PR42, párrafo 1",fill_blank,hard,"árbol, vigilante, cepa y siete tiempos","Según PDF p.44, PR42, párrafo 1, en el pasaje sobre árbol, vigilante, cepa y siete tiempos, complete la formulación del PDF: «Una vez más, en esa nación idólatra, debía atestiguarse el hecho de que _____ los que aman y temen a Dios pueden comprender los misterios del reino de los cielos.»","[""claramente"", ""finalmente"", ""únicamente"", ""firmemente""]",2,únicamente,El PDF emplea la expresión «únicamente» en este contexto: «atestiguarse el hecho de que únicamente los que aman y temen a Dios».,atestiguarse el hecho de que únicamente los que aman y temen a Dios,PR42-P044-F14,PR42-P044-F14-VARIANTS,verified,
PR42-0106,PR39-44,PR42,"PDF p.45, PR42, párrafo 1",fill_blank,hard,"interpretación, arrepentimiento y demora del juicio","Según PDF p.45, PR42, párrafo 1, en el pasaje sobre interpretación, arrepentimiento y demora del juicio, complete la formulación del PDF: «Suplicó el profeta: “Por tanto, oh rey, aprueba mi consejo, y redime tus pecados con justicia, y tus iniquidades con _____ para con los pobres»","[""circunstancias"", ""predominaban"", ""representaba"", ""misericordias""]",3,misericordias,"El PDF emplea la expresión «misericordias» en este contexto: «justicia, y tus iniquidades con misericordias para con los pobres».","justicia, y tus iniquidades con misericordias para con los pobres",PR42-P045-F14,PR42-P045-F14-VARIANTS,verified,
PR42-0107,PR39-44,PR42,"PDF p.46, PR42, párrafo 2",true_false,easy,"humillación, restauración y grandeza","Según PDF p.46, PR42, párrafo 2, en el pasaje sobre humillación, restauración y grandeza, determine si el detalle entre corchetes hace verdadera o falsa esta afirmación: «el gobernante tiránico e ⟦intolerante⟧, era un rey sabio y compasivo.»","[""Verdadero"", ""Falso""]",0,Verdadero,"La afirmación coincide con el PDF: «el gobernante tiránico e intolerante, era un rey sabio y compasivo».","el gobernante tiránico e intolerante, era un rey sabio y compasivo",PR42-P046-F23,PR42-P046-F23-VARIANTS,verified,
PR42-0108,PR39-44,PR42,"PDF p.43, PR42, párrafo 1",true_false,expert,"prosperidad, Babilonia y segundo sueño","Según PDF p.43, PR42, párrafo 1, en el pasaje sobre prosperidad, Babilonia y segundo sueño, determine si el detalle entre corchetes hace verdadera o falsa esta afirmación: «Su espíritu sintió la profunda influencia de esa visión y del ⟦mandamiento⟧ de que el Imperio Babilónico, por universal que fuera, iba a caer finalmente y otros reinos ejercerían el dominio, hasta que al fin todas las potencias terrenales cedieran su lugar a un reino establecido por el Dios del cielo para nunca ser destruido.»","[""Verdadero"", ""Falso""]",1,Falso,"La afirmación cambia «pensamiento». La corrección exacta es: «Su espíritu sintió la profunda influencia de esa visión y del pensamiento de que el Imperio Babilónico, por universal que fuera, iba a caer finalmente y otros reinos ejercerían el dominio, hasta que al fin todas las potencias terrenales cedieran su lugar a un reino establecido por el Dios del cielo para nunca ser destruido.»","de esa visión y del pensamiento de que el Imperio Babilónico, por universal",PR42-P043-F18,PR42-P043-F18-VARIANTS,verified,"Su espíritu sintió la profunda influencia de esa visión y del pensamiento de que el Imperio Babilónico, por universal que fuera, iba a caer finalmente y otros reinos ejercerían el dominio, hasta que al fin todas las potencias terrenales cedieran su lugar a un reino establecido por el Dios del cielo para nunca ser destruido."
PR42-0109,PR39-44,PR42,"PDF p.44, PR42, párrafo 1",multiple_choice,hard,"árbol, vigilante, cepa y siete tiempos","Según PDF p.44, PR42, párrafo 1, en el pasaje sobre árbol, vigilante, cepa y siete tiempos, ¿Qué opción restituye con precisión la relación descrita? Marco: «y temen a Dios pueden [DETALLE] los misterios del reino de los cielos»","[""y temen a Dios pueden contemplar los misterios del reino de los cielos"", ""y temen a Dios pueden comprender los misterios del reino de los cielos"", ""y temen a Dios pueden desagradar los misterios del reino de los cielos"", ""y temen a Dios pueden desempeñar los misterios del reino de los cielos""]",1,y temen a Dios pueden comprender los misterios del reino de los cielos,La opción correcta conserva el detalle «comprender» tal como aparece en la fuente: «y temen a Dios pueden comprender los misterios del reino de los cielos».,y temen a Dios pueden comprender los misterios del reino de los cielos,PR42-P044-F15,PR42-P044-F15-VARIANTS,verified,
PR42-0110,PR39-44,PR42,"PDF p.45, PR42, párrafo 1",multiple_choice,medium,"interpretación, arrepentimiento y demora del juicio","Según PDF p.45, PR42, párrafo 1, en el pasaje sobre interpretación, arrepentimiento y demora del juicio, ¿Cuál opción conserva el dato exacto de la fuente? Marco: «tal vez será eso una [DETALLE] de tu tranquilidad»","[""tal vez será eso una amonestación de tu tranquilidad"", ""tal vez será eso una aproximación de tu tranquilidad"", ""tal vez será eso una prolongación de tu tranquilidad"", ""tal vez será eso una complacencia de tu tranquilidad""]",2,tal vez será eso una prolongación de tu tranquilidad,La opción correcta conserva el detalle «prolongación» tal como aparece en la fuente: «tal vez será eso una prolongación de tu tranquilidad».,tal vez será eso una prolongación de tu tranquilidad,PR42-P045-F24,PR42-P045-F24-VARIANTS,verified,
PR42-0111,PR39-44,PR42,"PDF p.46, PR42, párrafo 2",fill_blank,easy,"humillación, restauración y grandeza","Según PDF p.46, PR42, párrafo 2, en el pasaje sobre humillación, restauración y grandeza, complete la formulación del PDF: «el gobernante tiránico e intolerante, era un rey sabio y _____.»","[""compasivo"", ""abrumador"", ""aliviarla"", ""atestiguó""]",0,compasivo,El PDF emplea la expresión «compasivo» en este contexto: «era un rey sabio y compasivo».,era un rey sabio y compasivo,PR42-P046-F24,PR42-P046-F24-VARIANTS,verified,
PR42-0112,PR39-44,PR42,"PDF p.43, PR42, párrafo 1",fill_blank,expert,"prosperidad, Babilonia y segundo sueño","Según PDF p.43, PR42, párrafo 1, en el pasaje sobre prosperidad, Babilonia y segundo sueño, complete la formulación del PDF: «Su espíritu sintió la profunda influencia de esa visión y del pensamiento de que el Imperio _____, por universal que fuera, iba a caer finalmente y otros reinos ejercerían el dominio, hasta que al fin todas las potencias terrenales cedieran su lugar a un reino establecido por el Dios del cielo para nunca ser destruido.»","[""destruidor"", ""Babilónico"", ""espiritual"", ""extranjero""]",1,Babilónico,"El PDF emplea la expresión «Babilónico» en este contexto: «pensamiento de que el Imperio Babilónico, por universal que fuera, iba a caer».","pensamiento de que el Imperio Babilónico, por universal que fuera, iba a caer",PR42-P043-F19,PR42-P043-F19-VARIANTS,verified,
PR42-0113,PR39-44,PR42,"PDF p.44, PR42, párrafo 1",true_false,hard,"árbol, vigilante, cepa y siete tiempos","Según PDF p.44, PR42, párrafo 1, en el pasaje sobre árbol, vigilante, cepa y siete tiempos, determine si el detalle entre corchetes hace verdadera o falsa esta afirmación: «Una vez más, en esa nación idólatra, debía atestiguarse el hecho de que únicamente los que aman y temen a Dios pueden comprender los ⟦misterios⟧ del reino de los cielos.»","[""Verdadero"", ""Falso""]",0,Verdadero,La afirmación coincide con el PDF: «a Dios pueden comprender los misterios del reino de los cielos».,a Dios pueden comprender los misterios del reino de los cielos,PR42-P044-F16,PR42-P044-F16-VARIANTS,verified,
PR42-0114,PR39-44,PR42,"PDF p.45, PR42, párrafo 1",true_false,medium,"interpretación, arrepentimiento y demora del juicio","Según PDF p.45, PR42, párrafo 1, en el pasaje sobre interpretación, arrepentimiento y demora del juicio, determine si el detalle entre corchetes hace verdadera o falsa esta afirmación: «que tal vez será eso una prolongación de tu ⟦amonestación⟧.”»","[""Verdadero"", ""Falso""]",1,Falso,La afirmación cambia «tranquilidad». La corrección exacta es: «que tal vez será eso una prolongación de tu tranquilidad.”»,eso una prolongación de tu tranquilidad,PR42-P045-F25,PR42-P045-F25-VARIANTS,verified,que tal vez será eso una prolongación de tu tranquilidad.”
PR42-0115,PR39-44,PR42,"PDF p.46, PR42, párrafo 2",multiple_choice,hard,"humillación, restauración y grandeza","Según PDF p.46, PR42, párrafo 2, en el pasaje sobre humillación, restauración y grandeza, ¿Qué opción restituye con precisión la relación descrita? Marco: «El que había [DETALLE] al Dios del cielo y blasfemado contra»","[""El que había acarreado al Dios del cielo y blasfemado contra"", ""El que había aprendido al Dios del cielo y blasfemado contra"", ""El que había atribuído al Dios del cielo y blasfemado contra"", ""El que había desafiado al Dios del cielo y blasfemado contra""]",3,El que había desafiado al Dios del cielo y blasfemado contra,La opción correcta conserva el detalle «desafiado» tal como aparece en la fuente: «El que había desafiado al Dios del cielo y blasfemado contra».,El que había desafiado al Dios del cielo y blasfemado contra,PR42-P046-F28,PR42-P046-F28-VARIANTS,verified,
PR42-0116,PR39-44,PR42,"PDF p.43, PR42, párrafo 1",multiple_choice,expert,"prosperidad, Babilonia y segundo sueño","Según PDF p.43, PR42, párrafo 1, en el pasaje sobre prosperidad, Babilonia y segundo sueño, ¿Cuál opción mantiene sin alterar el detalle y el orden de la fuente? Marco: «que el Imperio Babilónico, por [DETALLE] que fuera, iba a caer finalmente y»","[""que el Imperio Babilónico, por universal que fuera, iba a caer finalmente y"", ""que el Imperio Babilónico, por abrumador que fuera, iba a caer finalmente y"", ""que el Imperio Babilónico, por aliviarla que fuera, iba a caer finalmente y"", ""que el Imperio Babilónico, por atestiguó que fuera, iba a caer finalmente y""]",0,"que el Imperio Babilónico, por universal que fuera, iba a caer finalmente y","La opción correcta conserva el detalle «universal» tal como aparece en la fuente: «que el Imperio Babilónico, por universal que fuera, iba a caer finalmente y».","que el Imperio Babilónico, por universal que fuera, iba a caer finalmente y",PR42-P043-F20,PR42-P043-F20-VARIANTS,verified,
PR42-0117,PR39-44,PR42,"PDF p.44, PR42, párrafo 1",fill_blank,medium,"árbol, vigilante, cepa y siete tiempos","Según PDF p.44, PR42, párrafo 1, en el pasaje sobre árbol, vigilante, cepa y siete tiempos, complete la formulación del PDF: «En su _____, el rey mandó llamar a su siervo Daniel, hombre estimado por su integridad, constancia y sabiduría sin rival.»","[""convocación"", ""destrucción"", ""perplejidad"", ""disposición""]",2,perplejidad,"El PDF emplea la expresión «perplejidad» en este contexto: «En su perplejidad, el rey mandó llamar a su siervo».","En su perplejidad, el rey mandó llamar a su siervo",PR42-P044-F24,PR42-P044-F24-VARIANTS,verified,
PR42-0118,PR39-44,PR42,"PDF p.45, PR42, párrafo 2",fill_blank,medium,"interpretación, arrepentimiento y demora del juicio","Según PDF p.45, PR42, párrafo 2, en el pasaje sobre interpretación, arrepentimiento y demora del juicio, complete la formulación del PDF: «Por un tiempo la _____ que habían hecho la amonestación y el consejo del profeta fué profunda en el ánimo de Nabucodonosor»","[""adoración"", ""adorareis"", ""autoridad"", ""impresión""]",3,impresión,El PDF emplea la expresión «impresión» en este contexto: «Por un tiempo la impresión que habían hecho la amonestación y el».,Por un tiempo la impresión que habían hecho la amonestación y el,PR42-P045-F26,PR42-P045-F26-VARIANTS,verified,
PR42-0119,PR39-44,PR42,"PDF p.46, PR42, párrafo 2",true_false,expert,"humillación, restauración y grandeza","Según PDF p.46, PR42, párrafo 2, en el pasaje sobre humillación, restauración y grandeza, determine si el detalle entre corchetes hace verdadera o falsa esta afirmación: «El que había desafiado al Dios del cielo y ⟦arrostrado⟧ contra él, reconocía ahora el poder del Altísimo, y procuraba fervorosamente promover el temor de Jehová y la felicidad de sus súbditos.»","[""Verdadero"", ""Falso""]",1,Falso,"La afirmación cambia «blasfemado». La corrección exacta es: «El que había desafiado al Dios del cielo y blasfemado contra él, reconocía ahora el poder del Altísimo, y procuraba fervorosamente promover el temor de Jehová y la felicidad de sus súbditos.»","al Dios del cielo y blasfemado contra él, reconocía ahora el poder del",PR42-P046-F29,PR42-P046-F29-VARIANTS,verified,"El que había desafiado al Dios del cielo y blasfemado contra él, reconocía ahora el poder del Altísimo, y procuraba fervorosamente promover el temor de Jehová y la felicidad de sus súbditos."
PR42-0120,PR39-44,PR42,"PDF p.43, PR42, párrafo 1",true_false,expert,"prosperidad, Babilonia y segundo sueño","Según PDF p.43, PR42, párrafo 1, en el pasaje sobre prosperidad, Babilonia y segundo sueño, determine si el detalle entre corchetes hace verdadera o falsa esta afirmación: «Su espíritu sintió la profunda influencia de esa visión y del pensamiento de que el Imperio Babilónico, por universal que fuera, iba a caer ⟦finalmente⟧ y otros reinos ejercerían el dominio, hasta que al fin todas las potencias terrenales cedieran su lugar a un reino establecido por el Dios del cielo para nunca ser destruido.»","[""Verdadero"", ""Falso""]",0,Verdadero,"La afirmación coincide con el PDF: «que fuera, iba a caer finalmente y otros reinos ejercerían el dominio, hasta».","que fuera, iba a caer finalmente y otros reinos ejercerían el dominio, hasta",PR42-P043-F21,PR42-P043-F21-VARIANTS,verified,
PR43-0001,PR39-44,PR43,"PDF p.47, PR43, párrafo 3",multiple_choice,expert,"Belsasar, Babilonia sitiada y banquete","Según PDF p.47, PR43, párrafo 3, en el pasaje sobre Belsasar, Babilonia sitiada y banquete, ¿Cuál opción mantiene sin alterar el detalle y el orden de la fuente? Marco: «sus macizas murallas y sus [DETALLE], protegida por el río Eufrates, y abastecida»","[""sus macizas murallas y sus acontecimientos, protegida por el río Eufrates, y abastecida"", ""sus macizas murallas y sus puertas de bronce, protegida por el río Eufrates, y abastecida"", ""sus macizas murallas y sus contempladores, protegida por el río Eufrates, y abastecida"", ""sus macizas murallas y sus requerimientos, protegida por el río Eufrates, y abastecida""]",1,"sus macizas murallas y sus puertas de bronce, protegida por el río Eufrates, y abastecida","La opción correcta conserva el detalle «puertas de bronce» tal como aparece en la fuente: «sus macizas murallas y sus puertas de bronce, protegida por el río Eufrates, y abastecida».","sus macizas murallas y sus puertas de bronce, protegida por el río Eufrates, y abastecida",PR43-P047-F114,PR43-P047-F114-VARIANTS,verified,
PR43-0002,PR39-44,PR43,"PDF p.48, PR43, párrafo 2",fill_blank,expert,"Vigía invisible, escritura y reina madre","Según PDF p.48, PR43, párrafo 2, en el pasaje sobre Vigía invisible, escritura y reina madre, complete la formulación del PDF: «En presencia del _____, representante de Aquel cuyo poder había sido desafiado y cuyo nombre había sido blasfemado, el rey se quedó paralizado de miedo.»","[""Vigía invisible"", ""verdadero éxito"", ""Dios viviente"", ""reino eterno""]",0,Vigía invisible,"El PDF emplea la expresión «Vigía invisible» en este contexto: «En presencia del Vigía invisible, representante de Aquel cuyo poder había sido».","En presencia del Vigía invisible, representante de Aquel cuyo poder había sido",PR43-P048-F56,PR43-P048-F56-VARIANTS,verified,
PR43-0003,PR39-44,PR43,"PDF p.49, PR43, párrafo 3",multiple_choice,easy,"Daniel, reprensión y sentencia","Según PDF p.49, PR43, párrafo 3, en el pasaje sobre Daniel, reprensión y sentencia, ¿Qué expresión completa correctamente el detalle señalado? Marco: «no era visible, pero aquellas [DETALLE] palabras seguían resplandeciendo con terrible claridad»","[""no era visible, pero aquellas sesenta palabras seguían resplandeciendo con terrible claridad"", ""no era visible, pero aquellas siete palabras seguían resplandeciendo con terrible claridad"", ""no era visible, pero aquellas cuatro palabras seguían resplandeciendo con terrible claridad"", ""no era visible, pero aquellas treinta palabras seguían resplandeciendo con terrible claridad""]",2,"no era visible, pero aquellas cuatro palabras seguían resplandeciendo con terrible claridad","La opción correcta conserva el detalle «cuatro» tal como aparece en la fuente: «no era visible, pero aquellas cuatro palabras seguían resplandeciendo con terrible claridad».","no era visible, pero aquellas cuatro palabras seguían resplandeciendo con terrible claridad",PR43-P049-F109,PR43-P049-F109-VARIANTS,verified,
PR43-0004,PR39-44,PR43,"PDF p.47, PR43, párrafo 3",fill_blank,expert,"Belsasar, Babilonia sitiada y banquete","Según PDF p.47, PR43, párrafo 3, en el pasaje sobre Belsasar, Babilonia sitiada y banquete, complete la formulación del PDF: «Pero dentro de la fortaleza al parecer inexpugnable, con sus macizas murallas y sus puertas de bronce, protegida por el _____, y abastecida con abundantes provisiones, el voluptuoso monarca se sentía seguro y dedicaba su tiempo a la alegría y las orgías.»","[""reino eterno"", ""río Eufrates"", ""Dios viviente"", ""arco iris""]",1,río Eufrates,"El PDF emplea la expresión «río Eufrates» en este contexto: «de bronce, protegida por el río Eufrates, y abastecida con abundantes provisiones, el voluptuoso».","de bronce, protegida por el río Eufrates, y abastecida con abundantes provisiones, el voluptuoso",PR43-P047-F115,PR43-P047-F115-VARIANTS,verified,
PR43-0005,PR39-44,PR43,"PDF p.48, PR43, párrafo 1",multiple_choice,hard,"Vigía invisible, escritura y reina madre","Según PDF p.48, PR43, párrafo 1, en el pasaje sobre Vigía invisible, escritura y reina madre, ¿Qué opción restituye con precisión la relación descrita? Marco: «mientras que hombres y mujeres, [DETALLE] por un terror sin nombre, miraban cómo»","[""mientras que hombres y mujeres, acarreado por un terror sin nombre, miraban cómo"", ""mientras que hombres y mujeres, aprendido por un terror sin nombre, miraban cómo"", ""mientras que hombres y mujeres, atribuído por un terror sin nombre, miraban cómo"", ""mientras que hombres y mujeres, dominados por un terror sin nombre, miraban cómo""]",3,"mientras que hombres y mujeres, dominados por un terror sin nombre, miraban cómo","La opción correcta conserva el detalle «dominados» tal como aparece en la fuente: «mientras que hombres y mujeres, dominados por un terror sin nombre, miraban cómo».","mientras que hombres y mujeres, dominados por un terror sin nombre, miraban cómo",PR43-P048-F01,PR43-P048-F01-VARIANTS,verified,
PR43-0006,PR39-44,PR43,"PDF p.49, PR43, párrafo 1",fill_blank,medium,"Daniel, reprensión y sentencia","Según PDF p.49, PR43, párrafo 1, en el pasaje sobre Daniel, reprensión y sentencia, complete la formulación del PDF: «El profeta recordó primero a Belsasar asuntos que le eran _____, pero que no le habían enseñado la lección de humildad que podría haberle salvado.»","[""adoradores"", ""astrólogos"", ""familiares"", ""cristianas""]",2,familiares,"El PDF emplea la expresión «familiares» en este contexto: «Belsasar asuntos que le eran familiares, pero que no le habían enseñado la».","Belsasar asuntos que le eran familiares, pero que no le habían enseñado la",PR43-P049-F01,PR43-P049-F01-VARIANTS,verified,
PR43-0007,PR39-44,PR43,"PDF p.47, PR43, párrafo 1",multiple_choice,medium,"Belsasar, Babilonia sitiada y banquete","Según PDF p.47, PR43, párrafo 1, en el pasaje sobre Belsasar, Babilonia sitiada y banquete, ¿Cuál opción conserva el dato exacto de la fuente? Marco: «a la cual, más de [DETALLE] años antes, él y sus compañeros hebreos»","[""a la cual, más de sesenta años antes, él y sus compañeros hebreos"", ""a la cual, más de treinta años antes, él y sus compañeros hebreos"", ""a la cual, más de cuatro años antes, él y sus compañeros hebreos"", ""a la cual, más de siete años antes, él y sus compañeros hebreos""]",0,"a la cual, más de sesenta años antes, él y sus compañeros hebreos","La opción correcta conserva el detalle «sesenta» tal como aparece en la fuente: «a la cual, más de sesenta años antes, él y sus compañeros hebreos».","a la cual, más de sesenta años antes, él y sus compañeros hebreos",PR43-P047-F01,PR43-P047-F01-VARIANTS,verified,
PR43-0008,PR39-44,PR43,"PDF p.48, PR43, párrafo 1",fill_blank,medium,"Vigía invisible, escritura y reina madre","Según PDF p.48, PR43, párrafo 1, en el pasaje sobre Vigía invisible, escritura y reina madre, complete la formulación del PDF: «Acallada quedó la ruidosa alegría, mientras que hombres y mujeres, dominados por un terror sin nombre, miraban cómo la mano trazaba _____ los caracteres misteriosos.»","[""claramente"", ""finalmente"", ""firmemente"", ""lentamente""]",3,lentamente,El PDF emplea la expresión «lentamente» en este contexto: «miraban cómo la mano trazaba lentamente los caracteres misteriosos».,miraban cómo la mano trazaba lentamente los caracteres misteriosos,PR43-P048-F02,PR43-P048-F02-VARIANTS,verified,
PR43-0009,PR39-44,PR43,"PDF p.49, PR43, párrafo 1",multiple_choice,medium,"Daniel, reprensión y sentencia","Según PDF p.49, PR43, párrafo 1, en el pasaje sobre Daniel, reprensión y sentencia, ¿Cuál opción conserva el dato exacto de la fuente? Marco: «Habló del pecado de [DETALLE], de su caída y de como el»","[""Habló del pecado de Abed-nego, de su caída y de como el"", ""Habló del pecado de Nabucodonosor, de su caída y de como el"", ""Habló del pecado de Beltsasar, de su caída y de como el"", ""Habló del pecado de Belsasar, de su caída y de como el""]",1,"Habló del pecado de Nabucodonosor, de su caída y de como el","La opción correcta conserva el detalle «Nabucodonosor» tal como aparece en la fuente: «Habló del pecado de Nabucodonosor, de su caída y de como el».","Habló del pecado de Nabucodonosor, de su caída y de como el",PR43-P049-F13,PR43-P049-F13-VARIANTS,verified,
PR43-0010,PR39-44,PR43,"PDF p.47, PR43, párrafo 1",true_false,hard,"Belsasar, Babilonia sitiada y banquete","Según PDF p.47, PR43, párrafo 1, en el pasaje sobre Belsasar, Babilonia sitiada y banquete, determine si el detalle entre corchetes hace verdadera o falsa esta afirmación: «Hacia el fin de la vida de Daniel, se estaban ⟦produciendo⟧ grandes cambios en la tierra a la cual, más de sesenta años antes, él y sus compañeros hebreos habían sido llevados cautivos.»","[""Verdadero"", ""Falso""]",0,Verdadero,"La afirmación coincide con el PDF: «vida de Daniel, se estaban produciendo grandes cambios en la tierra a la».","vida de Daniel, se estaban produciendo grandes cambios en la tierra a la",PR43-P047-F02,PR43-P047-F02-VARIANTS,verified,
PR43-0011,PR39-44,PR43,"PDF p.48, PR43, párrafo 1",fill_blank,medium,"Vigía invisible, escritura y reina madre","Según PDF p.48, PR43, párrafo 1, en el pasaje sobre Vigía invisible, escritura y reina madre, complete la formulación del PDF: «Acallada quedó la ruidosa alegría, mientras que hombres y mujeres, dominados por un terror sin nombre, miraban cómo la mano trazaba lentamente los _____ misteriosos.»","[""caracteres"", ""asombrados"", ""babilonios"", ""compañeros""]",0,caracteres,El PDF emplea la expresión «caracteres» en este contexto: «la mano trazaba lentamente los caracteres misteriosos».,la mano trazaba lentamente los caracteres misteriosos,PR43-P048-F03,PR43-P048-F03-VARIANTS,verified,
PR43-0012,PR39-44,PR43,"PDF p.49, PR43, párrafo 1",multiple_choice,expert,"Daniel, reprensión y sentencia","Según PDF p.49, PR43, párrafo 1, en el pasaje sobre Daniel, reprensión y sentencia, ¿Cuál opción mantiene sin alterar el detalle y el orden de la fuente? Marco: «gloria que se le habían [DETALLE], así como del castigo divino que mereció»","[""gloria que se le habían acarreado, así como del castigo divino que mereció"", ""gloria que se le habían aprendido, así como del castigo divino que mereció"", ""gloria que se le habían concedido, así como del castigo divino que mereció"", ""gloria que se le habían atribuído, así como del castigo divino que mereció""]",2,"gloria que se le habían concedido, así como del castigo divino que mereció","La opción correcta conserva el detalle «concedido» tal como aparece en la fuente: «gloria que se le habían concedido, así como del castigo divino que mereció».","gloria que se le habían concedido, así como del castigo divino que mereció",PR43-P049-F14,PR43-P049-F14-VARIANTS,verified,
PR43-0013,PR39-44,PR43,"PDF p.47, PR43, párrafo 1",true_false,hard,"Belsasar, Babilonia sitiada y banquete","Según PDF p.47, PR43, párrafo 1, en el pasaje sobre Belsasar, Babilonia sitiada y banquete, determine si el detalle entre corchetes hace verdadera o falsa esta afirmación: «Hacia el fin de la vida de Daniel, se estaban produciendo grandes cambios en la tierra a la cual, más de sesenta años antes, él y sus ⟦compañeros⟧ hebreos habían sido llevados cautivos.»","[""Verdadero"", ""Falso""]",0,Verdadero,"La afirmación coincide con el PDF: «años antes, él y sus compañeros hebreos habían sido llevados cautivos».","años antes, él y sus compañeros hebreos habían sido llevados cautivos",PR43-P047-F03,PR43-P047-F03-VARIANTS,verified,
PR43-0014,PR39-44,PR43,"PDF p.48, PR43, párrafo 1",fill_blank,medium,"Vigía invisible, escritura y reina madre","Según PDF p.48, PR43, párrafo 1, en el pasaje sobre Vigía invisible, escritura y reina madre, complete la formulación del PDF: «Acallada quedó la ruidosa alegría, mientras que hombres y mujeres, dominados por un terror sin nombre, miraban cómo la mano trazaba lentamente los caracteres _____.»","[""adivinanzas"", ""misteriosos"", ""babilónicos"", ""bendecirlos""]",1,misteriosos,El PDF emplea la expresión «misteriosos» en este contexto: «mano trazaba lentamente los caracteres misteriosos».,mano trazaba lentamente los caracteres misteriosos,PR43-P048-F04,PR43-P048-F04-VARIANTS,verified,
PR43-0015,PR39-44,PR43,"PDF p.49, PR43, párrafo 1",multiple_choice,expert,"Daniel, reprensión y sentencia","Según PDF p.49, PR43, párrafo 1, en el pasaje sobre Daniel, reprensión y sentencia, ¿Cuál opción mantiene sin alterar el detalle y el orden de la fuente? Marco: «mereció su orgullo y del [DETALLE] reconocimiento que había expresado acerca del poder»","[""mereció su orgullo y del conocimiento reconocimiento que había expresado acerca del poder"", ""mereció su orgullo y del cumplimiento reconocimiento que había expresado acerca del poder"", ""mereció su orgullo y del mandamiento reconocimiento que había expresado acerca del poder"", ""mereció su orgullo y del subsiguiente reconocimiento que había expresado acerca del poder""]",3,mereció su orgullo y del subsiguiente reconocimiento que había expresado acerca del poder,La opción correcta conserva el detalle «subsiguiente» tal como aparece en la fuente: «mereció su orgullo y del subsiguiente reconocimiento que había expresado acerca del poder».,mereció su orgullo y del subsiguiente reconocimiento que había expresado acerca del poder,PR43-P049-F15,PR43-P049-F15-VARIANTS,verified,
PR43-0016,PR39-44,PR43,"PDF p.47, PR43, párrafo 1",true_false,easy,"Belsasar, Babilonia sitiada y banquete","Según PDF p.47, PR43, párrafo 1, en el pasaje sobre Belsasar, Babilonia sitiada y banquete, determine si el detalle entre corchetes hace verdadera o falsa esta afirmación: «Nabucodonosor había muerto, y ⟦Babilonia⟧, antes “alabada por toda la tierra,” había pasado a ser gobernada por sus sucesores imprudentes»","[""Verdadero"", ""Falso""]",0,Verdadero,"La afirmación coincide con el PDF: «Nabucodonosor había muerto, y Babilonia, antes “alabada por toda la tierra,” había».","Nabucodonosor había muerto, y Babilonia, antes “alabada por toda la tierra,” había",PR43-P047-F13,PR43-P047-F13-VARIANTS,verified,
PR43-0017,PR39-44,PR43,"PDF p.48, PR43, párrafo 1",fill_blank,easy,"Vigía invisible, escritura y reina madre","Según PDF p.48, PR43, párrafo 1, en el pasaje sobre Vigía invisible, escritura y reina madre, complete la formulación del PDF: «Como en visión _____ desfilaron ante sus ojos los actos de su vida impía»","[""babilónico"", ""destruidor"", ""panorámica"", ""espiritual""]",2,panorámica,El PDF emplea la expresión «panorámica» en este contexto: «Como en visión panorámica desfilaron ante sus ojos los actos de».,Como en visión panorámica desfilaron ante sus ojos los actos de,PR43-P048-F13,PR43-P048-F13-VARIANTS,verified,
PR43-0018,PR39-44,PR43,"PDF p.49, PR43, párrafo 1",multiple_choice,expert,"Daniel, reprensión y sentencia","Según PDF p.49, PR43, párrafo 1, en el pasaje sobre Daniel, reprensión y sentencia, ¿Cuál opción mantiene sin alterar el detalle y el orden de la fuente? Marco: «su orgullo y del subsiguiente [DETALLE] que había expresado acerca del poder y»","[""su orgullo y del subsiguiente reconocimiento que había expresado acerca del poder y"", ""su orgullo y del subsiguiente misericordioso que había expresado acerca del poder y"", ""su orgullo y del subsiguiente encarcelamiento que había expresado acerca del poder y"", ""su orgullo y del subsiguiente establecimiento que había expresado acerca del poder y""]",0,su orgullo y del subsiguiente reconocimiento que había expresado acerca del poder y,La opción correcta conserva el detalle «reconocimiento» tal como aparece en la fuente: «su orgullo y del subsiguiente reconocimiento que había expresado acerca del poder y».,su orgullo y del subsiguiente reconocimiento que había expresado acerca del poder y,PR43-P049-F16,PR43-P049-F16-VARIANTS,verified,
PR43-0019,PR39-44,PR43,"PDF p.47, PR43, párrafo 1",true_false,hard,"Belsasar, Babilonia sitiada y banquete","Según PDF p.47, PR43, párrafo 1, en el pasaje sobre Belsasar, Babilonia sitiada y banquete, determine si el detalle entre corchetes hace verdadera o falsa esta afirmación: «Nabucodonosor había muerto, y Babilonia, antes “alabada por toda la tierra,” había pasado a ser ⟦acarreado⟧ por sus sucesores imprudentes»","[""Verdadero"", ""Falso""]",1,Falso,"La afirmación cambia «gobernada». La corrección exacta es: «Nabucodonosor había muerto, y Babilonia, antes “alabada por toda la tierra,” había pasado a ser gobernada por sus sucesores imprudentes»","tierra,” había pasado a ser gobernada por sus sucesores imprudentes",PR43-P047-F14,PR43-P047-F14-VARIANTS,verified,"Nabucodonosor había muerto, y Babilonia, antes “alabada por toda la tierra,” había pasado a ser gobernada por sus sucesores imprudentes"
PR43-0020,PR39-44,PR43,"PDF p.48, PR43, párrafo 1",fill_blank,medium,"Vigía invisible, escritura y reina madre","Según PDF p.48, PR43, párrafo 1, en el pasaje sobre Vigía invisible, escritura y reina madre, complete la formulación del PDF: «Como en visión panorámica _____ ante sus ojos los actos de su vida impía»","[""apoderaron"", ""entregaron"", ""rechazaron"", ""desfilaron""]",3,desfilaron,El PDF emplea la expresión «desfilaron» en este contexto: «Como en visión panorámica desfilaron ante sus ojos los actos de su».,Como en visión panorámica desfilaron ante sus ojos los actos de su,PR43-P048-F14,PR43-P048-F14-VARIANTS,verified,
PR43-0021,PR39-44,PR43,"PDF p.49, PR43, párrafo 1",multiple_choice,expert,"Daniel, reprensión y sentencia","Según PDF p.49, PR43, párrafo 1, en el pasaje sobre Daniel, reprensión y sentencia, ¿Cuál opción mantiene sin alterar el detalle y el orden de la fuente? Marco: «del subsiguiente reconocimiento que había [DETALLE] acerca del poder y la misericordia del»","[""del subsiguiente reconocimiento que había acarreado acerca del poder y la misericordia del"", ""del subsiguiente reconocimiento que había expresado acerca del poder y la misericordia del"", ""del subsiguiente reconocimiento que había aprendido acerca del poder y la misericordia del"", ""del subsiguiente reconocimiento que había atribuído acerca del poder y la misericordia del""]",1,del subsiguiente reconocimiento que había expresado acerca del poder y la misericordia del,La opción correcta conserva el detalle «expresado» tal como aparece en la fuente: «del subsiguiente reconocimiento que había expresado acerca del poder y la misericordia del».,del subsiguiente reconocimiento que había expresado acerca del poder y la misericordia del,PR43-P049-F17,PR43-P049-F17-VARIANTS,verified,
PR43-0022,PR39-44,PR43,"PDF p.47, PR43, párrafo 1",true_false,medium,"Belsasar, Babilonia sitiada y banquete","Según PDF p.47, PR43, párrafo 1, en el pasaje sobre Belsasar, Babilonia sitiada y banquete, determine si el detalle entre corchetes hace verdadera o falsa esta afirmación: «Nabucodonosor había muerto, y Babilonia, antes “alabada por toda la tierra,” había pasado a ser gobernada por sus ⟦sucesores⟧ imprudentes»","[""Verdadero"", ""Falso""]",0,Verdadero,La afirmación coincide con el PDF: «a ser gobernada por sus sucesores imprudentes».,a ser gobernada por sus sucesores imprudentes,PR43-P047-F15,PR43-P047-F15-VARIANTS,verified,
PR43-0023,PR39-44,PR43,"PDF p.48, PR43, párrafo 1",fill_blank,medium,"Vigía invisible, escritura y reina madre","Según PDF p.48, PR43, párrafo 1, en el pasaje sobre Vigía invisible, escritura y reina madre, complete la formulación del PDF: «les pareció estar _____ ante el tribunal del Dios eterno, cuyo poder acababan de desafiar.»","[""emplazados"", ""arrostrado"", ""blasfemado"", ""confirmado""]",0,emplazados,"El PDF emplea la expresión «emplazados» en este contexto: «les pareció estar emplazados ante el tribunal del Dios eterno, cuyo».","les pareció estar emplazados ante el tribunal del Dios eterno, cuyo",PR43-P048-F18,PR43-P048-F18-VARIANTS,verified,
PR43-0024,PR39-44,PR43,"PDF p.49, PR43, párrafo 1",multiple_choice,expert,"Daniel, reprensión y sentencia","Según PDF p.49, PR43, párrafo 1, en el pasaje sobre Daniel, reprensión y sentencia, ¿Cuál opción mantiene sin alterar el detalle y el orden de la fuente? Marco: «acerca del poder y la [DETALLE] del Dios de Israel»","[""acerca del poder y la amonestación del Dios de Israel"", ""acerca del poder y la aproximación del Dios de Israel"", ""acerca del poder y la misericordia del Dios de Israel"", ""acerca del poder y la complacencia del Dios de Israel""]",2,acerca del poder y la misericordia del Dios de Israel,La opción correcta conserva el detalle «misericordia» tal como aparece en la fuente: «acerca del poder y la misericordia del Dios de Israel».,acerca del poder y la misericordia del Dios de Israel,PR43-P049-F18,PR43-P049-F18-VARIANTS,verified,
PR43-0025,PR39-44,PR43,"PDF p.47, PR43, párrafo 1",true_false,medium,"Belsasar, Babilonia sitiada y banquete","Según PDF p.47, PR43, párrafo 1, en el pasaje sobre Belsasar, Babilonia sitiada y banquete, determine si el detalle entre corchetes hace verdadera o falsa esta afirmación: «Nabucodonosor había muerto, y Babilonia, antes “alabada por toda la tierra,” había pasado a ser gobernada por sus sucesores ⟦imprudentes⟧»","[""Verdadero"", ""Falso""]",0,Verdadero,La afirmación coincide con el PDF: «ser gobernada por sus sucesores imprudentes».,ser gobernada por sus sucesores imprudentes,PR43-P047-F16,PR43-P047-F16-VARIANTS,verified,
PR43-0026,PR39-44,PR43,"PDF p.48, PR43, párrafo 1",fill_blank,hard,"Vigía invisible, escritura y reina madre","Según PDF p.48, PR43, párrafo 1, en el pasaje sobre Vigía invisible, escritura y reina madre, complete la formulación del PDF: «Donde tan sólo unos momentos antes habían _____ la hilaridad y los chistes blasfemos, se veían rostros pálidos y se oían gritos de miedo.»","[""concentrada"", ""prevalecido"", ""considerado"", ""desmenuzado""]",1,prevalecido,"El PDF emplea la expresión «prevalecido» en este contexto: «sólo unos momentos antes habían prevalecido la hilaridad y los chistes blasfemos, se».","sólo unos momentos antes habían prevalecido la hilaridad y los chistes blasfemos, se",PR43-P048-F26,PR43-P048-F26-VARIANTS,verified,
PR43-0027,PR39-44,PR43,"PDF p.49, PR43, párrafo 1",multiple_choice,medium,"Daniel, reprensión y sentencia","Según PDF p.49, PR43, párrafo 1, en el pasaje sobre Daniel, reprensión y sentencia, ¿Cuál opción conserva el dato exacto de la fuente? Marco: «Después, en palabras audaces y [DETALLE], reprendió a Belsasar por su gran impiedad»","[""Después, en palabras audaces y blasfemos, reprendió a Belsasar por su gran impiedad"", ""Después, en palabras audaces y corruptos, reprendió a Belsasar por su gran impiedad"", ""Después, en palabras audaces y disolutos, reprendió a Belsasar por su gran impiedad"", ""Después, en palabras audaces y enfáticas, reprendió a Belsasar por su gran impiedad""]",3,"Después, en palabras audaces y enfáticas, reprendió a Belsasar por su gran impiedad","La opción correcta conserva el detalle «enfáticas» tal como aparece en la fuente: «Después, en palabras audaces y enfáticas, reprendió a Belsasar por su gran impiedad».","Después, en palabras audaces y enfáticas, reprendió a Belsasar por su gran impiedad",PR43-P049-F25,PR43-P049-F25-VARIANTS,verified,
PR43-0028,PR39-44,PR43,"PDF p.47, PR43, párrafo 1",true_false,medium,"Belsasar, Babilonia sitiada y banquete","Según PDF p.47, PR43, párrafo 1, en el pasaje sobre Belsasar, Babilonia sitiada y banquete, determine si el detalle entre corchetes hace verdadera o falsa esta afirmación: «y el ⟦consejero⟧ era una disolución gradual pero segura.»","[""Verdadero"", ""Falso""]",1,Falso,La afirmación cambia «resultado». La corrección exacta es: «y el resultado era una disolución gradual pero segura.»,y el resultado era una disolución gradual pero segura,PR43-P047-F24,PR43-P047-F24-VARIANTS,verified,y el resultado era una disolución gradual pero segura.
PR43-0029,PR39-44,PR43,"PDF p.48, PR43, párrafo 1",fill_blank,medium,"Vigía invisible, escritura y reina madre","Según PDF p.48, PR43, párrafo 1, en el pasaje sobre Vigía invisible, escritura y reina madre, complete la formulación del PDF: «Donde tan sólo unos momentos antes habían prevalecido la _____ y los chistes blasfemos, se veían rostros pálidos y se oían gritos de miedo.»","[""adoración"", ""adorareis"", ""hilaridad"", ""autoridad""]",2,hilaridad,"El PDF emplea la expresión «hilaridad» en este contexto: «momentos antes habían prevalecido la hilaridad y los chistes blasfemos, se veían rostros».","momentos antes habían prevalecido la hilaridad y los chistes blasfemos, se veían rostros",PR43-P048-F27,PR43-P048-F27-VARIANTS,verified,
PR43-0030,PR39-44,PR43,"PDF p.49, PR43, párrafo 1",multiple_choice,medium,"Daniel, reprensión y sentencia","Según PDF p.49, PR43, párrafo 1, en el pasaje sobre Daniel, reprensión y sentencia, ¿Cuál opción conserva el dato exacto de la fuente? Marco: «en palabras audaces y enfáticas, [DETALLE] a Belsasar por su gran impiedad»","[""en palabras audaces y enfáticas, reprendió a Belsasar por su gran impiedad"", ""en palabras audaces y enfáticas, abrumador a Belsasar por su gran impiedad"", ""en palabras audaces y enfáticas, aliviarla a Belsasar por su gran impiedad"", ""en palabras audaces y enfáticas, atestiguó a Belsasar por su gran impiedad""]",0,"en palabras audaces y enfáticas, reprendió a Belsasar por su gran impiedad","La opción correcta conserva el detalle «reprendió» tal como aparece en la fuente: «en palabras audaces y enfáticas, reprendió a Belsasar por su gran impiedad».","en palabras audaces y enfáticas, reprendió a Belsasar por su gran impiedad",PR43-P049-F26,PR43-P049-F26-VARIANTS,verified,
PR43-0031,PR39-44,PR43,"PDF p.47, PR43, párrafo 1",true_false,easy,"Belsasar, Babilonia sitiada y banquete","Según PDF p.47, PR43, párrafo 1, en el pasaje sobre Belsasar, Babilonia sitiada y banquete, determine si el detalle entre corchetes hace verdadera o falsa esta afirmación: «y el resultado era una ⟦disolución⟧ gradual pero segura.»","[""Verdadero"", ""Falso""]",0,Verdadero,La afirmación coincide con el PDF: «y el resultado era una disolución gradual pero segura».,y el resultado era una disolución gradual pero segura,PR43-P047-F25,PR43-P047-F25-VARIANTS,verified,
PR43-0032,PR39-44,PR43,"PDF p.48, PR43, párrafo 1",fill_blank,medium,"Vigía invisible, escritura y reina madre","Según PDF p.48, PR43, párrafo 1, en el pasaje sobre Vigía invisible, escritura y reina madre, complete la formulación del PDF: «Donde tan sólo unos momentos antes habían prevalecido la hilaridad y los chistes _____, se veían rostros pálidos y se oían gritos de miedo.»","[""corruptos"", ""disolutos"", ""enfáticas"", ""blasfemos""]",3,blasfemos,"El PDF emplea la expresión «blasfemos» en este contexto: «la hilaridad y los chistes blasfemos, se veían rostros pálidos y se oían».","la hilaridad y los chistes blasfemos, se veían rostros pálidos y se oían",PR43-P048-F28,PR43-P048-F28-VARIANTS,verified,
PR43-0033,PR39-44,PR43,"PDF p.49, PR43, párrafo 1",multiple_choice,medium,"Daniel, reprensión y sentencia","Según PDF p.49, PR43, párrafo 1, en el pasaje sobre Daniel, reprensión y sentencia, ¿Cuál opción conserva el dato exacto de la fuente? Marco: «rey y le señaló las [DETALLE] que podría haber aprendido, pero que no»","[""rey y le señaló las potencias que podría haber aprendido, pero que no"", ""rey y le señaló las lecciones que podría haber aprendido, pero que no"", ""rey y le señaló las tinieblas que podría haber aprendido, pero que no"", ""rey y le señaló las exigencias que podría haber aprendido, pero que no""]",1,"rey y le señaló las lecciones que podría haber aprendido, pero que no","La opción correcta conserva el detalle «lecciones» tal como aparece en la fuente: «rey y le señaló las lecciones que podría haber aprendido, pero que no».","rey y le señaló las lecciones que podría haber aprendido, pero que no",PR43-P049-F32,PR43-P049-F32-VARIANTS,verified,
PR43-0034,PR39-44,PR43,"PDF p.47, PR43, párrafo 2",true_false,medium,"Belsasar, Babilonia sitiada y banquete","Según PDF p.47, PR43, párrafo 2, en el pasaje sobre Belsasar, Babilonia sitiada y banquete, determine si el detalle entre corchetes hace verdadera o falsa esta afirmación: «Debido a la ⟦insensatez⟧ y debilidad de Belsasar, nieto de Nabucodonosor, la orgullosa Babilonia iba a caer pronto.»","[""Verdadero"", ""Falso""]",0,Verdadero,"La afirmación coincide con el PDF: «Debido a la insensatez y debilidad de Belsasar, nieto de Nabucodonosor».","Debido a la insensatez y debilidad de Belsasar, nieto de Nabucodonosor",PR43-P047-F28,PR43-P047-F28-VARIANTS,verified,
PR43-0035,PR39-44,PR43,"PDF p.48, PR43, párrafo 1",fill_blank,easy,"Vigía invisible, escritura y reina madre","Según PDF p.48, PR43, párrafo 1, en el pasaje sobre Vigía invisible, escritura y reina madre, complete la formulación del PDF: «Cuando Dios infunde miedo en los hombres, no pueden ocultar la _____ de su terror.»","[""intensidad"", ""apariencia"", ""casualidad"", ""cautividad""]",0,intensidad,"El PDF emplea la expresión «intensidad» en este contexto: «hombres, no pueden ocultar la intensidad de su terror».","hombres, no pueden ocultar la intensidad de su terror",PR43-P048-F38,PR43-P048-F38-VARIANTS,verified,
PR43-0036,PR39-44,PR43,"PDF p.49, PR43, párrafo 1",multiple_choice,hard,"Daniel, reprensión y sentencia","Según PDF p.49, PR43, párrafo 1, en el pasaje sobre Daniel, reprensión y sentencia, ¿Qué opción restituye con precisión la relación descrita? Marco: «las lecciones que podría haber [DETALLE], pero que no aprendió»","[""las lecciones que podría haber acarreado, pero que no aprendió"", ""las lecciones que podría haber atribuído, pero que no aprendió"", ""las lecciones que podría haber aprendido, pero que no aprendió"", ""las lecciones que podría haber concedido, pero que no aprendió""]",2,"las lecciones que podría haber aprendido, pero que no aprendió","La opción correcta conserva el detalle «aprendido» tal como aparece en la fuente: «las lecciones que podría haber aprendido, pero que no aprendió».","las lecciones que podría haber aprendido, pero que no aprendió",PR43-P049-F33,PR43-P049-F33-VARIANTS,verified,
PR43-0037,PR39-44,PR43,"PDF p.47, PR43, párrafo 2",true_false,medium,"Belsasar, Babilonia sitiada y banquete","Según PDF p.47, PR43, párrafo 2, en el pasaje sobre Belsasar, Babilonia sitiada y banquete, determine si el detalle entre corchetes hace verdadera o falsa esta afirmación: «Debido a la insensatez y ⟦debilidad⟧ de Belsasar, nieto de Nabucodonosor, la orgullosa Babilonia iba a caer pronto.»","[""Verdadero"", ""Falso""]",0,Verdadero,"La afirmación coincide con el PDF: «Debido a la insensatez y debilidad de Belsasar, nieto de Nabucodonosor, la orgullosa».","Debido a la insensatez y debilidad de Belsasar, nieto de Nabucodonosor, la orgullosa",PR43-P047-F29,PR43-P047-F29-VARIANTS,verified,
PR43-0038,PR39-44,PR43,"PDF p.48, PR43, párrafo 2",fill_blank,medium,"Vigía invisible, escritura y reina madre","Según PDF p.48, PR43, párrafo 2, en el pasaje sobre Vigía invisible, escritura y reina madre, complete la formulación del PDF: «Belsasar era el más _____ de todos.»","[""desesperados"", ""aterrorizado"", ""desprevenida"", ""determinados""]",1,aterrorizado,El PDF emplea la expresión «aterrorizado» en este contexto: «Belsasar era el más aterrorizado de todos».,Belsasar era el más aterrorizado de todos,PR43-P048-F44,PR43-P048-F44-VARIANTS,verified,
PR43-0039,PR39-44,PR43,"PDF p.49, PR43, párrafo 1",multiple_choice,hard,"Daniel, reprensión y sentencia","Según PDF p.49, PR43, párrafo 1, en el pasaje sobre Daniel, reprensión y sentencia, ¿Qué opción restituye con precisión la relación descrita? Marco: «Belsasar no había leído [DETALLE] lo experimentado por su abuelo, ni prestado»","[""Belsasar no había leído completamente lo experimentado por su abuelo, ni prestado"", ""Belsasar no había leído confiadamente lo experimentado por su abuelo, ni prestado"", ""Belsasar no había leído especialmente lo experimentado por su abuelo, ni prestado"", ""Belsasar no había leído correctamente lo experimentado por su abuelo, ni prestado""]",3,"Belsasar no había leído correctamente lo experimentado por su abuelo, ni prestado","La opción correcta conserva el detalle «correctamente» tal como aparece en la fuente: «Belsasar no había leído correctamente lo experimentado por su abuelo, ni prestado».","Belsasar no había leído correctamente lo experimentado por su abuelo, ni prestado",PR43-P049-F40,PR43-P049-F40-VARIANTS,verified,
PR43-0040,PR39-44,PR43,"PDF p.47, PR43, párrafo 2",true_false,easy,"Belsasar, Babilonia sitiada y banquete","Según PDF p.47, PR43, párrafo 2, en el pasaje sobre Belsasar, Babilonia sitiada y banquete, determine si el detalle entre corchetes hace verdadera o falsa esta afirmación: «Debido a la insensatez y debilidad de Belsasar, nieto de ⟦Nabucodonosor⟧, la orgullosa Babilonia iba a caer pronto.»","[""Verdadero"", ""Falso""]",0,Verdadero,"La afirmación coincide con el PDF: «debilidad de Belsasar, nieto de Nabucodonosor, la orgullosa Babilonia iba a caer pronto».","debilidad de Belsasar, nieto de Nabucodonosor, la orgullosa Babilonia iba a caer pronto",PR43-P047-F30,PR43-P047-F30-VARIANTS,verified,
PR43-0041,PR39-44,PR43,"PDF p.48, PR43, párrafo 2",fill_blank,hard,"Vigía invisible, escritura y reina madre","Según PDF p.48, PR43, párrafo 2, en el pasaje sobre Vigía invisible, escritura y reina madre, complete la formulación del PDF: «El era quien llevaba la mayor _____ por la rebelión contra Dios que había llegado esa noche a su apogeo en el reino babilónico.»","[""interpretación"", ""consideración"", ""responsabilidad"", ""desobediencia""]",2,responsabilidad,El PDF emplea la expresión «responsabilidad» en este contexto: «era quien llevaba la mayor responsabilidad por la rebelión contra Dios que había».,era quien llevaba la mayor responsabilidad por la rebelión contra Dios que había,PR43-P048-F46,PR43-P048-F46-VARIANTS,verified,
PR43-0042,PR39-44,PR43,"PDF p.49, PR43, párrafo 1",multiple_choice,hard,"Daniel, reprensión y sentencia","Según PDF p.49, PR43, párrafo 1, en el pasaje sobre Daniel, reprensión y sentencia, ¿Qué opción restituye con precisión la relación descrita? Marco: «no había leído correctamente lo [DETALLE] por su abuelo, ni prestado atención a»","[""no había leído correctamente lo experimentado por su abuelo, ni prestado atención a"", ""no había leído correctamente lo desarraigadas por su abuelo, ni prestado atención a"", ""no había leído correctamente lo aterrorizado por su abuelo, ni prestado atención a"", ""no había leído correctamente lo bienaventurado por su abuelo, ni prestado atención a""]",0,"no había leído correctamente lo experimentado por su abuelo, ni prestado atención a","La opción correcta conserva el detalle «experimentado» tal como aparece en la fuente: «no había leído correctamente lo experimentado por su abuelo, ni prestado atención a».","no había leído correctamente lo experimentado por su abuelo, ni prestado atención a",PR43-P049-F41,PR43-P049-F41-VARIANTS,verified,
PR43-0043,PR39-44,PR43,"PDF p.47, PR43, párrafo 2",true_false,hard,"Belsasar, Babilonia sitiada y banquete","Según PDF p.47, PR43, párrafo 2, en el pasaje sobre Belsasar, Babilonia sitiada y banquete, determine si el detalle entre corchetes hace verdadera o falsa esta afirmación: «Debido a la insensatez y debilidad de Belsasar, nieto de Nabucodonosor, la ⟦adoración⟧ Babilonia iba a caer pronto.»","[""Verdadero"", ""Falso""]",1,Falso,"La afirmación cambia «orgullosa». La corrección exacta es: «Debido a la insensatez y debilidad de Belsasar, nieto de Nabucodonosor, la orgullosa Babilonia iba a caer pronto.»","Belsasar, nieto de Nabucodonosor, la orgullosa Babilonia iba a caer pronto",PR43-P047-F31,PR43-P047-F31-VARIANTS,verified,"Debido a la insensatez y debilidad de Belsasar, nieto de Nabucodonosor, la orgullosa Babilonia iba a caer pronto."
PR43-0044,PR39-44,PR43,"PDF p.48, PR43, párrafo 2",fill_blank,medium,"Vigía invisible, escritura y reina madre","Según PDF p.48, PR43, párrafo 2, en el pasaje sobre Vigía invisible, escritura y reina madre, complete la formulación del PDF: «El era quien llevaba la mayor responsabilidad por la rebelión contra Dios que había llegado esa noche a su apogeo en el reino _____.»","[""destruidor"", ""espiritual"", ""extranjero"", ""babilónico""]",3,babilónico,El PDF emplea la expresión «babilónico» en este contexto: «su apogeo en el reino babilónico».,su apogeo en el reino babilónico,PR43-P048-F47,PR43-P048-F47-VARIANTS,verified,
PR43-0045,PR39-44,PR43,"PDF p.49, PR43, párrafo 1",multiple_choice,hard,"Daniel, reprensión y sentencia","Según PDF p.49, PR43, párrafo 1, en el pasaje sobre Daniel, reprensión y sentencia, ¿Qué opción restituye con precisión la relación descrita? Marco: «ni prestado atención a las [DETALLE] que le daban acontecimientos tan significativos para»","[""ni prestado atención a las perspectivas que le daban acontecimientos tan significativos para"", ""ni prestado atención a las advertencias que le daban acontecimientos tan significativos para"", ""ni prestado atención a las impresiones que le daban acontecimientos tan significativos para"", ""ni prestado atención a las instrucciones que le daban acontecimientos tan significativos para""]",1,ni prestado atención a las advertencias que le daban acontecimientos tan significativos para,La opción correcta conserva el detalle «advertencias» tal como aparece en la fuente: «ni prestado atención a las advertencias que le daban acontecimientos tan significativos para».,ni prestado atención a las advertencias que le daban acontecimientos tan significativos para,PR43-P049-F42,PR43-P049-F42-VARIANTS,verified,
PR43-0046,PR39-44,PR43,"PDF p.47, PR43, párrafo 2",true_false,easy,"Belsasar, Babilonia sitiada y banquete","Según PDF p.47, PR43, párrafo 2, en el pasaje sobre Belsasar, Babilonia sitiada y banquete, determine si el detalle entre corchetes hace verdadera o falsa esta afirmación: «Debido a la insensatez y debilidad de Belsasar, nieto de Nabucodonosor, la orgullosa ⟦Babilonia⟧ iba a caer pronto.»","[""Verdadero"", ""Falso""]",0,Verdadero,"La afirmación coincide con el PDF: «nieto de Nabucodonosor, la orgullosa Babilonia iba a caer pronto».","nieto de Nabucodonosor, la orgullosa Babilonia iba a caer pronto",PR43-P047-F32,PR43-P047-F32-VARIANTS,verified,
PR43-0047,PR39-44,PR43,"PDF p.48, PR43, párrafo 2",fill_blank,hard,"Vigía invisible, escritura y reina madre","Según PDF p.48, PR43, párrafo 2, en el pasaje sobre Vigía invisible, escritura y reina madre, complete la formulación del PDF: «En presencia del Vigía invisible, _____ de Aquel cuyo poder había sido desafiado y cuyo nombre había sido blasfemado, el rey se quedó paralizado de miedo.»","[""representante"", ""consultándose"", ""incomparable"", ""inconmovible""]",0,representante,"El PDF emplea la expresión «representante» en este contexto: «En presencia del Vigía invisible, representante de Aquel cuyo poder había sido desafiado».","En presencia del Vigía invisible, representante de Aquel cuyo poder había sido desafiado",PR43-P048-F57,PR43-P048-F57-VARIANTS,verified,
PR43-0048,PR39-44,PR43,"PDF p.49, PR43, párrafo 1",multiple_choice,hard,"Daniel, reprensión y sentencia","Según PDF p.49, PR43, párrafo 1, en el pasaje sobre Daniel, reprensión y sentencia, ¿Qué opción restituye con precisión la relación descrita? Marco: «las advertencias que le daban [DETALLE] tan significativos para él mismo»","[""las advertencias que le daban características tan significativos para él mismo"", ""las advertencias que le daban insignificantes tan significativos para él mismo"", ""las advertencias que le daban acontecimientos tan significativos para él mismo"", ""las advertencias que le daban independientes tan significativos para él mismo""]",2,las advertencias que le daban acontecimientos tan significativos para él mismo,La opción correcta conserva el detalle «acontecimientos» tal como aparece en la fuente: «las advertencias que le daban acontecimientos tan significativos para él mismo».,las advertencias que le daban acontecimientos tan significativos para él mismo,PR43-P049-F43,PR43-P049-F43-VARIANTS,verified,
PR43-0049,PR39-44,PR43,"PDF p.47, PR43, párrafo 2",true_false,hard,"Belsasar, Babilonia sitiada y banquete","Según PDF p.47, PR43, párrafo 2, en el pasaje sobre Belsasar, Babilonia sitiada y banquete, determine si el detalle entre corchetes hace verdadera o falsa esta afirmación: «Admitido en su juventud a ⟦acontecer⟧ la autoridad real, Belsasar se gloriaba en su poder, y ensalzó su corazón contra el Dios del cielo.»","[""Verdadero"", ""Falso""]",1,Falso,"La afirmación cambia «compartir». La corrección exacta es: «Admitido en su juventud a compartir la autoridad real, Belsasar se gloriaba en su poder, y ensalzó su corazón contra el Dios del cielo.»","Admitido en su juventud a compartir la autoridad real, Belsasar se gloriaba en",PR43-P047-F37,PR43-P047-F37-VARIANTS,verified,"Admitido en su juventud a compartir la autoridad real, Belsasar se gloriaba en su poder, y ensalzó su corazón contra el Dios del cielo."
PR43-0050,PR39-44,PR43,"PDF p.48, PR43, párrafo 2",fill_blank,hard,"Vigía invisible, escritura y reina madre","Según PDF p.48, PR43, párrafo 2, en el pasaje sobre Vigía invisible, escritura y reina madre, complete la formulación del PDF: «En presencia del Vigía invisible, representante de Aquel cuyo poder había sido _____ y cuyo nombre había sido blasfemado, el rey se quedó paralizado de miedo.»","[""acarreado"", ""desafiado"", ""aprendido"", ""atribuído""]",1,desafiado,"El PDF emplea la expresión «desafiado» en este contexto: «Aquel cuyo poder había sido desafiado y cuyo nombre había sido blasfemado, el».","Aquel cuyo poder había sido desafiado y cuyo nombre había sido blasfemado, el",PR43-P048-F58,PR43-P048-F58-VARIANTS,verified,
PR43-0051,PR39-44,PR43,"PDF p.49, PR43, párrafo 1",multiple_choice,hard,"Daniel, reprensión y sentencia","Según PDF p.49, PR43, párrafo 1, en el pasaje sobre Daniel, reprensión y sentencia, ¿Qué opción restituye con precisión la relación descrita? Marco: «que le daban acontecimientos tan [DETALLE] para él mismo»","[""que le daban acontecimientos tan independientes para él mismo"", ""que le daban acontecimientos tan acontecimientos para él mismo"", ""que le daban acontecimientos tan características para él mismo"", ""que le daban acontecimientos tan significativos para él mismo""]",3,que le daban acontecimientos tan significativos para él mismo,La opción correcta conserva el detalle «significativos» tal como aparece en la fuente: «que le daban acontecimientos tan significativos para él mismo».,que le daban acontecimientos tan significativos para él mismo,PR43-P049-F44,PR43-P049-F44-VARIANTS,verified,
PR43-0052,PR39-44,PR43,"PDF p.47, PR43, párrafo 2",true_false,hard,"Belsasar, Babilonia sitiada y banquete","Según PDF p.47, PR43, párrafo 2, en el pasaje sobre Belsasar, Babilonia sitiada y banquete, determine si el detalle entre corchetes hace verdadera o falsa esta afirmación: «Admitido en su juventud a compartir la ⟦adoración⟧ real, Belsasar se gloriaba en su poder, y ensalzó su corazón contra el Dios del cielo.»","[""Verdadero"", ""Falso""]",1,Falso,"La afirmación cambia «autoridad». La corrección exacta es: «Admitido en su juventud a compartir la autoridad real, Belsasar se gloriaba en su poder, y ensalzó su corazón contra el Dios del cielo.»","su juventud a compartir la autoridad real, Belsasar se gloriaba en su poder",PR43-P047-F38,PR43-P047-F38-VARIANTS,verified,"Admitido en su juventud a compartir la autoridad real, Belsasar se gloriaba en su poder, y ensalzó su corazón contra el Dios del cielo."
PR43-0053,PR39-44,PR43,"PDF p.48, PR43, párrafo 2",fill_blank,hard,"Vigía invisible, escritura y reina madre","Según PDF p.48, PR43, párrafo 2, en el pasaje sobre Vigía invisible, escritura y reina madre, complete la formulación del PDF: «En presencia del Vigía invisible, representante de Aquel cuyo poder había sido desafiado y cuyo nombre había sido _____, el rey se quedó paralizado de miedo.»","[""arrostrado"", ""confirmado"", ""blasfemado"", ""emplazados""]",2,blasfemado,"El PDF emplea la expresión «blasfemado» en este contexto: «y cuyo nombre había sido blasfemado, el rey se quedó paralizado de miedo».","y cuyo nombre había sido blasfemado, el rey se quedó paralizado de miedo",PR43-P048-F59,PR43-P048-F59-VARIANTS,verified,
PR43-0054,PR39-44,PR43,"PDF p.49, PR43, párrafo 1",multiple_choice,hard,"Daniel, reprensión y sentencia","Según PDF p.49, PR43, párrafo 1, en el pasaje sobre Daniel, reprensión y sentencia, ¿Qué opción restituye con precisión la relación descrita? Marco: «Se le había [DETALLE] la oportunidad de conocer al verdadero Dios»","[""Se le había concedido la oportunidad de conocer al verdadero Dios"", ""Se le había acarreado la oportunidad de conocer al verdadero Dios"", ""Se le había aprendido la oportunidad de conocer al verdadero Dios"", ""Se le había atribuído la oportunidad de conocer al verdadero Dios""]",0,Se le había concedido la oportunidad de conocer al verdadero Dios,La opción correcta conserva el detalle «concedido» tal como aparece en la fuente: «Se le había concedido la oportunidad de conocer al verdadero Dios».,Se le había concedido la oportunidad de conocer al verdadero Dios,PR43-P049-F52,PR43-P049-F52-VARIANTS,verified,
PR43-0055,PR39-44,PR43,"PDF p.47, PR43, párrafo 2",true_false,medium,"Belsasar, Babilonia sitiada y banquete","Según PDF p.47, PR43, párrafo 2, en el pasaje sobre Belsasar, Babilonia sitiada y banquete, determine si el detalle entre corchetes hace verdadera o falsa esta afirmación: «Muchas habían sido sus ⟦oportunidades⟧ para conocer la voluntad divina, y para comprender que era su responsabilidad prestarle obediencia.»","[""Verdadero"", ""Falso""]",0,Verdadero,"La afirmación coincide con el PDF: «Muchas habían sido sus oportunidades para conocer la voluntad divina, y para».","Muchas habían sido sus oportunidades para conocer la voluntad divina, y para",PR43-P047-F47,PR43-P047-F47-VARIANTS,verified,
PR43-0056,PR39-44,PR43,"PDF p.48, PR43, párrafo 2",fill_blank,hard,"Vigía invisible, escritura y reina madre","Según PDF p.48, PR43, párrafo 2, en el pasaje sobre Vigía invisible, escritura y reina madre, complete la formulación del PDF: «En presencia del Vigía invisible, representante de Aquel cuyo poder había sido desafiado y cuyo nombre había sido blasfemado, el rey se quedó _____ de miedo.»","[""arrostrado"", ""blasfemado"", ""confirmado"", ""paralizado""]",3,paralizado,"El PDF emplea la expresión «paralizado» en este contexto: «blasfemado, el rey se quedó paralizado de miedo».","blasfemado, el rey se quedó paralizado de miedo",PR43-P048-F60,PR43-P048-F60-VARIANTS,verified,
PR43-0057,PR39-44,PR43,"PDF p.47, PR43, párrafo 3",true_false,expert,"Belsasar, Babilonia sitiada y banquete","Según PDF p.47, PR43, párrafo 3, en el pasaje sobre Belsasar, Babilonia sitiada y banquete, determine si el detalle entre corchetes hace verdadera o falsa esta afirmación: «Pero dentro de la fortaleza al parecer inexpugnable, con sus macizas murallas y sus ⟦acontecimientos⟧, protegida por el río Eufrates, y abastecida con abundantes provisiones, el voluptuoso monarca se sentía seguro y dedicaba su tiempo a la alegría y las orgías.»","[""Verdadero"", ""Falso""]",1,Falso,"La afirmación cambia «puertas de bronce». La corrección exacta es: «Pero dentro de la fortaleza al parecer inexpugnable, con sus macizas murallas y sus puertas de bronce, protegida por el río Eufrates, y abastecida con abundantes provisiones, el voluptuoso monarca se sentía seguro y dedicaba su tiempo a la alegría y las orgías.»","sus macizas murallas y sus puertas de bronce, protegida por el río Eufrates, y abastecida",PR43-P047-F114,PR43-P047-F114-VARIANTS,verified,"Pero dentro de la fortaleza al parecer inexpugnable, con sus macizas murallas y sus puertas de bronce, protegida por el río Eufrates, y abastecida con abundantes provisiones, el voluptuoso monarca se sentía seguro y dedicaba su tiempo a la alegría y las orgías."
PR43-0058,PR39-44,PR43,"PDF p.48, PR43, párrafo 2",multiple_choice,expert,"Vigía invisible, escritura y reina madre","Según PDF p.48, PR43, párrafo 2, en el pasaje sobre Vigía invisible, escritura y reina madre, ¿Cuál opción mantiene sin alterar el detalle y el orden de la fuente? Marco: «En presencia del [DETALLE], representante de Aquel cuyo poder había sido»","[""En presencia del verdadero éxito, representante de Aquel cuyo poder había sido"", ""En presencia del Vigía invisible, representante de Aquel cuyo poder había sido"", ""En presencia del Dios viviente, representante de Aquel cuyo poder había sido"", ""En presencia del reino eterno, representante de Aquel cuyo poder había sido""]",1,"En presencia del Vigía invisible, representante de Aquel cuyo poder había sido","La opción correcta conserva el detalle «Vigía invisible» tal como aparece en la fuente: «En presencia del Vigía invisible, representante de Aquel cuyo poder había sido».","En presencia del Vigía invisible, representante de Aquel cuyo poder había sido",PR43-P048-F56,PR43-P048-F56-VARIANTS,verified,
PR43-0059,PR39-44,PR43,"PDF p.49, PR43, párrafo 3",fill_blank,easy,"Daniel, reprensión y sentencia","Según PDF p.49, PR43, párrafo 3, en el pasaje sobre Daniel, reprensión y sentencia, complete la formulación del PDF: «La mano que había trazado los caracteres ya no era visible, pero aquellas _____ palabras seguían resplandeciendo con terrible claridad»","[""cuatro"", ""sesenta"", ""siete"", ""treinta""]",0,cuatro,"El PDF emplea la expresión «cuatro» en este contexto: «no era visible, pero aquellas cuatro palabras seguían resplandeciendo con terrible claridad».","no era visible, pero aquellas cuatro palabras seguían resplandeciendo con terrible claridad",PR43-P049-F109,PR43-P049-F109-VARIANTS,verified,
PR43-0060,PR39-44,PR43,"PDF p.47, PR43, párrafo 3",multiple_choice,expert,"Belsasar, Babilonia sitiada y banquete","Según PDF p.47, PR43, párrafo 3, en el pasaje sobre Belsasar, Babilonia sitiada y banquete, ¿Cuál opción mantiene sin alterar el detalle y el orden de la fuente? Marco: «de bronce, protegida por el [DETALLE], y abastecida con abundantes provisiones, el voluptuoso»","[""de bronce, protegida por el reino eterno, y abastecida con abundantes provisiones, el voluptuoso"", ""de bronce, protegida por el Dios viviente, y abastecida con abundantes provisiones, el voluptuoso"", ""de bronce, protegida por el río Eufrates, y abastecida con abundantes provisiones, el voluptuoso"", ""de bronce, protegida por el arco iris, y abastecida con abundantes provisiones, el voluptuoso""]",2,"de bronce, protegida por el río Eufrates, y abastecida con abundantes provisiones, el voluptuoso","La opción correcta conserva el detalle «río Eufrates» tal como aparece en la fuente: «de bronce, protegida por el río Eufrates, y abastecida con abundantes provisiones, el voluptuoso».","de bronce, protegida por el río Eufrates, y abastecida con abundantes provisiones, el voluptuoso",PR43-P047-F115,PR43-P047-F115-VARIANTS,verified,
PR43-0061,PR39-44,PR43,"PDF p.48, PR43, párrafo 1",true_false,hard,"Vigía invisible, escritura y reina madre","Según PDF p.48, PR43, párrafo 1, en el pasaje sobre Vigía invisible, escritura y reina madre, determine si el detalle entre corchetes hace verdadera o falsa esta afirmación: «Acallada quedó la ruidosa alegría, mientras que hombres y mujeres, ⟦acarreado⟧ por un terror sin nombre, miraban cómo la mano trazaba lentamente los caracteres misteriosos.»","[""Verdadero"", ""Falso""]",1,Falso,"La afirmación cambia «dominados». La corrección exacta es: «Acallada quedó la ruidosa alegría, mientras que hombres y mujeres, dominados por un terror sin nombre, miraban cómo la mano trazaba lentamente los caracteres misteriosos.»","mientras que hombres y mujeres, dominados por un terror sin nombre, miraban cómo",PR43-P048-F01,PR43-P048-F01-VARIANTS,verified,"Acallada quedó la ruidosa alegría, mientras que hombres y mujeres, dominados por un terror sin nombre, miraban cómo la mano trazaba lentamente los caracteres misteriosos."
PR43-0062,PR39-44,PR43,"PDF p.49, PR43, párrafo 1",multiple_choice,hard,"Daniel, reprensión y sentencia","Según PDF p.49, PR43, párrafo 1, en el pasaje sobre Daniel, reprensión y sentencia, ¿Qué opción restituye con precisión la relación descrita? Marco: «Belsasar asuntos que le eran [DETALLE], pero que no le habían enseñado la»","[""Belsasar asuntos que le eran adoradores, pero que no le habían enseñado la"", ""Belsasar asuntos que le eran astrólogos, pero que no le habían enseñado la"", ""Belsasar asuntos que le eran cristianas, pero que no le habían enseñado la"", ""Belsasar asuntos que le eran familiares, pero que no le habían enseñado la""]",3,"Belsasar asuntos que le eran familiares, pero que no le habían enseñado la","La opción correcta conserva el detalle «familiares» tal como aparece en la fuente: «Belsasar asuntos que le eran familiares, pero que no le habían enseñado la».","Belsasar asuntos que le eran familiares, pero que no le habían enseñado la",PR43-P049-F01,PR43-P049-F01-VARIANTS,verified,
PR43-0063,PR39-44,PR43,"PDF p.47, PR43, párrafo 1",fill_blank,easy,"Belsasar, Babilonia sitiada y banquete","Según PDF p.47, PR43, párrafo 1, en el pasaje sobre Belsasar, Babilonia sitiada y banquete, complete la formulación del PDF: «Hacia el fin de la vida de Daniel, se estaban produciendo grandes cambios en la tierra a la cual, más de _____ años antes, él y sus compañeros hebreos habían sido llevados cautivos.»","[""treinta"", ""sesenta"", ""cuatro"", ""siete""]",1,sesenta,"El PDF emplea la expresión «sesenta» en este contexto: «a la cual, más de sesenta años antes, él y sus compañeros hebreos».","a la cual, más de sesenta años antes, él y sus compañeros hebreos",PR43-P047-F01,PR43-P047-F01-VARIANTS,verified,
PR43-0064,PR39-44,PR43,"PDF p.48, PR43, párrafo 1",true_false,hard,"Vigía invisible, escritura y reina madre","Según PDF p.48, PR43, párrafo 1, en el pasaje sobre Vigía invisible, escritura y reina madre, determine si el detalle entre corchetes hace verdadera o falsa esta afirmación: «Acallada quedó la ruidosa alegría, mientras que hombres y mujeres, dominados por un terror sin nombre, miraban cómo la mano trazaba ⟦claramente⟧ los caracteres misteriosos.»","[""Verdadero"", ""Falso""]",1,Falso,"La afirmación cambia «lentamente». La corrección exacta es: «Acallada quedó la ruidosa alegría, mientras que hombres y mujeres, dominados por un terror sin nombre, miraban cómo la mano trazaba lentamente los caracteres misteriosos.»",miraban cómo la mano trazaba lentamente los caracteres misteriosos,PR43-P048-F02,PR43-P048-F02-VARIANTS,verified,"Acallada quedó la ruidosa alegría, mientras que hombres y mujeres, dominados por un terror sin nombre, miraban cómo la mano trazaba lentamente los caracteres misteriosos."
PR43-0065,PR39-44,PR43,"PDF p.49, PR43, párrafo 1",fill_blank,medium,"Daniel, reprensión y sentencia","Según PDF p.49, PR43, párrafo 1, en el pasaje sobre Daniel, reprensión y sentencia, complete la formulación del PDF: «Habló del pecado de _____, de su caída y de como el Señor había obrado con él, del dominio y la gloria que se le habían concedido, así como del castigo divino que mereció su orgullo y del subsiguiente reconocimiento que había expresado acerca del poder y la misericordia del Dios de Israel.»","[""Abed-nego"", ""Beltsasar"", ""Nabucodonosor"", ""Belsasar""]",2,Nabucodonosor,"El PDF emplea la expresión «Nabucodonosor» en este contexto: «Habló del pecado de Nabucodonosor, de su caída y de como el».","Habló del pecado de Nabucodonosor, de su caída y de como el",PR43-P049-F13,PR43-P049-F13-VARIANTS,verified,
PR43-0066,PR39-44,PR43,"PDF p.47, PR43, párrafo 1",multiple_choice,hard,"Belsasar, Babilonia sitiada y banquete","Según PDF p.47, PR43, párrafo 1, en el pasaje sobre Belsasar, Babilonia sitiada y banquete, ¿Qué opción restituye con precisión la relación descrita? Marco: «vida de Daniel, se estaban [DETALLE] grandes cambios en la tierra a la»","[""vida de Daniel, se estaban produciendo grandes cambios en la tierra a la"", ""vida de Daniel, se estaban Considerando grandes cambios en la tierra a la"", ""vida de Daniel, se estaban cumpliendo grandes cambios en la tierra a la"", ""vida de Daniel, se estaban escuchando grandes cambios en la tierra a la""]",0,"vida de Daniel, se estaban produciendo grandes cambios en la tierra a la","La opción correcta conserva el detalle «produciendo» tal como aparece en la fuente: «vida de Daniel, se estaban produciendo grandes cambios en la tierra a la».","vida de Daniel, se estaban produciendo grandes cambios en la tierra a la",PR43-P047-F02,PR43-P047-F02-VARIANTS,verified,
PR43-0067,PR39-44,PR43,"PDF p.48, PR43, párrafo 1",true_false,medium,"Vigía invisible, escritura y reina madre","Según PDF p.48, PR43, párrafo 1, en el pasaje sobre Vigía invisible, escritura y reina madre, determine si el detalle entre corchetes hace verdadera o falsa esta afirmación: «Acallada quedó la ruidosa alegría, mientras que hombres y mujeres, dominados por un terror sin nombre, miraban cómo la mano trazaba lentamente los ⟦caracteres⟧ misteriosos.»","[""Verdadero"", ""Falso""]",0,Verdadero,La afirmación coincide con el PDF: «la mano trazaba lentamente los caracteres misteriosos».,la mano trazaba lentamente los caracteres misteriosos,PR43-P048-F03,PR43-P048-F03-VARIANTS,verified,
PR43-0068,PR39-44,PR43,"PDF p.49, PR43, párrafo 1",fill_blank,expert,"Daniel, reprensión y sentencia","Según PDF p.49, PR43, párrafo 1, en el pasaje sobre Daniel, reprensión y sentencia, complete la formulación del PDF: «Habló del pecado de Nabucodonosor, de su caída y de como el Señor había obrado con él, del dominio y la gloria que se le habían _____, así como del castigo divino que mereció su orgullo y del subsiguiente reconocimiento que había expresado acerca del poder y la misericordia del Dios de Israel.»","[""acarreado"", ""aprendido"", ""atribuído"", ""concedido""]",3,concedido,"El PDF emplea la expresión «concedido» en este contexto: «gloria que se le habían concedido, así como del castigo divino que mereció».","gloria que se le habían concedido, así como del castigo divino que mereció",PR43-P049-F14,PR43-P049-F14-VARIANTS,verified,
PR43-0069,PR39-44,PR43,"PDF p.47, PR43, párrafo 1",multiple_choice,hard,"Belsasar, Babilonia sitiada y banquete","Según PDF p.47, PR43, párrafo 1, en el pasaje sobre Belsasar, Babilonia sitiada y banquete, ¿Qué opción restituye con precisión la relación descrita? Marco: «años antes, él y sus [DETALLE] hebreos habían sido llevados cautivos»","[""años antes, él y sus asombrados hebreos habían sido llevados cautivos"", ""años antes, él y sus compañeros hebreos habían sido llevados cautivos"", ""años antes, él y sus babilonios hebreos habían sido llevados cautivos"", ""años antes, él y sus caracteres hebreos habían sido llevados cautivos""]",1,"años antes, él y sus compañeros hebreos habían sido llevados cautivos","La opción correcta conserva el detalle «compañeros» tal como aparece en la fuente: «años antes, él y sus compañeros hebreos habían sido llevados cautivos».","años antes, él y sus compañeros hebreos habían sido llevados cautivos",PR43-P047-F03,PR43-P047-F03-VARIANTS,verified,
PR43-0070,PR39-44,PR43,"PDF p.48, PR43, párrafo 1",true_false,medium,"Vigía invisible, escritura y reina madre","Según PDF p.48, PR43, párrafo 1, en el pasaje sobre Vigía invisible, escritura y reina madre, determine si el detalle entre corchetes hace verdadera o falsa esta afirmación: «Acallada quedó la ruidosa alegría, mientras que hombres y mujeres, dominados por un terror sin nombre, miraban cómo la mano trazaba lentamente los caracteres ⟦misteriosos⟧.»","[""Verdadero"", ""Falso""]",0,Verdadero,La afirmación coincide con el PDF: «mano trazaba lentamente los caracteres misteriosos».,mano trazaba lentamente los caracteres misteriosos,PR43-P048-F04,PR43-P048-F04-VARIANTS,verified,
PR43-0071,PR39-44,PR43,"PDF p.49, PR43, párrafo 1",fill_blank,expert,"Daniel, reprensión y sentencia","Según PDF p.49, PR43, párrafo 1, en el pasaje sobre Daniel, reprensión y sentencia, complete la formulación del PDF: «Habló del pecado de Nabucodonosor, de su caída y de como el Señor había obrado con él, del dominio y la gloria que se le habían concedido, así como del castigo divino que mereció su orgullo y del _____ reconocimiento que había expresado acerca del poder y la misericordia del Dios de Israel.»","[""subsiguiente"", ""conocimiento"", ""cumplimiento"", ""mandamiento""]",0,subsiguiente,El PDF emplea la expresión «subsiguiente» en este contexto: «mereció su orgullo y del subsiguiente reconocimiento que había expresado acerca del poder».,mereció su orgullo y del subsiguiente reconocimiento que había expresado acerca del poder,PR43-P049-F15,PR43-P049-F15-VARIANTS,verified,
PR43-0072,PR39-44,PR43,"PDF p.47, PR43, párrafo 1",multiple_choice,easy,"Belsasar, Babilonia sitiada y banquete","Según PDF p.47, PR43, párrafo 1, en el pasaje sobre Belsasar, Babilonia sitiada y banquete, ¿Qué expresión completa correctamente el detalle señalado? Marco: «Nabucodonosor había muerto, y [DETALLE], antes “alabada por toda la tierra,” había»","[""Nabucodonosor había muerto, y Jerusalem, antes “alabada por toda la tierra,” había"", ""Nabucodonosor había muerto, y Jerusalén, antes “alabada por toda la tierra,” había"", ""Nabucodonosor había muerto, y Babilonia, antes “alabada por toda la tierra,” había"", ""Nabucodonosor había muerto, y Atenas, antes “alabada por toda la tierra,” había""]",2,"Nabucodonosor había muerto, y Babilonia, antes “alabada por toda la tierra,” había","La opción correcta conserva el detalle «Babilonia» tal como aparece en la fuente: «Nabucodonosor había muerto, y Babilonia, antes “alabada por toda la tierra,” había».","Nabucodonosor había muerto, y Babilonia, antes “alabada por toda la tierra,” había",PR43-P047-F13,PR43-P047-F13-VARIANTS,verified,
PR43-0073,PR39-44,PR43,"PDF p.48, PR43, párrafo 1",true_false,hard,"Vigía invisible, escritura y reina madre","Según PDF p.48, PR43, párrafo 1, en el pasaje sobre Vigía invisible, escritura y reina madre, determine si el detalle entre corchetes hace verdadera o falsa esta afirmación: «Como en visión ⟦babilónico⟧ desfilaron ante sus ojos los actos de su vida impía»","[""Verdadero"", ""Falso""]",1,Falso,La afirmación cambia «panorámica». La corrección exacta es: «Como en visión panorámica desfilaron ante sus ojos los actos de su vida impía»,Como en visión panorámica desfilaron ante sus ojos los actos de,PR43-P048-F13,PR43-P048-F13-VARIANTS,verified,Como en visión panorámica desfilaron ante sus ojos los actos de su vida impía
PR43-0074,PR39-44,PR43,"PDF p.49, PR43, párrafo 1",fill_blank,expert,"Daniel, reprensión y sentencia","Según PDF p.49, PR43, párrafo 1, en el pasaje sobre Daniel, reprensión y sentencia, complete la formulación del PDF: «Habló del pecado de Nabucodonosor, de su caída y de como el Señor había obrado con él, del dominio y la gloria que se le habían concedido, así como del castigo divino que mereció su orgullo y del subsiguiente _____ que había expresado acerca del poder y la misericordia del Dios de Israel.»","[""misericordioso"", ""reconocimiento"", ""encarcelamiento"", ""establecimiento""]",1,reconocimiento,El PDF emplea la expresión «reconocimiento» en este contexto: «su orgullo y del subsiguiente reconocimiento que había expresado acerca del poder y».,su orgullo y del subsiguiente reconocimiento que había expresado acerca del poder y,PR43-P049-F16,PR43-P049-F16-VARIANTS,verified,
PR43-0075,PR39-44,PR43,"PDF p.47, PR43, párrafo 1",multiple_choice,hard,"Belsasar, Babilonia sitiada y banquete","Según PDF p.47, PR43, párrafo 1, en el pasaje sobre Belsasar, Babilonia sitiada y banquete, ¿Qué opción restituye con precisión la relación descrita? Marco: «tierra,” había pasado a ser [DETALLE] por sus sucesores imprudentes»","[""tierra,” había pasado a ser acarreado por sus sucesores imprudentes"", ""tierra,” había pasado a ser aprendido por sus sucesores imprudentes"", ""tierra,” había pasado a ser atribuído por sus sucesores imprudentes"", ""tierra,” había pasado a ser gobernada por sus sucesores imprudentes""]",3,"tierra,” había pasado a ser gobernada por sus sucesores imprudentes","La opción correcta conserva el detalle «gobernada» tal como aparece en la fuente: «tierra,” había pasado a ser gobernada por sus sucesores imprudentes».","tierra,” había pasado a ser gobernada por sus sucesores imprudentes",PR43-P047-F14,PR43-P047-F14-VARIANTS,verified,
PR43-0076,PR39-44,PR43,"PDF p.48, PR43, párrafo 1",true_false,hard,"Vigía invisible, escritura y reina madre","Según PDF p.48, PR43, párrafo 1, en el pasaje sobre Vigía invisible, escritura y reina madre, determine si el detalle entre corchetes hace verdadera o falsa esta afirmación: «Como en visión panorámica ⟦apoderaron⟧ ante sus ojos los actos de su vida impía»","[""Verdadero"", ""Falso""]",1,Falso,La afirmación cambia «desfilaron». La corrección exacta es: «Como en visión panorámica desfilaron ante sus ojos los actos de su vida impía»,Como en visión panorámica desfilaron ante sus ojos los actos de su,PR43-P048-F14,PR43-P048-F14-VARIANTS,verified,Como en visión panorámica desfilaron ante sus ojos los actos de su vida impía
PR43-0077,PR39-44,PR43,"PDF p.49, PR43, párrafo 1",fill_blank,expert,"Daniel, reprensión y sentencia","Según PDF p.49, PR43, párrafo 1, en el pasaje sobre Daniel, reprensión y sentencia, complete la formulación del PDF: «Habló del pecado de Nabucodonosor, de su caída y de como el Señor había obrado con él, del dominio y la gloria que se le habían concedido, así como del castigo divino que mereció su orgullo y del subsiguiente reconocimiento que había _____ acerca del poder y la misericordia del Dios de Israel.»","[""acarreado"", ""aprendido"", ""expresado"", ""atribuído""]",2,expresado,El PDF emplea la expresión «expresado» en este contexto: «del subsiguiente reconocimiento que había expresado acerca del poder y la misericordia del».,del subsiguiente reconocimiento que había expresado acerca del poder y la misericordia del,PR43-P049-F17,PR43-P049-F17-VARIANTS,verified,
PR43-0078,PR39-44,PR43,"PDF p.47, PR43, párrafo 1",multiple_choice,medium,"Belsasar, Babilonia sitiada y banquete","Según PDF p.47, PR43, párrafo 1, en el pasaje sobre Belsasar, Babilonia sitiada y banquete, ¿Cuál opción conserva el dato exacto de la fuente? Marco: «a ser gobernada por sus [DETALLE] imprudentes»","[""a ser gobernada por sus sucesores imprudentes"", ""a ser gobernada por sus capitanes imprudentes"", ""a ser gobernada por sus caprichos imprudentes"", ""a ser gobernada por sus corazones imprudentes""]",0,a ser gobernada por sus sucesores imprudentes,La opción correcta conserva el detalle «sucesores» tal como aparece en la fuente: «a ser gobernada por sus sucesores imprudentes».,a ser gobernada por sus sucesores imprudentes,PR43-P047-F15,PR43-P047-F15-VARIANTS,verified,
PR43-0079,PR39-44,PR43,"PDF p.48, PR43, párrafo 1",true_false,medium,"Vigía invisible, escritura y reina madre","Según PDF p.48, PR43, párrafo 1, en el pasaje sobre Vigía invisible, escritura y reina madre, determine si el detalle entre corchetes hace verdadera o falsa esta afirmación: «les pareció estar ⟦emplazados⟧ ante el tribunal del Dios eterno, cuyo poder acababan de desafiar.»","[""Verdadero"", ""Falso""]",0,Verdadero,"La afirmación coincide con el PDF: «les pareció estar emplazados ante el tribunal del Dios eterno, cuyo».","les pareció estar emplazados ante el tribunal del Dios eterno, cuyo",PR43-P048-F18,PR43-P048-F18-VARIANTS,verified,
PR43-0080,PR39-44,PR43,"PDF p.49, PR43, párrafo 1",fill_blank,expert,"Daniel, reprensión y sentencia","Según PDF p.49, PR43, párrafo 1, en el pasaje sobre Daniel, reprensión y sentencia, complete la formulación del PDF: «Habló del pecado de Nabucodonosor, de su caída y de como el Señor había obrado con él, del dominio y la gloria que se le habían concedido, así como del castigo divino que mereció su orgullo y del subsiguiente reconocimiento que había expresado acerca del poder y la _____ del Dios de Israel.»","[""amonestación"", ""aproximación"", ""complacencia"", ""misericordia""]",3,misericordia,El PDF emplea la expresión «misericordia» en este contexto: «acerca del poder y la misericordia del Dios de Israel».,acerca del poder y la misericordia del Dios de Israel,PR43-P049-F18,PR43-P049-F18-VARIANTS,verified,
PR43-0081,PR39-44,PR43,"PDF p.47, PR43, párrafo 1",multiple_choice,hard,"Belsasar, Babilonia sitiada y banquete","Según PDF p.47, PR43, párrafo 1, en el pasaje sobre Belsasar, Babilonia sitiada y banquete, ¿Qué opción restituye con precisión la relación descrita? Marco: «ser gobernada por sus sucesores [DETALLE]»","[""ser gobernada por sus sucesores adivinanzas"", ""ser gobernada por sus sucesores imprudentes"", ""ser gobernada por sus sucesores babilónicos"", ""ser gobernada por sus sucesores bendecirlos""]",1,ser gobernada por sus sucesores imprudentes,La opción correcta conserva el detalle «imprudentes» tal como aparece en la fuente: «ser gobernada por sus sucesores imprudentes».,ser gobernada por sus sucesores imprudentes,PR43-P047-F16,PR43-P047-F16-VARIANTS,verified,
PR43-0082,PR39-44,PR43,"PDF p.48, PR43, párrafo 1",true_false,hard,"Vigía invisible, escritura y reina madre","Según PDF p.48, PR43, párrafo 1, en el pasaje sobre Vigía invisible, escritura y reina madre, determine si el detalle entre corchetes hace verdadera o falsa esta afirmación: «Donde tan sólo unos momentos antes habían ⟦concentrada⟧ la hilaridad y los chistes blasfemos, se veían rostros pálidos y se oían gritos de miedo.»","[""Verdadero"", ""Falso""]",1,Falso,"La afirmación cambia «prevalecido». La corrección exacta es: «Donde tan sólo unos momentos antes habían prevalecido la hilaridad y los chistes blasfemos, se veían rostros pálidos y se oían gritos de miedo.»","sólo unos momentos antes habían prevalecido la hilaridad y los chistes blasfemos, se",PR43-P048-F26,PR43-P048-F26-VARIANTS,verified,"Donde tan sólo unos momentos antes habían prevalecido la hilaridad y los chistes blasfemos, se veían rostros pálidos y se oían gritos de miedo."
PR43-0083,PR39-44,PR43,"PDF p.49, PR43, párrafo 1",fill_blank,easy,"Daniel, reprensión y sentencia","Según PDF p.49, PR43, párrafo 1, en el pasaje sobre Daniel, reprensión y sentencia, complete la formulación del PDF: «Después, en palabras audaces y _____, reprendió a Belsasar por su gran impiedad.»","[""enfáticas"", ""blasfemos"", ""corruptos"", ""disolutos""]",0,enfáticas,"El PDF emplea la expresión «enfáticas» en este contexto: «Después, en palabras audaces y enfáticas, reprendió a Belsasar por su gran impiedad».","Después, en palabras audaces y enfáticas, reprendió a Belsasar por su gran impiedad",PR43-P049-F25,PR43-P049-F25-VARIANTS,verified,
PR43-0084,PR39-44,PR43,"PDF p.47, PR43, párrafo 1",multiple_choice,easy,"Belsasar, Babilonia sitiada y banquete","Según PDF p.47, PR43, párrafo 1, en el pasaje sobre Belsasar, Babilonia sitiada y banquete, ¿Qué expresión completa correctamente el detalle señalado? Marco: «y el [DETALLE] era una disolución gradual pero segura»","[""y el consejero era una disolución gradual pero segura"", ""y el escenario era una disolución gradual pero segura"", ""y el resultado era una disolución gradual pero segura"", ""y el esplendor era una disolución gradual pero segura""]",2,y el resultado era una disolución gradual pero segura,La opción correcta conserva el detalle «resultado» tal como aparece en la fuente: «y el resultado era una disolución gradual pero segura».,y el resultado era una disolución gradual pero segura,PR43-P047-F24,PR43-P047-F24-VARIANTS,verified,
PR43-0085,PR39-44,PR43,"PDF p.48, PR43, párrafo 1",true_false,medium,"Vigía invisible, escritura y reina madre","Según PDF p.48, PR43, párrafo 1, en el pasaje sobre Vigía invisible, escritura y reina madre, determine si el detalle entre corchetes hace verdadera o falsa esta afirmación: «Donde tan sólo unos momentos antes habían prevalecido la ⟦hilaridad⟧ y los chistes blasfemos, se veían rostros pálidos y se oían gritos de miedo.»","[""Verdadero"", ""Falso""]",0,Verdadero,"La afirmación coincide con el PDF: «momentos antes habían prevalecido la hilaridad y los chistes blasfemos, se veían rostros».","momentos antes habían prevalecido la hilaridad y los chistes blasfemos, se veían rostros",PR43-P048-F27,PR43-P048-F27-VARIANTS,verified,
PR43-0086,PR39-44,PR43,"PDF p.49, PR43, párrafo 1",fill_blank,easy,"Daniel, reprensión y sentencia","Según PDF p.49, PR43, párrafo 1, en el pasaje sobre Daniel, reprensión y sentencia, complete la formulación del PDF: «Después, en palabras audaces y enfáticas, _____ a Belsasar por su gran impiedad.»","[""abrumador"", ""reprendió"", ""aliviarla"", ""atestiguó""]",1,reprendió,"El PDF emplea la expresión «reprendió» en este contexto: «en palabras audaces y enfáticas, reprendió a Belsasar por su gran impiedad».","en palabras audaces y enfáticas, reprendió a Belsasar por su gran impiedad",PR43-P049-F26,PR43-P049-F26-VARIANTS,verified,
PR43-0087,PR39-44,PR43,"PDF p.47, PR43, párrafo 1",multiple_choice,medium,"Belsasar, Babilonia sitiada y banquete","Según PDF p.47, PR43, párrafo 1, en el pasaje sobre Belsasar, Babilonia sitiada y banquete, ¿Cuál opción conserva el dato exacto de la fuente? Marco: «y el resultado era una [DETALLE] gradual pero segura»","[""y el resultado era una apariencia gradual pero segura"", ""y el resultado era una casualidad gradual pero segura"", ""y el resultado era una cautividad gradual pero segura"", ""y el resultado era una disolución gradual pero segura""]",3,y el resultado era una disolución gradual pero segura,La opción correcta conserva el detalle «disolución» tal como aparece en la fuente: «y el resultado era una disolución gradual pero segura».,y el resultado era una disolución gradual pero segura,PR43-P047-F25,PR43-P047-F25-VARIANTS,verified,
PR43-0088,PR39-44,PR43,"PDF p.48, PR43, párrafo 1",true_false,medium,"Vigía invisible, escritura y reina madre","Según PDF p.48, PR43, párrafo 1, en el pasaje sobre Vigía invisible, escritura y reina madre, determine si el detalle entre corchetes hace verdadera o falsa esta afirmación: «Donde tan sólo unos momentos antes habían prevalecido la hilaridad y los chistes ⟦blasfemos⟧, se veían rostros pálidos y se oían gritos de miedo.»","[""Verdadero"", ""Falso""]",0,Verdadero,"La afirmación coincide con el PDF: «la hilaridad y los chistes blasfemos, se veían rostros pálidos y se oían».","la hilaridad y los chistes blasfemos, se veían rostros pálidos y se oían",PR43-P048-F28,PR43-P048-F28-VARIANTS,verified,
PR43-0089,PR39-44,PR43,"PDF p.49, PR43, párrafo 1",fill_blank,medium,"Daniel, reprensión y sentencia","Según PDF p.49, PR43, párrafo 1, en el pasaje sobre Daniel, reprensión y sentencia, complete la formulación del PDF: «Hizo resaltar el pecado del rey y le señaló las _____ que podría haber aprendido, pero que no aprendió.»","[""potencias"", ""tinieblas"", ""lecciones"", ""exigencias""]",2,lecciones,"El PDF emplea la expresión «lecciones» en este contexto: «rey y le señaló las lecciones que podría haber aprendido, pero que no».","rey y le señaló las lecciones que podría haber aprendido, pero que no",PR43-P049-F32,PR43-P049-F32-VARIANTS,verified,
PR43-0090,PR39-44,PR43,"PDF p.47, PR43, párrafo 2",multiple_choice,medium,"Belsasar, Babilonia sitiada y banquete","Según PDF p.47, PR43, párrafo 2, en el pasaje sobre Belsasar, Babilonia sitiada y banquete, ¿Cuál opción conserva el dato exacto de la fuente? Marco: «Debido a la [DETALLE] y debilidad de Belsasar, nieto de Nabucodonosor»","[""Debido a la insensatez y debilidad de Belsasar, nieto de Nabucodonosor"", ""Debido a la apariencia y debilidad de Belsasar, nieto de Nabucodonosor"", ""Debido a la casualidad y debilidad de Belsasar, nieto de Nabucodonosor"", ""Debido a la cautividad y debilidad de Belsasar, nieto de Nabucodonosor""]",0,"Debido a la insensatez y debilidad de Belsasar, nieto de Nabucodonosor","La opción correcta conserva el detalle «insensatez» tal como aparece en la fuente: «Debido a la insensatez y debilidad de Belsasar, nieto de Nabucodonosor».","Debido a la insensatez y debilidad de Belsasar, nieto de Nabucodonosor",PR43-P047-F28,PR43-P047-F28-VARIANTS,verified,
PR43-0091,PR39-44,PR43,"PDF p.50, PR43, párrafo 1",fill_blank,hard,"caída de Babilonia, Ciro y Eufrates","Según PDF p.50, PR43, párrafo 1, en el pasaje sobre caída de Babilonia, Ciro y Eufrates, complete la formulación del PDF: «Mientras estaba todavía en el salón de fiestas, rodeado por aquellos cuya suerte estaba sellada, el rey recibió de un _____ la información de “que su ciudad” era “tomada” por el enemigo contra cuyos planes se había sentido tan seguro»","[""consejero"", ""escenario"", ""esplendor"", ""mensajero""]",3,mensajero,El PDF emplea la expresión «mensajero» en este contexto: «el rey recibió de un mensajero la información de “que su ciudad” era».,el rey recibió de un mensajero la información de “que su ciudad” era,PR43-P050-F01,PR43-P050-F01-VARIANTS,verified,
PR43-0092,PR39-44,PR43,"PDF p.51, PR43, párrafo 1",multiple_choice,hard,destrucción y profecías sobre Babilonia,"Según PDF p.51, PR43, párrafo 1, en el pasaje sobre destrucción y profecías sobre Babilonia, ¿Qué opción restituye con precisión la relación descrita? Marco: «Al último [DETALLE] de Babilonia llegó la sentencia del Vigía»","[""Al último babilónico de Babilonia llegó la sentencia del Vigía"", ""Al último gobernante de Babilonia llegó la sentencia del Vigía"", ""Al último destruidor de Babilonia llegó la sentencia del Vigía"", ""Al último espiritual de Babilonia llegó la sentencia del Vigía""]",1,Al último gobernante de Babilonia llegó la sentencia del Vigía,La opción correcta conserva el detalle «gobernante» tal como aparece en la fuente: «Al último gobernante de Babilonia llegó la sentencia del Vigía».,Al último gobernante de Babilonia llegó la sentencia del Vigía,PR43-P051-F01,PR43-P051-F01-VARIANTS,verified,
PR43-0093,PR39-44,PR43,"PDF p.50, PR43, párrafo 1",fill_blank,hard,"caída de Babilonia, Ciro y Eufrates","Según PDF p.50, PR43, párrafo 1, en el pasaje sobre caída de Babilonia, Ciro y Eufrates, complete la formulación del PDF: «Mientras estaba todavía en el salón de fiestas, rodeado por aquellos cuya suerte estaba sellada, el rey recibió de un mensajero la _____ de “que su ciudad” era “tomada” por el enemigo contra cuyos planes se había sentido tan seguro»","[""información"", ""convocación"", ""destrucción"", ""disposición""]",0,información,El PDF emplea la expresión «información» en este contexto: «recibió de un mensajero la información de “que su ciudad” era “tomada” por».,recibió de un mensajero la información de “que su ciudad” era “tomada” por,PR43-P050-F02,PR43-P050-F02-VARIANTS,verified,
PR43-0094,PR39-44,PR43,"PDF p.51, PR43, párrafo 1",multiple_choice,easy,destrucción y profecías sobre Babilonia,"Según PDF p.51, PR43, párrafo 1, en el pasaje sobre destrucción y profecías sobre Babilonia, ¿Qué expresión completa correctamente el detalle señalado? Marco: «Al último gobernante de [DETALLE] llegó la sentencia del Vigía divino, como»","[""Al último gobernante de Jerusalem llegó la sentencia del Vigía divino, como"", ""Al último gobernante de Jerusalén llegó la sentencia del Vigía divino, como"", ""Al último gobernante de Babilonia llegó la sentencia del Vigía divino, como"", ""Al último gobernante de Atenas llegó la sentencia del Vigía divino, como""]",2,"Al último gobernante de Babilonia llegó la sentencia del Vigía divino, como","La opción correcta conserva el detalle «Babilonia» tal como aparece en la fuente: «Al último gobernante de Babilonia llegó la sentencia del Vigía divino, como».","Al último gobernante de Babilonia llegó la sentencia del Vigía divino, como",PR43-P051-F02,PR43-P051-F02-VARIANTS,verified,
PR43-0095,PR39-44,PR43,"PDF p.50, PR43, párrafo 1",fill_blank,hard,"caída de Babilonia, Ciro y Eufrates","Según PDF p.50, PR43, párrafo 1, en el pasaje sobre caída de Babilonia, Ciro y Eufrates, complete la formulación del PDF: «Aun mientras él y sus nobles bebían de los vasos sagrados de Jehová, y alababan a sus dioses de plata y de oro, los medos y persas, habiendo desviado el curso del Eufrates, _____ en el corazón de la ciudad desprevenida.»","[""abundancia"", ""penetraban"", ""constancia"", ""describían""]",1,penetraban,"El PDF emplea la expresión «penetraban» en este contexto: «desviado el curso del Eufrates, penetraban en el corazón de la ciudad desprevenida».","desviado el curso del Eufrates, penetraban en el corazón de la ciudad desprevenida",PR43-P050-F18,PR43-P050-F18-VARIANTS,verified,
PR43-0096,PR39-44,PR43,"PDF p.51, PR43, párrafo 1",multiple_choice,hard,destrucción y profecías sobre Babilonia,"Según PDF p.51, PR43, párrafo 1, en el pasaje sobre destrucción y profecías sobre Babilonia, ¿Qué opción restituye con precisión la relación descrita? Marco: «gobernante de Babilonia llegó la [DETALLE] del Vigía divino, como había llegado en»","[""gobernante de Babilonia llegó la adoración del Vigía divino, como había llegado en"", ""gobernante de Babilonia llegó la adorareis del Vigía divino, como había llegado en"", ""gobernante de Babilonia llegó la autoridad del Vigía divino, como había llegado en"", ""gobernante de Babilonia llegó la sentencia del Vigía divino, como había llegado en""]",3,"gobernante de Babilonia llegó la sentencia del Vigía divino, como había llegado en","La opción correcta conserva el detalle «sentencia» tal como aparece en la fuente: «gobernante de Babilonia llegó la sentencia del Vigía divino, como había llegado en».","gobernante de Babilonia llegó la sentencia del Vigía divino, como había llegado en",PR43-P051-F03,PR43-P051-F03-VARIANTS,verified,
PR43-0097,PR39-44,PR43,"PDF p.50, PR43, párrafo 1",fill_blank,hard,"caída de Babilonia, Ciro y Eufrates","Según PDF p.50, PR43, párrafo 1, en el pasaje sobre caída de Babilonia, Ciro y Eufrates, complete la formulación del PDF: «Aun mientras él y sus nobles bebían de los vasos sagrados de Jehová, y alababan a sus dioses de plata y de oro, los medos y persas, habiendo desviado el curso del Eufrates, penetraban en el corazón de la ciudad _____.»","[""aterrorizado"", ""desesperados"", ""desprevenida"", ""determinados""]",2,desprevenida,El PDF emplea la expresión «desprevenida» en este contexto: «el corazón de la ciudad desprevenida».,el corazón de la ciudad desprevenida,PR43-P050-F19,PR43-P050-F19-VARIANTS,verified,
PR43-0098,PR39-44,PR43,"PDF p.51, PR43, párrafo 1",multiple_choice,medium,destrucción y profecías sobre Babilonia,"Según PDF p.51, PR43, párrafo 1, en el pasaje sobre destrucción y profecías sobre Babilonia, ¿Cuál opción conserva el dato exacto de la fuente? Marco: «el reino es [DETALLE] de ti»","[""el reino es traspasado de ti"", ""el reino es arrostrado de ti"", ""el reino es blasfemado de ti"", ""el reino es confirmado de ti""]",0,el reino es traspasado de ti,La opción correcta conserva el detalle «traspasado» tal como aparece en la fuente: «el reino es traspasado de ti».,el reino es traspasado de ti,PR43-P051-F13,PR43-P051-F13-VARIANTS,verified,
PR43-0099,PR39-44,PR43,"PDF p.50, PR43, párrafo 1",true_false,medium,"caída de Babilonia, Ciro y Eufrates","Según PDF p.50, PR43, párrafo 1, en el pasaje sobre caída de Babilonia, Ciro y Eufrates, determine si el detalle entre corchetes hace verdadera o falsa esta afirmación: «la ciudad se había llenado de soldados enemigos “como de ⟦blasfemos⟧” (Vers.»","[""Verdadero"", ""Falso""]",1,Falso,La afirmación cambia «langostas». La corrección exacta es: «la ciudad se había llenado de soldados enemigos “como de langostas” (Vers.»,de soldados enemigos “como de langostas” (Vers,PR43-P050-F34,PR43-P050-F34-VARIANTS,verified,la ciudad se había llenado de soldados enemigos “como de langostas” (Vers.
PR43-0100,PR39-44,PR43,"PDF p.51, PR43, párrafo 2",fill_blank,easy,destrucción y profecías sobre Babilonia,"Según PDF p.51, PR43, párrafo 2, en el pasaje sobre destrucción y profecías sobre Babilonia, complete la formulación del PDF: «“Desciende, y siéntate en el polvo, virgen hija de _____, siéntate en la tierra sin trono, ...»","[""Jerusalem"", ""Jerusalén"", ""Atenas"", ""Babilonia""]",3,Babilonia,"El PDF emplea la expresión «Babilonia» en este contexto: «el polvo, virgen hija de Babilonia, siéntate en la tierra sin trono».","el polvo, virgen hija de Babilonia, siéntate en la tierra sin trono",PR43-P051-F14,PR43-P051-F14-VARIANTS,verified,
PR43-0101,PR39-44,PR43,"PDF p.50, PR43, párrafo 1",multiple_choice,hard,"caída de Babilonia, Ciro y Eufrates","Según PDF p.50, PR43, párrafo 1, en el pasaje sobre caída de Babilonia, Ciro y Eufrates, ¿Qué opción restituye con precisión la relación descrita? Marco: «podían oírse sobre los clamores [DETALLE] de los asombrados disolutos»","[""podían oírse sobre los clamores aterrorizado de los asombrados disolutos"", ""podían oírse sobre los clamores desesperados de los asombrados disolutos"", ""podían oírse sobre los clamores desprevenida de los asombrados disolutos"", ""podían oírse sobre los clamores determinados de los asombrados disolutos""]",1,podían oírse sobre los clamores desesperados de los asombrados disolutos,La opción correcta conserva el detalle «desesperados» tal como aparece en la fuente: «podían oírse sobre los clamores desesperados de los asombrados disolutos».,podían oírse sobre los clamores desesperados de los asombrados disolutos,PR43-P050-F40,PR43-P050-F40-VARIANTS,verified,
PR43-0102,PR39-44,PR43,"PDF p.51, PR43, párrafo 2",true_false,hard,destrucción y profecías sobre Babilonia,"Según PDF p.51, PR43, párrafo 2, en el pasaje sobre destrucción y profecías sobre Babilonia, determine si el detalle entre corchetes hace verdadera o falsa esta afirmación: «siéntate, calla, y entra en ⟦blasfemos⟧, hija de los Caldeos: porque nunca más te llamarán señora de reinos.»","[""Verdadero"", ""Falso""]",1,Falso,"La afirmación cambia «tinieblas». La corrección exacta es: «siéntate, calla, y entra en tinieblas, hija de los Caldeos: porque nunca más te llamarán señora de reinos.»","siéntate, calla, y entra en tinieblas, hija de los Caldeos: porque nunca más",PR43-P051-F21,PR43-P051-F21-VARIANTS,verified,"siéntate, calla, y entra en tinieblas, hija de los Caldeos: porque nunca más te llamarán señora de reinos."
PR43-0103,PR39-44,PR43,"PDF p.50, PR43, párrafo 1",fill_blank,medium,"caída de Babilonia, Ciro y Eufrates","Según PDF p.50, PR43, párrafo 1, en el pasaje sobre caída de Babilonia, Ciro y Eufrates, complete la formulación del PDF: «14), y sus gritos de triunfo podían oírse sobre los clamores desesperados de los _____ disolutos.»","[""asombrados"", ""babilonios"", ""caracteres"", ""compañeros""]",0,asombrados,El PDF emplea la expresión «asombrados» en este contexto: «los clamores desesperados de los asombrados disolutos».,los clamores desesperados de los asombrados disolutos,PR43-P050-F41,PR43-P050-F41-VARIANTS,verified,
PR43-0104,PR39-44,PR43,"PDF p.51, PR43, párrafo 3",multiple_choice,medium,destrucción y profecías sobre Babilonia,"Según PDF p.51, PR43, párrafo 3, en el pasaje sobre destrucción y profecías sobre Babilonia, ¿Cuál opción conserva el dato exacto de la fuente? Marco: «pueblo, profané mi heredad, y [DETALLE] en tu mano: no les hiciste misericordias»","[""pueblo, profané mi heredad, y adivinanzas en tu mano: no les hiciste misericordias"", ""pueblo, profané mi heredad, y babilónicos en tu mano: no les hiciste misericordias"", ""pueblo, profané mi heredad, y entreguélos en tu mano: no les hiciste misericordias"", ""pueblo, profané mi heredad, y bendecirlos en tu mano: no les hiciste misericordias""]",2,"pueblo, profané mi heredad, y entreguélos en tu mano: no les hiciste misericordias","La opción correcta conserva el detalle «entreguélos» tal como aparece en la fuente: «pueblo, profané mi heredad, y entreguélos en tu mano: no les hiciste misericordias».","pueblo, profané mi heredad, y entreguélos en tu mano: no les hiciste misericordias",PR43-P051-F30,PR43-P051-F30-VARIANTS,verified,
PR43-0105,PR39-44,PR43,"PDF p.50, PR43, párrafo 1",true_false,medium,"caída de Babilonia, Ciro y Eufrates","Según PDF p.50, PR43, párrafo 1, en el pasaje sobre caída de Babilonia, Ciro y Eufrates, determine si el detalle entre corchetes hace verdadera o falsa esta afirmación: «14), y sus gritos de triunfo podían oírse sobre los clamores desesperados de los asombrados ⟦disolutos⟧.»","[""Verdadero"", ""Falso""]",0,Verdadero,La afirmación coincide con el PDF: «clamores desesperados de los asombrados disolutos».,clamores desesperados de los asombrados disolutos,PR43-P050-F42,PR43-P050-F42-VARIANTS,verified,
PR43-0106,PR39-44,PR43,"PDF p.51, PR43, párrafo 3",fill_blank,hard,destrucción y profecías sobre Babilonia,"Según PDF p.51, PR43, párrafo 3, en el pasaje sobre destrucción y profecías sobre Babilonia, complete la formulación del PDF: «“Enojéme contra mi pueblo, profané mi heredad, y entreguélos en tu mano: no les hiciste _____...»","[""circunstancias"", ""misericordias"", ""predominaban"", ""representaba""]",1,misericordias,El PDF emplea la expresión «misericordias» en este contexto: «tu mano: no les hiciste misericordias».,tu mano: no les hiciste misericordias,PR43-P051-F31,PR43-P051-F31-VARIANTS,verified,
PR43-0107,PR39-44,PR43,"PDF p.50, PR43, párrafo 2",multiple_choice,medium,"caída de Babilonia, Ciro y Eufrates","Según PDF p.50, PR43, párrafo 2, en el pasaje sobre caída de Babilonia, Ciro y Eufrates, ¿Cuál opción conserva el dato exacto de la fuente? Marco: «los Caldeos,” y un monarca [DETALLE] se sentó en el trono»","[""los Caldeos,” y un monarca babilónico se sentó en el trono"", ""los Caldeos,” y un monarca destruidor se sentó en el trono"", ""los Caldeos,” y un monarca espiritual se sentó en el trono"", ""los Caldeos,” y un monarca extranjero se sentó en el trono""]",3,"los Caldeos,” y un monarca extranjero se sentó en el trono","La opción correcta conserva el detalle «extranjero» tal como aparece en la fuente: «los Caldeos,” y un monarca extranjero se sentó en el trono».","los Caldeos,” y un monarca extranjero se sentó en el trono",PR43-P050-F48,PR43-P050-F48-VARIANTS,verified,
PR43-0108,PR39-44,PR43,"PDF p.51, PR43, párrafo 4",true_false,medium,destrucción y profecías sobre Babilonia,"Según PDF p.51, PR43, párrafo 4, en el pasaje sobre destrucción y profecías sobre Babilonia, determine si el detalle entre corchetes hace verdadera o falsa esta afirmación: «“Y dijiste: Para siempre seré señora: y no has pensado en esto, ni te ⟦acordaste⟧ de tu postrimería.»","[""Verdadero"", ""Falso""]",0,Verdadero,"La afirmación coincide con el PDF: «pensado en esto, ni te acordaste de tu postrimería».","pensado en esto, ni te acordaste de tu postrimería",PR43-P051-F36,PR43-P051-F36-VARIANTS,verified,
PR43-0109,PR39-44,PR43,"PDF p.50, PR43, párrafo 3",fill_blank,easy,"caída de Babilonia, Ciro y Eufrates","Según PDF p.50, PR43, párrafo 3, en el pasaje sobre caída de Babilonia, Ciro y Eufrates, complete la formulación del PDF: «Los profetas hebreos habían hablado _____ de la manera en que iba a caer Babilonia.»","[""finalmente"", ""firmemente"", ""claramente"", ""lentamente""]",2,claramente,El PDF emplea la expresión «claramente» en este contexto: «Los profetas hebreos habían hablado claramente de la manera en que iba a».,Los profetas hebreos habían hablado claramente de la manera en que iba a,PR43-P050-F57,PR43-P050-F57-VARIANTS,verified,
PR43-0110,PR39-44,PR43,"PDF p.51, PR43, párrafo 4",multiple_choice,hard,destrucción y profecías sobre Babilonia,"Según PDF p.51, PR43, párrafo 4, en el pasaje sobre destrucción y profecías sobre Babilonia, ¿Qué opción restituye con precisión la relación descrita? Marco: «ni te acordaste de tu [DETALLE]»","[""ni te acordaste de tu postrimería"", ""ni te acordaste de tu ejercerían"", ""ni te acordaste de tu prohibiría"", ""ni te acordaste de tu proveería""]",0,ni te acordaste de tu postrimería,La opción correcta conserva el detalle «postrimería» tal como aparece en la fuente: «ni te acordaste de tu postrimería».,ni te acordaste de tu postrimería,PR43-P051-F37,PR43-P051-F37-VARIANTS,verified,
PR43-0111,PR39-44,PR43,"PDF p.50, PR43, párrafo 3",true_false,easy,"caída de Babilonia, Ciro y Eufrates","Según PDF p.50, PR43, párrafo 3, en el pasaje sobre caída de Babilonia, Ciro y Eufrates, determine si el detalle entre corchetes hace verdadera o falsa esta afirmación: «Los profetas hebreos habían hablado claramente de la manera en que iba a caer ⟦Jerusalem⟧.»","[""Verdadero"", ""Falso""]",1,Falso,La afirmación cambia «Babilonia». La corrección exacta es: «Los profetas hebreos habían hablado claramente de la manera en que iba a caer Babilonia.»,en que iba a caer Babilonia,PR43-P050-F58,PR43-P050-F58-VARIANTS,verified,Los profetas hebreos habían hablado claramente de la manera en que iba a caer Babilonia.
PR43-0112,PR39-44,PR43,"PDF p.51, PR43, párrafo 5",fill_blank,hard,destrucción y profecías sobre Babilonia,"Según PDF p.51, PR43, párrafo 5, en el pasaje sobre destrucción y profecías sobre Babilonia, complete la formulación del PDF: «“Oye pues ahora esto, delicada, la que está sentada _____, la que dice en su corazón: Yo soy, y fuera de mí no hay más»","[""completamente"", ""correctamente"", ""especialmente"", ""confiadamente""]",3,confiadamente,"El PDF emplea la expresión «confiadamente» en este contexto: «delicada, la que está sentada confiadamente, la que dice en su corazón: Yo».","delicada, la que está sentada confiadamente, la que dice en su corazón: Yo",PR43-P051-F42,PR43-P051-F42-VARIANTS,verified,
PR43-0113,PR39-44,PR43,"PDF p.50, PR43, párrafo 3",multiple_choice,hard,"caída de Babilonia, Ciro y Eufrates","Según PDF p.50, PR43, párrafo 3, en el pasaje sobre caída de Babilonia, Ciro y Eufrates, ¿Qué opción restituye con precisión la relación descrita? Marco: «el Señor en visión los [DETALLE] futuros, habían exclamado: “¡Cómo fué presa Sesach»","[""el Señor en visión los contempladores futuros, habían exclamado: “¡Cómo fué presa Sesach"", ""el Señor en visión los acontecimientos futuros, habían exclamado: “¡Cómo fué presa Sesach"", ""el Señor en visión los requerimientos futuros, habían exclamado: “¡Cómo fué presa Sesach"", ""el Señor en visión los especuladores futuros, habían exclamado: “¡Cómo fué presa Sesach""]",1,"el Señor en visión los acontecimientos futuros, habían exclamado: “¡Cómo fué presa Sesach","La opción correcta conserva el detalle «acontecimientos» tal como aparece en la fuente: «el Señor en visión los acontecimientos futuros, habían exclamado: “¡Cómo fué presa Sesach».","el Señor en visión los acontecimientos futuros, habían exclamado: “¡Cómo fué presa Sesach",PR43-P050-F64,PR43-P050-F64-VARIANTS,verified,
PR43-0114,PR39-44,PR43,"PDF p.51, PR43, párrafo 5",true_false,hard,destrucción y profecías sobre Babilonia,"Según PDF p.51, PR43, párrafo 5, en el pasaje sobre destrucción y profecías sobre Babilonia, determine si el detalle entre corchetes hace verdadera o falsa esta afirmación: «“Estas dos cosas te vendrán de repente en un mismo día, orfandad y viudez: en toda su ⟦apariencia⟧ vendrán sobre ti, por la multitud de tus adivinanzas, y ...»","[""Verdadero"", ""Falso""]",1,Falso,"La afirmación cambia «perfección». La corrección exacta es: «“Estas dos cosas te vendrán de repente en un mismo día, orfandad y viudez: en toda su perfección vendrán sobre ti, por la multitud de tus adivinanzas, y ...»","y viudez: en toda su perfección vendrán sobre ti, por la multitud de",PR43-P051-F52,PR43-P051-F52-VARIANTS,verified,"“Estas dos cosas te vendrán de repente en un mismo día, orfandad y viudez: en toda su perfección vendrán sobre ti, por la multitud de tus adivinanzas, y ..."
PR43-0115,PR39-44,PR43,"PDF p.50, PR43, párrafo 3",fill_blank,hard,"caída de Babilonia, Ciro y Eufrates","Según PDF p.50, PR43, párrafo 3, en el pasaje sobre caída de Babilonia, Ciro y Eufrates, complete la formulación del PDF: «Al revelarles el Señor en visión los acontecimientos futuros, habían _____: “¡Cómo fué presa Sesach, y fué tomada la que era alabada por toda la tierra!»","[""exclamado"", ""acarreado"", ""aprendido"", ""atribuído""]",0,exclamado,"El PDF emplea la expresión «exclamado» en este contexto: «visión los acontecimientos futuros, habían exclamado: “¡Cómo fué presa Sesach, y fué tomada».","visión los acontecimientos futuros, habían exclamado: “¡Cómo fué presa Sesach, y fué tomada",PR43-P050-F65,PR43-P050-F65-VARIANTS,verified,
PR43-0116,PR39-44,PR43,"PDF p.51, PR43, párrafo 5",multiple_choice,hard,destrucción y profecías sobre Babilonia,"Según PDF p.51, PR43, párrafo 5, en el pasaje sobre destrucción y profecías sobre Babilonia, ¿Qué opción restituye con precisión la relación descrita? Marco: «por la multitud de tus [DETALLE], y»","[""por la multitud de tus babilónicos, y"", ""por la multitud de tus bendecirlos, y"", ""por la multitud de tus adivinanzas, y"", ""por la multitud de tus bendiciones, y""]",2,"por la multitud de tus adivinanzas, y","La opción correcta conserva el detalle «adivinanzas» tal como aparece en la fuente: «por la multitud de tus adivinanzas, y».","por la multitud de tus adivinanzas, y",PR43-P051-F53,PR43-P051-F53-VARIANTS,verified,
PR43-0117,PR39-44,PR43,"PDF p.50, PR43, párrafo 3",true_false,easy,"caída de Babilonia, Ciro y Eufrates","Según PDF p.50, PR43, párrafo 3, en el pasaje sobre caída de Babilonia, Ciro y Eufrates, determine si el detalle entre corchetes hace verdadera o falsa esta afirmación: «¡Cómo fué ⟦Jerusalem⟧ por espanto entre las gentes!»","[""Verdadero"", ""Falso""]",1,Falso,La afirmación cambia «Babilonia». La corrección exacta es: «¡Cómo fué Babilonia por espanto entre las gentes!»,Cómo fué Babilonia por espanto entre las gentes,PR43-P050-F75,PR43-P050-F75-VARIANTS,verified,¡Cómo fué Babilonia por espanto entre las gentes!
PR43-0118,PR39-44,PR43,"PDF p.51, PR43, párrafo 5",fill_blank,medium,destrucción y profecías sobre Babilonia,"Según PDF p.51, PR43, párrafo 5, en el pasaje sobre destrucción y profecías sobre Babilonia, complete la formulación del PDF: «Porque te _____ en tu maldad, diciendo: Nadie me ve.»","[""acordaste"", ""confiaste"", ""engañaron"", ""esperaron""]",1,confiaste,"El PDF emplea la expresión «confiaste» en este contexto: «Porque te confiaste en tu maldad, diciendo: Nadie me ve».","Porque te confiaste en tu maldad, diciendo: Nadie me ve",PR43-P051-F63,PR43-P051-F63-VARIANTS,verified,
PR43-0119,PR39-44,PR43,"PDF p.50, PR43, párrafo 3",multiple_choice,easy,"caída de Babilonia, Ciro y Eufrates","Según PDF p.50, PR43, párrafo 3, en el pasaje sobre caída de Babilonia, Ciro y Eufrates, ¿Qué expresión completa correctamente el detalle señalado? Marco: «cómo se tornó [DETALLE] en desierto entre las gentes»","[""cómo se tornó Jerusalem en desierto entre las gentes"", ""cómo se tornó Jerusalén en desierto entre las gentes"", ""cómo se tornó Atenas en desierto entre las gentes"", ""cómo se tornó Babilonia en desierto entre las gentes""]",3,cómo se tornó Babilonia en desierto entre las gentes,La opción correcta conserva el detalle «Babilonia» tal como aparece en la fuente: «cómo se tornó Babilonia en desierto entre las gentes».,cómo se tornó Babilonia en desierto entre las gentes,PR43-P050-F82,PR43-P050-F82-VARIANTS,verified,
PR43-0120,PR39-44,PR43,"PDF p.51, PR43, párrafo 6",true_false,hard,destrucción y profecías sobre Babilonia,"Según PDF p.51, PR43, párrafo 6, en el pasaje sobre destrucción y profecías sobre Babilonia, determine si el detalle entre corchetes hace verdadera o falsa esta afirmación: «“Tu sabiduría y tu misma ciencia te ⟦acordaste⟧, y dijiste en tu corazón: Yo, y no más.»","[""Verdadero"", ""Falso""]",1,Falso,"La afirmación cambia «engañaron». La corrección exacta es: «“Tu sabiduría y tu misma ciencia te engañaron, y dijiste en tu corazón: Yo, y no más.»","y tu misma ciencia te engañaron, y dijiste en tu corazón: Yo, y",PR43-P051-F67,PR43-P051-F67-VARIANTS,verified,"“Tu sabiduría y tu misma ciencia te engañaron, y dijiste en tu corazón: Yo, y no más."
PR43-0121,PR39-44,PR43,"PDF p.50, PR43, párrafo 3",fill_blank,easy,"caída de Babilonia, Ciro y Eufrates","Según PDF p.50, PR43, párrafo 3, en el pasaje sobre caída de Babilonia, Ciro y Eufrates, complete la formulación del PDF: «“Del grito de la toma de _____ la tierra tembló, y el clamor se oyó entre las gentes.”»","[""Jerusalem"", ""Jerusalén"", ""Babilonia"", ""Atenas""]",2,Babilonia,"El PDF emplea la expresión «Babilonia» en este contexto: «grito de la toma de Babilonia la tierra tembló, y el clamor se».","grito de la toma de Babilonia la tierra tembló, y el clamor se",PR43-P050-F86,PR43-P050-F86-VARIANTS,verified,
PR43-0122,PR39-44,PR43,"PDF p.51, PR43, párrafo 6",multiple_choice,hard,destrucción y profecías sobre Babilonia,"Según PDF p.51, PR43, párrafo 6, en el pasaje sobre destrucción y profecías sobre Babilonia, ¿Qué opción restituye con precisión la relación descrita? Marco: «pues sobre ti mal, cuyo [DETALLE] no sabrás: caerá sobre ti quebrantamiento, el»","[""pues sobre ti mal, cuyo nacimiento no sabrás: caerá sobre ti quebrantamiento, el"", ""pues sobre ti mal, cuyo desarrollo no sabrás: caerá sobre ti quebrantamiento, el"", ""pues sobre ti mal, cuyo fundamento no sabrás: caerá sobre ti quebrantamiento, el"", ""pues sobre ti mal, cuyo gobernante no sabrás: caerá sobre ti quebrantamiento, el""]",0,"pues sobre ti mal, cuyo nacimiento no sabrás: caerá sobre ti quebrantamiento, el","La opción correcta conserva el detalle «nacimiento» tal como aparece en la fuente: «pues sobre ti mal, cuyo nacimiento no sabrás: caerá sobre ti quebrantamiento, el».","pues sobre ti mal, cuyo nacimiento no sabrás: caerá sobre ti quebrantamiento, el",PR43-P051-F73,PR43-P051-F73-VARIANTS,verified,
PR43-0123,PR39-44,PR43,"PDF p.50, PR43, párrafo 4",true_false,easy,"caída de Babilonia, Ciro y Eufrates","Según PDF p.50, PR43, párrafo 4, en el pasaje sobre caída de Babilonia, Ciro y Eufrates, determine si el detalle entre corchetes hace verdadera o falsa esta afirmación: «“En un momento cayó ⟦Jerusalem⟧.»","[""Verdadero"", ""Falso""]",1,Falso,La afirmación cambia «Babilonia». La corrección exacta es: «“En un momento cayó Babilonia.»,En un momento cayó Babilonia,PR43-P050-F92,PR43-P050-F92-VARIANTS,verified,“En un momento cayó Babilonia.
PR43-0124,PR39-44,PR43,"PDF p.51, PR43, párrafo 6",fill_blank,hard,destrucción y profecías sobre Babilonia,"Según PDF p.51, PR43, párrafo 6, en el pasaje sobre destrucción y profecías sobre Babilonia, complete la formulación del PDF: «Vendrá pues sobre ti mal, cuyo nacimiento no sabrás: caerá sobre ti _____, el cual no podrás remediar: y destrucción que no sabrás, vendrá de repente sobre ti.»","[""encarcelamiento"", ""establecimiento"", ""misericordioso"", ""quebrantamiento""]",3,quebrantamiento,"El PDF emplea la expresión «quebrantamiento» en este contexto: «no sabrás: caerá sobre ti quebrantamiento, el cual no podrás remediar: y destrucción».","no sabrás: caerá sobre ti quebrantamiento, el cual no podrás remediar: y destrucción",PR43-P051-F74,PR43-P051-F74-VARIANTS,verified,
PR43-0125,PR39-44,PR43,"PDF p.50, PR43, párrafo 4",multiple_choice,hard,"caída de Babilonia, Ciro y Eufrates","Según PDF p.50, PR43, párrafo 4, en el pasaje sobre caída de Babilonia, Ciro y Eufrates, ¿Qué opción restituye con precisión la relación descrita? Marco: «Porque vino [DETALLE] contra ella, contra Babilonia, y sus valientes»","[""Porque vino babilónico contra ella, contra Babilonia, y sus valientes"", ""Porque vino destruidor contra ella, contra Babilonia, y sus valientes"", ""Porque vino espiritual contra ella, contra Babilonia, y sus valientes"", ""Porque vino extranjero contra ella, contra Babilonia, y sus valientes""]",1,"Porque vino destruidor contra ella, contra Babilonia, y sus valientes","La opción correcta conserva el detalle «destruidor» tal como aparece en la fuente: «Porque vino destruidor contra ella, contra Babilonia, y sus valientes».","Porque vino destruidor contra ella, contra Babilonia, y sus valientes",PR43-P050-F94,PR43-P050-F94-VARIANTS,verified,
PR43-0126,PR39-44,PR43,"PDF p.51, PR43, párrafo 6",true_false,hard,destrucción y profecías sobre Babilonia,"Según PDF p.51, PR43, párrafo 6, en el pasaje sobre destrucción y profecías sobre Babilonia, determine si el detalle entre corchetes hace verdadera o falsa esta afirmación: «Vendrá pues sobre ti mal, cuyo nacimiento no sabrás: caerá sobre ti quebrantamiento, el cual no podrás remediar: y ⟦convocación⟧ que no sabrás, vendrá de repente sobre ti.»","[""Verdadero"", ""Falso""]",1,Falso,"La afirmación cambia «destrucción». La corrección exacta es: «Vendrá pues sobre ti mal, cuyo nacimiento no sabrás: caerá sobre ti quebrantamiento, el cual no podrás remediar: y destrucción que no sabrás, vendrá de repente sobre ti.»","cual no podrás remediar: y destrucción que no sabrás, vendrá de repente sobre",PR43-P051-F75,PR43-P051-F75-VARIANTS,verified,"Vendrá pues sobre ti mal, cuyo nacimiento no sabrás: caerá sobre ti quebrantamiento, el cual no podrás remediar: y destrucción que no sabrás, vendrá de repente sobre ti."
PR43-0127,PR39-44,PR43,"PDF p.50, PR43, párrafo 4",fill_blank,easy,"caída de Babilonia, Ciro y Eufrates","Según PDF p.50, PR43, párrafo 4, en el pasaje sobre caída de Babilonia, Ciro y Eufrates, complete la formulación del PDF: «“Porque vino destruidor contra ella, contra _____, y sus valientes fueron presos, el arco de ellos fué quebrado: porque Jehová, Dios de retribuciones, dará la paga.»","[""Babilonia"", ""Jerusalem"", ""Jerusalén"", ""Atenas""]",0,Babilonia,"El PDF emplea la expresión «Babilonia» en este contexto: «vino destruidor contra ella, contra Babilonia, y sus valientes fueron presos, el arco».","vino destruidor contra ella, contra Babilonia, y sus valientes fueron presos, el arco",PR43-P050-F95,PR43-P050-F95-VARIANTS,verified,
PR43-0128,PR39-44,PR43,"PDF p.51, PR43, párrafo 7",multiple_choice,hard,destrucción y profecías sobre Babilonia,"Según PDF p.51, PR43, párrafo 7, en el pasaje sobre destrucción y profecías sobre Babilonia, ¿Qué opción restituye con precisión la relación descrita? Marco: «Estáte ahora en tus [DETALLE], y con la multitud de tus agüeros»","[""Estáte ahora en tus desfavorables, y con la multitud de tus agüeros"", ""Estáte ahora en tus humillaciones, y con la multitud de tus agüeros"", ""Estáte ahora en tus encantamentos, y con la multitud de tus agüeros"", ""Estáte ahora en tus retribuciones, y con la multitud de tus agüeros""]",2,"Estáte ahora en tus encantamentos, y con la multitud de tus agüeros","La opción correcta conserva el detalle «encantamentos» tal como aparece en la fuente: «Estáte ahora en tus encantamentos, y con la multitud de tus agüeros».","Estáte ahora en tus encantamentos, y con la multitud de tus agüeros",PR43-P051-F82,PR43-P051-F82-VARIANTS,verified,
PR43-0129,PR39-44,PR43,"PDF p.50, PR43, párrafo 4",true_false,hard,"caída de Babilonia, Ciro y Eufrates","Según PDF p.50, PR43, párrafo 4, en el pasaje sobre caída de Babilonia, Ciro y Eufrates, determine si el detalle entre corchetes hace verdadera o falsa esta afirmación: «“Porque vino destruidor contra ella, contra Babilonia, y sus ⟦capitanes⟧ fueron presos, el arco de ellos fué quebrado: porque Jehová, Dios de retribuciones, dará la paga.»","[""Verdadero"", ""Falso""]",1,Falso,"La afirmación cambia «valientes». La corrección exacta es: «“Porque vino destruidor contra ella, contra Babilonia, y sus valientes fueron presos, el arco de ellos fué quebrado: porque Jehová, Dios de retribuciones, dará la paga.»","ella, contra Babilonia, y sus valientes fueron presos, el arco de ellos fué",PR43-P050-F96,PR43-P050-F96-VARIANTS,verified,"“Porque vino destruidor contra ella, contra Babilonia, y sus valientes fueron presos, el arco de ellos fué quebrado: porque Jehová, Dios de retribuciones, dará la paga."
PR43-0130,PR39-44,PR43,"PDF p.51, PR43, párrafo 7",fill_blank,hard,destrucción y profecías sobre Babilonia,"Según PDF p.51, PR43, párrafo 7, en el pasaje sobre destrucción y profecías sobre Babilonia, complete la formulación del PDF: «“Estáte ahora en tus encantamentos, y con la multitud de tus agüeros, en los cuales te _____ desde tu niñez»","[""acordaste"", ""fatigaste"", ""confiaste"", ""engañaron""]",1,fatigaste,"El PDF emplea la expresión «fatigaste» en este contexto: «agüeros, en los cuales te fatigaste desde tu niñez».","agüeros, en los cuales te fatigaste desde tu niñez",PR43-P051-F83,PR43-P051-F83-VARIANTS,verified,
PR43-0131,PR39-44,PR43,"PDF p.50, PR43, párrafo 4",multiple_choice,hard,"caída de Babilonia, Ciro y Eufrates","Según PDF p.50, PR43, párrafo 4, en el pasaje sobre caída de Babilonia, Ciro y Eufrates, ¿Qué opción restituye con precisión la relación descrita? Marco: «quebrado: porque Jehová, Dios de [DETALLE], dará la paga»","[""quebrado: porque Jehová, Dios de desfavorables, dará la paga"", ""quebrado: porque Jehová, Dios de encantamentos, dará la paga"", ""quebrado: porque Jehová, Dios de humillaciones, dará la paga"", ""quebrado: porque Jehová, Dios de retribuciones, dará la paga""]",3,"quebrado: porque Jehová, Dios de retribuciones, dará la paga","La opción correcta conserva el detalle «retribuciones» tal como aparece en la fuente: «quebrado: porque Jehová, Dios de retribuciones, dará la paga».","quebrado: porque Jehová, Dios de retribuciones, dará la paga",PR43-P050-F97,PR43-P050-F97-VARIANTS,verified,
PR43-0132,PR39-44,PR43,"PDF p.51, PR43, párrafo 7",true_false,medium,destrucción y profecías sobre Babilonia,"Según PDF p.51, PR43, párrafo 7, en el pasaje sobre destrucción y profecías sobre Babilonia, determine si el detalle entre corchetes hace verdadera o falsa esta afirmación: «quizá podrás ⟦abrumador⟧, quizá te fortificarás.»","[""Verdadero"", ""Falso""]",1,Falso,"La afirmación cambia «mejorarte». La corrección exacta es: «quizá podrás mejorarte, quizá te fortificarás.»","quizá podrás mejorarte, quizá te fortificarás",PR43-P051-F90,PR43-P051-F90-VARIANTS,verified,"quizá podrás mejorarte, quizá te fortificarás."
PR43-0133,PR39-44,PR43,"PDF p.50, PR43, párrafo 4",fill_blank,easy,"caída de Babilonia, Ciro y Eufrates","Según PDF p.50, PR43, párrafo 4, en el pasaje sobre caída de Babilonia, Ciro y Eufrates, complete la formulación del PDF: «Y embriagaré sus _____ y sus sabios, sus capitanes y sus nobles y sus fuertes»","[""capitanes"", ""caprichos"", ""príncipes"", ""corazones""]",2,príncipes,"El PDF emplea la expresión «príncipes» en este contexto: «Y embriagaré sus príncipes y sus sabios, sus capitanes y sus».","Y embriagaré sus príncipes y sus sabios, sus capitanes y sus",PR43-P050-F101,PR43-P050-F101-VARIANTS,verified,
PR43-0134,PR39-44,PR43,"PDF p.51, PR43, párrafo 7",multiple_choice,medium,destrucción y profecías sobre Babilonia,"Según PDF p.51, PR43, párrafo 7, en el pasaje sobre destrucción y profecías sobre Babilonia, ¿Cuál opción conserva el dato exacto de la fuente? Marco: «quizá podrás mejorarte, quizá te [DETALLE]»","[""quizá podrás mejorarte, quizá te fortificarás"", ""quizá podrás mejorarte, quizá te desmenuzará"", ""quizá podrás mejorarte, quizá te despertarán"", ""quizá podrás mejorarte, quizá te permanecerá""]",0,"quizá podrás mejorarte, quizá te fortificarás","La opción correcta conserva el detalle «fortificarás» tal como aparece en la fuente: «quizá podrás mejorarte, quizá te fortificarás».","quizá podrás mejorarte, quizá te fortificarás",PR43-P051-F91,PR43-P051-F91-VARIANTS,verified,
PR43-0135,PR39-44,PR43,"PDF p.50, PR43, párrafo 4",true_false,hard,"caída de Babilonia, Ciro y Eufrates","Según PDF p.50, PR43, párrafo 4, en el pasaje sobre caída de Babilonia, Ciro y Eufrates, determine si el detalle entre corchetes hace verdadera o falsa esta afirmación: «Y embriagaré sus príncipes y sus sabios, sus ⟦caprichos⟧ y sus nobles y sus fuertes»","[""Verdadero"", ""Falso""]",1,Falso,"La afirmación cambia «capitanes». La corrección exacta es: «Y embriagaré sus príncipes y sus sabios, sus capitanes y sus nobles y sus fuertes»","príncipes y sus sabios, sus capitanes y sus nobles y sus fuertes",PR43-P050-F102,PR43-P050-F102-VARIANTS,verified,"Y embriagaré sus príncipes y sus sabios, sus capitanes y sus nobles y sus fuertes"
PR43-0136,PR39-44,PR43,"PDF p.51, PR43, párrafo 8",fill_blank,hard,destrucción y profecías sobre Babilonia,"Según PDF p.51, PR43, párrafo 8, en el pasaje sobre destrucción y profecías sobre Babilonia, complete la formulación del PDF: «Parezcan ahora y _____ los contempladores de los cielos, los especuladores de las estrellas, los que contaban los meses, para pronosticar lo que vendrá sobre ti.»","[""contrajuego"", ""desapareció"", ""inestimable"", ""defiéndante""]",3,defiéndante,"El PDF emplea la expresión «defiéndante» en este contexto: «Parezcan ahora y defiéndante los contempladores de los cielos, los especuladores».","Parezcan ahora y defiéndante los contempladores de los cielos, los especuladores",PR43-P051-F98,PR43-P051-F98-VARIANTS,verified,
PR43-0137,PR39-44,PR43,"PDF p.50, PR43, párrafo 4",multiple_choice,hard,"caída de Babilonia, Ciro y Eufrates","Según PDF p.50, PR43, párrafo 4, en el pasaje sobre caída de Babilonia, Ciro y Eufrates, ¿Qué opción restituye con precisión la relación descrita? Marco: «dormirán sueño eterno y no [DETALLE], dice el Rey, cuyo nombre es Jehová»","[""dormirán sueño eterno y no desmenuzará, dice el Rey, cuyo nombre es Jehová"", ""dormirán sueño eterno y no despertarán, dice el Rey, cuyo nombre es Jehová"", ""dormirán sueño eterno y no permanecerá, dice el Rey, cuyo nombre es Jehová"", ""dormirán sueño eterno y no corromperá, dice el Rey, cuyo nombre es Jehová""]",1,"dormirán sueño eterno y no despertarán, dice el Rey, cuyo nombre es Jehová","La opción correcta conserva el detalle «despertarán» tal como aparece en la fuente: «dormirán sueño eterno y no despertarán, dice el Rey, cuyo nombre es Jehová».","dormirán sueño eterno y no despertarán, dice el Rey, cuyo nombre es Jehová",PR43-P050-F107,PR43-P050-F107-VARIANTS,verified,
PR43-0138,PR39-44,PR43,"PDF p.51, PR43, párrafo 8",true_false,hard,destrucción y profecías sobre Babilonia,"Según PDF p.51, PR43, párrafo 8, en el pasaje sobre destrucción y profecías sobre Babilonia, determine si el detalle entre corchetes hace verdadera o falsa esta afirmación: «Parezcan ahora y defiéndante los ⟦contempladores⟧ de los cielos, los especuladores de las estrellas, los que contaban los meses, para pronosticar lo que vendrá sobre ti.»","[""Verdadero"", ""Falso""]",0,Verdadero,"La afirmación coincide con el PDF: «Parezcan ahora y defiéndante los contempladores de los cielos, los especuladores de las».","Parezcan ahora y defiéndante los contempladores de los cielos, los especuladores de las",PR43-P051-F99,PR43-P051-F99-VARIANTS,verified,
PR43-0139,PR39-44,PR43,"PDF p.50, PR43, párrafo 4",fill_blank,medium,"caída de Babilonia, Ciro y Eufrates","Según PDF p.50, PR43, párrafo 4, en el pasaje sobre caída de Babilonia, Ciro y Eufrates, complete la formulación del PDF: «y dormirán sueño eterno y no despertarán, dice el Rey, cuyo nombre es Jehová de los _____.»","[""ejércitos"", ""capitanes"", ""caprichos"", ""corazones""]",0,ejércitos,El PDF emplea la expresión «ejércitos» en este contexto: «nombre es Jehová de los ejércitos».,nombre es Jehová de los ejércitos,PR43-P050-F108,PR43-P050-F108-VARIANTS,verified,
PR43-0140,PR39-44,PR43,"PDF p.51, PR43, párrafo 8",multiple_choice,hard,destrucción y profecías sobre Babilonia,"Según PDF p.51, PR43, párrafo 8, en el pasaje sobre destrucción y profecías sobre Babilonia, ¿Qué opción restituye con precisión la relación descrita? Marco: «contempladores de los cielos, los [DETALLE] de las estrellas, los que contaban los»","[""contempladores de los cielos, los oportunidades de las estrellas, los que contaban los"", ""contempladores de los cielos, los contempladores de las estrellas, los que contaban los"", ""contempladores de los cielos, los especuladores de las estrellas, los que contaban los"", ""contempladores de los cielos, los gobernadores de las estrellas, los que contaban los""]",2,"contempladores de los cielos, los especuladores de las estrellas, los que contaban los","La opción correcta conserva el detalle «especuladores» tal como aparece en la fuente: «contempladores de los cielos, los especuladores de las estrellas, los que contaban los».","contempladores de los cielos, los especuladores de las estrellas, los que contaban los",PR43-P051-F100,PR43-P051-F100-VARIANTS,verified,
PR43-0141,PR39-44,PR43,"PDF p.50, PR43, párrafo 1",true_false,expert,"caída de Babilonia, Ciro y Eufrates","Según PDF p.50, PR43, párrafo 1, en el pasaje sobre caída de Babilonia, Ciro y Eufrates, determine si el detalle entre corchetes hace verdadera o falsa esta afirmación: «Mientras estaba todavía en el salón de fiestas, rodeado por aquellos cuya suerte estaba sellada, el rey recibió de un ⟦consejero⟧ la información de “que su ciudad” era “tomada” por el enemigo contra cuyos planes se había sentido tan seguro»","[""Verdadero"", ""Falso""]",1,Falso,"La afirmación cambia «mensajero». La corrección exacta es: «Mientras estaba todavía en el salón de fiestas, rodeado por aquellos cuya suerte estaba sellada, el rey recibió de un mensajero la información de “que su ciudad” era “tomada” por el enemigo contra cuyos planes se había sentido tan seguro»",el rey recibió de un mensajero la información de “que su ciudad” era,PR43-P050-F01,PR43-P050-F01-VARIANTS,verified,"Mientras estaba todavía en el salón de fiestas, rodeado por aquellos cuya suerte estaba sellada, el rey recibió de un mensajero la información de “que su ciudad” era “tomada” por el enemigo contra cuyos planes se había sentido tan seguro"
PR43-0142,PR39-44,PR43,"PDF p.51, PR43, párrafo 1",fill_blank,medium,destrucción y profecías sobre Babilonia,"Según PDF p.51, PR43, párrafo 1, en el pasaje sobre destrucción y profecías sobre Babilonia, complete la formulación del PDF: «Al último _____ de Babilonia llegó la sentencia del Vigía divino, como había llegado en figura al primero: “A ti dicen, ...»","[""babilónico"", ""gobernante"", ""destruidor"", ""espiritual""]",1,gobernante,El PDF emplea la expresión «gobernante» en este contexto: «Al último gobernante de Babilonia llegó la sentencia del Vigía».,Al último gobernante de Babilonia llegó la sentencia del Vigía,PR43-P051-F01,PR43-P051-F01-VARIANTS,verified,
PR43-0143,PR39-44,PR43,"PDF p.50, PR43, párrafo 1",multiple_choice,hard,"caída de Babilonia, Ciro y Eufrates","Según PDF p.50, PR43, párrafo 1, en el pasaje sobre caída de Babilonia, Ciro y Eufrates, ¿Qué opción restituye con precisión la relación descrita? Marco: «recibió de un mensajero la [DETALLE] de “que su ciudad” era “tomada” por»","[""recibió de un mensajero la convocación de “que su ciudad” era “tomada” por"", ""recibió de un mensajero la destrucción de “que su ciudad” era “tomada” por"", ""recibió de un mensajero la disposición de “que su ciudad” era “tomada” por"", ""recibió de un mensajero la información de “que su ciudad” era “tomada” por""]",3,recibió de un mensajero la información de “que su ciudad” era “tomada” por,La opción correcta conserva el detalle «información» tal como aparece en la fuente: «recibió de un mensajero la información de “que su ciudad” era “tomada” por».,recibió de un mensajero la información de “que su ciudad” era “tomada” por,PR43-P050-F02,PR43-P050-F02-VARIANTS,verified,
PR43-0144,PR39-44,PR43,"PDF p.51, PR43, párrafo 1",true_false,easy,destrucción y profecías sobre Babilonia,"Según PDF p.51, PR43, párrafo 1, en el pasaje sobre destrucción y profecías sobre Babilonia, determine si el detalle entre corchetes hace verdadera o falsa esta afirmación: «Al último gobernante de ⟦Jerusalem⟧ llegó la sentencia del Vigía divino, como había llegado en figura al primero: “A ti dicen, ...»","[""Verdadero"", ""Falso""]",1,Falso,"La afirmación cambia «Babilonia». La corrección exacta es: «Al último gobernante de Babilonia llegó la sentencia del Vigía divino, como había llegado en figura al primero: “A ti dicen, ...»","Al último gobernante de Babilonia llegó la sentencia del Vigía divino, como",PR43-P051-F02,PR43-P051-F02-VARIANTS,verified,"Al último gobernante de Babilonia llegó la sentencia del Vigía divino, como había llegado en figura al primero: “A ti dicen, ..."
PR43-0145,PR39-44,PR43,"PDF p.50, PR43, párrafo 1",multiple_choice,expert,"caída de Babilonia, Ciro y Eufrates","Según PDF p.50, PR43, párrafo 1, en el pasaje sobre caída de Babilonia, Ciro y Eufrates, ¿Cuál opción mantiene sin alterar el detalle y el orden de la fuente? Marco: «desviado el curso del Eufrates, [DETALLE] en el corazón de la ciudad desprevenida»","[""desviado el curso del Eufrates, penetraban en el corazón de la ciudad desprevenida"", ""desviado el curso del Eufrates, abundancia en el corazón de la ciudad desprevenida"", ""desviado el curso del Eufrates, constancia en el corazón de la ciudad desprevenida"", ""desviado el curso del Eufrates, describían en el corazón de la ciudad desprevenida""]",0,"desviado el curso del Eufrates, penetraban en el corazón de la ciudad desprevenida","La opción correcta conserva el detalle «penetraban» tal como aparece en la fuente: «desviado el curso del Eufrates, penetraban en el corazón de la ciudad desprevenida».","desviado el curso del Eufrates, penetraban en el corazón de la ciudad desprevenida",PR43-P050-F18,PR43-P050-F18-VARIANTS,verified,
PR43-0146,PR39-44,PR43,"PDF p.51, PR43, párrafo 1",fill_blank,medium,destrucción y profecías sobre Babilonia,"Según PDF p.51, PR43, párrafo 1, en el pasaje sobre destrucción y profecías sobre Babilonia, complete la formulación del PDF: «Al último gobernante de Babilonia llegó la _____ del Vigía divino, como había llegado en figura al primero: “A ti dicen, ...»","[""adoración"", ""adorareis"", ""sentencia"", ""autoridad""]",2,sentencia,"El PDF emplea la expresión «sentencia» en este contexto: «gobernante de Babilonia llegó la sentencia del Vigía divino, como había llegado en».","gobernante de Babilonia llegó la sentencia del Vigía divino, como había llegado en",PR43-P051-F03,PR43-P051-F03-VARIANTS,verified,
PR43-0147,PR39-44,PR43,"PDF p.50, PR43, párrafo 1",true_false,hard,"caída de Babilonia, Ciro y Eufrates","Según PDF p.50, PR43, párrafo 1, en el pasaje sobre caída de Babilonia, Ciro y Eufrates, determine si el detalle entre corchetes hace verdadera o falsa esta afirmación: «Aun mientras él y sus nobles bebían de los vasos sagrados de Jehová, y alababan a sus dioses de plata y de oro, los medos y persas, habiendo desviado el curso del Eufrates, penetraban en el corazón de la ciudad ⟦desprevenida⟧.»","[""Verdadero"", ""Falso""]",0,Verdadero,La afirmación coincide con el PDF: «el corazón de la ciudad desprevenida».,el corazón de la ciudad desprevenida,PR43-P050-F19,PR43-P050-F19-VARIANTS,verified,
PR43-0148,PR39-44,PR43,"PDF p.51, PR43, párrafo 1",fill_blank,easy,destrucción y profecías sobre Babilonia,"Según PDF p.51, PR43, párrafo 1, en el pasaje sobre destrucción y profecías sobre Babilonia, complete la formulación del PDF: «el reino es _____ de ti.»","[""arrostrado"", ""blasfemado"", ""confirmado"", ""traspasado""]",3,traspasado,El PDF emplea la expresión «traspasado» en este contexto: «el reino es traspasado de ti».,el reino es traspasado de ti,PR43-P051-F13,PR43-P051-F13-VARIANTS,verified,
PR43-0149,PR39-44,PR43,"PDF p.50, PR43, párrafo 1",multiple_choice,medium,"caída de Babilonia, Ciro y Eufrates","Según PDF p.50, PR43, párrafo 1, en el pasaje sobre caída de Babilonia, Ciro y Eufrates, ¿Cuál opción conserva el dato exacto de la fuente? Marco: «de soldados enemigos “como de [DETALLE]” (Vers»","[""de soldados enemigos “como de blasfemos” (Vers"", ""de soldados enemigos “como de langostas” (Vers"", ""de soldados enemigos “como de corruptos” (Vers"", ""de soldados enemigos “como de disolutos” (Vers""]",1,de soldados enemigos “como de langostas” (Vers,La opción correcta conserva el detalle «langostas» tal como aparece en la fuente: «de soldados enemigos “como de langostas” (Vers».,de soldados enemigos “como de langostas” (Vers,PR43-P050-F34,PR43-P050-F34-VARIANTS,verified,
PR43-0150,PR39-44,PR43,"PDF p.51, PR43, párrafo 2",true_false,easy,destrucción y profecías sobre Babilonia,"Según PDF p.51, PR43, párrafo 2, en el pasaje sobre destrucción y profecías sobre Babilonia, determine si el detalle entre corchetes hace verdadera o falsa esta afirmación: «“Desciende, y siéntate en el polvo, virgen hija de ⟦Babilonia⟧, siéntate en la tierra sin trono, ...»","[""Verdadero"", ""Falso""]",0,Verdadero,"La afirmación coincide con el PDF: «el polvo, virgen hija de Babilonia, siéntate en la tierra sin trono».","el polvo, virgen hija de Babilonia, siéntate en la tierra sin trono",PR43-P051-F14,PR43-P051-F14-VARIANTS,verified,
PR43-0151,PR39-44,PR43,"PDF p.50, PR43, párrafo 1",fill_blank,hard,"caída de Babilonia, Ciro y Eufrates","Según PDF p.50, PR43, párrafo 1, en el pasaje sobre caída de Babilonia, Ciro y Eufrates, complete la formulación del PDF: «14), y sus gritos de triunfo podían oírse sobre los clamores _____ de los asombrados disolutos.»","[""desesperados"", ""aterrorizado"", ""desprevenida"", ""determinados""]",0,desesperados,El PDF emplea la expresión «desesperados» en este contexto: «podían oírse sobre los clamores desesperados de los asombrados disolutos».,podían oírse sobre los clamores desesperados de los asombrados disolutos,PR43-P050-F40,PR43-P050-F40-VARIANTS,verified,
PR43-0152,PR39-44,PR43,"PDF p.51, PR43, párrafo 2",multiple_choice,medium,destrucción y profecías sobre Babilonia,"Según PDF p.51, PR43, párrafo 2, en el pasaje sobre destrucción y profecías sobre Babilonia, ¿Cuál opción conserva el dato exacto de la fuente? Marco: «siéntate, calla, y entra en [DETALLE], hija de los Caldeos: porque nunca más»","[""siéntate, calla, y entra en blasfemos, hija de los Caldeos: porque nunca más"", ""siéntate, calla, y entra en corruptos, hija de los Caldeos: porque nunca más"", ""siéntate, calla, y entra en tinieblas, hija de los Caldeos: porque nunca más"", ""siéntate, calla, y entra en disolutos, hija de los Caldeos: porque nunca más""]",2,"siéntate, calla, y entra en tinieblas, hija de los Caldeos: porque nunca más","La opción correcta conserva el detalle «tinieblas» tal como aparece en la fuente: «siéntate, calla, y entra en tinieblas, hija de los Caldeos: porque nunca más».","siéntate, calla, y entra en tinieblas, hija de los Caldeos: porque nunca más",PR43-P051-F21,PR43-P051-F21-VARIANTS,verified,
PR43-0153,PR39-44,PR43,"PDF p.50, PR43, párrafo 1",true_false,hard,"caída de Babilonia, Ciro y Eufrates","Según PDF p.50, PR43, párrafo 1, en el pasaje sobre caída de Babilonia, Ciro y Eufrates, determine si el detalle entre corchetes hace verdadera o falsa esta afirmación: «14), y sus gritos de triunfo podían oírse sobre los clamores desesperados de los ⟦babilonios⟧ disolutos.»","[""Verdadero"", ""Falso""]",1,Falso,"La afirmación cambia «asombrados». La corrección exacta es: «14), y sus gritos de triunfo podían oírse sobre los clamores desesperados de los asombrados disolutos.»",los clamores desesperados de los asombrados disolutos,PR43-P050-F41,PR43-P050-F41-VARIANTS,verified,"14), y sus gritos de triunfo podían oírse sobre los clamores desesperados de los asombrados disolutos."
PR43-0154,PR39-44,PR43,"PDF p.51, PR43, párrafo 3",fill_blank,medium,destrucción y profecías sobre Babilonia,"Según PDF p.51, PR43, párrafo 3, en el pasaje sobre destrucción y profecías sobre Babilonia, complete la formulación del PDF: «“Enojéme contra mi pueblo, profané mi heredad, y _____ en tu mano: no les hiciste misericordias...»","[""adivinanzas"", ""entreguélos"", ""babilónicos"", ""bendecirlos""]",1,entreguélos,"El PDF emplea la expresión «entreguélos» en este contexto: «pueblo, profané mi heredad, y entreguélos en tu mano: no les hiciste misericordias».","pueblo, profané mi heredad, y entreguélos en tu mano: no les hiciste misericordias",PR43-P051-F30,PR43-P051-F30-VARIANTS,verified,
PR43-0155,PR39-44,PR43,"PDF p.50, PR43, párrafo 1",multiple_choice,medium,"caída de Babilonia, Ciro y Eufrates","Según PDF p.50, PR43, párrafo 1, en el pasaje sobre caída de Babilonia, Ciro y Eufrates, ¿Cuál opción conserva el dato exacto de la fuente? Marco: «clamores desesperados de los asombrados [DETALLE]»","[""clamores desesperados de los asombrados blasfemos"", ""clamores desesperados de los asombrados corruptos"", ""clamores desesperados de los asombrados enfáticas"", ""clamores desesperados de los asombrados disolutos""]",3,clamores desesperados de los asombrados disolutos,La opción correcta conserva el detalle «disolutos» tal como aparece en la fuente: «clamores desesperados de los asombrados disolutos».,clamores desesperados de los asombrados disolutos,PR43-P050-F42,PR43-P050-F42-VARIANTS,verified,
PR43-0156,PR39-44,PR43,"PDF p.51, PR43, párrafo 3",true_false,hard,destrucción y profecías sobre Babilonia,"Según PDF p.51, PR43, párrafo 3, en el pasaje sobre destrucción y profecías sobre Babilonia, determine si el detalle entre corchetes hace verdadera o falsa esta afirmación: «“Enojéme contra mi pueblo, profané mi heredad, y entreguélos en tu mano: no les hiciste ⟦misericordias⟧...»","[""Verdadero"", ""Falso""]",0,Verdadero,La afirmación coincide con el PDF: «tu mano: no les hiciste misericordias».,tu mano: no les hiciste misericordias,PR43-P051-F31,PR43-P051-F31-VARIANTS,verified,
PR43-0157,PR39-44,PR43,"PDF p.50, PR43, párrafo 2",fill_blank,medium,"caída de Babilonia, Ciro y Eufrates","Según PDF p.50, PR43, párrafo 2, en el pasaje sobre caída de Babilonia, Ciro y Eufrates, complete la formulación del PDF: «“La misma noche fué muerto Belsasar, rey de los Caldeos,” y un monarca _____ se sentó en el trono.»","[""babilónico"", ""destruidor"", ""extranjero"", ""espiritual""]",2,extranjero,"El PDF emplea la expresión «extranjero» en este contexto: «los Caldeos,” y un monarca extranjero se sentó en el trono».","los Caldeos,” y un monarca extranjero se sentó en el trono",PR43-P050-F48,PR43-P050-F48-VARIANTS,verified,
PR43-0158,PR39-44,PR43,"PDF p.51, PR43, párrafo 4",multiple_choice,hard,destrucción y profecías sobre Babilonia,"Según PDF p.51, PR43, párrafo 4, en el pasaje sobre destrucción y profecías sobre Babilonia, ¿Qué opción restituye con precisión la relación descrita? Marco: «pensado en esto, ni te [DETALLE] de tu postrimería»","[""pensado en esto, ni te acordaste de tu postrimería"", ""pensado en esto, ni te confiaste de tu postrimería"", ""pensado en esto, ni te engañaron de tu postrimería"", ""pensado en esto, ni te esperaron de tu postrimería""]",0,"pensado en esto, ni te acordaste de tu postrimería","La opción correcta conserva el detalle «acordaste» tal como aparece en la fuente: «pensado en esto, ni te acordaste de tu postrimería».","pensado en esto, ni te acordaste de tu postrimería",PR43-P051-F36,PR43-P051-F36-VARIANTS,verified,
PR43-0159,PR39-44,PR43,"PDF p.50, PR43, párrafo 3",true_false,medium,"caída de Babilonia, Ciro y Eufrates","Según PDF p.50, PR43, párrafo 3, en el pasaje sobre caída de Babilonia, Ciro y Eufrates, determine si el detalle entre corchetes hace verdadera o falsa esta afirmación: «Los profetas hebreos habían hablado ⟦claramente⟧ de la manera en que iba a caer Babilonia.»","[""Verdadero"", ""Falso""]",0,Verdadero,La afirmación coincide con el PDF: «Los profetas hebreos habían hablado claramente de la manera en que iba a».,Los profetas hebreos habían hablado claramente de la manera en que iba a,PR43-P050-F57,PR43-P050-F57-VARIANTS,verified,
PR43-0160,PR39-44,PR43,"PDF p.51, PR43, párrafo 4",fill_blank,hard,destrucción y profecías sobre Babilonia,"Según PDF p.51, PR43, párrafo 4, en el pasaje sobre destrucción y profecías sobre Babilonia, complete la formulación del PDF: «“Y dijiste: Para siempre seré señora: y no has pensado en esto, ni te acordaste de tu _____.»","[""ejercerían"", ""prohibiría"", ""proveería"", ""postrimería""]",3,postrimería,El PDF emplea la expresión «postrimería» en este contexto: «ni te acordaste de tu postrimería».,ni te acordaste de tu postrimería,PR43-P051-F37,PR43-P051-F37-VARIANTS,verified,
PR43-0161,PR39-44,PR43,"PDF p.50, PR43, párrafo 3",multiple_choice,easy,"caída de Babilonia, Ciro y Eufrates","Según PDF p.50, PR43, párrafo 3, en el pasaje sobre caída de Babilonia, Ciro y Eufrates, ¿Qué expresión completa correctamente el detalle señalado? Marco: «en que iba a caer [DETALLE]»","[""en que iba a caer Jerusalem"", ""en que iba a caer Babilonia"", ""en que iba a caer Jerusalén"", ""en que iba a caer Atenas""]",1,en que iba a caer Babilonia,La opción correcta conserva el detalle «Babilonia» tal como aparece en la fuente: «en que iba a caer Babilonia».,en que iba a caer Babilonia,PR43-P050-F58,PR43-P050-F58-VARIANTS,verified,
PR43-0162,PR39-44,PR43,"PDF p.51, PR43, párrafo 5",true_false,hard,destrucción y profecías sobre Babilonia,"Según PDF p.51, PR43, párrafo 5, en el pasaje sobre destrucción y profecías sobre Babilonia, determine si el detalle entre corchetes hace verdadera o falsa esta afirmación: «“Oye pues ahora esto, delicada, la que está sentada ⟦completamente⟧, la que dice en su corazón: Yo soy, y fuera de mí no hay más»","[""Verdadero"", ""Falso""]",1,Falso,"La afirmación cambia «confiadamente». La corrección exacta es: «“Oye pues ahora esto, delicada, la que está sentada confiadamente, la que dice en su corazón: Yo soy, y fuera de mí no hay más»","delicada, la que está sentada confiadamente, la que dice en su corazón: Yo",PR43-P051-F42,PR43-P051-F42-VARIANTS,verified,"“Oye pues ahora esto, delicada, la que está sentada confiadamente, la que dice en su corazón: Yo soy, y fuera de mí no hay más"
PR43-0163,PR39-44,PR43,"PDF p.50, PR43, párrafo 3",fill_blank,hard,"caída de Babilonia, Ciro y Eufrates","Según PDF p.50, PR43, párrafo 3, en el pasaje sobre caída de Babilonia, Ciro y Eufrates, complete la formulación del PDF: «Al revelarles el Señor en visión los _____ futuros, habían exclamado: “¡Cómo fué presa Sesach, y fué tomada la que era alabada por toda la tierra!»","[""acontecimientos"", ""contempladores"", ""requerimientos"", ""especuladores""]",0,acontecimientos,"El PDF emplea la expresión «acontecimientos» en este contexto: «el Señor en visión los acontecimientos futuros, habían exclamado: “¡Cómo fué presa Sesach».","el Señor en visión los acontecimientos futuros, habían exclamado: “¡Cómo fué presa Sesach",PR43-P050-F64,PR43-P050-F64-VARIANTS,verified,
PR43-0164,PR39-44,PR43,"PDF p.51, PR43, párrafo 5",multiple_choice,hard,destrucción y profecías sobre Babilonia,"Según PDF p.51, PR43, párrafo 5, en el pasaje sobre destrucción y profecías sobre Babilonia, ¿Qué opción restituye con precisión la relación descrita? Marco: «y viudez: en toda su [DETALLE] vendrán sobre ti, por la multitud de»","[""y viudez: en toda su apariencia vendrán sobre ti, por la multitud de"", ""y viudez: en toda su casualidad vendrán sobre ti, por la multitud de"", ""y viudez: en toda su perfección vendrán sobre ti, por la multitud de"", ""y viudez: en toda su cautividad vendrán sobre ti, por la multitud de""]",2,"y viudez: en toda su perfección vendrán sobre ti, por la multitud de","La opción correcta conserva el detalle «perfección» tal como aparece en la fuente: «y viudez: en toda su perfección vendrán sobre ti, por la multitud de».","y viudez: en toda su perfección vendrán sobre ti, por la multitud de",PR43-P051-F52,PR43-P051-F52-VARIANTS,verified,
PR43-0165,PR39-44,PR43,"PDF p.50, PR43, párrafo 3",true_false,hard,"caída de Babilonia, Ciro y Eufrates","Según PDF p.50, PR43, párrafo 3, en el pasaje sobre caída de Babilonia, Ciro y Eufrates, determine si el detalle entre corchetes hace verdadera o falsa esta afirmación: «Al revelarles el Señor en visión los acontecimientos futuros, habían ⟦exclamado⟧: “¡Cómo fué presa Sesach, y fué tomada la que era alabada por toda la tierra!»","[""Verdadero"", ""Falso""]",0,Verdadero,"La afirmación coincide con el PDF: «visión los acontecimientos futuros, habían exclamado: “¡Cómo fué presa Sesach, y fué tomada».","visión los acontecimientos futuros, habían exclamado: “¡Cómo fué presa Sesach, y fué tomada",PR43-P050-F65,PR43-P050-F65-VARIANTS,verified,
PR43-0166,PR39-44,PR43,"PDF p.51, PR43, párrafo 5",fill_blank,hard,destrucción y profecías sobre Babilonia,"Según PDF p.51, PR43, párrafo 5, en el pasaje sobre destrucción y profecías sobre Babilonia, complete la formulación del PDF: «“Estas dos cosas te vendrán de repente en un mismo día, orfandad y viudez: en toda su perfección vendrán sobre ti, por la multitud de tus _____, y ...»","[""babilónicos"", ""adivinanzas"", ""bendecirlos"", ""bendiciones""]",1,adivinanzas,"El PDF emplea la expresión «adivinanzas» en este contexto: «por la multitud de tus adivinanzas, y».","por la multitud de tus adivinanzas, y",PR43-P051-F53,PR43-P051-F53-VARIANTS,verified,
PR43-0167,PR39-44,PR43,"PDF p.50, PR43, párrafo 3",multiple_choice,easy,"caída de Babilonia, Ciro y Eufrates","Según PDF p.50, PR43, párrafo 3, en el pasaje sobre caída de Babilonia, Ciro y Eufrates, ¿Qué expresión completa correctamente el detalle señalado? Marco: «Cómo fué [DETALLE] por espanto entre las gentes»","[""Cómo fué Jerusalem por espanto entre las gentes"", ""Cómo fué Jerusalén por espanto entre las gentes"", ""Cómo fué Atenas por espanto entre las gentes"", ""Cómo fué Babilonia por espanto entre las gentes""]",3,Cómo fué Babilonia por espanto entre las gentes,La opción correcta conserva el detalle «Babilonia» tal como aparece en la fuente: «Cómo fué Babilonia por espanto entre las gentes».,Cómo fué Babilonia por espanto entre las gentes,PR43-P050-F75,PR43-P050-F75-VARIANTS,verified,
PR43-0168,PR39-44,PR43,"PDF p.51, PR43, párrafo 5",true_false,medium,destrucción y profecías sobre Babilonia,"Según PDF p.51, PR43, párrafo 5, en el pasaje sobre destrucción y profecías sobre Babilonia, determine si el detalle entre corchetes hace verdadera o falsa esta afirmación: «Porque te ⟦confiaste⟧ en tu maldad, diciendo: Nadie me ve.»","[""Verdadero"", ""Falso""]",0,Verdadero,"La afirmación coincide con el PDF: «Porque te confiaste en tu maldad, diciendo: Nadie me ve».","Porque te confiaste en tu maldad, diciendo: Nadie me ve",PR43-P051-F63,PR43-P051-F63-VARIANTS,verified,
PR43-0169,PR39-44,PR43,"PDF p.50, PR43, párrafo 3",fill_blank,easy,"caída de Babilonia, Ciro y Eufrates","Según PDF p.50, PR43, párrafo 3, en el pasaje sobre caída de Babilonia, Ciro y Eufrates, complete la formulación del PDF: «¡cómo se tornó _____ en desierto entre las gentes!»","[""Jerusalem"", ""Jerusalén"", ""Babilonia"", ""Atenas""]",2,Babilonia,El PDF emplea la expresión «Babilonia» en este contexto: «cómo se tornó Babilonia en desierto entre las gentes».,cómo se tornó Babilonia en desierto entre las gentes,PR43-P050-F82,PR43-P050-F82-VARIANTS,verified,
PR43-0170,PR39-44,PR43,"PDF p.51, PR43, párrafo 6",multiple_choice,hard,destrucción y profecías sobre Babilonia,"Según PDF p.51, PR43, párrafo 6, en el pasaje sobre destrucción y profecías sobre Babilonia, ¿Qué opción restituye con precisión la relación descrita? Marco: «y tu misma ciencia te [DETALLE], y dijiste en tu corazón: Yo, y»","[""y tu misma ciencia te engañaron, y dijiste en tu corazón: Yo, y"", ""y tu misma ciencia te acordaste, y dijiste en tu corazón: Yo, y"", ""y tu misma ciencia te confiaste, y dijiste en tu corazón: Yo, y"", ""y tu misma ciencia te esperaron, y dijiste en tu corazón: Yo, y""]",0,"y tu misma ciencia te engañaron, y dijiste en tu corazón: Yo, y","La opción correcta conserva el detalle «engañaron» tal como aparece en la fuente: «y tu misma ciencia te engañaron, y dijiste en tu corazón: Yo, y».","y tu misma ciencia te engañaron, y dijiste en tu corazón: Yo, y",PR43-P051-F67,PR43-P051-F67-VARIANTS,verified,
PR43-0171,PR39-44,PR43,"PDF p.52, PR43, párrafo 3",fill_blank,expert,imperios y visión de Ezequiel,"Según PDF p.52, PR43, párrafo 3, en el pasaje sobre imperios y visión de Ezequiel, complete la formulación del PDF: «Cierto número de ruedas entrelazadas unas con otras eran movidas por _____.»","[""ciento veinte gobernadores"", ""diez veces mejores"", ""tres presidentes"", ""cuatro seres vivientes""]",3,cuatro seres vivientes,El PDF emplea la expresión «cuatro seres vivientes» en este contexto: «con otras eran movidas por cuatro seres vivientes».,con otras eran movidas por cuatro seres vivientes,PR43-P052-F71,PR43-P052-F71-VARIANTS,verified,
PR43-0172,PR39-44,PR43,"PDF p.53, PR43, párrafo 1",multiple_choice,hard,tiempo final y señales de los tiempos,"Según PDF p.53, PR43, párrafo 1, en el pasaje sobre tiempo final y señales de los tiempos, ¿Qué opción restituye con precisión la relación descrita? Marco: «momento actual es de interés [DETALLE] para todos los que viven»","[""momento actual es de interés aliviarla para todos los que viven"", ""momento actual es de interés abrumador para todos los que viven"", ""momento actual es de interés atestiguó para todos los que viven"", ""momento actual es de interés atrayente para todos los que viven""]",1,momento actual es de interés abrumador para todos los que viven,La opción correcta conserva el detalle «abrumador» tal como aparece en la fuente: «momento actual es de interés abrumador para todos los que viven».,momento actual es de interés abrumador para todos los que viven,PR43-P053-F01,PR43-P053-F01-VARIANTS,verified,
PR43-0173,PR39-44,PR43,"PDF p.54, PR43, párrafo 1",fill_blank,medium,promesa de liberación para la iglesia,"Según PDF p.54, PR43, párrafo 1, en el pasaje sobre promesa de liberación para la iglesia, complete la formulación del PDF: «Entonces se habrá cumplido el _____ de Dios»","[""propósito"", ""consejero"", ""escenario"", ""esplendor""]",0,propósito,El PDF emplea la expresión «propósito» en este contexto: «Entonces se habrá cumplido el propósito de Dios».,Entonces se habrá cumplido el propósito de Dios,PR43-P054-F01,PR43-P054-F01-VARIANTS,verified,
PR43-0174,PR39-44,PR43,"PDF p.52, PR43, párrafo 3",multiple_choice,expert,imperios y visión de Ezequiel,"Según PDF p.52, PR43, párrafo 3, en el pasaje sobre imperios y visión de Ezequiel, ¿Cuál opción mantiene sin alterar el detalle y el orden de la fuente? Marco: «sobre ellos, en el [DETALLE], estaba el Eterno»","[""sobre ellos, en el tiempo del fin, estaba el Eterno"", ""sobre ellos, en el Hijo de Dios, estaba el Eterno"", ""sobre ellos, en el trono de zafiro, estaba el Eterno"", ""sobre ellos, en el Rey de reyes, estaba el Eterno""]",2,"sobre ellos, en el trono de zafiro, estaba el Eterno","La opción correcta conserva el detalle «trono de zafiro» tal como aparece en la fuente: «sobre ellos, en el trono de zafiro, estaba el Eterno».","sobre ellos, en el trono de zafiro, estaba el Eterno",PR43-P052-F118,PR43-P052-F118-VARIANTS,verified,
PR43-0175,PR39-44,PR43,"PDF p.53, PR43, párrafo 1",fill_blank,hard,tiempo final y señales de los tiempos,"Según PDF p.53, PR43, párrafo 1, en el pasaje sobre tiempo final y señales de los tiempos, complete la formulación del PDF: «Los gobernantes y los _____, los hombres que ocupan puestos de confianza y autoridad, los hombres y mujeres pensadores de todas las clases, tienen la atención fija en los acontecimientos que se producen en derredor nuestro.»","[""asombrados"", ""estadistas"", ""babilonios"", ""caracteres""]",1,estadistas,"El PDF emplea la expresión «estadistas» en este contexto: «Los gobernantes y los estadistas, los hombres que ocupan puestos de confianza».","Los gobernantes y los estadistas, los hombres que ocupan puestos de confianza",PR43-P053-F06,PR43-P053-F06-VARIANTS,verified,
PR43-0176,PR39-44,PR43,"PDF p.54, PR43, párrafo 1",multiple_choice,hard,promesa de liberación para la iglesia,"Según PDF p.54, PR43, párrafo 1, en el pasaje sobre promesa de liberación para la iglesia, ¿Qué opción restituye con precisión la relación descrita? Marco: «los [DETALLE] de su reino serán honrados por todos»","[""los asombrados de su reino serán honrados por todos"", ""los babilonios de su reino serán honrados por todos"", ""los caracteres de su reino serán honrados por todos"", ""los principios de su reino serán honrados por todos""]",3,los principios de su reino serán honrados por todos,La opción correcta conserva el detalle «principios» tal como aparece en la fuente: «los principios de su reino serán honrados por todos».,los principios de su reino serán honrados por todos,PR43-P054-F05,PR43-P054-F05-VARIANTS,verified,
PR43-0177,PR39-44,PR43,"PDF p.52, PR43, párrafo 3",fill_blank,expert,imperios y visión de Ezequiel,"Según PDF p.52, PR43, párrafo 3, en el pasaje sobre imperios y visión de Ezequiel, complete la formulación del PDF: «y en derredor del trono, había un _____, emblema de la misericordia divina.»","[""reino eterno"", ""río Eufrates"", ""arco iris"", ""Dios viviente""]",2,arco iris,"El PDF emplea la expresión «arco iris» en este contexto: «derredor del trono, había un arco iris, emblema de la misericordia divina».","derredor del trono, había un arco iris, emblema de la misericordia divina",PR43-P052-F121,PR43-P052-F121-VARIANTS,verified,
PR43-0178,PR39-44,PR43,"PDF p.53, PR43, párrafo 1",multiple_choice,expert,tiempo final y señales de los tiempos,"Según PDF p.53, PR43, párrafo 1, en el pasaje sobre tiempo final y señales de los tiempos, ¿Cuál opción mantiene sin alterar el detalle y el orden de la fuente? Marco: «hombres que ocupan puestos de [DETALLE] y autoridad, los hombres y mujeres pensadores»","[""hombres que ocupan puestos de confianza y autoridad, los hombres y mujeres pensadores"", ""hombres que ocupan puestos de abrumador y autoridad, los hombres y mujeres pensadores"", ""hombres que ocupan puestos de aliviarla y autoridad, los hombres y mujeres pensadores"", ""hombres que ocupan puestos de atestiguó y autoridad, los hombres y mujeres pensadores""]",0,"hombres que ocupan puestos de confianza y autoridad, los hombres y mujeres pensadores","La opción correcta conserva el detalle «confianza» tal como aparece en la fuente: «hombres que ocupan puestos de confianza y autoridad, los hombres y mujeres pensadores».","hombres que ocupan puestos de confianza y autoridad, los hombres y mujeres pensadores",PR43-P053-F07,PR43-P053-F07-VARIANTS,verified,
PR43-0179,PR39-44,PR43,"PDF p.54, PR43, párrafo 1",true_false,hard,promesa de liberación para la iglesia,"Según PDF p.54, PR43, párrafo 1, en el pasaje sobre promesa de liberación para la iglesia, determine si el detalle entre corchetes hace verdadera o falsa esta afirmación: «Entonces se ⟦cumple⟧ cumplido el propósito de Dios»","[""Verdadero"", ""Falso""]",1,Falso,La afirmación cambia «habrá». La corrección exacta es: «Entonces se habrá cumplido el propósito de Dios»,Entonces se habrá cumplido el propósito de Dios,PR43-P054-F02,PR43-P054-F02-VARIANTS,verified,Entonces se habrá cumplido el propósito de Dios
PR43-0180,PR39-44,PR43,"PDF p.52, PR43, párrafo 1",fill_blank,hard,imperios y visión de Ezequiel,"Según PDF p.52, PR43, párrafo 1, en el pasaje sobre imperios y visión de Ezequiel, complete la formulación del PDF: «A cada nación que subió al _____ de acción se le permitió ocupar su lugar en la tierra, para que pudiese determinarse si iba a cumplir los propósitos del Vigilante y Santo.»","[""consejero"", ""esplendor"", ""mensajero"", ""escenario""]",3,escenario,El PDF emplea la expresión «escenario» en este contexto: «cada nación que subió al escenario de acción se le permitió ocupar su».,cada nación que subió al escenario de acción se le permitió ocupar su,PR43-P052-F01,PR43-P052-F01-VARIANTS,verified,
PR43-0181,PR39-44,PR43,"PDF p.53, PR43, párrafo 1",multiple_choice,expert,tiempo final y señales de los tiempos,"Según PDF p.53, PR43, párrafo 1, en el pasaje sobre tiempo final y señales de los tiempos, ¿Cuál opción mantiene sin alterar el detalle y el orden de la fuente? Marco: «ocupan puestos de confianza y [DETALLE], los hombres y mujeres pensadores de todas»","[""ocupan puestos de confianza y adoración, los hombres y mujeres pensadores de todas"", ""ocupan puestos de confianza y autoridad, los hombres y mujeres pensadores de todas"", ""ocupan puestos de confianza y adorareis, los hombres y mujeres pensadores de todas"", ""ocupan puestos de confianza y blasfemia, los hombres y mujeres pensadores de todas""]",1,"ocupan puestos de confianza y autoridad, los hombres y mujeres pensadores de todas","La opción correcta conserva el detalle «autoridad» tal como aparece en la fuente: «ocupan puestos de confianza y autoridad, los hombres y mujeres pensadores de todas».","ocupan puestos de confianza y autoridad, los hombres y mujeres pensadores de todas",PR43-P053-F08,PR43-P053-F08-VARIANTS,verified,
PR43-0182,PR39-44,PR43,"PDF p.54, PR43, párrafo 1",true_false,hard,promesa de liberación para la iglesia,"Según PDF p.54, PR43, párrafo 1, en el pasaje sobre promesa de liberación para la iglesia, determine si el detalle entre corchetes hace verdadera o falsa esta afirmación: «Entonces se habrá ⟦honrados⟧ el propósito de Dios»","[""Verdadero"", ""Falso""]",1,Falso,La afirmación cambia «cumplido». La corrección exacta es: «Entonces se habrá cumplido el propósito de Dios»,Entonces se habrá cumplido el propósito de Dios,PR43-P054-F03,PR43-P054-F03-VARIANTS,verified,Entonces se habrá cumplido el propósito de Dios
PR43-0183,PR39-44,PR43,"PDF p.52, PR43, párrafo 1",fill_blank,expert,imperios y visión de Ezequiel,"Según PDF p.52, PR43, párrafo 1, en el pasaje sobre imperios y visión de Ezequiel, complete la formulación del PDF: «A cada nación que subió al escenario de acción se le permitió ocupar su lugar en la tierra, para que pudiese _____ si iba a cumplir los propósitos del Vigilante y Santo.»","[""determinarse"", ""atestiguarse"", ""interponerse"", ""desfallecer""]",0,determinarse,"El PDF emplea la expresión «determinarse» en este contexto: «la tierra, para que pudiese determinarse si iba a cumplir los propósitos del».","la tierra, para que pudiese determinarse si iba a cumplir los propósitos del",PR43-P052-F02,PR43-P052-F02-VARIANTS,verified,
PR43-0184,PR39-44,PR43,"PDF p.53, PR43, párrafo 1",multiple_choice,expert,tiempo final y señales de los tiempos,"Según PDF p.53, PR43, párrafo 1, en el pasaje sobre tiempo final y señales de los tiempos, ¿Cuál opción mantiene sin alterar el detalle y el orden de la fuente? Marco: «autoridad, los hombres y mujeres [DETALLE] de todas las clases, tienen la atención»","[""autoridad, los hombres y mujeres adoradores de todas las clases, tienen la atención"", ""autoridad, los hombres y mujeres astrólogos de todas las clases, tienen la atención"", ""autoridad, los hombres y mujeres pensadores de todas las clases, tienen la atención"", ""autoridad, los hombres y mujeres cristianas de todas las clases, tienen la atención""]",2,"autoridad, los hombres y mujeres pensadores de todas las clases, tienen la atención","La opción correcta conserva el detalle «pensadores» tal como aparece en la fuente: «autoridad, los hombres y mujeres pensadores de todas las clases, tienen la atención».","autoridad, los hombres y mujeres pensadores de todas las clases, tienen la atención",PR43-P053-F09,PR43-P053-F09-VARIANTS,verified,
PR43-0185,PR39-44,PR43,"PDF p.54, PR43, párrafo 1",true_false,hard,promesa de liberación para la iglesia,"Según PDF p.54, PR43, párrafo 1, en el pasaje sobre promesa de liberación para la iglesia, determine si el detalle entre corchetes hace verdadera o falsa esta afirmación: «los principios de su reino ⟦consumirá⟧ honrados por todos los que habiten debajo del sol.»","[""Verdadero"", ""Falso""]",1,Falso,La afirmación cambia «serán». La corrección exacta es: «los principios de su reino serán honrados por todos los que habiten debajo del sol.»,los principios de su reino serán honrados por todos los que habiten debajo,PR43-P054-F06,PR43-P054-F06-VARIANTS,verified,los principios de su reino serán honrados por todos los que habiten debajo del sol.
PR43-0186,PR39-44,PR43,"PDF p.52, PR43, párrafo 1",fill_blank,hard,imperios y visión de Ezequiel,"Según PDF p.52, PR43, párrafo 1, en el pasaje sobre imperios y visión de Ezequiel, complete la formulación del PDF: «A cada nación que subió al escenario de acción se le permitió ocupar su lugar en la tierra, para que pudiese determinarse si iba a cumplir los _____ del Vigilante y Santo.»","[""asombrados"", ""propósitos"", ""babilonios"", ""caracteres""]",1,propósitos,El PDF emplea la expresión «propósitos» en este contexto: «si iba a cumplir los propósitos del Vigilante y Santo».,si iba a cumplir los propósitos del Vigilante y Santo,PR43-P052-F03,PR43-P052-F03-VARIANTS,verified,
PR43-0187,PR39-44,PR43,"PDF p.53, PR43, párrafo 1",multiple_choice,expert,tiempo final y señales de los tiempos,"Según PDF p.53, PR43, párrafo 1, en el pasaje sobre tiempo final y señales de los tiempos, ¿Cuál opción mantiene sin alterar el detalle y el orden de la fuente? Marco: «la atención fija en los [DETALLE] que se producen en derredor nuestro»","[""la atención fija en los contempladores que se producen en derredor nuestro"", ""la atención fija en los requerimientos que se producen en derredor nuestro"", ""la atención fija en los especuladores que se producen en derredor nuestro"", ""la atención fija en los acontecimientos que se producen en derredor nuestro""]",3,la atención fija en los acontecimientos que se producen en derredor nuestro,La opción correcta conserva el detalle «acontecimientos» tal como aparece en la fuente: «la atención fija en los acontecimientos que se producen en derredor nuestro».,la atención fija en los acontecimientos que se producen en derredor nuestro,PR43-P053-F10,PR43-P053-F10-VARIANTS,verified,
PR43-0188,PR39-44,PR43,"PDF p.54, PR43, párrafo 1",true_false,hard,promesa de liberación para la iglesia,"Según PDF p.54, PR43, párrafo 1, en el pasaje sobre promesa de liberación para la iglesia, determine si el detalle entre corchetes hace verdadera o falsa esta afirmación: «los principios de su reino serán ⟦cumplido⟧ por todos los que habiten debajo del sol.»","[""Verdadero"", ""Falso""]",1,Falso,La afirmación cambia «honrados». La corrección exacta es: «los principios de su reino serán honrados por todos los que habiten debajo del sol.»,principios de su reino serán honrados por todos los que habiten debajo del,PR43-P054-F07,PR43-P054-F07-VARIANTS,verified,los principios de su reino serán honrados por todos los que habiten debajo del sol.
PR43-0189,PR39-44,PR43,"PDF p.52, PR43, párrafo 1",fill_blank,hard,imperios y visión de Ezequiel,"Según PDF p.52, PR43, párrafo 1, en el pasaje sobre imperios y visión de Ezequiel, complete la formulación del PDF: «A cada nación que subió al escenario de acción se le permitió ocupar su lugar en la tierra, para que pudiese determinarse si iba a cumplir los propósitos del _____ y Santo.»","[""consejero"", ""escenario"", ""Vigilante"", ""esplendor""]",2,Vigilante,El PDF emplea la expresión «Vigilante» en este contexto: «a cumplir los propósitos del Vigilante y Santo».,a cumplir los propósitos del Vigilante y Santo,PR43-P052-F04,PR43-P052-F04-VARIANTS,verified,
PR43-0190,PR39-44,PR43,"PDF p.53, PR43, párrafo 1",multiple_choice,hard,tiempo final y señales de los tiempos,"Según PDF p.53, PR43, párrafo 1, en el pasaje sobre tiempo final y señales de los tiempos, ¿Qué opción restituye con precisión la relación descrita? Marco: «Observan las [DETALLE] que existen entre las naciones»","[""Observan las relaciones que existen entre las naciones"", ""Observan las exigencias que existen entre las naciones"", ""Observan las realidades que existen entre las naciones"", ""Observan las impresiones que existen entre las naciones""]",0,Observan las relaciones que existen entre las naciones,La opción correcta conserva el detalle «relaciones» tal como aparece en la fuente: «Observan las relaciones que existen entre las naciones».,Observan las relaciones que existen entre las naciones,PR43-P053-F18,PR43-P053-F18-VARIANTS,verified,
PR43-0191,PR39-44,PR43,"PDF p.54, PR43, párrafo 1",true_false,hard,promesa de liberación para la iglesia,"Según PDF p.54, PR43, párrafo 1, en el pasaje sobre promesa de liberación para la iglesia, determine si el detalle entre corchetes hace verdadera o falsa esta afirmación: «los principios de su reino serán honrados por todos los que ⟦habiten⟧ debajo del sol.»","[""Verdadero"", ""Falso""]",0,Verdadero,La afirmación coincide con el PDF: «honrados por todos los que habiten debajo del sol».,honrados por todos los que habiten debajo del sol,PR43-P054-F08,PR43-P054-F08-VARIANTS,verified,
PR43-0192,PR39-44,PR43,"PDF p.52, PR43, párrafo 1",fill_blank,hard,imperios y visión de Ezequiel,"Según PDF p.52, PR43, párrafo 1, en el pasaje sobre imperios y visión de Ezequiel, complete la formulación del PDF: «La profecía _____ el nacimiento y el progreso de los grandes imperios mundiales: Babilonia, Medo-Persia, Grecia y Roma.»","[""abrumador"", ""aliviarla"", ""atestiguó"", ""describió""]",3,describió,El PDF emplea la expresión «describió» en este contexto: «La profecía describió el nacimiento y el progreso de los».,La profecía describió el nacimiento y el progreso de los,PR43-P052-F13,PR43-P052-F13-VARIANTS,verified,
PR43-0193,PR39-44,PR43,"PDF p.53, PR43, párrafo 1",multiple_choice,hard,tiempo final y señales de los tiempos,"Según PDF p.53, PR43, párrafo 1, en el pasaje sobre tiempo final y señales de los tiempos, ¿Qué opción restituye con precisión la relación descrita? Marco: «Observan la [DETALLE] que se apodera de todo elemento terrenal»","[""Observan la apariencia que se apodera de todo elemento terrenal"", ""Observan la intensidad que se apodera de todo elemento terrenal"", ""Observan la casualidad que se apodera de todo elemento terrenal"", ""Observan la cautividad que se apodera de todo elemento terrenal""]",1,Observan la intensidad que se apodera de todo elemento terrenal,La opción correcta conserva el detalle «intensidad» tal como aparece en la fuente: «Observan la intensidad que se apodera de todo elemento terrenal».,Observan la intensidad que se apodera de todo elemento terrenal,PR43-P053-F22,PR43-P053-F22-VARIANTS,verified,
PR43-0194,PR39-44,PR43,"PDF p.54, PR43, párrafo 1",true_false,medium,promesa de liberación para la iglesia,"Según PDF p.54, PR43, párrafo 1, en el pasaje sobre promesa de liberación para la iglesia, determine si el detalle entre corchetes hace verdadera o falsa esta afirmación: «los principios de su reino serán honrados por todos los que habiten ⟦debajo⟧ del sol.»","[""Verdadero"", ""Falso""]",0,Verdadero,La afirmación coincide con el PDF: «por todos los que habiten debajo del sol».,por todos los que habiten debajo del sol,PR43-P054-F09,PR43-P054-F09-VARIANTS,verified,
PR43-0195,PR39-44,PR43,"PDF p.52, PR43, párrafo 1",fill_blank,hard,imperios y visión de Ezequiel,"Según PDF p.52, PR43, párrafo 1, en el pasaje sobre imperios y visión de Ezequiel, complete la formulación del PDF: «La profecía describió el _____ y el progreso de los grandes imperios mundiales: Babilonia, Medo-Persia, Grecia y Roma.»","[""nacimiento"", ""desarrollo"", ""fundamento"", ""gobernante""]",0,nacimiento,El PDF emplea la expresión «nacimiento» en este contexto: «La profecía describió el nacimiento y el progreso de los grandes imperios».,La profecía describió el nacimiento y el progreso de los grandes imperios,PR43-P052-F14,PR43-P052-F14-VARIANTS,verified,
PR43-0196,PR39-44,PR43,"PDF p.53, PR43, párrafo 1",multiple_choice,hard,tiempo final y señales de los tiempos,"Según PDF p.53, PR43, párrafo 1, en el pasaje sobre tiempo final y señales de los tiempos, ¿Qué opción restituye con precisión la relación descrita? Marco: «de todo elemento terrenal, y [DETALLE] que algo grande y decisivo está por»","[""de todo elemento terrenal, y abrumador que algo grande y decisivo está por"", ""de todo elemento terrenal, y aliviarla que algo grande y decisivo está por"", ""de todo elemento terrenal, y reconocen que algo grande y decisivo está por"", ""de todo elemento terrenal, y atestiguó que algo grande y decisivo está por""]",2,"de todo elemento terrenal, y reconocen que algo grande y decisivo está por","La opción correcta conserva el detalle «reconocen» tal como aparece en la fuente: «de todo elemento terrenal, y reconocen que algo grande y decisivo está por».","de todo elemento terrenal, y reconocen que algo grande y decisivo está por",PR43-P053-F23,PR43-P053-F23-VARIANTS,verified,
PR43-0197,PR39-44,PR43,"PDF p.54, PR43, párrafo 1",true_false,medium,promesa de liberación para la iglesia,"Según PDF p.54, PR43, párrafo 1, en el pasaje sobre promesa de liberación para la iglesia, determine si el detalle entre corchetes hace verdadera o falsa esta afirmación: «⟦Entonces⟧ se habrá cumplido el propósito de Dios»","[""Verdadero"", ""Falso""]",0,Verdadero,La afirmación coincide con el PDF: «Entonces se habrá cumplido el propósito de Dios».,Entonces se habrá cumplido el propósito de Dios,PR43-P054-F04,PR43-P054-F04-VARIANTS,verified,
PR43-0198,PR39-44,PR43,"PDF p.52, PR43, párrafo 1",fill_blank,hard,imperios y visión de Ezequiel,"Según PDF p.52, PR43, párrafo 1, en el pasaje sobre imperios y visión de Ezequiel, complete la formulación del PDF: «La profecía describió el nacimiento y el progreso de los grandes imperios _____: Babilonia, Medo-Persia, Grecia y Roma.»","[""blasfemos"", ""mundiales"", ""corruptos"", ""disolutos""]",1,mundiales,"El PDF emplea la expresión «mundiales» en este contexto: «progreso de los grandes imperios mundiales: Babilonia, Medo-Persia, Grecia y Roma».","progreso de los grandes imperios mundiales: Babilonia, Medo-Persia, Grecia y Roma",PR43-P052-F15,PR43-P052-F15-VARIANTS,verified,
PR43-0199,PR39-44,PR43,"PDF p.53, PR43, párrafo 1",multiple_choice,expert,tiempo final y señales de los tiempos,"Según PDF p.53, PR43, párrafo 1, en el pasaje sobre tiempo final y señales de los tiempos, ¿Cuál opción mantiene sin alterar el detalle y el orden de la fuente? Marco: «grande y decisivo está por [DETALLE], que el mundo se encuentra en víspera»","[""grande y decisivo está por agradecer, que el mundo se encuentra en víspera"", ""grande y decisivo está por compartir, que el mundo se encuentra en víspera"", ""grande y decisivo está por comunicar, que el mundo se encuentra en víspera"", ""grande y decisivo está por acontecer, que el mundo se encuentra en víspera""]",3,"grande y decisivo está por acontecer, que el mundo se encuentra en víspera","La opción correcta conserva el detalle «acontecer» tal como aparece en la fuente: «grande y decisivo está por acontecer, que el mundo se encuentra en víspera».","grande y decisivo está por acontecer, que el mundo se encuentra en víspera",PR43-P053-F24,PR43-P053-F24-VARIANTS,verified,
PR43-0200,PR39-44,PR43,"PDF p.52, PR43, párrafo 1",true_false,easy,imperios y visión de Ezequiel,"Según PDF p.52, PR43, párrafo 1, en el pasaje sobre imperios y visión de Ezequiel, determine si el detalle entre corchetes hace verdadera o falsa esta afirmación: «La profecía describió el nacimiento y el progreso de los grandes imperios mundiales: ⟦Jerusalem⟧, Medo-Persia, Grecia y Roma.»","[""Verdadero"", ""Falso""]",1,Falso,"La afirmación cambia «Babilonia». La corrección exacta es: «La profecía describió el nacimiento y el progreso de los grandes imperios mundiales: Babilonia, Medo-Persia, Grecia y Roma.»","de los grandes imperios mundiales: Babilonia, Medo-Persia, Grecia y Roma",PR43-P052-F16,PR43-P052-F16-VARIANTS,verified,"La profecía describió el nacimiento y el progreso de los grandes imperios mundiales: Babilonia, Medo-Persia, Grecia y Roma."
PR43-0201,PR39-44,PR43,"PDF p.53, PR43, párrafo 1",fill_blank,hard,tiempo final y señales de los tiempos,"Según PDF p.53, PR43, párrafo 1, en el pasaje sobre tiempo final y señales de los tiempos, complete la formulación del PDF: «Observan la intensidad que se apodera de todo elemento terrenal, y reconocen que algo grande y decisivo está por acontecer, que el mundo se _____ en víspera de una crisis estupenda.»","[""abrumador"", ""aliviarla"", ""encuentra"", ""atestiguó""]",2,encuentra,"El PDF emplea la expresión «encuentra» en este contexto: «acontecer, que el mundo se encuentra en víspera de una crisis estupenda».","acontecer, que el mundo se encuentra en víspera de una crisis estupenda",PR43-P053-F25,PR43-P053-F25-VARIANTS,verified,
PR43-0202,PR39-44,PR43,"PDF p.52, PR43, párrafo 1",multiple_choice,hard,imperios y visión de Ezequiel,"Según PDF p.52, PR43, párrafo 1, en el pasaje sobre imperios y visión de Ezequiel, ¿Qué opción restituye con precisión la relación descrita? Marco: «los grandes imperios mundiales: Babilonia, [DETALLE], Grecia y Roma»","[""los grandes imperios mundiales: Babilonia, Medo-Persia, Grecia y Roma"", ""los grandes imperios mundiales: Babilonia, abundancia, Grecia y Roma"", ""los grandes imperios mundiales: Babilonia, constancia, Grecia y Roma"", ""los grandes imperios mundiales: Babilonia, describían, Grecia y Roma""]",0,"los grandes imperios mundiales: Babilonia, Medo-Persia, Grecia y Roma","La opción correcta conserva el detalle «Medo-Persia» tal como aparece en la fuente: «los grandes imperios mundiales: Babilonia, Medo-Persia, Grecia y Roma».","los grandes imperios mundiales: Babilonia, Medo-Persia, Grecia y Roma",PR43-P052-F17,PR43-P052-F17-VARIANTS,verified,
PR43-0203,PR39-44,PR43,"PDF p.53, PR43, párrafo 1",true_false,expert,tiempo final y señales de los tiempos,"Según PDF p.53, PR43, párrafo 1, en el pasaje sobre tiempo final y señales de los tiempos, determine si el detalle entre corchetes hace verdadera o falsa esta afirmación: «Observan la intensidad que se apodera de todo elemento terrenal, y reconocen que algo grande y decisivo está por acontecer, que el mundo se encuentra en víspera de una crisis ⟦abrumador⟧.»","[""Verdadero"", ""Falso""]",1,Falso,"La afirmación cambia «estupenda». La corrección exacta es: «Observan la intensidad que se apodera de todo elemento terrenal, y reconocen que algo grande y decisivo está por acontecer, que el mundo se encuentra en víspera de una crisis estupenda.»",en víspera de una crisis estupenda,PR43-P053-F26,PR43-P053-F26-VARIANTS,verified,"Observan la intensidad que se apodera de todo elemento terrenal, y reconocen que algo grande y decisivo está por acontecer, que el mundo se encuentra en víspera de una crisis estupenda."
PR43-0204,PR39-44,PR43,"PDF p.52, PR43, párrafo 1",fill_blank,hard,imperios y visión de Ezequiel,"Según PDF p.52, PR43, párrafo 1, en el pasaje sobre imperios y visión de Ezequiel, complete la formulación del PDF: «cada uno fracasó, su gloria se _____ y desapareció su poder.»","[""convenció"", ""enseñoreó"", ""reconoció"", ""desvaneció""]",3,desvaneció,"El PDF emplea la expresión «desvaneció» en este contexto: «uno fracasó, su gloria se desvaneció y desapareció su poder».","uno fracasó, su gloria se desvaneció y desapareció su poder",PR43-P052-F30,PR43-P052-F30-VARIANTS,verified,
PR43-0205,PR39-44,PR43,"PDF p.53, PR43, párrafo 2",multiple_choice,expert,tiempo final y señales de los tiempos,"Según PDF p.53, PR43, párrafo 2, en el pasaje sobre tiempo final y señales de los tiempos, ¿Cuál opción mantiene sin alterar el detalle y el orden de la fuente? Marco: «la historia de nuestro mundo, [DETALLE] que ya se anuncian, y cuya aproximación»","[""la historia de nuestro mundo, características que ya se anuncian, y cuya aproximación"", ""la historia de nuestro mundo, acontecimientos que ya se anuncian, y cuya aproximación"", ""la historia de nuestro mundo, insignificantes que ya se anuncian, y cuya aproximación"", ""la historia de nuestro mundo, independientes que ya se anuncian, y cuya aproximación""]",1,"la historia de nuestro mundo, acontecimientos que ya se anuncian, y cuya aproximación","La opción correcta conserva el detalle «acontecimientos» tal como aparece en la fuente: «la historia de nuestro mundo, acontecimientos que ya se anuncian, y cuya aproximación».","la historia de nuestro mundo, acontecimientos que ya se anuncian, y cuya aproximación",PR43-P053-F39,PR43-P053-F39-VARIANTS,verified,
PR43-0206,PR39-44,PR43,"PDF p.52, PR43, párrafo 1",true_false,medium,imperios y visión de Ezequiel,"Según PDF p.52, PR43, párrafo 1, en el pasaje sobre imperios y visión de Ezequiel, determine si el detalle entre corchetes hace verdadera o falsa esta afirmación: «cada uno fracasó, su gloria se desvaneció y ⟦desapareció⟧ su poder.»","[""Verdadero"", ""Falso""]",0,Verdadero,La afirmación coincide con el PDF: «su gloria se desvaneció y desapareció su poder».,su gloria se desvaneció y desapareció su poder,PR43-P052-F31,PR43-P052-F31-VARIANTS,verified,
PR43-0207,PR39-44,PR43,"PDF p.53, PR43, párrafo 2",fill_blank,hard,tiempo final y señales de los tiempos,"Según PDF p.53, PR43, párrafo 2, en el pasaje sobre tiempo final y señales de los tiempos, complete la formulación del PDF: «En ella se revelan las grandes escenas finales de la historia de nuestro mundo, acontecimientos que ya se anuncian, y cuya _____ hace temblar la tierra y desfallecer de temor los corazones de los hombres.»","[""aproximación"", ""amonestación"", ""complacencia"", ""distribución""]",0,aproximación,"El PDF emplea la expresión «aproximación» en este contexto: «ya se anuncian, y cuya aproximación hace temblar la tierra y desfallecer de».","ya se anuncian, y cuya aproximación hace temblar la tierra y desfallecer de",PR43-P053-F40,PR43-P053-F40-VARIANTS,verified,
PR43-0208,PR39-44,PR43,"PDF p.52, PR43, párrafo 2",multiple_choice,expert,imperios y visión de Ezequiel,"Según PDF p.52, PR43, párrafo 2, en el pasaje sobre imperios y visión de Ezequiel, ¿Cuál opción mantiene sin alterar el detalle y el orden de la fuente? Marco: «Aunque las naciones [DETALLE] los principios divinos y con ello labraron»","[""Aunque las naciones apoderaron los principios divinos y con ello labraron"", ""Aunque las naciones desfilaron los principios divinos y con ello labraron"", ""Aunque las naciones rechazaron los principios divinos y con ello labraron"", ""Aunque las naciones entregaron los principios divinos y con ello labraron""]",2,Aunque las naciones rechazaron los principios divinos y con ello labraron,La opción correcta conserva el detalle «rechazaron» tal como aparece en la fuente: «Aunque las naciones rechazaron los principios divinos y con ello labraron».,Aunque las naciones rechazaron los principios divinos y con ello labraron,PR43-P052-F35,PR43-P052-F35-VARIANTS,verified,
PR43-0209,PR39-44,PR43,"PDF p.53, PR43, párrafo 2",true_false,expert,tiempo final y señales de los tiempos,"Según PDF p.53, PR43, párrafo 2, en el pasaje sobre tiempo final y señales de los tiempos, determine si el detalle entre corchetes hace verdadera o falsa esta afirmación: «En ella se revelan las grandes escenas finales de la historia de nuestro mundo, acontecimientos que ya se anuncian, y cuya aproximación hace temblar la tierra y ⟦desfallecer⟧ de temor los corazones de los hombres.»","[""Verdadero"", ""Falso""]",0,Verdadero,La afirmación coincide con el PDF: «hace temblar la tierra y desfallecer de temor los corazones de los hombres».,hace temblar la tierra y desfallecer de temor los corazones de los hombres,PR43-P053-F41,PR43-P053-F41-VARIANTS,verified,
PR43-0210,PR39-44,PR43,"PDF p.52, PR43, párrafo 2",fill_blank,hard,imperios y visión de Ezequiel,"Según PDF p.52, PR43, párrafo 2, en el pasaje sobre imperios y visión de Ezequiel, complete la formulación del PDF: «Aunque las naciones rechazaron los _____ divinos y con ello labraron su propia ruina, un propósito divino predominante ha estado obrando manifiestamente a través de los siglos.»","[""asombrados"", ""principios"", ""babilonios"", ""caracteres""]",1,principios,El PDF emplea la expresión «principios» en este contexto: «Aunque las naciones rechazaron los principios divinos y con ello labraron su propia».,Aunque las naciones rechazaron los principios divinos y con ello labraron su propia,PR43-P052-F36,PR43-P052-F36-VARIANTS,verified,
PR43-0211,PR39-44,PR43,"PDF p.53, PR43, párrafo 2",multiple_choice,expert,tiempo final y señales de los tiempos,"Según PDF p.53, PR43, párrafo 2, en el pasaje sobre tiempo final y señales de los tiempos, ¿Cuál opción mantiene sin alterar el detalle y el orden de la fuente? Marco: «y desfallecer de temor los [DETALLE] de los hombres»","[""y desfallecer de temor los capitanes de los hombres"", ""y desfallecer de temor los caprichos de los hombres"", ""y desfallecer de temor los designios de los hombres"", ""y desfallecer de temor los corazones de los hombres""]",3,y desfallecer de temor los corazones de los hombres,La opción correcta conserva el detalle «corazones» tal como aparece en la fuente: «y desfallecer de temor los corazones de los hombres».,y desfallecer de temor los corazones de los hombres,PR43-P053-F42,PR43-P053-F42-VARIANTS,verified,
PR43-0212,PR39-44,PR43,"PDF p.52, PR43, párrafo 2",true_false,expert,imperios y visión de Ezequiel,"Según PDF p.52, PR43, párrafo 2, en el pasaje sobre imperios y visión de Ezequiel, determine si el detalle entre corchetes hace verdadera o falsa esta afirmación: «Aunque las naciones rechazaron los principios divinos y con ello labraron su propia ruina, un ⟦consejero⟧ divino predominante ha estado obrando manifiestamente a través de los siglos.»","[""Verdadero"", ""Falso""]",1,Falso,"La afirmación cambia «propósito». La corrección exacta es: «Aunque las naciones rechazaron los principios divinos y con ello labraron su propia ruina, un propósito divino predominante ha estado obrando manifiestamente a través de los siglos.»","labraron su propia ruina, un propósito divino predominante ha estado obrando manifiestamente a",PR43-P052-F37,PR43-P052-F37-VARIANTS,verified,"Aunque las naciones rechazaron los principios divinos y con ello labraron su propia ruina, un propósito divino predominante ha estado obrando manifiestamente a través de los siglos."
PR43-0213,PR39-44,PR43,"PDF p.53, PR43, párrafo 3",fill_blank,hard,tiempo final y señales de los tiempos,"Según PDF p.53, PR43, párrafo 3, en el pasaje sobre tiempo final y señales de los tiempos, complete la formulación del PDF: «“He aquí que Jehová vacía la tierra, y la desnuda, y _____ su haz, y hace esparcir sus moradores: ...»","[""abrumador"", ""aliviarla"", ""trastorna"", ""atestiguó""]",2,trastorna,"El PDF emplea la expresión «trastorna» en este contexto: «tierra, y la desnuda, y trastorna su haz, y hace esparcir sus moradores».","tierra, y la desnuda, y trastorna su haz, y hace esparcir sus moradores",PR43-P053-F51,PR43-P053-F51-VARIANTS,verified,
PR43-0214,PR39-44,PR43,"PDF p.52, PR43, párrafo 2",multiple_choice,hard,imperios y visión de Ezequiel,"Según PDF p.52, PR43, párrafo 2, en el pasaje sobre imperios y visión de Ezequiel, ¿Qué opción restituye con precisión la relación descrita? Marco: «propia ruina, un propósito divino [DETALLE] ha estado obrando manifiestamente a través de»","[""propia ruina, un propósito divino predominante ha estado obrando manifiestamente a través de"", ""propia ruina, un propósito divino incomparable ha estado obrando manifiestamente a través de"", ""propia ruina, un propósito divino inconmovible ha estado obrando manifiestamente a través de"", ""propia ruina, un propósito divino sorprendente ha estado obrando manifiestamente a través de""]",0,"propia ruina, un propósito divino predominante ha estado obrando manifiestamente a través de","La opción correcta conserva el detalle «predominante» tal como aparece en la fuente: «propia ruina, un propósito divino predominante ha estado obrando manifiestamente a través de».","propia ruina, un propósito divino predominante ha estado obrando manifiestamente a través de",PR43-P052-F38,PR43-P052-F38-VARIANTS,verified,
PR43-0215,PR39-44,PR43,"PDF p.53, PR43, párrafo 3",true_false,hard,tiempo final y señales de los tiempos,"Según PDF p.53, PR43, párrafo 3, en el pasaje sobre tiempo final y señales de los tiempos, determine si el detalle entre corchetes hace verdadera o falsa esta afirmación: «“He aquí que Jehová vacía la tierra, y la desnuda, y trastorna su haz, y hace esparcir sus ⟦capitanes⟧: ...»","[""Verdadero"", ""Falso""]",1,Falso,"La afirmación cambia «moradores». La corrección exacta es: «“He aquí que Jehová vacía la tierra, y la desnuda, y trastorna su haz, y hace esparcir sus moradores: ...»","haz, y hace esparcir sus moradores",PR43-P053-F52,PR43-P053-F52-VARIANTS,verified,"“He aquí que Jehová vacía la tierra, y la desnuda, y trastorna su haz, y hace esparcir sus moradores: ..."
PR43-0216,PR39-44,PR43,"PDF p.52, PR43, párrafo 2",fill_blank,hard,imperios y visión de Ezequiel,"Según PDF p.52, PR43, párrafo 2, en el pasaje sobre imperios y visión de Ezequiel, complete la formulación del PDF: «Aunque las naciones rechazaron los principios divinos y con ello labraron su propia ruina, un propósito divino predominante ha estado obrando _____ a través de los siglos.»","[""aceleradamente"", ""favorablemente"", ""fervorosamente"", ""manifiestamente""]",3,manifiestamente,El PDF emplea la expresión «manifiestamente» en este contexto: «divino predominante ha estado obrando manifiestamente a través de los siglos».,divino predominante ha estado obrando manifiestamente a través de los siglos,PR43-P052-F39,PR43-P052-F39-VARIANTS,verified,
PR43-0217,PR39-44,PR43,"PDF p.53, PR43, párrafo 3",multiple_choice,hard,tiempo final y señales de los tiempos,"Según PDF p.53, PR43, párrafo 3, en el pasaje sobre tiempo final y señales de los tiempos, ¿Qué opción restituye con precisión la relación descrita? Marco: «porque traspasaron las leyes, [DETALLE] el derecho, rompieron el pacto sempiterno»","[""porque traspasaron las leyes, acordaste el derecho, rompieron el pacto sempiterno"", ""porque traspasaron las leyes, falsearon el derecho, rompieron el pacto sempiterno"", ""porque traspasaron las leyes, confiaste el derecho, rompieron el pacto sempiterno"", ""porque traspasaron las leyes, engañaron el derecho, rompieron el pacto sempiterno""]",1,"porque traspasaron las leyes, falsearon el derecho, rompieron el pacto sempiterno","La opción correcta conserva el detalle «falsearon» tal como aparece en la fuente: «porque traspasaron las leyes, falsearon el derecho, rompieron el pacto sempiterno».","porque traspasaron las leyes, falsearon el derecho, rompieron el pacto sempiterno",PR43-P053-F57,PR43-P053-F57-VARIANTS,verified,
PR43-0218,PR39-44,PR43,"PDF p.52, PR43, párrafo 2",true_false,expert,imperios y visión de Ezequiel,"Según PDF p.52, PR43, párrafo 2, en el pasaje sobre imperios y visión de Ezequiel, determine si el detalle entre corchetes hace verdadera o falsa esta afirmación: «Fué esto lo que vió el profeta Ezequiel en la ⟦convocación⟧ representación que se le dió durante su destierro en la tierra de los caldeos, cuando se desplegaron ante su mirada atónita los símbolos que revelaban un poder señoreador que rige los asuntos de los gobernantes terrenales.»","[""Verdadero"", ""Falso""]",1,Falso,"La afirmación cambia «maravillosa». La corrección exacta es: «Fué esto lo que vió el profeta Ezequiel en la maravillosa representación que se le dió durante su destierro en la tierra de los caldeos, cuando se desplegaron ante su mirada atónita los símbolos que revelaban un poder señoreador que rige los asuntos de los gobernantes terrenales.»",el profeta Ezequiel en la maravillosa representación que se le dió durante su,PR43-P052-F47,PR43-P052-F47-VARIANTS,verified,"Fué esto lo que vió el profeta Ezequiel en la maravillosa representación que se le dió durante su destierro en la tierra de los caldeos, cuando se desplegaron ante su mirada atónita los símbolos que revelaban un poder señoreador que rige los asuntos de los gobernantes terrenales."
PR43-0219,PR39-44,PR43,"PDF p.53, PR43, párrafo 3",fill_blank,hard,tiempo final y señales de los tiempos,"Según PDF p.53, PR43, párrafo 3, en el pasaje sobre tiempo final y señales de los tiempos, complete la formulación del PDF: «porque traspasaron las leyes, falsearon el derecho, _____ el pacto sempiterno.»","[""rompieron"", ""acordaste"", ""confiaste"", ""engañaron""]",0,rompieron,"El PDF emplea la expresión «rompieron» en este contexto: «las leyes, falsearon el derecho, rompieron el pacto sempiterno».","las leyes, falsearon el derecho, rompieron el pacto sempiterno",PR43-P053-F58,PR43-P053-F58-VARIANTS,verified,
PR43-0220,PR39-44,PR43,"PDF p.52, PR43, párrafo 3",multiple_choice,expert,imperios y visión de Ezequiel,"Según PDF p.52, PR43, párrafo 3, en el pasaje sobre imperios y visión de Ezequiel, ¿Cuál opción mantiene sin alterar el detalle y el orden de la fuente? Marco: «con otras eran movidas por [DETALLE]»","[""con otras eran movidas por ciento veinte gobernadores"", ""con otras eran movidas por diez veces mejores"", ""con otras eran movidas por cuatro seres vivientes"", ""con otras eran movidas por tres presidentes""]",2,con otras eran movidas por cuatro seres vivientes,La opción correcta conserva el detalle «cuatro seres vivientes» tal como aparece en la fuente: «con otras eran movidas por cuatro seres vivientes».,con otras eran movidas por cuatro seres vivientes,PR43-P052-F71,PR43-P052-F71-VARIANTS,verified,
PR43-0221,PR39-44,PR43,"PDF p.53, PR43, párrafo 1",true_false,hard,tiempo final y señales de los tiempos,"Según PDF p.53, PR43, párrafo 1, en el pasaje sobre tiempo final y señales de los tiempos, determine si el detalle entre corchetes hace verdadera o falsa esta afirmación: «El momento actual es de interés ⟦aliviarla⟧ para todos los que viven.»","[""Verdadero"", ""Falso""]",1,Falso,La afirmación cambia «abrumador». La corrección exacta es: «El momento actual es de interés abrumador para todos los que viven.»,momento actual es de interés abrumador para todos los que viven,PR43-P053-F01,PR43-P053-F01-VARIANTS,verified,El momento actual es de interés abrumador para todos los que viven.
PR43-0222,PR39-44,PR43,"PDF p.54, PR43, párrafo 1",multiple_choice,hard,promesa de liberación para la iglesia,"Según PDF p.54, PR43, párrafo 1, en el pasaje sobre promesa de liberación para la iglesia, ¿Qué opción restituye con precisión la relación descrita? Marco: «Entonces se habrá cumplido el [DETALLE] de Dios»","[""Entonces se habrá cumplido el consejero de Dios"", ""Entonces se habrá cumplido el escenario de Dios"", ""Entonces se habrá cumplido el esplendor de Dios"", ""Entonces se habrá cumplido el propósito de Dios""]",3,Entonces se habrá cumplido el propósito de Dios,La opción correcta conserva el detalle «propósito» tal como aparece en la fuente: «Entonces se habrá cumplido el propósito de Dios».,Entonces se habrá cumplido el propósito de Dios,PR43-P054-F01,PR43-P054-F01-VARIANTS,verified,
PR43-0223,PR39-44,PR43,"PDF p.52, PR43, párrafo 3",fill_blank,expert,imperios y visión de Ezequiel,"Según PDF p.52, PR43, párrafo 3, en el pasaje sobre imperios y visión de Ezequiel, complete la formulación del PDF: «sobre ellos, en el _____, estaba el Eterno»","[""tiempo del fin"", ""trono de zafiro"", ""Hijo de Dios"", ""Rey de reyes""]",1,trono de zafiro,"El PDF emplea la expresión «trono de zafiro» en este contexto: «sobre ellos, en el trono de zafiro, estaba el Eterno».","sobre ellos, en el trono de zafiro, estaba el Eterno",PR43-P052-F118,PR43-P052-F118-VARIANTS,verified,
PR43-0224,PR39-44,PR43,"PDF p.53, PR43, párrafo 1",true_false,expert,tiempo final y señales de los tiempos,"Según PDF p.53, PR43, párrafo 1, en el pasaje sobre tiempo final y señales de los tiempos, determine si el detalle entre corchetes hace verdadera o falsa esta afirmación: «Los gobernantes y los ⟦asombrados⟧, los hombres que ocupan puestos de confianza y autoridad, los hombres y mujeres pensadores de todas las clases, tienen la atención fija en los acontecimientos que se producen en derredor nuestro.»","[""Verdadero"", ""Falso""]",1,Falso,"La afirmación cambia «estadistas». La corrección exacta es: «Los gobernantes y los estadistas, los hombres que ocupan puestos de confianza y autoridad, los hombres y mujeres pensadores de todas las clases, tienen la atención fija en los acontecimientos que se producen en derredor nuestro.»","Los gobernantes y los estadistas, los hombres que ocupan puestos de confianza",PR43-P053-F06,PR43-P053-F06-VARIANTS,verified,"Los gobernantes y los estadistas, los hombres que ocupan puestos de confianza y autoridad, los hombres y mujeres pensadores de todas las clases, tienen la atención fija en los acontecimientos que se producen en derredor nuestro."
PR43-0225,PR39-44,PR43,"PDF p.54, PR43, párrafo 1",fill_blank,hard,promesa de liberación para la iglesia,"Según PDF p.54, PR43, párrafo 1, en el pasaje sobre promesa de liberación para la iglesia, complete la formulación del PDF: «los _____ de su reino serán honrados por todos los que habiten debajo del sol.»","[""asombrados"", ""babilonios"", ""principios"", ""caracteres""]",2,principios,El PDF emplea la expresión «principios» en este contexto: «los principios de su reino serán honrados por todos».,los principios de su reino serán honrados por todos,PR43-P054-F05,PR43-P054-F05-VARIANTS,verified,
PR43-0226,PR39-44,PR43,"PDF p.52, PR43, párrafo 3",multiple_choice,expert,imperios y visión de Ezequiel,"Según PDF p.52, PR43, párrafo 3, en el pasaje sobre imperios y visión de Ezequiel, ¿Cuál opción mantiene sin alterar el detalle y el orden de la fuente? Marco: «derredor del trono, había un [DETALLE], emblema de la misericordia divina»","[""derredor del trono, había un arco iris, emblema de la misericordia divina"", ""derredor del trono, había un reino eterno, emblema de la misericordia divina"", ""derredor del trono, había un río Eufrates, emblema de la misericordia divina"", ""derredor del trono, había un Dios viviente, emblema de la misericordia divina""]",0,"derredor del trono, había un arco iris, emblema de la misericordia divina","La opción correcta conserva el detalle «arco iris» tal como aparece en la fuente: «derredor del trono, había un arco iris, emblema de la misericordia divina».","derredor del trono, había un arco iris, emblema de la misericordia divina",PR43-P052-F121,PR43-P052-F121-VARIANTS,verified,
PR43-0227,PR39-44,PR43,"PDF p.53, PR43, párrafo 1",true_false,hard,tiempo final y señales de los tiempos,"Según PDF p.53, PR43, párrafo 1, en el pasaje sobre tiempo final y señales de los tiempos, determine si el detalle entre corchetes hace verdadera o falsa esta afirmación: «Los gobernantes y los estadistas, los hombres que ocupan puestos de ⟦confianza⟧ y autoridad, los hombres y mujeres pensadores de todas las clases, tienen la atención fija en los acontecimientos que se producen en derredor nuestro.»","[""Verdadero"", ""Falso""]",0,Verdadero,"La afirmación coincide con el PDF: «hombres que ocupan puestos de confianza y autoridad, los hombres y mujeres pensadores».","hombres que ocupan puestos de confianza y autoridad, los hombres y mujeres pensadores",PR43-P053-F07,PR43-P053-F07-VARIANTS,verified,
PR43-0228,PR39-44,PR43,"PDF p.54, PR43, párrafo 1",fill_blank,medium,promesa de liberación para la iglesia,"Según PDF p.54, PR43, párrafo 1, en el pasaje sobre promesa de liberación para la iglesia, complete la formulación del PDF: «Entonces se _____ cumplido el propósito de Dios»","[""cumple"", ""debajo"", ""habiten"", ""habrá""]",3,habrá,El PDF emplea la expresión «habrá» en este contexto: «Entonces se habrá cumplido el propósito de Dios».,Entonces se habrá cumplido el propósito de Dios,PR43-P054-F02,PR43-P054-F02-VARIANTS,verified,
PR43-0229,PR39-44,PR43,"PDF p.52, PR43, párrafo 1",multiple_choice,hard,imperios y visión de Ezequiel,"Según PDF p.52, PR43, párrafo 1, en el pasaje sobre imperios y visión de Ezequiel, ¿Qué opción restituye con precisión la relación descrita? Marco: «cada nación que subió al [DETALLE] de acción se le permitió ocupar su»","[""cada nación que subió al consejero de acción se le permitió ocupar su"", ""cada nación que subió al escenario de acción se le permitió ocupar su"", ""cada nación que subió al esplendor de acción se le permitió ocupar su"", ""cada nación que subió al mensajero de acción se le permitió ocupar su""]",1,cada nación que subió al escenario de acción se le permitió ocupar su,La opción correcta conserva el detalle «escenario» tal como aparece en la fuente: «cada nación que subió al escenario de acción se le permitió ocupar su».,cada nación que subió al escenario de acción se le permitió ocupar su,PR43-P052-F01,PR43-P052-F01-VARIANTS,verified,
PR43-0230,PR39-44,PR43,"PDF p.53, PR43, párrafo 1",true_false,expert,tiempo final y señales de los tiempos,"Según PDF p.53, PR43, párrafo 1, en el pasaje sobre tiempo final y señales de los tiempos, determine si el detalle entre corchetes hace verdadera o falsa esta afirmación: «Los gobernantes y los estadistas, los hombres que ocupan puestos de confianza y ⟦adoración⟧, los hombres y mujeres pensadores de todas las clases, tienen la atención fija en los acontecimientos que se producen en derredor nuestro.»","[""Verdadero"", ""Falso""]",1,Falso,"La afirmación cambia «autoridad». La corrección exacta es: «Los gobernantes y los estadistas, los hombres que ocupan puestos de confianza y autoridad, los hombres y mujeres pensadores de todas las clases, tienen la atención fija en los acontecimientos que se producen en derredor nuestro.»","ocupan puestos de confianza y autoridad, los hombres y mujeres pensadores de todas",PR43-P053-F08,PR43-P053-F08-VARIANTS,verified,"Los gobernantes y los estadistas, los hombres que ocupan puestos de confianza y autoridad, los hombres y mujeres pensadores de todas las clases, tienen la atención fija en los acontecimientos que se producen en derredor nuestro."
PR43-0231,PR39-44,PR43,"PDF p.54, PR43, párrafo 1",fill_blank,hard,promesa de liberación para la iglesia,"Según PDF p.54, PR43, párrafo 1, en el pasaje sobre promesa de liberación para la iglesia, complete la formulación del PDF: «Entonces se habrá _____ el propósito de Dios»","[""cumplido"", ""honrados"", ""acarreado"", ""aprendido""]",0,cumplido,El PDF emplea la expresión «cumplido» en este contexto: «Entonces se habrá cumplido el propósito de Dios».,Entonces se habrá cumplido el propósito de Dios,PR43-P054-F03,PR43-P054-F03-VARIANTS,verified,
PR43-0232,PR39-44,PR43,"PDF p.52, PR43, párrafo 1",multiple_choice,expert,imperios y visión de Ezequiel,"Según PDF p.52, PR43, párrafo 1, en el pasaje sobre imperios y visión de Ezequiel, ¿Cuál opción mantiene sin alterar el detalle y el orden de la fuente? Marco: «la tierra, para que pudiese [DETALLE] si iba a cumplir los propósitos del»","[""la tierra, para que pudiese atestiguarse si iba a cumplir los propósitos del"", ""la tierra, para que pudiese interponerse si iba a cumplir los propósitos del"", ""la tierra, para que pudiese determinarse si iba a cumplir los propósitos del"", ""la tierra, para que pudiese desfallecer si iba a cumplir los propósitos del""]",2,"la tierra, para que pudiese determinarse si iba a cumplir los propósitos del","La opción correcta conserva el detalle «determinarse» tal como aparece en la fuente: «la tierra, para que pudiese determinarse si iba a cumplir los propósitos del».","la tierra, para que pudiese determinarse si iba a cumplir los propósitos del",PR43-P052-F02,PR43-P052-F02-VARIANTS,verified,
PR43-0233,PR39-44,PR43,"PDF p.53, PR43, párrafo 1",true_false,expert,tiempo final y señales de los tiempos,"Según PDF p.53, PR43, párrafo 1, en el pasaje sobre tiempo final y señales de los tiempos, determine si el detalle entre corchetes hace verdadera o falsa esta afirmación: «Los gobernantes y los estadistas, los hombres que ocupan puestos de confianza y autoridad, los hombres y mujeres ⟦adoradores⟧ de todas las clases, tienen la atención fija en los acontecimientos que se producen en derredor nuestro.»","[""Verdadero"", ""Falso""]",1,Falso,"La afirmación cambia «pensadores». La corrección exacta es: «Los gobernantes y los estadistas, los hombres que ocupan puestos de confianza y autoridad, los hombres y mujeres pensadores de todas las clases, tienen la atención fija en los acontecimientos que se producen en derredor nuestro.»","autoridad, los hombres y mujeres pensadores de todas las clases, tienen la atención",PR43-P053-F09,PR43-P053-F09-VARIANTS,verified,"Los gobernantes y los estadistas, los hombres que ocupan puestos de confianza y autoridad, los hombres y mujeres pensadores de todas las clases, tienen la atención fija en los acontecimientos que se producen en derredor nuestro."
PR43-0234,PR39-44,PR43,"PDF p.54, PR43, párrafo 1",fill_blank,hard,promesa de liberación para la iglesia,"Según PDF p.54, PR43, párrafo 1, en el pasaje sobre promesa de liberación para la iglesia, complete la formulación del PDF: «los principios de su reino _____ honrados por todos los que habiten debajo del sol.»","[""consumirá"", ""serán"", ""levantará"", ""requerirá""]",1,serán,El PDF emplea la expresión «serán» en este contexto: «los principios de su reino serán honrados por todos los que habiten debajo».,los principios de su reino serán honrados por todos los que habiten debajo,PR43-P054-F06,PR43-P054-F06-VARIANTS,verified,
PR43-0235,PR39-44,PR43,"PDF p.52, PR43, párrafo 1",multiple_choice,hard,imperios y visión de Ezequiel,"Según PDF p.52, PR43, párrafo 1, en el pasaje sobre imperios y visión de Ezequiel, ¿Qué opción restituye con precisión la relación descrita? Marco: «si iba a cumplir los [DETALLE] del Vigilante y Santo»","[""si iba a cumplir los asombrados del Vigilante y Santo"", ""si iba a cumplir los babilonios del Vigilante y Santo"", ""si iba a cumplir los caracteres del Vigilante y Santo"", ""si iba a cumplir los propósitos del Vigilante y Santo""]",3,si iba a cumplir los propósitos del Vigilante y Santo,La opción correcta conserva el detalle «propósitos» tal como aparece en la fuente: «si iba a cumplir los propósitos del Vigilante y Santo».,si iba a cumplir los propósitos del Vigilante y Santo,PR43-P052-F03,PR43-P052-F03-VARIANTS,verified,
PR43-0236,PR39-44,PR43,"PDF p.53, PR43, párrafo 1",true_false,expert,tiempo final y señales de los tiempos,"Según PDF p.53, PR43, párrafo 1, en el pasaje sobre tiempo final y señales de los tiempos, determine si el detalle entre corchetes hace verdadera o falsa esta afirmación: «Los gobernantes y los estadistas, los hombres que ocupan puestos de confianza y autoridad, los hombres y mujeres pensadores de todas las clases, tienen la atención fija en los ⟦acontecimientos⟧ que se producen en derredor nuestro.»","[""Verdadero"", ""Falso""]",0,Verdadero,La afirmación coincide con el PDF: «la atención fija en los acontecimientos que se producen en derredor nuestro».,la atención fija en los acontecimientos que se producen en derredor nuestro,PR43-P053-F10,PR43-P053-F10-VARIANTS,verified,
PR43-0237,PR39-44,PR43,"PDF p.54, PR43, párrafo 1",fill_blank,hard,promesa de liberación para la iglesia,"Según PDF p.54, PR43, párrafo 1, en el pasaje sobre promesa de liberación para la iglesia, complete la formulación del PDF: «los principios de su reino serán _____ por todos los que habiten debajo del sol.»","[""cumplido"", ""acarreado"", ""honrados"", ""aprendido""]",2,honrados,El PDF emplea la expresión «honrados» en este contexto: «principios de su reino serán honrados por todos los que habiten debajo del».,principios de su reino serán honrados por todos los que habiten debajo del,PR43-P054-F07,PR43-P054-F07-VARIANTS,verified,
PR43-0238,PR39-44,PR43,"PDF p.52, PR43, párrafo 1",multiple_choice,hard,imperios y visión de Ezequiel,"Según PDF p.52, PR43, párrafo 1, en el pasaje sobre imperios y visión de Ezequiel, ¿Qué opción restituye con precisión la relación descrita? Marco: «a cumplir los propósitos del [DETALLE] y Santo»","[""a cumplir los propósitos del Vigilante y Santo"", ""a cumplir los propósitos del consejero y Santo"", ""a cumplir los propósitos del escenario y Santo"", ""a cumplir los propósitos del esplendor y Santo""]",0,a cumplir los propósitos del Vigilante y Santo,La opción correcta conserva el detalle «Vigilante» tal como aparece en la fuente: «a cumplir los propósitos del Vigilante y Santo».,a cumplir los propósitos del Vigilante y Santo,PR43-P052-F04,PR43-P052-F04-VARIANTS,verified,
PR43-0239,PR39-44,PR43,"PDF p.53, PR43, párrafo 1",true_false,medium,tiempo final y señales de los tiempos,"Según PDF p.53, PR43, párrafo 1, en el pasaje sobre tiempo final y señales de los tiempos, determine si el detalle entre corchetes hace verdadera o falsa esta afirmación: «Observan las ⟦relaciones⟧ que existen entre las naciones.»","[""Verdadero"", ""Falso""]",0,Verdadero,La afirmación coincide con el PDF: «Observan las relaciones que existen entre las naciones».,Observan las relaciones que existen entre las naciones,PR43-P053-F18,PR43-P053-F18-VARIANTS,verified,
PR43-0240,PR39-44,PR43,"PDF p.54, PR43, párrafo 1",fill_blank,hard,promesa de liberación para la iglesia,"Según PDF p.54, PR43, párrafo 1, en el pasaje sobre promesa de liberación para la iglesia, complete la formulación del PDF: «los principios de su reino serán honrados por todos los que _____ debajo del sol.»","[""cumple"", ""debajo"", ""abrumador"", ""habiten""]",3,habiten,El PDF emplea la expresión «habiten» en este contexto: «honrados por todos los que habiten debajo del sol».,honrados por todos los que habiten debajo del sol,PR43-P054-F08,PR43-P054-F08-VARIANTS,verified,
PR43-0241,PR39-44,PR43,"PDF p.52, PR43, párrafo 1",multiple_choice,hard,imperios y visión de Ezequiel,"Según PDF p.52, PR43, párrafo 1, en el pasaje sobre imperios y visión de Ezequiel, ¿Qué opción restituye con precisión la relación descrita? Marco: «La profecía [DETALLE] el nacimiento y el progreso de los»","[""La profecía abrumador el nacimiento y el progreso de los"", ""La profecía describió el nacimiento y el progreso de los"", ""La profecía aliviarla el nacimiento y el progreso de los"", ""La profecía atestiguó el nacimiento y el progreso de los""]",1,La profecía describió el nacimiento y el progreso de los,La opción correcta conserva el detalle «describió» tal como aparece en la fuente: «La profecía describió el nacimiento y el progreso de los».,La profecía describió el nacimiento y el progreso de los,PR43-P052-F13,PR43-P052-F13-VARIANTS,verified,
PR43-0242,PR39-44,PR43,"PDF p.53, PR43, párrafo 1",true_false,expert,tiempo final y señales de los tiempos,"Según PDF p.53, PR43, párrafo 1, en el pasaje sobre tiempo final y señales de los tiempos, determine si el detalle entre corchetes hace verdadera o falsa esta afirmación: «Observan la ⟦apariencia⟧ que se apodera de todo elemento terrenal, y reconocen que algo grande y decisivo está por acontecer, que el mundo se encuentra en víspera de una crisis estupenda.»","[""Verdadero"", ""Falso""]",1,Falso,"La afirmación cambia «intensidad». La corrección exacta es: «Observan la intensidad que se apodera de todo elemento terrenal, y reconocen que algo grande y decisivo está por acontecer, que el mundo se encuentra en víspera de una crisis estupenda.»",Observan la intensidad que se apodera de todo elemento terrenal,PR43-P053-F22,PR43-P053-F22-VARIANTS,verified,"Observan la intensidad que se apodera de todo elemento terrenal, y reconocen que algo grande y decisivo está por acontecer, que el mundo se encuentra en víspera de una crisis estupenda."
PR43-0243,PR39-44,PR43,"PDF p.54, PR43, párrafo 1",fill_blank,medium,promesa de liberación para la iglesia,"Según PDF p.54, PR43, párrafo 1, en el pasaje sobre promesa de liberación para la iglesia, complete la formulación del PDF: «los principios de su reino serán honrados por todos los que habiten _____ del sol.»","[""debajo"", ""cumple"", ""habiten"", ""habrá""]",0,debajo,El PDF emplea la expresión «debajo» en este contexto: «por todos los que habiten debajo del sol».,por todos los que habiten debajo del sol,PR43-P054-F09,PR43-P054-F09-VARIANTS,verified,
PR43-0244,PR39-44,PR43,"PDF p.52, PR43, párrafo 1",multiple_choice,hard,imperios y visión de Ezequiel,"Según PDF p.52, PR43, párrafo 1, en el pasaje sobre imperios y visión de Ezequiel, ¿Qué opción restituye con precisión la relación descrita? Marco: «La profecía describió el [DETALLE] y el progreso de los grandes imperios»","[""La profecía describió el desarrollo y el progreso de los grandes imperios"", ""La profecía describió el fundamento y el progreso de los grandes imperios"", ""La profecía describió el nacimiento y el progreso de los grandes imperios"", ""La profecía describió el gobernante y el progreso de los grandes imperios""]",2,La profecía describió el nacimiento y el progreso de los grandes imperios,La opción correcta conserva el detalle «nacimiento» tal como aparece en la fuente: «La profecía describió el nacimiento y el progreso de los grandes imperios».,La profecía describió el nacimiento y el progreso de los grandes imperios,PR43-P052-F14,PR43-P052-F14-VARIANTS,verified,
PR43-0245,PR39-44,PR43,"PDF p.53, PR43, párrafo 1",true_false,hard,tiempo final y señales de los tiempos,"Según PDF p.53, PR43, párrafo 1, en el pasaje sobre tiempo final y señales de los tiempos, determine si el detalle entre corchetes hace verdadera o falsa esta afirmación: «Observan la intensidad que se apodera de todo elemento terrenal, y ⟦reconocen⟧ que algo grande y decisivo está por acontecer, que el mundo se encuentra en víspera de una crisis estupenda.»","[""Verdadero"", ""Falso""]",0,Verdadero,"La afirmación coincide con el PDF: «de todo elemento terrenal, y reconocen que algo grande y decisivo está por».","de todo elemento terrenal, y reconocen que algo grande y decisivo está por",PR43-P053-F23,PR43-P053-F23-VARIANTS,verified,
PR43-0246,PR39-44,PR43,"PDF p.54, PR43, párrafo 1",fill_blank,medium,promesa de liberación para la iglesia,"Según PDF p.54, PR43, párrafo 1, en el pasaje sobre promesa de liberación para la iglesia, complete la formulación del PDF: «_____ se habrá cumplido el propósito de Dios»","[""blasfemos"", ""Entonces"", ""corruptos"", ""disolutos""]",1,Entonces,El PDF emplea la expresión «Entonces» en este contexto: «Entonces se habrá cumplido el propósito de Dios».,Entonces se habrá cumplido el propósito de Dios,PR43-P054-F04,PR43-P054-F04-VARIANTS,verified,
PR43-0247,PR39-44,PR43,"PDF p.52, PR43, párrafo 1",multiple_choice,hard,imperios y visión de Ezequiel,"Según PDF p.52, PR43, párrafo 1, en el pasaje sobre imperios y visión de Ezequiel, ¿Qué opción restituye con precisión la relación descrita? Marco: «progreso de los grandes imperios [DETALLE]: Babilonia, Medo-Persia, Grecia y Roma»","[""progreso de los grandes imperios blasfemos: Babilonia, Medo-Persia, Grecia y Roma"", ""progreso de los grandes imperios corruptos: Babilonia, Medo-Persia, Grecia y Roma"", ""progreso de los grandes imperios disolutos: Babilonia, Medo-Persia, Grecia y Roma"", ""progreso de los grandes imperios mundiales: Babilonia, Medo-Persia, Grecia y Roma""]",3,"progreso de los grandes imperios mundiales: Babilonia, Medo-Persia, Grecia y Roma","La opción correcta conserva el detalle «mundiales» tal como aparece en la fuente: «progreso de los grandes imperios mundiales: Babilonia, Medo-Persia, Grecia y Roma».","progreso de los grandes imperios mundiales: Babilonia, Medo-Persia, Grecia y Roma",PR43-P052-F15,PR43-P052-F15-VARIANTS,verified,
PR43-0248,PR39-44,PR43,"PDF p.53, PR43, párrafo 1",true_false,expert,tiempo final y señales de los tiempos,"Según PDF p.53, PR43, párrafo 1, en el pasaje sobre tiempo final y señales de los tiempos, determine si el detalle entre corchetes hace verdadera o falsa esta afirmación: «Observan la intensidad que se apodera de todo elemento terrenal, y reconocen que algo grande y decisivo está por ⟦agradecer⟧, que el mundo se encuentra en víspera de una crisis estupenda.»","[""Verdadero"", ""Falso""]",1,Falso,"La afirmación cambia «acontecer». La corrección exacta es: «Observan la intensidad que se apodera de todo elemento terrenal, y reconocen que algo grande y decisivo está por acontecer, que el mundo se encuentra en víspera de una crisis estupenda.»","grande y decisivo está por acontecer, que el mundo se encuentra en víspera",PR43-P053-F24,PR43-P053-F24-VARIANTS,verified,"Observan la intensidad que se apodera de todo elemento terrenal, y reconocen que algo grande y decisivo está por acontecer, que el mundo se encuentra en víspera de una crisis estupenda."
PR43-0249,PR39-44,PR43,"PDF p.52, PR43, párrafo 1",fill_blank,easy,imperios y visión de Ezequiel,"Según PDF p.52, PR43, párrafo 1, en el pasaje sobre imperios y visión de Ezequiel, complete la formulación del PDF: «La profecía describió el nacimiento y el progreso de los grandes imperios mundiales: _____, Medo-Persia, Grecia y Roma.»","[""Jerusalem"", ""Jerusalén"", ""Babilonia"", ""Atenas""]",2,Babilonia,"El PDF emplea la expresión «Babilonia» en este contexto: «de los grandes imperios mundiales: Babilonia, Medo-Persia, Grecia y Roma».","de los grandes imperios mundiales: Babilonia, Medo-Persia, Grecia y Roma",PR43-P052-F16,PR43-P052-F16-VARIANTS,verified,
PR43-0250,PR39-44,PR43,"PDF p.53, PR43, párrafo 1",multiple_choice,hard,tiempo final y señales de los tiempos,"Según PDF p.53, PR43, párrafo 1, en el pasaje sobre tiempo final y señales de los tiempos, ¿Qué opción restituye con precisión la relación descrita? Marco: «acontecer, que el mundo se [DETALLE] en víspera de una crisis estupenda»","[""acontecer, que el mundo se encuentra en víspera de una crisis estupenda"", ""acontecer, que el mundo se abrumador en víspera de una crisis estupenda"", ""acontecer, que el mundo se aliviarla en víspera de una crisis estupenda"", ""acontecer, que el mundo se atestiguó en víspera de una crisis estupenda""]",0,"acontecer, que el mundo se encuentra en víspera de una crisis estupenda","La opción correcta conserva el detalle «encuentra» tal como aparece en la fuente: «acontecer, que el mundo se encuentra en víspera de una crisis estupenda».","acontecer, que el mundo se encuentra en víspera de una crisis estupenda",PR43-P053-F25,PR43-P053-F25-VARIANTS,verified,
PR44-0001,PR39-44,PR44,"PDF p.55, PR44, párrafo 1",fill_blank,expert,"reorganización, celos y decreto","Según PDF p.55, PR44, párrafo 1, en el pasaje sobre reorganización, celos y decreto, complete la formulación del PDF: «Decidió “constituir sobre el reino _____,...»","[""cuatro seres vivientes"", ""diez veces mejores"", ""tres presidentes"", ""ciento veinte gobernadores""]",3,ciento veinte gobernadores,El PDF emplea la expresión «ciento veinte gobernadores» en este contexto: «Decidió “constituir sobre el reino ciento veinte gobernadores».,Decidió “constituir sobre el reino ciento veinte gobernadores,PR44-P055-F12,PR44-P055-F12-VARIANTS,verified,
PR44-0002,PR39-44,PR44,"PDF p.56, PR44, párrafo 2",fill_blank,expert,"oración, acusación, foso, piedra y sellos","Según PDF p.56, PR44, párrafo 2, en el pasaje sobre oración, acusación, foso, piedra y sellos, complete la formulación del PDF: «Recordaron al rey: “¿No has confirmado edicto que cualquiera que pidiere a cualquier dios u hombre en el espacio de treinta días, excepto a ti, oh rey, fuese echado en el _____?”»","[""foso de los leones"", ""trono de zafiro"", ""tiempo del fin"", ""Hijo de Dios""]",0,foso de los leones,"El PDF emplea la expresión «foso de los leones» en este contexto: «rey, fuese echado en el foso de los leones».","rey, fuese echado en el foso de los leones",PR44-P056-F50,PR44-P056-F50-VARIANTS,verified,
PR44-0003,PR39-44,PR44,"PDF p.55, PR44, párrafo 1",fill_blank,hard,"reorganización, celos y decreto","Según PDF p.55, PR44, párrafo 1, en el pasaje sobre reorganización, celos y decreto, complete la formulación del PDF: «y sobre ellos _____, de los cuales Daniel era el uno, a quienes estos gobernadores diesen cuenta, porque el rey no recibiese daño.»","[""sesenta codos"", ""tres presidentes"", ""siete tiempos"", ""siete veces""]",1,tres presidentes,"El PDF emplea la expresión «tres presidentes» en este contexto: «y sobre ellos tres presidentes, de los cuales Daniel era el uno».","y sobre ellos tres presidentes, de los cuales Daniel era el uno",PR44-P055-F15,PR44-P055-F15-VARIANTS,verified,
PR44-0004,PR39-44,PR44,"PDF p.56, PR44, párrafo 6",multiple_choice,expert,"oración, acusación, foso, piedra y sellos","Según PDF p.56, PR44, párrafo 6, en el pasaje sobre oración, acusación, foso, piedra y sellos, ¿Cuál opción mantiene sin alterar el detalle y el orden de la fuente? Marco: «Daniel, y echáronle en el [DETALLE]»","[""Daniel, y echáronle en el trono de zafiro"", ""Daniel, y echáronle en el foso de los leones"", ""Daniel, y echáronle en el tiempo del fin"", ""Daniel, y echáronle en el Hijo de Dios""]",1,"Daniel, y echáronle en el foso de los leones","La opción correcta conserva el detalle «foso de los leones» tal como aparece en la fuente: «Daniel, y echáronle en el foso de los leones».","Daniel, y echáronle en el foso de los leones",PR44-P056-F129,PR44-P056-F129-VARIANTS,verified,
PR44-0005,PR39-44,PR44,"PDF p.55, PR44, párrafo 4",fill_blank,expert,"reorganización, celos y decreto","Según PDF p.55, PR44, párrafo 4, en el pasaje sobre reorganización, celos y decreto, complete la formulación del PDF: «La violación de este decreto se castigaría arrojando al culpable en el _____.»","[""trono de zafiro"", ""tiempo del fin"", ""foso de los leones"", ""Hijo de Dios""]",2,foso de los leones,El PDF emplea la expresión «foso de los leones» en este contexto: «arrojando al culpable en el foso de los leones».,arrojando al culpable en el foso de los leones,PR44-P055-F79,PR44-P055-F79-VARIANTS,verified,
PR44-0006,PR39-44,PR44,"PDF p.56, PR44, párrafo 7",multiple_choice,expert,"oración, acusación, foso, piedra y sellos","Según PDF p.56, PR44, párrafo 7, en el pasaje sobre oración, acusación, foso, piedra y sellos, ¿Cuál opción mantiene sin alterar el detalle y el orden de la fuente? Marco: «Daniel que le echasen al [DETALLE]»","[""Daniel que le echasen al trono de zafiro"", ""Daniel que le echasen al tiempo del fin"", ""Daniel que le echasen al foso de los leones"", ""Daniel que le echasen al Hijo de Dios""]",2,Daniel que le echasen al foso de los leones,La opción correcta conserva el detalle «foso de los leones» tal como aparece en la fuente: «Daniel que le echasen al foso de los leones».,Daniel que le echasen al foso de los leones,PR44-P056-F159,PR44-P056-F159-VARIANTS,verified,
PR44-0007,PR39-44,PR44,"PDF p.55, PR44, párrafo 4",fill_blank,medium,"reorganización, celos y decreto","Según PDF p.55, PR44, párrafo 4, en el pasaje sobre reorganización, celos y decreto, complete la formulación del PDF: «Resolvieron pedir al rey que firmase un decreto que ellos iban a preparar, en el cual se prohibiría a cualquier persona del reino que por _____ días pidiese algo a Dios o a los hombres, excepto al rey Darío.»","[""sesenta"", ""cuatro"", ""siete"", ""treinta""]",3,treinta,El PDF emplea la expresión «treinta» en este contexto: «persona del reino que por treinta días pidiese algo a Dios o a».,persona del reino que por treinta días pidiese algo a Dios o a,PR44-P055-F67,PR44-P055-F67-VARIANTS,verified,
PR44-0008,PR39-44,PR44,"PDF p.56, PR44, párrafo 2",multiple_choice,medium,"oración, acusación, foso, piedra y sellos","Según PDF p.56, PR44, párrafo 2, en el pasaje sobre oración, acusación, foso, piedra y sellos, ¿Cuál opción conserva el dato exacto de la fuente? Marco: «hombre en el espacio de [DETALLE] días, excepto a ti, oh rey, fuese»","[""hombre en el espacio de sesenta días, excepto a ti, oh rey, fuese"", ""hombre en el espacio de cuatro días, excepto a ti, oh rey, fuese"", ""hombre en el espacio de siete días, excepto a ti, oh rey, fuese"", ""hombre en el espacio de treinta días, excepto a ti, oh rey, fuese""]",3,"hombre en el espacio de treinta días, excepto a ti, oh rey, fuese","La opción correcta conserva el detalle «treinta» tal como aparece en la fuente: «hombre en el espacio de treinta días, excepto a ti, oh rey, fuese».","hombre en el espacio de treinta días, excepto a ti, oh rey, fuese",PR44-P056-F51,PR44-P056-F51-VARIANTS,verified,
PR44-0009,PR39-44,PR44,"PDF p.55, PR44, párrafo 1",fill_blank,medium,"reorganización, celos y decreto","Según PDF p.55, PR44, párrafo 1, en el pasaje sobre reorganización, celos y decreto, complete la formulación del PDF: «Cuando Darío el Medo subió al trono antes ocupado por los _____ babilónicos, procedió inmediatamente a reorganizar el gobierno.»","[""gobernantes"", ""divinidades"", ""presidentes"", ""principales""]",0,gobernantes,"El PDF emplea la expresión «gobernantes» en este contexto: «trono antes ocupado por los gobernantes babilónicos, procedió inmediatamente a reorganizar el gobierno».","trono antes ocupado por los gobernantes babilónicos, procedió inmediatamente a reorganizar el gobierno",PR44-P055-F01,PR44-P055-F01-VARIANTS,verified,
PR44-0010,PR39-44,PR44,"PDF p.56, PR44, párrafo 1",multiple_choice,hard,"oración, acusación, foso, piedra y sellos","Según PDF p.56, PR44, párrafo 1, en el pasaje sobre oración, acusación, foso, piedra y sellos, ¿Qué opción restituye con precisión la relación descrita? Marco: «potencia terrenal tiene derecho a [DETALLE] entre el alma y Dios»","[""potencia terrenal tiene derecho a interponerse entre el alma y Dios"", ""potencia terrenal tiene derecho a atestiguarse entre el alma y Dios"", ""potencia terrenal tiene derecho a determinarse entre el alma y Dios"", ""potencia terrenal tiene derecho a desfallecer entre el alma y Dios""]",0,potencia terrenal tiene derecho a interponerse entre el alma y Dios,La opción correcta conserva el detalle «interponerse» tal como aparece en la fuente: «potencia terrenal tiene derecho a interponerse entre el alma y Dios».,potencia terrenal tiene derecho a interponerse entre el alma y Dios,PR44-P056-F01,PR44-P056-F01-VARIANTS,verified,
PR44-0011,PR39-44,PR44,"PDF p.55, PR44, párrafo 1",true_false,hard,"reorganización, celos y decreto","Según PDF p.55, PR44, párrafo 1, en el pasaje sobre reorganización, celos y decreto, determine si el detalle entre corchetes hace verdadera o falsa esta afirmación: «Cuando Darío el Medo subió al trono antes ocupado por los gobernantes ⟦adivinanzas⟧, procedió inmediatamente a reorganizar el gobierno.»","[""Verdadero"", ""Falso""]",1,Falso,"La afirmación cambia «babilónicos». La corrección exacta es: «Cuando Darío el Medo subió al trono antes ocupado por los gobernantes babilónicos, procedió inmediatamente a reorganizar el gobierno.»","antes ocupado por los gobernantes babilónicos, procedió inmediatamente a reorganizar el gobierno",PR44-P055-F02,PR44-P055-F02-VARIANTS,verified,"Cuando Darío el Medo subió al trono antes ocupado por los gobernantes babilónicos, procedió inmediatamente a reorganizar el gobierno."
PR44-0012,PR39-44,PR44,"PDF p.56, PR44, párrafo 1",fill_blank,easy,"oración, acusación, foso, piedra y sellos","Según PDF p.56, PR44, párrafo 1, en el pasaje sobre oración, acusación, foso, piedra y sellos, complete la formulación del PDF: «Rodeado de _____, atestiguó fielmente esta verdad.»","[""blasfemos"", ""idólatras"", ""corruptos"", ""disolutos""]",1,idólatras,"El PDF emplea la expresión «idólatras» en este contexto: «Rodeado de idólatras, atestiguó fielmente esta verdad».","Rodeado de idólatras, atestiguó fielmente esta verdad",PR44-P056-F12,PR44-P056-F12-VARIANTS,verified,
PR44-0013,PR39-44,PR44,"PDF p.55, PR44, párrafo 1",multiple_choice,hard,"reorganización, celos y decreto","Según PDF p.55, PR44, párrafo 1, en el pasaje sobre reorganización, celos y decreto, ¿Qué opción restituye con precisión la relación descrita? Marco: «por los gobernantes babilónicos, procedió [DETALLE] a reorganizar el gobierno»","[""por los gobernantes babilónicos, procedió aceleradamente a reorganizar el gobierno"", ""por los gobernantes babilónicos, procedió inmediatamente a reorganizar el gobierno"", ""por los gobernantes babilónicos, procedió favorablemente a reorganizar el gobierno"", ""por los gobernantes babilónicos, procedió fervorosamente a reorganizar el gobierno""]",1,"por los gobernantes babilónicos, procedió inmediatamente a reorganizar el gobierno","La opción correcta conserva el detalle «inmediatamente» tal como aparece en la fuente: «por los gobernantes babilónicos, procedió inmediatamente a reorganizar el gobierno».","por los gobernantes babilónicos, procedió inmediatamente a reorganizar el gobierno",PR44-P055-F03,PR44-P055-F03-VARIANTS,verified,
PR44-0014,PR39-44,PR44,"PDF p.56, PR44, párrafo 1",true_false,easy,"oración, acusación, foso, piedra y sellos","Según PDF p.56, PR44, párrafo 1, en el pasaje sobre oración, acusación, foso, piedra y sellos, determine si el detalle entre corchetes hace verdadera o falsa esta afirmación: «Rodeado de idólatras, ⟦atestiguó⟧ fielmente esta verdad.»","[""Verdadero"", ""Falso""]",0,Verdadero,"La afirmación coincide con el PDF: «Rodeado de idólatras, atestiguó fielmente esta verdad».","Rodeado de idólatras, atestiguó fielmente esta verdad",PR44-P056-F13,PR44-P056-F13-VARIANTS,verified,
PR44-0015,PR39-44,PR44,"PDF p.55, PR44, párrafo 1",fill_blank,hard,"reorganización, celos y decreto","Según PDF p.55, PR44, párrafo 1, en el pasaje sobre reorganización, celos y decreto, complete la formulación del PDF: «Cuando Darío el Medo subió al trono antes ocupado por los gobernantes babilónicos, procedió inmediatamente a _____ el gobierno.»","[""desfallecer"", ""representar"", ""reorganizar"", ""atestiguarse""]",2,reorganizar,"El PDF emplea la expresión «reorganizar» en este contexto: «gobernantes babilónicos, procedió inmediatamente a reorganizar el gobierno».","gobernantes babilónicos, procedió inmediatamente a reorganizar el gobierno",PR44-P055-F04,PR44-P055-F04-VARIANTS,verified,
PR44-0016,PR39-44,PR44,"PDF p.56, PR44, párrafo 1",multiple_choice,easy,"oración, acusación, foso, piedra y sellos","Según PDF p.56, PR44, párrafo 1, en el pasaje sobre oración, acusación, foso, piedra y sellos, ¿Qué expresión completa correctamente el detalle señalado? Marco: «Rodeado de idólatras, atestiguó [DETALLE] esta verdad»","[""Rodeado de idólatras, atestiguó claramente esta verdad"", ""Rodeado de idólatras, atestiguó finalmente esta verdad"", ""Rodeado de idólatras, atestiguó fielmente esta verdad"", ""Rodeado de idólatras, atestiguó firmemente esta verdad""]",2,"Rodeado de idólatras, atestiguó fielmente esta verdad","La opción correcta conserva el detalle «fielmente» tal como aparece en la fuente: «Rodeado de idólatras, atestiguó fielmente esta verdad».","Rodeado de idólatras, atestiguó fielmente esta verdad",PR44-P056-F14,PR44-P056-F14-VARIANTS,verified,
PR44-0017,PR39-44,PR44,"PDF p.55, PR44, párrafo 1",true_false,medium,"reorganización, celos y decreto","Según PDF p.55, PR44, párrafo 1, en el pasaje sobre reorganización, celos y decreto, determine si el detalle entre corchetes hace verdadera o falsa esta afirmación: «y sobre ellos tres presidentes, de los cuales Daniel era el uno, a quienes estos ⟦gobernadores⟧ diesen cuenta, porque el rey no recibiese daño.»","[""Verdadero"", ""Falso""]",0,Verdadero,"La afirmación coincide con el PDF: «el uno, a quienes estos gobernadores diesen cuenta, porque el rey no recibiese».","el uno, a quienes estos gobernadores diesen cuenta, porque el rey no recibiese",PR44-P055-F16,PR44-P055-F16-VARIANTS,verified,
PR44-0018,PR39-44,PR44,"PDF p.56, PR44, párrafo 1",fill_blank,medium,"oración, acusación, foso, piedra y sellos","Según PDF p.56, PR44, párrafo 1, en el pasaje sobre oración, acusación, foso, piedra y sellos, complete la formulación del PDF: «Su adhesión indómita a lo recto fué una luz que brilló en las _____ morales de aquella corte pagana.»","[""lecciones"", ""potencias"", ""exigencias"", ""tinieblas""]",3,tinieblas,El PDF emplea la expresión «tinieblas» en este contexto: «luz que brilló en las tinieblas morales de aquella corte pagana».,luz que brilló en las tinieblas morales de aquella corte pagana,PR44-P056-F17,PR44-P056-F17-VARIANTS,verified,
PR44-0019,PR39-44,PR44,"PDF p.55, PR44, párrafo 1",multiple_choice,hard,"reorganización, celos y decreto","Según PDF p.55, PR44, párrafo 1, en el pasaje sobre reorganización, celos y decreto, ¿Qué opción restituye con precisión la relación descrita? Marco: «cuenta, porque el rey no [DETALLE] daño»","[""cuenta, porque el rey no habitasen daño"", ""cuenta, porque el rey no revelasen daño"", ""cuenta, porque el rey no sirviesen daño"", ""cuenta, porque el rey no recibiese daño""]",3,"cuenta, porque el rey no recibiese daño","La opción correcta conserva el detalle «recibiese» tal como aparece en la fuente: «cuenta, porque el rey no recibiese daño».","cuenta, porque el rey no recibiese daño",PR44-P055-F17,PR44-P055-F17-VARIANTS,verified,
PR44-0020,PR39-44,PR44,"PDF p.56, PR44, párrafo 1",true_false,hard,"oración, acusación, foso, piedra y sellos","Según PDF p.56, PR44, párrafo 1, en el pasaje sobre oración, acusación, foso, piedra y sellos, determine si el detalle entre corchetes hace verdadera o falsa esta afirmación: «Daniel se destaca hoy ante el mundo como digno ejemplo de ⟦babilónico⟧ y fidelidad cristianas.»","[""Verdadero"", ""Falso""]",1,Falso,La afirmación cambia «intrepidez». La corrección exacta es: «Daniel se destaca hoy ante el mundo como digno ejemplo de intrepidez y fidelidad cristianas.»,mundo como digno ejemplo de intrepidez y fidelidad cristianas,PR44-P056-F25,PR44-P056-F25-VARIANTS,verified,Daniel se destaca hoy ante el mundo como digno ejemplo de intrepidez y fidelidad cristianas.
PR44-0021,PR39-44,PR44,"PDF p.55, PR44, párrafo 1",fill_blank,hard,"reorganización, celos y decreto","Según PDF p.55, PR44, párrafo 1, en el pasaje sobre reorganización, celos y decreto, complete la formulación del PDF: «Pero el mismo Daniel era superior a estos _____ y presidentes, porque había en él más abundancia de espíritu: y el rey pensaba de ponerlo sobre todo el reino.”»","[""gobernadores"", ""contemplamos"", ""encantadores"", ""espirituales""]",0,gobernadores,"El PDF emplea la expresión «gobernadores» en este contexto: «Daniel era superior a estos gobernadores y presidentes, porque había en él más».","Daniel era superior a estos gobernadores y presidentes, porque había en él más",PR44-P055-F22,PR44-P055-F22-VARIANTS,verified,
PR44-0022,PR39-44,PR44,"PDF p.56, PR44, párrafo 1",multiple_choice,medium,"oración, acusación, foso, piedra y sellos","Según PDF p.56, PR44, párrafo 1, en el pasaje sobre oración, acusación, foso, piedra y sellos, ¿Cuál opción conserva el dato exacto de la fuente? Marco: «digno ejemplo de intrepidez y [DETALLE] cristianas»","[""digno ejemplo de intrepidez y fidelidad cristianas"", ""digno ejemplo de intrepidez y adoración cristianas"", ""digno ejemplo de intrepidez y adorareis cristianas"", ""digno ejemplo de intrepidez y autoridad cristianas""]",0,digno ejemplo de intrepidez y fidelidad cristianas,La opción correcta conserva el detalle «fidelidad» tal como aparece en la fuente: «digno ejemplo de intrepidez y fidelidad cristianas».,digno ejemplo de intrepidez y fidelidad cristianas,PR44-P056-F26,PR44-P056-F26-VARIANTS,verified,
PR44-0023,PR39-44,PR44,"PDF p.55, PR44, párrafo 1",true_false,hard,"reorganización, celos y decreto","Según PDF p.55, PR44, párrafo 1, en el pasaje sobre reorganización, celos y decreto, determine si el detalle entre corchetes hace verdadera o falsa esta afirmación: «Pero el mismo Daniel era superior a estos gobernadores y ⟦presidentes⟧, porque había en él más abundancia de espíritu: y el rey pensaba de ponerlo sobre todo el reino.”»","[""Verdadero"", ""Falso""]",0,Verdadero,"La afirmación coincide con el PDF: «superior a estos gobernadores y presidentes, porque había en él más abundancia de».","superior a estos gobernadores y presidentes, porque había en él más abundancia de",PR44-P055-F23,PR44-P055-F23-VARIANTS,verified,
PR44-0024,PR39-44,PR44,"PDF p.56, PR44, párrafo 1",fill_blank,medium,"oración, acusación, foso, piedra y sellos","Según PDF p.56, PR44, párrafo 1, en el pasaje sobre oración, acusación, foso, piedra y sellos, complete la formulación del PDF: «Daniel se destaca hoy ante el mundo como digno ejemplo de intrepidez y fidelidad _____.»","[""adoradores"", ""cristianas"", ""astrólogos"", ""debiéramos""]",1,cristianas,El PDF emplea la expresión «cristianas» en este contexto: «ejemplo de intrepidez y fidelidad cristianas».,ejemplo de intrepidez y fidelidad cristianas,PR44-P056-F27,PR44-P056-F27-VARIANTS,verified,
PR44-0025,PR39-44,PR44,"PDF p.55, PR44, párrafo 1",multiple_choice,hard,"reorganización, celos y decreto","Según PDF p.55, PR44, párrafo 1, en el pasaje sobre reorganización, celos y decreto, ¿Qué opción restituye con precisión la relación descrita? Marco: «porque había en él más [DETALLE] de espíritu: y el rey pensaba de»","[""porque había en él más constancia de espíritu: y el rey pensaba de"", ""porque había en él más abundancia de espíritu: y el rey pensaba de"", ""porque había en él más describían de espíritu: y el rey pensaba de"", ""porque había en él más establecía de espíritu: y el rey pensaba de""]",1,porque había en él más abundancia de espíritu: y el rey pensaba de,La opción correcta conserva el detalle «abundancia» tal como aparece en la fuente: «porque había en él más abundancia de espíritu: y el rey pensaba de».,porque había en él más abundancia de espíritu: y el rey pensaba de,PR44-P055-F24,PR44-P055-F24-VARIANTS,verified,
PR44-0026,PR39-44,PR44,"PDF p.56, PR44, párrafo 2",true_false,easy,"oración, acusación, foso, piedra y sellos","Según PDF p.56, PR44, párrafo 2, en el pasaje sobre oración, acusación, foso, piedra y sellos, determine si el detalle entre corchetes hace verdadera o falsa esta afirmación: «Durante todo un día los ⟦príncipes⟧ vigilaron a Daniel.»","[""Verdadero"", ""Falso""]",0,Verdadero,La afirmación coincide con el PDF: «Durante todo un día los príncipes vigilaron a Daniel».,Durante todo un día los príncipes vigilaron a Daniel,PR44-P056-F32,PR44-P056-F32-VARIANTS,verified,
PR44-0027,PR39-44,PR44,"PDF p.55, PR44, párrafo 2",fill_blank,hard,"reorganización, celos y decreto","Según PDF p.55, PR44, párrafo 2, en el pasaje sobre reorganización, celos y decreto, complete la formulación del PDF: «Los honores _____ a Daniel despertaron los celos de los principales del reino, y buscaron ocasión de quejarse contra él»","[""acarreado"", ""aprendido"", ""otorgados"", ""atribuído""]",2,otorgados,El PDF emplea la expresión «otorgados» en este contexto: «Los honores otorgados a Daniel despertaron los celos de los».,Los honores otorgados a Daniel despertaron los celos de los,PR44-P055-F31,PR44-P055-F31-VARIANTS,verified,
PR44-0028,PR39-44,PR44,"PDF p.56, PR44, párrafo 2",multiple_choice,medium,"oración, acusación, foso, piedra y sellos","Según PDF p.56, PR44, párrafo 2, en el pasaje sobre oración, acusación, foso, piedra y sellos, ¿Cuál opción conserva el dato exacto de la fuente? Marco: «todo un día los príncipes [DETALLE] a Daniel»","[""todo un día los príncipes acordaste a Daniel"", ""todo un día los príncipes confiaste a Daniel"", ""todo un día los príncipes vigilaron a Daniel"", ""todo un día los príncipes engañaron a Daniel""]",2,todo un día los príncipes vigilaron a Daniel,La opción correcta conserva el detalle «vigilaron» tal como aparece en la fuente: «todo un día los príncipes vigilaron a Daniel».,todo un día los príncipes vigilaron a Daniel,PR44-P056-F33,PR44-P056-F33-VARIANTS,verified,
PR44-0029,PR39-44,PR44,"PDF p.55, PR44, párrafo 2",true_false,hard,"reorganización, celos y decreto","Según PDF p.55, PR44, párrafo 2, en el pasaje sobre reorganización, celos y decreto, determine si el detalle entre corchetes hace verdadera o falsa esta afirmación: «Los honores otorgados a Daniel ⟦presentaron⟧ los celos de los principales del reino, y buscaron ocasión de quejarse contra él»","[""Verdadero"", ""Falso""]",1,Falso,"La afirmación cambia «despertaron». La corrección exacta es: «Los honores otorgados a Daniel despertaron los celos de los principales del reino, y buscaron ocasión de quejarse contra él»",Los honores otorgados a Daniel despertaron los celos de los principales del reino,PR44-P055-F32,PR44-P055-F32-VARIANTS,verified,"Los honores otorgados a Daniel despertaron los celos de los principales del reino, y buscaron ocasión de quejarse contra él"
PR44-0030,PR39-44,PR44,"PDF p.56, PR44, párrafo 2",fill_blank,medium,"oración, acusación, foso, piedra y sellos","Según PDF p.56, PR44, párrafo 2, en el pasaje sobre oración, acusación, foso, piedra y sellos, complete la formulación del PDF: «Tres veces le vieron ir a su cámara, y tres veces oyeron su voz elevarse en _____ intercesión para con Dios.»","[""abrumador"", ""aliviarla"", ""atestiguó"", ""ferviente""]",3,ferviente,El PDF emplea la expresión «ferviente» en este contexto: «oyeron su voz elevarse en ferviente intercesión para con Dios».,oyeron su voz elevarse en ferviente intercesión para con Dios,PR44-P056-F34,PR44-P056-F34-VARIANTS,verified,
PR44-0031,PR39-44,PR44,"PDF p.55, PR44, párrafo 2",multiple_choice,hard,"reorganización, celos y decreto","Según PDF p.55, PR44, párrafo 2, en el pasaje sobre reorganización, celos y decreto, ¿Qué opción restituye con precisión la relación descrita? Marco: «despertaron los celos de los [DETALLE] del reino, y buscaron ocasión de quejarse»","[""despertaron los celos de los divinidades del reino, y buscaron ocasión de quejarse"", ""despertaron los celos de los gobernantes del reino, y buscaron ocasión de quejarse"", ""despertaron los celos de los presidentes del reino, y buscaron ocasión de quejarse"", ""despertaron los celos de los principales del reino, y buscaron ocasión de quejarse""]",3,"despertaron los celos de los principales del reino, y buscaron ocasión de quejarse","La opción correcta conserva el detalle «principales» tal como aparece en la fuente: «despertaron los celos de los principales del reino, y buscaron ocasión de quejarse».","despertaron los celos de los principales del reino, y buscaron ocasión de quejarse",PR44-P055-F33,PR44-P055-F33-VARIANTS,verified,
PR44-0032,PR39-44,PR44,"PDF p.56, PR44, párrafo 2",true_false,medium,"oración, acusación, foso, piedra y sellos","Según PDF p.56, PR44, párrafo 2, en el pasaje sobre oración, acusación, foso, piedra y sellos, determine si el detalle entre corchetes hace verdadera o falsa esta afirmación: «Tres veces le vieron ir a su cámara, y tres veces oyeron su voz elevarse en ferviente ⟦intercesión⟧ para con Dios.»","[""Verdadero"", ""Falso""]",0,Verdadero,La afirmación coincide con el PDF: «su voz elevarse en ferviente intercesión para con Dios».,su voz elevarse en ferviente intercesión para con Dios,PR44-P056-F35,PR44-P056-F35-VARIANTS,verified,
PR44-0033,PR39-44,PR44,"PDF p.55, PR44, párrafo 3",fill_blank,easy,"reorganización, celos y decreto","Según PDF p.55, PR44, párrafo 3, en el pasaje sobre reorganización, celos y decreto, complete la formulación del PDF: «La conducta _____ de Daniel excitó aún más los celos de sus enemigos.»","[""intachable"", ""babilónico"", ""destruidor"", ""espiritual""]",0,intachable,El PDF emplea la expresión «intachable» en este contexto: «La conducta intachable de Daniel excitó aún más los celos».,La conducta intachable de Daniel excitó aún más los celos,PR44-P055-F46,PR44-P055-F46-VARIANTS,verified,
PR44-0034,PR39-44,PR44,"PDF p.56, PR44, párrafo 2",multiple_choice,easy,"oración, acusación, foso, piedra y sellos","Según PDF p.56, PR44, párrafo 2, en el pasaje sobre oración, acusación, foso, piedra y sellos, ¿Qué expresión completa correctamente el detalle señalado? Marco: «A la mañana [DETALLE], presentaron su queja al rey»","[""A la mañana siguiente, presentaron su queja al rey"", ""A la mañana abrumador, presentaron su queja al rey"", ""A la mañana aliviarla, presentaron su queja al rey"", ""A la mañana atestiguó, presentaron su queja al rey""]",0,"A la mañana siguiente, presentaron su queja al rey","La opción correcta conserva el detalle «siguiente» tal como aparece en la fuente: «A la mañana siguiente, presentaron su queja al rey».","A la mañana siguiente, presentaron su queja al rey",PR44-P056-F41,PR44-P056-F41-VARIANTS,verified,
PR44-0035,PR39-44,PR44,"PDF p.55, PR44, párrafo 3",true_false,hard,"reorganización, celos y decreto","Según PDF p.55, PR44, párrafo 3, en el pasaje sobre reorganización, celos y decreto, determine si el detalle entre corchetes hace verdadera o falsa esta afirmación: «Se vieron ⟦acarreado⟧ a reconocer: “No hallaremos contra este Daniel ocasión alguna, si no la hallamos contra él en la ley de su Dios.”»","[""Verdadero"", ""Falso""]",1,Falso,"La afirmación cambia «obligados». La corrección exacta es: «Se vieron obligados a reconocer: “No hallaremos contra este Daniel ocasión alguna, si no la hallamos contra él en la ley de su Dios.”»",Se vieron obligados a reconocer: “No hallaremos contra este Daniel,PR44-P055-F51,PR44-P055-F51-VARIANTS,verified,"Se vieron obligados a reconocer: “No hallaremos contra este Daniel ocasión alguna, si no la hallamos contra él en la ley de su Dios.”"
PR44-0036,PR39-44,PR44,"PDF p.56, PR44, párrafo 2",fill_blank,medium,"oración, acusación, foso, piedra y sellos","Según PDF p.56, PR44, párrafo 2, en el pasaje sobre oración, acusación, foso, piedra y sellos, complete la formulación del PDF: «A la mañana siguiente, _____ su queja al rey.»","[""despertaron"", ""presentaron"", ""acontecieron"", ""apoderaron""]",1,presentaron,"El PDF emplea la expresión «presentaron» en este contexto: «A la mañana siguiente, presentaron su queja al rey».","A la mañana siguiente, presentaron su queja al rey",PR44-P056-F42,PR44-P056-F42-VARIANTS,verified,
PR44-0037,PR39-44,PR44,"PDF p.55, PR44, párrafo 3",multiple_choice,hard,"reorganización, celos y decreto","Según PDF p.55, PR44, párrafo 3, en el pasaje sobre reorganización, celos y decreto, ¿Qué opción restituye con precisión la relación descrita? Marco: «Se vieron obligados a [DETALLE]: “No hallaremos contra este Daniel ocasión alguna»","[""Se vieron obligados a acontecer: “No hallaremos contra este Daniel ocasión alguna"", ""Se vieron obligados a reconocer: “No hallaremos contra este Daniel ocasión alguna"", ""Se vieron obligados a agradecer: “No hallaremos contra este Daniel ocasión alguna"", ""Se vieron obligados a compartir: “No hallaremos contra este Daniel ocasión alguna""]",1,Se vieron obligados a reconocer: “No hallaremos contra este Daniel ocasión alguna,La opción correcta conserva el detalle «reconocer» tal como aparece en la fuente: «Se vieron obligados a reconocer: “No hallaremos contra este Daniel ocasión alguna».,Se vieron obligados a reconocer: “No hallaremos contra este Daniel ocasión alguna,PR44-P055-F52,PR44-P055-F52-VARIANTS,verified,
PR44-0038,PR39-44,PR44,"PDF p.56, PR44, párrafo 2",true_false,medium,"oración, acusación, foso, piedra y sellos","Según PDF p.56, PR44, párrafo 2, en el pasaje sobre oración, acusación, foso, piedra y sellos, determine si el detalle entre corchetes hace verdadera o falsa esta afirmación: «Daniel, su ⟦adoración⟧ más honrado y fiel, había desafiado el decreto real.»","[""Verdadero"", ""Falso""]",1,Falso,"La afirmación cambia «estadista». La corrección exacta es: «Daniel, su estadista más honrado y fiel, había desafiado el decreto real.»","Daniel, su estadista más honrado y fiel, había desafiado el",PR44-P056-F45,PR44-P056-F45-VARIANTS,verified,"Daniel, su estadista más honrado y fiel, había desafiado el decreto real."
PR44-0039,PR39-44,PR44,"PDF p.55, PR44, párrafo 3",fill_blank,medium,"reorganización, celos y decreto","Según PDF p.55, PR44, párrafo 3, en el pasaje sobre reorganización, celos y decreto, complete la formulación del PDF: «Se vieron obligados a reconocer: “No _____ contra este Daniel ocasión alguna, si no la hallamos contra él en la ley de su Dios.”»","[""adoradores"", ""astrólogos"", ""hallaremos"", ""cristianas""]",2,hallaremos,"El PDF emplea la expresión «hallaremos» en este contexto: «vieron obligados a reconocer: “No hallaremos contra este Daniel ocasión alguna, si no».","vieron obligados a reconocer: “No hallaremos contra este Daniel ocasión alguna, si no",PR44-P055-F53,PR44-P055-F53-VARIANTS,verified,
PR44-0040,PR39-44,PR44,"PDF p.56, PR44, párrafo 2",multiple_choice,medium,"oración, acusación, foso, piedra y sellos","Según PDF p.56, PR44, párrafo 2, en el pasaje sobre oración, acusación, foso, piedra y sellos, ¿Cuál opción conserva el dato exacto de la fuente? Marco: «más honrado y fiel, había [DETALLE] el decreto real»","[""más honrado y fiel, había acarreado el decreto real"", ""más honrado y fiel, había aprendido el decreto real"", ""más honrado y fiel, había desafiado el decreto real"", ""más honrado y fiel, había atribuído el decreto real""]",2,"más honrado y fiel, había desafiado el decreto real","La opción correcta conserva el detalle «desafiado» tal como aparece en la fuente: «más honrado y fiel, había desafiado el decreto real».","más honrado y fiel, había desafiado el decreto real",PR44-P056-F46,PR44-P056-F46-VARIANTS,verified,
PR44-0041,PR39-44,PR44,"PDF p.55, PR44, párrafo 4",true_false,medium,"reorganización, celos y decreto","Según PDF p.55, PR44, párrafo 4, en el pasaje sobre reorganización, celos y decreto, determine si el detalle entre corchetes hace verdadera o falsa esta afirmación: «Por lo tanto, los ⟦presidentes⟧ y príncipes, consultándose, idearon un plan por el cual esperaban lograr la destrucción del profeta.»","[""Verdadero"", ""Falso""]",0,Verdadero,"La afirmación coincide con el PDF: «Por lo tanto, los presidentes y príncipes, consultándose, idearon un plan por».","Por lo tanto, los presidentes y príncipes, consultándose, idearon un plan por",PR44-P055-F58,PR44-P055-F58-VARIANTS,verified,
PR44-0042,PR39-44,PR44,"PDF p.56, PR44, párrafo 2",fill_blank,hard,"oración, acusación, foso, piedra y sellos","Según PDF p.56, PR44, párrafo 2, en el pasaje sobre oración, acusación, foso, piedra y sellos, complete la formulación del PDF: «Recordaron al rey: “¿No has _____ edicto que cualquiera que pidiere a cualquier dios u hombre en el espacio de treinta días, excepto a ti, oh rey, fuese echado en el foso de los leones?”»","[""arrostrado"", ""blasfemado"", ""emplazados"", ""confirmado""]",3,confirmado,El PDF emplea la expresión «confirmado» en este contexto: «Recordaron al rey: “¿No has confirmado edicto que cualquiera que pidiere a cualquier».,Recordaron al rey: “¿No has confirmado edicto que cualquiera que pidiere a cualquier,PR44-P056-F52,PR44-P056-F52-VARIANTS,verified,
PR44-0043,PR39-44,PR44,"PDF p.55, PR44, párrafo 4",multiple_choice,medium,"reorganización, celos y decreto","Según PDF p.55, PR44, párrafo 4, en el pasaje sobre reorganización, celos y decreto, ¿Cuál opción conserva el dato exacto de la fuente? Marco: «lo tanto, los presidentes y [DETALLE], consultándose, idearon un plan por el cual»","[""lo tanto, los presidentes y blasfemos, consultándose, idearon un plan por el cual"", ""lo tanto, los presidentes y corruptos, consultándose, idearon un plan por el cual"", ""lo tanto, los presidentes y disolutos, consultándose, idearon un plan por el cual"", ""lo tanto, los presidentes y príncipes, consultándose, idearon un plan por el cual""]",3,"lo tanto, los presidentes y príncipes, consultándose, idearon un plan por el cual","La opción correcta conserva el detalle «príncipes» tal como aparece en la fuente: «lo tanto, los presidentes y príncipes, consultándose, idearon un plan por el cual».","lo tanto, los presidentes y príncipes, consultándose, idearon un plan por el cual",PR44-P055-F59,PR44-P055-F59-VARIANTS,verified,
PR44-0044,PR39-44,PR44,"PDF p.56, PR44, párrafo 2",true_false,expert,"oración, acusación, foso, piedra y sellos","Según PDF p.56, PR44, párrafo 2, en el pasaje sobre oración, acusación, foso, piedra y sellos, determine si el detalle entre corchetes hace verdadera o falsa esta afirmación: «Recordaron al rey: “¿No has confirmado edicto que ⟦corromperá⟧ que pidiere a cualquier dios u hombre en el espacio de treinta días, excepto a ti, oh rey, fuese echado en el foso de los leones?”»","[""Verdadero"", ""Falso""]",1,Falso,"La afirmación cambia «cualquiera». La corrección exacta es: «Recordaron al rey: “¿No has confirmado edicto que cualquiera que pidiere a cualquier dios u hombre en el espacio de treinta días, excepto a ti, oh rey, fuese echado en el foso de los leones?”»",No has confirmado edicto que cualquiera que pidiere a cualquier dios u hombre,PR44-P056-F53,PR44-P056-F53-VARIANTS,verified,"Recordaron al rey: “¿No has confirmado edicto que cualquiera que pidiere a cualquier dios u hombre en el espacio de treinta días, excepto a ti, oh rey, fuese echado en el foso de los leones?”"
PR44-0045,PR39-44,PR44,"PDF p.55, PR44, párrafo 4",fill_blank,medium,"reorganización, celos y decreto","Según PDF p.55, PR44, párrafo 4, en el pasaje sobre reorganización, celos y decreto, complete la formulación del PDF: «Por lo tanto, los presidentes y príncipes, _____, idearon un plan por el cual esperaban lograr la destrucción del profeta.»","[""consultándose"", ""representante"", ""incomparable"", ""inconmovible""]",0,consultándose,"El PDF emplea la expresión «consultándose» en este contexto: «tanto, los presidentes y príncipes, consultándose, idearon un plan por el cual esperaban».","tanto, los presidentes y príncipes, consultándose, idearon un plan por el cual esperaban",PR44-P055-F60,PR44-P055-F60-VARIANTS,verified,
PR44-0046,PR39-44,PR44,"PDF p.56, PR44, párrafo 2",multiple_choice,hard,"oración, acusación, foso, piedra y sellos","Según PDF p.56, PR44, párrafo 2, en el pasaje sobre oración, acusación, foso, piedra y sellos, ¿Qué opción restituye con precisión la relación descrita? Marco: «que [DETALLE]a que pidiere a cualquier dios u hombre en el espacio de»","[""que cualquiera que pidiere a cualquier dios u hombre en el espacio de"", ""que acontecera que pidiere a cualquier dios u hombre en el espacio de"", ""que agradecera que pidiere a cualquier dios u hombre en el espacio de"", ""que compartira que pidiere a cualquier dios u hombre en el espacio de""]",0,que cualquiera que pidiere a cualquier dios u hombre en el espacio de,La opción correcta conserva el detalle «cualquier» tal como aparece en la fuente: «que cualquiera que pidiere a cualquier dios u hombre en el espacio de».,que cualquiera que pidiere a cualquier dios u hombre en el espacio de,PR44-P056-F54,PR44-P056-F54-VARIANTS,verified,
PR44-0047,PR39-44,PR44,"PDF p.55, PR44, párrafo 4",true_false,hard,"reorganización, celos y decreto","Según PDF p.55, PR44, párrafo 4, en el pasaje sobre reorganización, celos y decreto, determine si el detalle entre corchetes hace verdadera o falsa esta afirmación: «Por lo tanto, los presidentes y príncipes, consultándose, idearon un plan por el cual ⟦amenazaba⟧ lograr la destrucción del profeta.»","[""Verdadero"", ""Falso""]",1,Falso,"La afirmación cambia «esperaban». La corrección exacta es: «Por lo tanto, los presidentes y príncipes, consultándose, idearon un plan por el cual esperaban lograr la destrucción del profeta.»",un plan por el cual esperaban lograr la destrucción del profeta,PR44-P055-F61,PR44-P055-F61-VARIANTS,verified,"Por lo tanto, los presidentes y príncipes, consultándose, idearon un plan por el cual esperaban lograr la destrucción del profeta."
PR44-0048,PR39-44,PR44,"PDF p.56, PR44, párrafo 4",fill_blank,easy,"oración, acusación, foso, piedra y sellos","Según PDF p.56, PR44, párrafo 4, en el pasaje sobre oración, acusación, foso, piedra y sellos, complete la formulación del PDF: «Triunfantemente informaron entonces a Darío acerca de la conducta de su _____ de más confianza.»","[""escenario"", ""consejero"", ""esplendor"", ""mensajero""]",1,consejero,El PDF emplea la expresión «consejero» en este contexto: «de la conducta de su consejero de más confianza».,de la conducta de su consejero de más confianza,PR44-P056-F68,PR44-P056-F68-VARIANTS,verified,
PR44-0049,PR39-44,PR44,"PDF p.55, PR44, párrafo 4",multiple_choice,hard,"reorganización, celos y decreto","Según PDF p.55, PR44, párrafo 4, en el pasaje sobre reorganización, celos y decreto, ¿Qué opción restituye con precisión la relación descrita? Marco: «el cual esperaban lograr la [DETALLE] del profeta»","[""el cual esperaban lograr la convocación del profeta"", ""el cual esperaban lograr la destrucción del profeta"", ""el cual esperaban lograr la disposición del profeta"", ""el cual esperaban lograr la información del profeta""]",1,el cual esperaban lograr la destrucción del profeta,La opción correcta conserva el detalle «destrucción» tal como aparece en la fuente: «el cual esperaban lograr la destrucción del profeta».,el cual esperaban lograr la destrucción del profeta,PR44-P055-F62,PR44-P055-F62-VARIANTS,verified,
PR44-0050,PR39-44,PR44,"PDF p.56, PR44, párrafo 4",true_false,hard,"oración, acusación, foso, piedra y sellos","Según PDF p.56, PR44, párrafo 4, en el pasaje sobre oración, acusación, foso, piedra y sellos, determine si el detalle entre corchetes hace verdadera o falsa esta afirmación: «Triunfantemente informaron entonces a Darío acerca de la conducta de su consejero de más ⟦abrumador⟧.»","[""Verdadero"", ""Falso""]",1,Falso,La afirmación cambia «confianza». La corrección exacta es: «Triunfantemente informaron entonces a Darío acerca de la conducta de su consejero de más confianza.»,de su consejero de más confianza,PR44-P056-F69,PR44-P056-F69-VARIANTS,verified,Triunfantemente informaron entonces a Darío acerca de la conducta de su consejero de más confianza.
PR44-0051,PR39-44,PR44,"PDF p.55, PR44, párrafo 4",fill_blank,hard,"reorganización, celos y decreto","Según PDF p.55, PR44, párrafo 4, en el pasaje sobre reorganización, celos y decreto, complete la formulación del PDF: «Resolvieron pedir al rey que firmase un decreto que ellos iban a preparar, en el cual se _____ a cualquier persona del reino que por treinta días pidiese algo a Dios o a los hombres, excepto al rey Darío.»","[""ejercerían"", ""postrimería"", ""prohibiría"", ""proveería""]",2,prohibiría,"El PDF emplea la expresión «prohibiría» en este contexto: «preparar, en el cual se prohibiría a cualquier persona del reino que por».","preparar, en el cual se prohibiría a cualquier persona del reino que por",PR44-P055-F68,PR44-P055-F68-VARIANTS,verified,
PR44-0052,PR39-44,PR44,"PDF p.56, PR44, párrafo 4",multiple_choice,hard,"oración, acusación, foso, piedra y sellos","Según PDF p.56, PR44, párrafo 4, en el pasaje sobre oración, acusación, foso, piedra y sellos, ¿Qué opción restituye con precisión la relación descrita? Marco: «de los hijos de la [DETALLE] de los Judíos, no ha hecho cuenta»","[""de los hijos de la apariencia de los Judíos, no ha hecho cuenta"", ""de los hijos de la casualidad de los Judíos, no ha hecho cuenta"", ""de los hijos de la cautividad de los Judíos, no ha hecho cuenta"", ""de los hijos de la corrupción de los Judíos, no ha hecho cuenta""]",2,"de los hijos de la cautividad de los Judíos, no ha hecho cuenta","La opción correcta conserva el detalle «cautividad» tal como aparece en la fuente: «de los hijos de la cautividad de los Judíos, no ha hecho cuenta».","de los hijos de la cautividad de los Judíos, no ha hecho cuenta",PR44-P056-F76,PR44-P056-F76-VARIANTS,verified,
PR44-0053,PR39-44,PR44,"PDF p.55, PR44, párrafo 4",true_false,hard,"reorganización, celos y decreto","Según PDF p.55, PR44, párrafo 4, en el pasaje sobre reorganización, celos y decreto, determine si el detalle entre corchetes hace verdadera o falsa esta afirmación: «Resolvieron pedir al rey que firmase un decreto que ellos iban a preparar, en el cual se prohibiría a ⟦cualquier⟧ persona del reino que por treinta días pidiese algo a Dios o a los hombres, excepto al rey Darío.»","[""Verdadero"", ""Falso""]",0,Verdadero,La afirmación coincide con el PDF: «el cual se prohibiría a cualquier persona del reino que por treinta días».,el cual se prohibiría a cualquier persona del reino que por treinta días,PR44-P055-F69,PR44-P055-F69-VARIANTS,verified,
PR44-0054,PR39-44,PR44,"PDF p.55, PR44, párrafo 1",multiple_choice,expert,"reorganización, celos y decreto","Según PDF p.55, PR44, párrafo 1, en el pasaje sobre reorganización, celos y decreto, ¿Cuál opción mantiene sin alterar el detalle y el orden de la fuente? Marco: «Decidió “constituir sobre el reino [DETALLE]»","[""Decidió “constituir sobre el reino cuatro seres vivientes"", ""Decidió “constituir sobre el reino diez veces mejores"", ""Decidió “constituir sobre el reino tres presidentes"", ""Decidió “constituir sobre el reino ciento veinte gobernadores""]",3,Decidió “constituir sobre el reino ciento veinte gobernadores,La opción correcta conserva el detalle «ciento veinte gobernadores» tal como aparece en la fuente: «Decidió “constituir sobre el reino ciento veinte gobernadores».,Decidió “constituir sobre el reino ciento veinte gobernadores,PR44-P055-F12,PR44-P055-F12-VARIANTS,verified,
PR44-0055,PR39-44,PR44,"PDF p.56, PR44, párrafo 2",true_false,expert,"oración, acusación, foso, piedra y sellos","Según PDF p.56, PR44, párrafo 2, en el pasaje sobre oración, acusación, foso, piedra y sellos, determine si el detalle entre corchetes hace verdadera o falsa esta afirmación: «Recordaron al rey: “¿No has confirmado edicto que cualquiera que pidiere a cualquier dios u hombre en el espacio de treinta días, excepto a ti, oh rey, fuese echado en el ⟦trono de zafiro⟧?”»","[""Verdadero"", ""Falso""]",1,Falso,"La afirmación cambia «foso de los leones». La corrección exacta es: «Recordaron al rey: “¿No has confirmado edicto que cualquiera que pidiere a cualquier dios u hombre en el espacio de treinta días, excepto a ti, oh rey, fuese echado en el foso de los leones?”»","rey, fuese echado en el foso de los leones",PR44-P056-F50,PR44-P056-F50-VARIANTS,verified,"Recordaron al rey: “¿No has confirmado edicto que cualquiera que pidiere a cualquier dios u hombre en el espacio de treinta días, excepto a ti, oh rey, fuese echado en el foso de los leones?”"
PR44-0056,PR39-44,PR44,"PDF p.55, PR44, párrafo 1",multiple_choice,hard,"reorganización, celos y decreto","Según PDF p.55, PR44, párrafo 1, en el pasaje sobre reorganización, celos y decreto, ¿Qué opción restituye con precisión la relación descrita? Marco: «y sobre ellos [DETALLE], de los cuales Daniel era el uno»","[""y sobre ellos tres presidentes, de los cuales Daniel era el uno"", ""y sobre ellos sesenta codos, de los cuales Daniel era el uno"", ""y sobre ellos siete tiempos, de los cuales Daniel era el uno"", ""y sobre ellos siete veces, de los cuales Daniel era el uno""]",0,"y sobre ellos tres presidentes, de los cuales Daniel era el uno","La opción correcta conserva el detalle «tres presidentes» tal como aparece en la fuente: «y sobre ellos tres presidentes, de los cuales Daniel era el uno».","y sobre ellos tres presidentes, de los cuales Daniel era el uno",PR44-P055-F15,PR44-P055-F15-VARIANTS,verified,
PR44-0057,PR39-44,PR44,"PDF p.56, PR44, párrafo 6",fill_blank,expert,"oración, acusación, foso, piedra y sellos","Según PDF p.56, PR44, párrafo 6, en el pasaje sobre oración, acusación, foso, piedra y sellos, complete la formulación del PDF: «“Entonces el rey mandó, y trajeron a Daniel, y echáronle en el _____.»","[""trono de zafiro"", ""tiempo del fin"", ""Hijo de Dios"", ""foso de los leones""]",3,foso de los leones,"El PDF emplea la expresión «foso de los leones» en este contexto: «Daniel, y echáronle en el foso de los leones».","Daniel, y echáronle en el foso de los leones",PR44-P056-F129,PR44-P056-F129-VARIANTS,verified,
PR44-0058,PR39-44,PR44,"PDF p.55, PR44, párrafo 4",true_false,expert,"reorganización, celos y decreto","Según PDF p.55, PR44, párrafo 4, en el pasaje sobre reorganización, celos y decreto, determine si el detalle entre corchetes hace verdadera o falsa esta afirmación: «La violación de este decreto se castigaría arrojando al culpable en el ⟦foso de los leones⟧.»","[""Verdadero"", ""Falso""]",0,Verdadero,La afirmación coincide con el PDF: «arrojando al culpable en el foso de los leones».,arrojando al culpable en el foso de los leones,PR44-P055-F79,PR44-P055-F79-VARIANTS,verified,
PR44-0059,PR39-44,PR44,"PDF p.56, PR44, párrafo 7",fill_blank,expert,"oración, acusación, foso, piedra y sellos","Según PDF p.56, PR44, párrafo 7, en el pasaje sobre oración, acusación, foso, piedra y sellos, complete la formulación del PDF: «Dios no impidió a los enemigos de Daniel que le echasen al _____.»","[""foso de los leones"", ""trono de zafiro"", ""tiempo del fin"", ""Hijo de Dios""]",0,foso de los leones,El PDF emplea la expresión «foso de los leones» en este contexto: «Daniel que le echasen al foso de los leones».,Daniel que le echasen al foso de los leones,PR44-P056-F159,PR44-P056-F159-VARIANTS,verified,
PR44-0060,PR39-44,PR44,"PDF p.55, PR44, párrafo 4",multiple_choice,medium,"reorganización, celos y decreto","Según PDF p.55, PR44, párrafo 4, en el pasaje sobre reorganización, celos y decreto, ¿Cuál opción conserva el dato exacto de la fuente? Marco: «persona del reino que por [DETALLE] días pidiese algo a Dios o a»","[""persona del reino que por sesenta días pidiese algo a Dios o a"", ""persona del reino que por treinta días pidiese algo a Dios o a"", ""persona del reino que por cuatro días pidiese algo a Dios o a"", ""persona del reino que por siete días pidiese algo a Dios o a""]",1,persona del reino que por treinta días pidiese algo a Dios o a,La opción correcta conserva el detalle «treinta» tal como aparece en la fuente: «persona del reino que por treinta días pidiese algo a Dios o a».,persona del reino que por treinta días pidiese algo a Dios o a,PR44-P055-F67,PR44-P055-F67-VARIANTS,verified,
PR44-0061,PR39-44,PR44,"PDF p.56, PR44, párrafo 2",fill_blank,easy,"oración, acusación, foso, piedra y sellos","Según PDF p.56, PR44, párrafo 2, en el pasaje sobre oración, acusación, foso, piedra y sellos, complete la formulación del PDF: «Recordaron al rey: “¿No has confirmado edicto que cualquiera que pidiere a cualquier dios u hombre en el espacio de _____ días, excepto a ti, oh rey, fuese echado en el foso de los leones?”»","[""sesenta"", ""treinta"", ""cuatro"", ""siete""]",1,treinta,"El PDF emplea la expresión «treinta» en este contexto: «hombre en el espacio de treinta días, excepto a ti, oh rey, fuese».","hombre en el espacio de treinta días, excepto a ti, oh rey, fuese",PR44-P056-F51,PR44-P056-F51-VARIANTS,verified,
PR44-0062,PR39-44,PR44,"PDF p.55, PR44, párrafo 1",true_false,medium,"reorganización, celos y decreto","Según PDF p.55, PR44, párrafo 1, en el pasaje sobre reorganización, celos y decreto, determine si el detalle entre corchetes hace verdadera o falsa esta afirmación: «Cuando Darío el Medo subió al trono antes ocupado por los ⟦gobernantes⟧ babilónicos, procedió inmediatamente a reorganizar el gobierno.»","[""Verdadero"", ""Falso""]",0,Verdadero,"La afirmación coincide con el PDF: «trono antes ocupado por los gobernantes babilónicos, procedió inmediatamente a reorganizar el gobierno».","trono antes ocupado por los gobernantes babilónicos, procedió inmediatamente a reorganizar el gobierno",PR44-P055-F01,PR44-P055-F01-VARIANTS,verified,
PR44-0063,PR39-44,PR44,"PDF p.56, PR44, párrafo 1",fill_blank,hard,"oración, acusación, foso, piedra y sellos","Según PDF p.56, PR44, párrafo 1, en el pasaje sobre oración, acusación, foso, piedra y sellos, complete la formulación del PDF: «Así declaró el profeta con osadía serena y humilde que ninguna potencia terrenal tiene derecho a _____ entre el alma y Dios.»","[""atestiguarse"", ""determinarse"", ""interponerse"", ""desfallecer""]",2,interponerse,El PDF emplea la expresión «interponerse» en este contexto: «potencia terrenal tiene derecho a interponerse entre el alma y Dios».,potencia terrenal tiene derecho a interponerse entre el alma y Dios,PR44-P056-F01,PR44-P056-F01-VARIANTS,verified,
PR44-0064,PR39-44,PR44,"PDF p.55, PR44, párrafo 1",multiple_choice,medium,"reorganización, celos y decreto","Según PDF p.55, PR44, párrafo 1, en el pasaje sobre reorganización, celos y decreto, ¿Cuál opción conserva el dato exacto de la fuente? Marco: «antes ocupado por los gobernantes [DETALLE], procedió inmediatamente a reorganizar el gobierno»","[""antes ocupado por los gobernantes adivinanzas, procedió inmediatamente a reorganizar el gobierno"", ""antes ocupado por los gobernantes bendecirlos, procedió inmediatamente a reorganizar el gobierno"", ""antes ocupado por los gobernantes babilónicos, procedió inmediatamente a reorganizar el gobierno"", ""antes ocupado por los gobernantes bendiciones, procedió inmediatamente a reorganizar el gobierno""]",2,"antes ocupado por los gobernantes babilónicos, procedió inmediatamente a reorganizar el gobierno","La opción correcta conserva el detalle «babilónicos» tal como aparece en la fuente: «antes ocupado por los gobernantes babilónicos, procedió inmediatamente a reorganizar el gobierno».","antes ocupado por los gobernantes babilónicos, procedió inmediatamente a reorganizar el gobierno",PR44-P055-F02,PR44-P055-F02-VARIANTS,verified,
PR44-0065,PR39-44,PR44,"PDF p.56, PR44, párrafo 1",true_false,medium,"oración, acusación, foso, piedra y sellos","Según PDF p.56, PR44, párrafo 1, en el pasaje sobre oración, acusación, foso, piedra y sellos, determine si el detalle entre corchetes hace verdadera o falsa esta afirmación: «Rodeado de ⟦blasfemos⟧, atestiguó fielmente esta verdad.»","[""Verdadero"", ""Falso""]",1,Falso,"La afirmación cambia «idólatras». La corrección exacta es: «Rodeado de idólatras, atestiguó fielmente esta verdad.»","Rodeado de idólatras, atestiguó fielmente esta verdad",PR44-P056-F12,PR44-P056-F12-VARIANTS,verified,"Rodeado de idólatras, atestiguó fielmente esta verdad."
PR44-0066,PR39-44,PR44,"PDF p.55, PR44, párrafo 1",fill_blank,medium,"reorganización, celos y decreto","Según PDF p.55, PR44, párrafo 1, en el pasaje sobre reorganización, celos y decreto, complete la formulación del PDF: «Cuando Darío el Medo subió al trono antes ocupado por los gobernantes babilónicos, procedió _____ a reorganizar el gobierno.»","[""aceleradamente"", ""favorablemente"", ""fervorosamente"", ""inmediatamente""]",3,inmediatamente,"El PDF emplea la expresión «inmediatamente» en este contexto: «por los gobernantes babilónicos, procedió inmediatamente a reorganizar el gobierno».","por los gobernantes babilónicos, procedió inmediatamente a reorganizar el gobierno",PR44-P055-F03,PR44-P055-F03-VARIANTS,verified,
PR44-0067,PR39-44,PR44,"PDF p.56, PR44, párrafo 1",multiple_choice,easy,"oración, acusación, foso, piedra y sellos","Según PDF p.56, PR44, párrafo 1, en el pasaje sobre oración, acusación, foso, piedra y sellos, ¿Qué expresión completa correctamente el detalle señalado? Marco: «Rodeado de idólatras, [DETALLE] fielmente esta verdad»","[""Rodeado de idólatras, abrumador fielmente esta verdad"", ""Rodeado de idólatras, aliviarla fielmente esta verdad"", ""Rodeado de idólatras, atrayente fielmente esta verdad"", ""Rodeado de idólatras, atestiguó fielmente esta verdad""]",3,"Rodeado de idólatras, atestiguó fielmente esta verdad","La opción correcta conserva el detalle «atestiguó» tal como aparece en la fuente: «Rodeado de idólatras, atestiguó fielmente esta verdad».","Rodeado de idólatras, atestiguó fielmente esta verdad",PR44-P056-F13,PR44-P056-F13-VARIANTS,verified,
PR44-0068,PR39-44,PR44,"PDF p.55, PR44, párrafo 1",true_false,hard,"reorganización, celos y decreto","Según PDF p.55, PR44, párrafo 1, en el pasaje sobre reorganización, celos y decreto, determine si el detalle entre corchetes hace verdadera o falsa esta afirmación: «Cuando Darío el Medo subió al trono antes ocupado por los gobernantes babilónicos, procedió inmediatamente a ⟦desfallecer⟧ el gobierno.»","[""Verdadero"", ""Falso""]",1,Falso,"La afirmación cambia «reorganizar». La corrección exacta es: «Cuando Darío el Medo subió al trono antes ocupado por los gobernantes babilónicos, procedió inmediatamente a reorganizar el gobierno.»","gobernantes babilónicos, procedió inmediatamente a reorganizar el gobierno",PR44-P055-F04,PR44-P055-F04-VARIANTS,verified,"Cuando Darío el Medo subió al trono antes ocupado por los gobernantes babilónicos, procedió inmediatamente a reorganizar el gobierno."
PR44-0069,PR39-44,PR44,"PDF p.56, PR44, párrafo 1",fill_blank,easy,"oración, acusación, foso, piedra y sellos","Según PDF p.56, PR44, párrafo 1, en el pasaje sobre oración, acusación, foso, piedra y sellos, complete la formulación del PDF: «Rodeado de idólatras, atestiguó _____ esta verdad.»","[""fielmente"", ""claramente"", ""finalmente"", ""firmemente""]",0,fielmente,"El PDF emplea la expresión «fielmente» en este contexto: «Rodeado de idólatras, atestiguó fielmente esta verdad».","Rodeado de idólatras, atestiguó fielmente esta verdad",PR44-P056-F14,PR44-P056-F14-VARIANTS,verified,
PR44-0070,PR39-44,PR44,"PDF p.55, PR44, párrafo 1",multiple_choice,hard,"reorganización, celos y decreto","Según PDF p.55, PR44, párrafo 1, en el pasaje sobre reorganización, celos y decreto, ¿Qué opción restituye con precisión la relación descrita? Marco: «el uno, a quienes estos [DETALLE] diesen cuenta, porque el rey no recibiese»","[""el uno, a quienes estos gobernadores diesen cuenta, porque el rey no recibiese"", ""el uno, a quienes estos contemplamos diesen cuenta, porque el rey no recibiese"", ""el uno, a quienes estos encantadores diesen cuenta, porque el rey no recibiese"", ""el uno, a quienes estos espirituales diesen cuenta, porque el rey no recibiese""]",0,"el uno, a quienes estos gobernadores diesen cuenta, porque el rey no recibiese","La opción correcta conserva el detalle «gobernadores» tal como aparece en la fuente: «el uno, a quienes estos gobernadores diesen cuenta, porque el rey no recibiese».","el uno, a quienes estos gobernadores diesen cuenta, porque el rey no recibiese",PR44-P055-F16,PR44-P055-F16-VARIANTS,verified,
PR44-0071,PR39-44,PR44,"PDF p.56, PR44, párrafo 1",true_false,hard,"oración, acusación, foso, piedra y sellos","Según PDF p.56, PR44, párrafo 1, en el pasaje sobre oración, acusación, foso, piedra y sellos, determine si el detalle entre corchetes hace verdadera o falsa esta afirmación: «Su adhesión indómita a lo recto fué una luz que brilló en las ⟦lecciones⟧ morales de aquella corte pagana.»","[""Verdadero"", ""Falso""]",1,Falso,La afirmación cambia «tinieblas». La corrección exacta es: «Su adhesión indómita a lo recto fué una luz que brilló en las tinieblas morales de aquella corte pagana.»,luz que brilló en las tinieblas morales de aquella corte pagana,PR44-P056-F17,PR44-P056-F17-VARIANTS,verified,Su adhesión indómita a lo recto fué una luz que brilló en las tinieblas morales de aquella corte pagana.
PR44-0072,PR39-44,PR44,"PDF p.55, PR44, párrafo 1",fill_blank,hard,"reorganización, celos y decreto","Según PDF p.55, PR44, párrafo 1, en el pasaje sobre reorganización, celos y decreto, complete la formulación del PDF: «y sobre ellos tres presidentes, de los cuales Daniel era el uno, a quienes estos gobernadores diesen cuenta, porque el rey no _____ daño.»","[""habitasen"", ""recibiese"", ""revelasen"", ""sirviesen""]",1,recibiese,"El PDF emplea la expresión «recibiese» en este contexto: «cuenta, porque el rey no recibiese daño».","cuenta, porque el rey no recibiese daño",PR44-P055-F17,PR44-P055-F17-VARIANTS,verified,
PR44-0073,PR39-44,PR44,"PDF p.56, PR44, párrafo 1",multiple_choice,medium,"oración, acusación, foso, piedra y sellos","Según PDF p.56, PR44, párrafo 1, en el pasaje sobre oración, acusación, foso, piedra y sellos, ¿Cuál opción conserva el dato exacto de la fuente? Marco: «mundo como digno ejemplo de [DETALLE] y fidelidad cristianas»","[""mundo como digno ejemplo de babilónico y fidelidad cristianas"", ""mundo como digno ejemplo de intrepidez y fidelidad cristianas"", ""mundo como digno ejemplo de destruidor y fidelidad cristianas"", ""mundo como digno ejemplo de espiritual y fidelidad cristianas""]",1,mundo como digno ejemplo de intrepidez y fidelidad cristianas,La opción correcta conserva el detalle «intrepidez» tal como aparece en la fuente: «mundo como digno ejemplo de intrepidez y fidelidad cristianas».,mundo como digno ejemplo de intrepidez y fidelidad cristianas,PR44-P056-F25,PR44-P056-F25-VARIANTS,verified,
PR44-0074,PR39-44,PR44,"PDF p.55, PR44, párrafo 1",true_false,hard,"reorganización, celos y decreto","Según PDF p.55, PR44, párrafo 1, en el pasaje sobre reorganización, celos y decreto, determine si el detalle entre corchetes hace verdadera o falsa esta afirmación: «Pero el mismo Daniel era superior a estos ⟦contemplamos⟧ y presidentes, porque había en él más abundancia de espíritu: y el rey pensaba de ponerlo sobre todo el reino.”»","[""Verdadero"", ""Falso""]",1,Falso,"La afirmación cambia «gobernadores». La corrección exacta es: «Pero el mismo Daniel era superior a estos gobernadores y presidentes, porque había en él más abundancia de espíritu: y el rey pensaba de ponerlo sobre todo el reino.”»","Daniel era superior a estos gobernadores y presidentes, porque había en él más",PR44-P055-F22,PR44-P055-F22-VARIANTS,verified,"Pero el mismo Daniel era superior a estos gobernadores y presidentes, porque había en él más abundancia de espíritu: y el rey pensaba de ponerlo sobre todo el reino.”"
PR44-0075,PR39-44,PR44,"PDF p.56, PR44, párrafo 1",fill_blank,easy,"oración, acusación, foso, piedra y sellos","Según PDF p.56, PR44, párrafo 1, en el pasaje sobre oración, acusación, foso, piedra y sellos, complete la formulación del PDF: «Daniel se destaca hoy ante el mundo como digno ejemplo de intrepidez y _____ cristianas.»","[""adoración"", ""adorareis"", ""fidelidad"", ""autoridad""]",2,fidelidad,El PDF emplea la expresión «fidelidad» en este contexto: «digno ejemplo de intrepidez y fidelidad cristianas».,digno ejemplo de intrepidez y fidelidad cristianas,PR44-P056-F26,PR44-P056-F26-VARIANTS,verified,
PR44-0076,PR39-44,PR44,"PDF p.55, PR44, párrafo 1",multiple_choice,hard,"reorganización, celos y decreto","Según PDF p.55, PR44, párrafo 1, en el pasaje sobre reorganización, celos y decreto, ¿Qué opción restituye con precisión la relación descrita? Marco: «superior a estos gobernadores y [DETALLE], porque había en él más abundancia de»","[""superior a estos gobernadores y adivinanzas, porque había en él más abundancia de"", ""superior a estos gobernadores y babilónicos, porque había en él más abundancia de"", ""superior a estos gobernadores y presidentes, porque había en él más abundancia de"", ""superior a estos gobernadores y bendecirlos, porque había en él más abundancia de""]",2,"superior a estos gobernadores y presidentes, porque había en él más abundancia de","La opción correcta conserva el detalle «presidentes» tal como aparece en la fuente: «superior a estos gobernadores y presidentes, porque había en él más abundancia de».","superior a estos gobernadores y presidentes, porque había en él más abundancia de",PR44-P055-F23,PR44-P055-F23-VARIANTS,verified,
PR44-0077,PR39-44,PR44,"PDF p.56, PR44, párrafo 1",true_false,hard,"oración, acusación, foso, piedra y sellos","Según PDF p.56, PR44, párrafo 1, en el pasaje sobre oración, acusación, foso, piedra y sellos, determine si el detalle entre corchetes hace verdadera o falsa esta afirmación: «Daniel se destaca hoy ante el mundo como digno ejemplo de intrepidez y fidelidad ⟦adoradores⟧.»","[""Verdadero"", ""Falso""]",1,Falso,La afirmación cambia «cristianas». La corrección exacta es: «Daniel se destaca hoy ante el mundo como digno ejemplo de intrepidez y fidelidad cristianas.»,ejemplo de intrepidez y fidelidad cristianas,PR44-P056-F27,PR44-P056-F27-VARIANTS,verified,Daniel se destaca hoy ante el mundo como digno ejemplo de intrepidez y fidelidad cristianas.
PR44-0078,PR39-44,PR44,"PDF p.55, PR44, párrafo 1",fill_blank,hard,"reorganización, celos y decreto","Según PDF p.55, PR44, párrafo 1, en el pasaje sobre reorganización, celos y decreto, complete la formulación del PDF: «Pero el mismo Daniel era superior a estos gobernadores y presidentes, porque había en él más _____ de espíritu: y el rey pensaba de ponerlo sobre todo el reino.”»","[""constancia"", ""describían"", ""establecía"", ""abundancia""]",3,abundancia,El PDF emplea la expresión «abundancia» en este contexto: «porque había en él más abundancia de espíritu: y el rey pensaba de».,porque había en él más abundancia de espíritu: y el rey pensaba de,PR44-P055-F24,PR44-P055-F24-VARIANTS,verified,
PR44-0079,PR39-44,PR44,"PDF p.56, PR44, párrafo 2",multiple_choice,easy,"oración, acusación, foso, piedra y sellos","Según PDF p.56, PR44, párrafo 2, en el pasaje sobre oración, acusación, foso, piedra y sellos, ¿Qué expresión completa correctamente el detalle señalado? Marco: «Durante todo un día los [DETALLE] vigilaron a Daniel»","[""Durante todo un día los capitanes vigilaron a Daniel"", ""Durante todo un día los caprichos vigilaron a Daniel"", ""Durante todo un día los corazones vigilaron a Daniel"", ""Durante todo un día los príncipes vigilaron a Daniel""]",3,Durante todo un día los príncipes vigilaron a Daniel,La opción correcta conserva el detalle «príncipes» tal como aparece en la fuente: «Durante todo un día los príncipes vigilaron a Daniel».,Durante todo un día los príncipes vigilaron a Daniel,PR44-P056-F32,PR44-P056-F32-VARIANTS,verified,
PR44-0080,PR39-44,PR44,"PDF p.55, PR44, párrafo 2",true_false,hard,"reorganización, celos y decreto","Según PDF p.55, PR44, párrafo 2, en el pasaje sobre reorganización, celos y decreto, determine si el detalle entre corchetes hace verdadera o falsa esta afirmación: «Los honores ⟦otorgados⟧ a Daniel despertaron los celos de los principales del reino, y buscaron ocasión de quejarse contra él»","[""Verdadero"", ""Falso""]",0,Verdadero,La afirmación coincide con el PDF: «Los honores otorgados a Daniel despertaron los celos de los».,Los honores otorgados a Daniel despertaron los celos de los,PR44-P055-F31,PR44-P055-F31-VARIANTS,verified,
PR44-0081,PR39-44,PR44,"PDF p.56, PR44, párrafo 2",fill_blank,medium,"oración, acusación, foso, piedra y sellos","Según PDF p.56, PR44, párrafo 2, en el pasaje sobre oración, acusación, foso, piedra y sellos, complete la formulación del PDF: «Durante todo un día los príncipes _____ a Daniel.»","[""vigilaron"", ""acordaste"", ""confiaste"", ""engañaron""]",0,vigilaron,El PDF emplea la expresión «vigilaron» en este contexto: «todo un día los príncipes vigilaron a Daniel».,todo un día los príncipes vigilaron a Daniel,PR44-P056-F33,PR44-P056-F33-VARIANTS,verified,
PR44-0082,PR39-44,PR44,"PDF p.55, PR44, párrafo 2",multiple_choice,hard,"reorganización, celos y decreto","Según PDF p.55, PR44, párrafo 2, en el pasaje sobre reorganización, celos y decreto, ¿Qué opción restituye con precisión la relación descrita? Marco: «Los honores otorgados a Daniel [DETALLE] los celos de los principales del reino»","[""Los honores otorgados a Daniel despertaron los celos de los principales del reino"", ""Los honores otorgados a Daniel presentaron los celos de los principales del reino"", ""Los honores otorgados a Daniel acontecieron los celos de los principales del reino"", ""Los honores otorgados a Daniel apoderaron los celos de los principales del reino""]",0,Los honores otorgados a Daniel despertaron los celos de los principales del reino,La opción correcta conserva el detalle «despertaron» tal como aparece en la fuente: «Los honores otorgados a Daniel despertaron los celos de los principales del reino».,Los honores otorgados a Daniel despertaron los celos de los principales del reino,PR44-P055-F32,PR44-P055-F32-VARIANTS,verified,
PR44-0083,PR39-44,PR44,"PDF p.56, PR44, párrafo 2",true_false,medium,"oración, acusación, foso, piedra y sellos","Según PDF p.56, PR44, párrafo 2, en el pasaje sobre oración, acusación, foso, piedra y sellos, determine si el detalle entre corchetes hace verdadera o falsa esta afirmación: «Tres veces le vieron ir a su cámara, y tres veces oyeron su voz elevarse en ⟦ferviente⟧ intercesión para con Dios.»","[""Verdadero"", ""Falso""]",0,Verdadero,La afirmación coincide con el PDF: «oyeron su voz elevarse en ferviente intercesión para con Dios».,oyeron su voz elevarse en ferviente intercesión para con Dios,PR44-P056-F34,PR44-P056-F34-VARIANTS,verified,
PR44-0084,PR39-44,PR44,"PDF p.55, PR44, párrafo 2",fill_blank,medium,"reorganización, celos y decreto","Según PDF p.55, PR44, párrafo 2, en el pasaje sobre reorganización, celos y decreto, complete la formulación del PDF: «Los honores otorgados a Daniel despertaron los celos de los _____ del reino, y buscaron ocasión de quejarse contra él»","[""divinidades"", ""principales"", ""gobernantes"", ""presidentes""]",1,principales,"El PDF emplea la expresión «principales» en este contexto: «despertaron los celos de los principales del reino, y buscaron ocasión de quejarse».","despertaron los celos de los principales del reino, y buscaron ocasión de quejarse",PR44-P055-F33,PR44-P055-F33-VARIANTS,verified,
PR44-0085,PR39-44,PR44,"PDF p.56, PR44, párrafo 2",multiple_choice,hard,"oración, acusación, foso, piedra y sellos","Según PDF p.56, PR44, párrafo 2, en el pasaje sobre oración, acusación, foso, piedra y sellos, ¿Qué opción restituye con precisión la relación descrita? Marco: «su voz elevarse en ferviente [DETALLE] para con Dios»","[""su voz elevarse en ferviente convocación para con Dios"", ""su voz elevarse en ferviente intercesión para con Dios"", ""su voz elevarse en ferviente destrucción para con Dios"", ""su voz elevarse en ferviente disposición para con Dios""]",1,su voz elevarse en ferviente intercesión para con Dios,La opción correcta conserva el detalle «intercesión» tal como aparece en la fuente: «su voz elevarse en ferviente intercesión para con Dios».,su voz elevarse en ferviente intercesión para con Dios,PR44-P056-F35,PR44-P056-F35-VARIANTS,verified,
PR44-0086,PR39-44,PR44,"PDF p.57, PR44, párrafo 3",fill_blank,expert,"liberación, acusadores y proclamación de Darío","Según PDF p.57, PR44, párrafo 3, en el pasaje sobre liberación, acusadores y proclamación de Darío, complete la formulación del PDF: «“Y mandándolo el rey fueron traídos aquellos hombres que habían acusado a Daniel, y fueron echados en el _____, ellos, sus hijos, y sus mujeres»","[""trono de zafiro"", ""tiempo del fin"", ""foso de los leones"", ""Hijo de Dios""]",2,foso de los leones,"El PDF emplea la expresión «foso de los leones» en este contexto: «y fueron echados en el foso de los leones, ellos, sus hijos, y sus mujeres».","y fueron echados en el foso de los leones, ellos, sus hijos, y sus mujeres",PR44-P057-F25,PR44-P057-F25-VARIANTS,verified,
PR44-0087,PR39-44,PR44,"PDF p.57, PR44, párrafo 4",multiple_choice,expert,"liberación, acusadores y proclamación de Darío","Según PDF p.57, PR44, párrafo 4, en el pasaje sobre liberación, acusadores y proclamación de Darío, ¿Cuál opción mantiene sin alterar el detalle y el orden de la fuente? Marco: «Daniel: porque él es el [DETALLE] y permanente por todos los siglos»","[""Daniel: porque él es el reino eterno y permanente por todos los siglos"", ""Daniel: porque él es el río Eufrates y permanente por todos los siglos"", ""Daniel: porque él es el Dios viviente y permanente por todos los siglos"", ""Daniel: porque él es el verdadero éxito y permanente por todos los siglos""]",2,Daniel: porque él es el Dios viviente y permanente por todos los siglos,La opción correcta conserva el detalle «Dios viviente» tal como aparece en la fuente: «Daniel: porque él es el Dios viviente y permanente por todos los siglos».,Daniel: porque él es el Dios viviente y permanente por todos los siglos,PR44-P057-F57,PR44-P057-F57-VARIANTS,verified,
PR44-0088,PR39-44,PR44,"PDF p.57, PR44, párrafo 5",fill_blank,expert,"liberación, acusadores y proclamación de Darío","Según PDF p.57, PR44, párrafo 5, en el pasaje sobre liberación, acusadores y proclamación de Darío, complete la formulación del PDF: «Y por haberle tratado, esos monarcas paganos se vieron obligados a reconocer que su Dios era “el _____ y permanente por todos los siglos, y su reino tal que no será deshecho.”»","[""reino eterno"", ""río Eufrates"", ""verdadero éxito"", ""Dios viviente""]",3,Dios viviente,"El PDF emplea la expresión «Dios viviente» en este contexto: «que su Dios era “el Dios viviente y permanente por todos los siglos, y».","que su Dios era “el Dios viviente y permanente por todos los siglos, y",PR44-P057-F86,PR44-P057-F86-VARIANTS,verified,
PR44-0089,PR39-44,PR44,"PDF p.57, PR44, párrafo 6",multiple_choice,expert,"liberación, acusadores y proclamación de Darío","Según PDF p.57, PR44, párrafo 6, en el pasaje sobre liberación, acusadores y proclamación de Darío, ¿Cuál opción mantiene sin alterar el detalle y el orden de la fuente? Marco: «En el [DETALLE] Daniel fué el mismo que cuando actuaba»","[""En el trono de zafiro Daniel fué el mismo que cuando actuaba"", ""En el tiempo del fin Daniel fué el mismo que cuando actuaba"", ""En el Hijo de Dios Daniel fué el mismo que cuando actuaba"", ""En el foso de los leones Daniel fué el mismo que cuando actuaba""]",3,En el foso de los leones Daniel fué el mismo que cuando actuaba,La opción correcta conserva el detalle «foso de los leones» tal como aparece en la fuente: «En el foso de los leones Daniel fué el mismo que cuando actuaba».,En el foso de los leones Daniel fué el mismo que cuando actuaba,PR44-P057-F109,PR44-P057-F109-VARIANTS,verified,
PR44-0090,PR39-44,PR44,"PDF p.57, PR44, párrafo 3",true_false,hard,"liberación, acusadores y proclamación de Darío","Según PDF p.57, PR44, párrafo 3, en el pasaje sobre liberación, acusadores y proclamación de Darío, determine si el detalle entre corchetes hace verdadera o falsa esta afirmación: «y aun no habían llegado al suelo del foso, cuando los leones se ⟦apoderaron⟧ de ellos, y quebrantaron todos sus huesos.”»","[""Verdadero"", ""Falso""]",0,Verdadero,"La afirmación coincide con el PDF: «foso, cuando los leones se apoderaron de ellos, y quebrantaron todos sus huesos».","foso, cuando los leones se apoderaron de ellos, y quebrantaron todos sus huesos",PR44-P057-F34,PR44-P057-F34-VARIANTS,verified,
PR44-0091,PR39-44,PR44,"PDF p.57, PR44, párrafo 3",fill_blank,hard,"liberación, acusadores y proclamación de Darío","Según PDF p.57, PR44, párrafo 3, en el pasaje sobre liberación, acusadores y proclamación de Darío, complete la formulación del PDF: «y aun no habían llegado al suelo del foso, cuando los leones se apoderaron de ellos, y _____ todos sus huesos.”»","[""quebrantaron"", ""acontecieron"", ""manifestaron"", ""respondieron""]",0,quebrantaron,"El PDF emplea la expresión «quebrantaron» en este contexto: «se apoderaron de ellos, y quebrantaron todos sus huesos».","se apoderaron de ellos, y quebrantaron todos sus huesos",PR44-P057-F35,PR44-P057-F35-VARIANTS,verified,
PR44-0092,PR39-44,PR44,"PDF p.57, PR44, párrafo 4",multiple_choice,medium,"liberación, acusadores y proclamación de Darío","Según PDF p.57, PR44, párrafo 4, en el pasaje sobre liberación, acusadores y proclamación de Darío, ¿Cuál opción conserva el dato exacto de la fuente? Marco: «Nuevamente, un [DETALLE] pagano hizo una proclamación para exaltar al»","[""Nuevamente, un gobernante pagano hizo una proclamación para exaltar al"", ""Nuevamente, un desarrollo pagano hizo una proclamación para exaltar al"", ""Nuevamente, un fundamento pagano hizo una proclamación para exaltar al"", ""Nuevamente, un nacimiento pagano hizo una proclamación para exaltar al""]",0,"Nuevamente, un gobernante pagano hizo una proclamación para exaltar al","La opción correcta conserva el detalle «gobernante» tal como aparece en la fuente: «Nuevamente, un gobernante pagano hizo una proclamación para exaltar al».","Nuevamente, un gobernante pagano hizo una proclamación para exaltar al",PR44-P057-F41,PR44-P057-F41-VARIANTS,verified,
PR44-0093,PR39-44,PR44,"PDF p.57, PR44, párrafo 4",true_false,medium,"liberación, acusadores y proclamación de Darío","Según PDF p.57, PR44, párrafo 4, en el pasaje sobre liberación, acusadores y proclamación de Darío, determine si el detalle entre corchetes hace verdadera o falsa esta afirmación: «Nuevamente, un gobernante pagano hizo una ⟦proclamación⟧ para exaltar al Dios de Daniel como el Dios verdadero.»","[""Verdadero"", ""Falso""]",0,Verdadero,La afirmación coincide con el PDF: «un gobernante pagano hizo una proclamación para exaltar al Dios de Daniel como».,un gobernante pagano hizo una proclamación para exaltar al Dios de Daniel como,PR44-P057-F42,PR44-P057-F42-VARIANTS,verified,
PR44-0094,PR39-44,PR44,"PDF p.57, PR44, párrafo 4",fill_blank,medium,"liberación, acusadores y proclamación de Darío","Según PDF p.57, PR44, párrafo 4, en el pasaje sobre liberación, acusadores y proclamación de Darío, complete la formulación del PDF: «Nuevamente, un gobernante pagano hizo una proclamación para exaltar al Dios de Daniel como el Dios _____.»","[""abrumador"", ""verdadero"", ""aliviarla"", ""atestiguó""]",1,verdadero,El PDF emplea la expresión «verdadero» en este contexto: «de Daniel como el Dios verdadero».,de Daniel como el Dios verdadero,PR44-P057-F43,PR44-P057-F43-VARIANTS,verified,
PR44-0095,PR39-44,PR44,"PDF p.57, PR44, párrafo 4",multiple_choice,hard,"liberación, acusadores y proclamación de Darío","Según PDF p.57, PR44, párrafo 4, en el pasaje sobre liberación, acusadores y proclamación de Darío, ¿Qué opción restituye con precisión la relación descrita? Marco: «la tierra: Paz os sea [DETALLE]: De parte mía es puesta ordenanza»","[""la tierra: Paz os sea aterrorizado: De parte mía es puesta ordenanza"", ""la tierra: Paz os sea multiplicada: De parte mía es puesta ordenanza"", ""la tierra: Paz os sea desesperados: De parte mía es puesta ordenanza"", ""la tierra: Paz os sea desprevenida: De parte mía es puesta ordenanza""]",1,la tierra: Paz os sea multiplicada: De parte mía es puesta ordenanza,La opción correcta conserva el detalle «multiplicada» tal como aparece en la fuente: «la tierra: Paz os sea multiplicada: De parte mía es puesta ordenanza».,la tierra: Paz os sea multiplicada: De parte mía es puesta ordenanza,PR44-P057-F51,PR44-P057-F51-VARIANTS,verified,
PR44-0096,PR39-44,PR44,"PDF p.57, PR44, párrafo 4",true_false,medium,"liberación, acusadores y proclamación de Darío","Según PDF p.57, PR44, párrafo 4, en el pasaje sobre liberación, acusadores y proclamación de Darío, determine si el detalle entre corchetes hace verdadera o falsa esta afirmación: «que habitan en toda la tierra: Paz os sea multiplicada: De parte mía es puesta ⟦ordenanza⟧»","[""Verdadero"", ""Falso""]",0,Verdadero,La afirmación coincide con el PDF: «De parte mía es puesta ordenanza».,De parte mía es puesta ordenanza,PR44-P057-F52,PR44-P057-F52-VARIANTS,verified,
PR44-0097,PR39-44,PR44,"PDF p.57, PR44, párrafo 4",fill_blank,hard,"liberación, acusadores y proclamación de Darío","Según PDF p.57, PR44, párrafo 4, en el pasaje sobre liberación, acusadores y proclamación de Darío, complete la formulación del PDF: «que en todo el señorío de mi reino todos teman y tiemblen de la _____ del Dios de Daniel: porque él es el Dios viviente y permanente por todos los siglos»","[""adoración"", ""adorareis"", ""presencia"", ""autoridad""]",2,presencia,El PDF emplea la expresión «presencia» en este contexto: «teman y tiemblen de la presencia del Dios de Daniel: porque él es».,teman y tiemblen de la presencia del Dios de Daniel: porque él es,PR44-P057-F58,PR44-P057-F58-VARIANTS,verified,
PR44-0098,PR39-44,PR44,"PDF p.57, PR44, párrafo 4",multiple_choice,hard,"liberación, acusadores y proclamación de Darío","Según PDF p.57, PR44, párrafo 4, en el pasaje sobre liberación, acusadores y proclamación de Darío, ¿Qué opción restituye con precisión la relación descrita? Marco: «es el Dios viviente y [DETALLE] por todos los siglos»","[""es el Dios viviente y babilónico por todos los siglos"", ""es el Dios viviente y destruidor por todos los siglos"", ""es el Dios viviente y permanente por todos los siglos"", ""es el Dios viviente y espiritual por todos los siglos""]",2,es el Dios viviente y permanente por todos los siglos,La opción correcta conserva el detalle «permanente» tal como aparece en la fuente: «es el Dios viviente y permanente por todos los siglos».,es el Dios viviente y permanente por todos los siglos,PR44-P057-F59,PR44-P057-F59-VARIANTS,verified,
PR44-0099,PR39-44,PR44,"PDF p.57, PR44, párrafo 4",true_false,medium,"liberación, acusadores y proclamación de Darío","Según PDF p.57, PR44, párrafo 4, en el pasaje sobre liberación, acusadores y proclamación de Darío, determine si el detalle entre corchetes hace verdadera o falsa esta afirmación: «Que salva y libra, y hace señales y ⟦maravillas⟧ en el cielo y en la tierra»","[""Verdadero"", ""Falso""]",0,Verdadero,"La afirmación coincide con el PDF: «libra, y hace señales y maravillas en el cielo y en la tierra».","libra, y hace señales y maravillas en el cielo y en la tierra",PR44-P057-F65,PR44-P057-F65-VARIANTS,verified,
PR44-0100,PR39-44,PR44,"PDF p.57, PR44, párrafo 5",fill_blank,easy,"liberación, acusadores y proclamación de Darío","Según PDF p.57, PR44, párrafo 5, en el pasaje sobre liberación, acusadores y proclamación de Darío, complete la formulación del PDF: «La perversa _____ que el siervo de Dios había arrostrado quedó completamente quebrantada.»","[""adoración"", ""adorareis"", ""autoridad"", ""oposición""]",3,oposición,El PDF emplea la expresión «oposición» en este contexto: «La perversa oposición que el siervo de Dios había arrostrado».,La perversa oposición que el siervo de Dios había arrostrado,PR44-P057-F74,PR44-P057-F74-VARIANTS,verified,
PR44-0101,PR39-44,PR44,"PDF p.57, PR44, párrafo 5",multiple_choice,hard,"liberación, acusadores y proclamación de Darío","Según PDF p.57, PR44, párrafo 5, en el pasaje sobre liberación, acusadores y proclamación de Darío, ¿Qué opción restituye con precisión la relación descrita? Marco: «el siervo de Dios había [DETALLE] quedó completamente quebrantada»","[""el siervo de Dios había blasfemado quedó completamente quebrantada"", ""el siervo de Dios había confirmado quedó completamente quebrantada"", ""el siervo de Dios había emplazados quedó completamente quebrantada"", ""el siervo de Dios había arrostrado quedó completamente quebrantada""]",3,el siervo de Dios había arrostrado quedó completamente quebrantada,La opción correcta conserva el detalle «arrostrado» tal como aparece en la fuente: «el siervo de Dios había arrostrado quedó completamente quebrantada».,el siervo de Dios había arrostrado quedó completamente quebrantada,PR44-P057-F75,PR44-P057-F75-VARIANTS,verified,
PR44-0102,PR39-44,PR44,"PDF p.57, PR44, párrafo 5",true_false,medium,"liberación, acusadores y proclamación de Darío","Según PDF p.57, PR44, párrafo 5, en el pasaje sobre liberación, acusadores y proclamación de Darío, determine si el detalle entre corchetes hace verdadera o falsa esta afirmación: «La perversa oposición que el siervo de Dios había arrostrado quedó ⟦completamente⟧ quebrantada.»","[""Verdadero"", ""Falso""]",0,Verdadero,La afirmación coincide con el PDF: «de Dios había arrostrado quedó completamente quebrantada».,de Dios había arrostrado quedó completamente quebrantada,PR44-P057-F76,PR44-P057-F76-VARIANTS,verified,
PR44-0103,PR39-44,PR44,"PDF p.57, PR44, párrafo 5",fill_blank,medium,"liberación, acusadores y proclamación de Darío","Según PDF p.57, PR44, párrafo 5, en el pasaje sobre liberación, acusadores y proclamación de Darío, complete la formulación del PDF: «La perversa oposición que el siervo de Dios había arrostrado quedó completamente _____.»","[""quebrantada"", ""concentrada"", ""considerado"", ""desmenuzado""]",0,quebrantada,El PDF emplea la expresión «quebrantada» en este contexto: «Dios había arrostrado quedó completamente quebrantada».,Dios había arrostrado quedó completamente quebrantada,PR44-P057-F77,PR44-P057-F77-VARIANTS,verified,
PR44-0104,PR39-44,PR44,"PDF p.57, PR44, párrafo 5",multiple_choice,hard,"liberación, acusadores y proclamación de Darío","Según PDF p.57, PR44, párrafo 5, en el pasaje sobre liberación, acusadores y proclamación de Darío, ¿Qué opción restituye con precisión la relación descrita? Marco: «Daniel fué [DETALLE] durante el reinado de Darío, y durante»","[""Daniel fué prosperado durante el reinado de Darío, y durante"", ""Daniel fué arrostrado durante el reinado de Darío, y durante"", ""Daniel fué blasfemado durante el reinado de Darío, y durante"", ""Daniel fué confirmado durante el reinado de Darío, y durante""]",0,"Daniel fué prosperado durante el reinado de Darío, y durante","La opción correcta conserva el detalle «prosperado» tal como aparece en la fuente: «Daniel fué prosperado durante el reinado de Darío, y durante».","Daniel fué prosperado durante el reinado de Darío, y durante",PR44-P057-F82,PR44-P057-F82-VARIANTS,verified,
PR44-0105,PR39-44,PR44,"PDF p.57, PR44, párrafo 5",true_false,hard,"liberación, acusadores y proclamación de Darío","Según PDF p.57, PR44, párrafo 5, en el pasaje sobre liberación, acusadores y proclamación de Darío, determine si el detalle entre corchetes hace verdadera o falsa esta afirmación: «Y por haberle tratado, esos monarcas paganos se vieron ⟦obligados⟧ a reconocer que su Dios era “el Dios viviente y permanente por todos los siglos, y su reino tal que no será deshecho.”»","[""Verdadero"", ""Falso""]",0,Verdadero,La afirmación coincide con el PDF: «esos monarcas paganos se vieron obligados a reconocer que su Dios era “el».,esos monarcas paganos se vieron obligados a reconocer que su Dios era “el,PR44-P057-F87,PR44-P057-F87-VARIANTS,verified,
PR44-0106,PR39-44,PR44,"PDF p.57, PR44, párrafo 5",fill_blank,hard,"liberación, acusadores y proclamación de Darío","Según PDF p.57, PR44, párrafo 5, en el pasaje sobre liberación, acusadores y proclamación de Darío, complete la formulación del PDF: «Y por haberle tratado, esos monarcas paganos se vieron obligados a _____ que su Dios era “el Dios viviente y permanente por todos los siglos, y su reino tal que no será deshecho.”»","[""acontecer"", ""reconocer"", ""agradecer"", ""compartir""]",1,reconocer,El PDF emplea la expresión «reconocer» en este contexto: «paganos se vieron obligados a reconocer que su Dios era “el Dios viviente».,paganos se vieron obligados a reconocer que su Dios era “el Dios viviente,PR44-P057-F88,PR44-P057-F88-VARIANTS,verified,
PR44-0107,PR39-44,PR44,"PDF p.57, PR44, párrafo 5",multiple_choice,hard,"liberación, acusadores y proclamación de Darío","Según PDF p.57, PR44, párrafo 5, en el pasaje sobre liberación, acusadores y proclamación de Darío, ¿Qué opción restituye con precisión la relación descrita? Marco: «era “el Dios viviente y [DETALLE] por todos los siglos, y su reino»","[""era “el Dios viviente y babilónico por todos los siglos, y su reino"", ""era “el Dios viviente y permanente por todos los siglos, y su reino"", ""era “el Dios viviente y destruidor por todos los siglos, y su reino"", ""era “el Dios viviente y espiritual por todos los siglos, y su reino""]",1,"era “el Dios viviente y permanente por todos los siglos, y su reino","La opción correcta conserva el detalle «permanente» tal como aparece en la fuente: «era “el Dios viviente y permanente por todos los siglos, y su reino».","era “el Dios viviente y permanente por todos los siglos, y su reino",PR44-P057-F89,PR44-P057-F89-VARIANTS,verified,
PR44-0108,PR39-44,PR44,"PDF p.57, PR44, párrafo 6",true_false,hard,"liberación, acusadores y proclamación de Darío","Según PDF p.57, PR44, párrafo 6, en el pasaje sobre liberación, acusadores y proclamación de Darío, determine si el detalle entre corchetes hace verdadera o falsa esta afirmación: «Del relato de cómo fué librado Daniel, podemos aprender que en los momentos de prueba y ⟦lobreguez⟧, los hijos de Dios deben ser precisamente lo que eran cuando las perspectivas eran halagüeñas y cuanto los rodeaba era todo lo que podían desear.»","[""Verdadero"", ""Falso""]",0,Verdadero,"La afirmación coincide con el PDF: «los momentos de prueba y lobreguez, los hijos de Dios deben ser precisamente».","los momentos de prueba y lobreguez, los hijos de Dios deben ser precisamente",PR44-P057-F97,PR44-P057-F97-VARIANTS,verified,
PR44-0109,PR39-44,PR44,"PDF p.57, PR44, párrafo 6",fill_blank,hard,"liberación, acusadores y proclamación de Darío","Según PDF p.57, PR44, párrafo 6, en el pasaje sobre liberación, acusadores y proclamación de Darío, complete la formulación del PDF: «Del relato de cómo fué librado Daniel, podemos aprender que en los momentos de prueba y lobreguez, los hijos de Dios deben ser _____ lo que eran cuando las perspectivas eran halagüeñas y cuanto los rodeaba era todo lo que podían desear.»","[""notablemente"", ""completamente"", ""precisamente"", ""confiadamente""]",2,precisamente,El PDF emplea la expresión «precisamente» en este contexto: «hijos de Dios deben ser precisamente lo que eran cuando las perspectivas eran».,hijos de Dios deben ser precisamente lo que eran cuando las perspectivas eran,PR44-P057-F98,PR44-P057-F98-VARIANTS,verified,
PR44-0110,PR39-44,PR44,"PDF p.57, PR44, párrafo 6",multiple_choice,hard,"liberación, acusadores y proclamación de Darío","Según PDF p.57, PR44, párrafo 6, en el pasaje sobre liberación, acusadores y proclamación de Darío, ¿Qué opción restituye con precisión la relación descrita? Marco: «lo que eran cuando las [DETALLE] eran halagüeñas y cuanto los rodeaba era»","[""lo que eran cuando las advertencias eran halagüeñas y cuanto los rodeaba era"", ""lo que eran cuando las impresiones eran halagüeñas y cuanto los rodeaba era"", ""lo que eran cuando las perspectivas eran halagüeñas y cuanto los rodeaba era"", ""lo que eran cuando las instrucciones eran halagüeñas y cuanto los rodeaba era""]",2,lo que eran cuando las perspectivas eran halagüeñas y cuanto los rodeaba era,La opción correcta conserva el detalle «perspectivas» tal como aparece en la fuente: «lo que eran cuando las perspectivas eran halagüeñas y cuanto los rodeaba era».,lo que eran cuando las perspectivas eran halagüeñas y cuanto los rodeaba era,PR44-P057-F99,PR44-P057-F99-VARIANTS,verified,
PR44-0111,PR39-44,PR44,"PDF p.57, PR44, párrafo 6",true_false,hard,"liberación, acusadores y proclamación de Darío","Según PDF p.57, PR44, párrafo 6, en el pasaje sobre liberación, acusadores y proclamación de Darío, determine si el detalle entre corchetes hace verdadera o falsa esta afirmación: «Del relato de cómo fué librado Daniel, podemos aprender que en los momentos de prueba y lobreguez, los hijos de Dios deben ser precisamente lo que eran cuando las perspectivas eran ⟦halagüeñas⟧ y cuanto los rodeaba era todo lo que podían desear.»","[""Verdadero"", ""Falso""]",0,Verdadero,La afirmación coincide con el PDF: «eran cuando las perspectivas eran halagüeñas y cuanto los rodeaba era todo lo».,eran cuando las perspectivas eran halagüeñas y cuanto los rodeaba era todo lo,PR44-P057-F100,PR44-P057-F100-VARIANTS,verified,
PR44-0112,PR39-44,PR44,"PDF p.57, PR44, párrafo 6",fill_blank,hard,"liberación, acusadores y proclamación de Darío","Según PDF p.57, PR44, párrafo 6, en el pasaje sobre liberación, acusadores y proclamación de Darío, complete la formulación del PDF: «En el foso de los leones Daniel fué el mismo que cuando actuaba delante del rey como _____ de los ministros de estado y como profeta del Altísimo.»","[""babilónico"", ""destruidor"", ""espiritual"", ""presidente""]",3,presidente,El PDF emplea la expresión «presidente» en este contexto: «actuaba delante del rey como presidente de los ministros de estado y como».,actuaba delante del rey como presidente de los ministros de estado y como,PR44-P057-F110,PR44-P057-F110-VARIANTS,verified,
PR44-0113,PR39-44,PR44,"PDF p.57, PR44, párrafo 6",multiple_choice,hard,"liberación, acusadores y proclamación de Darío","Según PDF p.57, PR44, párrafo 6, en el pasaje sobre liberación, acusadores y proclamación de Darío, ¿Qué opción restituye con precisión la relación descrita? Marco: «rey como presidente de los [DETALLE] de estado y como profeta del Altísimo»","[""rey como presidente de los capitanes de estado y como profeta del Altísimo"", ""rey como presidente de los caprichos de estado y como profeta del Altísimo"", ""rey como presidente de los corazones de estado y como profeta del Altísimo"", ""rey como presidente de los ministros de estado y como profeta del Altísimo""]",3,rey como presidente de los ministros de estado y como profeta del Altísimo,La opción correcta conserva el detalle «ministros» tal como aparece en la fuente: «rey como presidente de los ministros de estado y como profeta del Altísimo».,rey como presidente de los ministros de estado y como profeta del Altísimo,PR44-P057-F111,PR44-P057-F111-VARIANTS,verified,
PR44-0114,PR39-44,PR44,"PDF p.57, PR44, párrafo 6",true_false,hard,"liberación, acusadores y proclamación de Darío","Según PDF p.57, PR44, párrafo 6, en el pasaje sobre liberación, acusadores y proclamación de Darío, determine si el detalle entre corchetes hace verdadera o falsa esta afirmación: «Un hombre cuyo corazón se apoya en Dios será en la hora de su prueba el mismo que en la ⟦convocación⟧, cuando sobre él resplandece la luz y el favor de Dios y de los hombres.»","[""Verdadero"", ""Falso""]",1,Falso,"La afirmación cambia «prosperidad». La corrección exacta es: «Un hombre cuyo corazón se apoya en Dios será en la hora de su prueba el mismo que en la prosperidad, cuando sobre él resplandece la luz y el favor de Dios y de los hombres.»","el mismo que en la prosperidad, cuando sobre él resplandece la luz y",PR44-P057-F118,PR44-P057-F118-VARIANTS,verified,"Un hombre cuyo corazón se apoya en Dios será en la hora de su prueba el mismo que en la prosperidad, cuando sobre él resplandece la luz y el favor de Dios y de los hombres."
PR44-0115,PR39-44,PR44,"PDF p.57, PR44, párrafo 6",fill_blank,hard,"liberación, acusadores y proclamación de Darío","Según PDF p.57, PR44, párrafo 6, en el pasaje sobre liberación, acusadores y proclamación de Darío, complete la formulación del PDF: «Un hombre cuyo corazón se apoya en Dios será en la hora de su prueba el mismo que en la prosperidad, cuando sobre él _____ la luz y el favor de Dios y de los hombres.»","[""resplandece"", ""contrajuego"", ""defiéndante"", ""desapareció""]",0,resplandece,"El PDF emplea la expresión «resplandece» en este contexto: «la prosperidad, cuando sobre él resplandece la luz y el favor de Dios».","la prosperidad, cuando sobre él resplandece la luz y el favor de Dios",PR44-P057-F119,PR44-P057-F119-VARIANTS,verified,
PR44-0116,PR39-44,PR44,"PDF p.57, PR44, párrafo 6",multiple_choice,medium,"liberación, acusadores y proclamación de Darío","Según PDF p.57, PR44, párrafo 6, en el pasaje sobre liberación, acusadores y proclamación de Darío, ¿Cuál opción conserva el dato exacto de la fuente? Marco: «extiende la mano hacia lo [DETALLE] y se ase de las realidades eternas»","[""extiende la mano hacia lo invisible y se ase de las realidades eternas"", ""extiende la mano hacia lo abrumador y se ase de las realidades eternas"", ""extiende la mano hacia lo aliviarla y se ase de las realidades eternas"", ""extiende la mano hacia lo atestiguó y se ase de las realidades eternas""]",0,extiende la mano hacia lo invisible y se ase de las realidades eternas,La opción correcta conserva el detalle «invisible» tal como aparece en la fuente: «extiende la mano hacia lo invisible y se ase de las realidades eternas».,extiende la mano hacia lo invisible y se ase de las realidades eternas,PR44-P057-F126,PR44-P057-F126-VARIANTS,verified,
PR44-0117,PR39-44,PR44,"PDF p.57, PR44, párrafo 6",true_false,hard,"liberación, acusadores y proclamación de Darío","Según PDF p.57, PR44, párrafo 6, en el pasaje sobre liberación, acusadores y proclamación de Darío, determine si el detalle entre corchetes hace verdadera o falsa esta afirmación: «La fe extiende la mano hacia lo invisible y se ase de las ⟦exigencias⟧ eternas.»","[""Verdadero"", ""Falso""]",1,Falso,La afirmación cambia «realidades». La corrección exacta es: «La fe extiende la mano hacia lo invisible y se ase de las realidades eternas.»,y se ase de las realidades eternas,PR44-P057-F127,PR44-P057-F127-VARIANTS,verified,La fe extiende la mano hacia lo invisible y se ase de las realidades eternas.
PR44-0118,PR39-44,PR44,"PDF p.57, PR44, párrafo 7",fill_blank,easy,"liberación, acusadores y proclamación de Darío","Según PDF p.57, PR44, párrafo 7, en el pasaje sobre liberación, acusadores y proclamación de Darío, complete la formulación del PDF: «Cristo identifica sus _____ con los de su pueblo fiel»","[""capitanes"", ""intereses"", ""caprichos"", ""corazones""]",1,intereses,El PDF emplea la expresión «intereses» en este contexto: «Cristo identifica sus intereses con los de su pueblo fiel».,Cristo identifica sus intereses con los de su pueblo fiel,PR44-P057-F136,PR44-P057-F136-VARIANTS,verified,
PR44-0119,PR39-44,PR44,"PDF p.57, PR44, párrafo 7",multiple_choice,medium,"liberación, acusadores y proclamación de Darío","Según PDF p.57, PR44, párrafo 7, en el pasaje sobre liberación, acusadores y proclamación de Darío, ¿Cuál opción conserva el dato exacto de la fuente? Marco: «cualquiera que toque a sus [DETALLE] le toca a él»","[""cualquiera que toque a sus capitanes le toca a él"", ""cualquiera que toque a sus escogidos le toca a él"", ""cualquiera que toque a sus caprichos le toca a él"", ""cualquiera que toque a sus corazones le toca a él""]",1,cualquiera que toque a sus escogidos le toca a él,La opción correcta conserva el detalle «escogidos» tal como aparece en la fuente: «cualquiera que toque a sus escogidos le toca a él».,cualquiera que toque a sus escogidos le toca a él,PR44-P057-F142,PR44-P057-F142-VARIANTS,verified,
PR44-0120,PR39-44,PR44,"PDF p.57, PR44, párrafo 3",true_false,expert,"liberación, acusadores y proclamación de Darío","Según PDF p.57, PR44, párrafo 3, en el pasaje sobre liberación, acusadores y proclamación de Darío, determine si el detalle entre corchetes hace verdadera o falsa esta afirmación: «“Y mandándolo el rey fueron traídos aquellos hombres que habían acusado a Daniel, y fueron echados en el ⟦trono de zafiro⟧, ellos, sus hijos, y sus mujeres»","[""Verdadero"", ""Falso""]",1,Falso,"La afirmación cambia «foso de los leones». La corrección exacta es: «“Y mandándolo el rey fueron traídos aquellos hombres que habían acusado a Daniel, y fueron echados en el foso de los leones, ellos, sus hijos, y sus mujeres»","y fueron echados en el foso de los leones, ellos, sus hijos, y sus mujeres",PR44-P057-F25,PR44-P057-F25-VARIANTS,verified,"“Y mandándolo el rey fueron traídos aquellos hombres que habían acusado a Daniel, y fueron echados en el foso de los leones, ellos, sus hijos, y sus mujeres"
PR44-0121,PR39-44,PR44,"PDF p.57, PR44, párrafo 4",fill_blank,expert,"liberación, acusadores y proclamación de Darío","Según PDF p.57, PR44, párrafo 4, en el pasaje sobre liberación, acusadores y proclamación de Darío, complete la formulación del PDF: «que en todo el señorío de mi reino todos teman y tiemblen de la presencia del Dios de Daniel: porque él es el _____ y permanente por todos los siglos»","[""reino eterno"", ""río Eufrates"", ""Dios viviente"", ""verdadero éxito""]",2,Dios viviente,El PDF emplea la expresión «Dios viviente» en este contexto: «Daniel: porque él es el Dios viviente y permanente por todos los siglos».,Daniel: porque él es el Dios viviente y permanente por todos los siglos,PR44-P057-F57,PR44-P057-F57-VARIANTS,verified,
PR44-0122,PR39-44,PR44,"PDF p.57, PR44, párrafo 5",multiple_choice,expert,"liberación, acusadores y proclamación de Darío","Según PDF p.57, PR44, párrafo 5, en el pasaje sobre liberación, acusadores y proclamación de Darío, ¿Cuál opción mantiene sin alterar el detalle y el orden de la fuente? Marco: «que su Dios era “el [DETALLE] y permanente por todos los siglos, y»","[""que su Dios era “el reino eterno y permanente por todos los siglos, y"", ""que su Dios era “el río Eufrates y permanente por todos los siglos, y"", ""que su Dios era “el Dios viviente y permanente por todos los siglos, y"", ""que su Dios era “el verdadero éxito y permanente por todos los siglos, y""]",2,"que su Dios era “el Dios viviente y permanente por todos los siglos, y","La opción correcta conserva el detalle «Dios viviente» tal como aparece en la fuente: «que su Dios era “el Dios viviente y permanente por todos los siglos, y».","que su Dios era “el Dios viviente y permanente por todos los siglos, y",PR44-P057-F86,PR44-P057-F86-VARIANTS,verified,
PR44-0123,PR39-44,PR44,"PDF p.57, PR44, párrafo 6",true_false,expert,"liberación, acusadores y proclamación de Darío","Según PDF p.57, PR44, párrafo 6, en el pasaje sobre liberación, acusadores y proclamación de Darío, determine si el detalle entre corchetes hace verdadera o falsa esta afirmación: «En el ⟦foso de los leones⟧ Daniel fué el mismo que cuando actuaba delante del rey como presidente de los ministros de estado y como profeta del Altísimo.»","[""Verdadero"", ""Falso""]",0,Verdadero,La afirmación coincide con el PDF: «En el foso de los leones Daniel fué el mismo que cuando actuaba».,En el foso de los leones Daniel fué el mismo que cuando actuaba,PR44-P057-F109,PR44-P057-F109-VARIANTS,verified,
PR44-0124,PR39-44,PR44,"PDF p.57, PR44, párrafo 3",fill_blank,hard,"liberación, acusadores y proclamación de Darío","Según PDF p.57, PR44, párrafo 3, en el pasaje sobre liberación, acusadores y proclamación de Darío, complete la formulación del PDF: «y aun no habían llegado al suelo del foso, cuando los leones se _____ de ellos, y quebrantaron todos sus huesos.”»","[""desfilaron"", ""entregaron"", ""rechazaron"", ""apoderaron""]",3,apoderaron,"El PDF emplea la expresión «apoderaron» en este contexto: «foso, cuando los leones se apoderaron de ellos, y quebrantaron todos sus huesos».","foso, cuando los leones se apoderaron de ellos, y quebrantaron todos sus huesos",PR44-P057-F34,PR44-P057-F34-VARIANTS,verified,
PR44-0125,PR39-44,PR44,"PDF p.57, PR44, párrafo 3",multiple_choice,hard,"liberación, acusadores y proclamación de Darío","Según PDF p.57, PR44, párrafo 3, en el pasaje sobre liberación, acusadores y proclamación de Darío, ¿Qué opción restituye con precisión la relación descrita? Marco: «se apoderaron de ellos, y [DETALLE] todos sus huesos»","[""se apoderaron de ellos, y acontecieron todos sus huesos"", ""se apoderaron de ellos, y manifestaron todos sus huesos"", ""se apoderaron de ellos, y respondieron todos sus huesos"", ""se apoderaron de ellos, y quebrantaron todos sus huesos""]",3,"se apoderaron de ellos, y quebrantaron todos sus huesos","La opción correcta conserva el detalle «quebrantaron» tal como aparece en la fuente: «se apoderaron de ellos, y quebrantaron todos sus huesos».","se apoderaron de ellos, y quebrantaron todos sus huesos",PR44-P057-F35,PR44-P057-F35-VARIANTS,verified,
PR44-0126,PR39-44,PR44,"PDF p.57, PR44, párrafo 4",true_false,medium,"liberación, acusadores y proclamación de Darío","Según PDF p.57, PR44, párrafo 4, en el pasaje sobre liberación, acusadores y proclamación de Darío, determine si el detalle entre corchetes hace verdadera o falsa esta afirmación: «Nuevamente, un ⟦gobernante⟧ pagano hizo una proclamación para exaltar al Dios de Daniel como el Dios verdadero.»","[""Verdadero"", ""Falso""]",0,Verdadero,"La afirmación coincide con el PDF: «Nuevamente, un gobernante pagano hizo una proclamación para exaltar al».","Nuevamente, un gobernante pagano hizo una proclamación para exaltar al",PR44-P057-F41,PR44-P057-F41-VARIANTS,verified,
PR44-0127,PR39-44,PR44,"PDF p.57, PR44, párrafo 4",fill_blank,medium,"liberación, acusadores y proclamación de Darío","Según PDF p.57, PR44, párrafo 4, en el pasaje sobre liberación, acusadores y proclamación de Darío, complete la formulación del PDF: «Nuevamente, un gobernante pagano hizo una _____ para exaltar al Dios de Daniel como el Dios verdadero.»","[""proclamación"", ""amonestación"", ""aproximación"", ""complacencia""]",0,proclamación,El PDF emplea la expresión «proclamación» en este contexto: «un gobernante pagano hizo una proclamación para exaltar al Dios de Daniel como».,un gobernante pagano hizo una proclamación para exaltar al Dios de Daniel como,PR44-P057-F42,PR44-P057-F42-VARIANTS,verified,
PR44-0128,PR39-44,PR44,"PDF p.57, PR44, párrafo 4",multiple_choice,medium,"liberación, acusadores y proclamación de Darío","Según PDF p.57, PR44, párrafo 4, en el pasaje sobre liberación, acusadores y proclamación de Darío, ¿Cuál opción conserva el dato exacto de la fuente? Marco: «de Daniel como el Dios [DETALLE]»","[""de Daniel como el Dios verdadero"", ""de Daniel como el Dios abrumador"", ""de Daniel como el Dios aliviarla"", ""de Daniel como el Dios atestiguó""]",0,de Daniel como el Dios verdadero,La opción correcta conserva el detalle «verdadero» tal como aparece en la fuente: «de Daniel como el Dios verdadero».,de Daniel como el Dios verdadero,PR44-P057-F43,PR44-P057-F43-VARIANTS,verified,
PR44-0129,PR39-44,PR44,"PDF p.57, PR44, párrafo 4",true_false,hard,"liberación, acusadores y proclamación de Darío","Según PDF p.57, PR44, párrafo 4, en el pasaje sobre liberación, acusadores y proclamación de Darío, determine si el detalle entre corchetes hace verdadera o falsa esta afirmación: «que habitan en toda la tierra: Paz os sea ⟦aterrorizado⟧: De parte mía es puesta ordenanza»","[""Verdadero"", ""Falso""]",1,Falso,La afirmación cambia «multiplicada». La corrección exacta es: «que habitan en toda la tierra: Paz os sea multiplicada: De parte mía es puesta ordenanza»,la tierra: Paz os sea multiplicada: De parte mía es puesta ordenanza,PR44-P057-F51,PR44-P057-F51-VARIANTS,verified,que habitan en toda la tierra: Paz os sea multiplicada: De parte mía es puesta ordenanza
PR44-0130,PR39-44,PR44,"PDF p.57, PR44, párrafo 4",fill_blank,medium,"liberación, acusadores y proclamación de Darío","Según PDF p.57, PR44, párrafo 4, en el pasaje sobre liberación, acusadores y proclamación de Darío, complete la formulación del PDF: «que habitan en toda la tierra: Paz os sea multiplicada: De parte mía es puesta _____»","[""abrumador"", ""ordenanza"", ""aliviarla"", ""atestiguó""]",1,ordenanza,El PDF emplea la expresión «ordenanza» en este contexto: «De parte mía es puesta ordenanza».,De parte mía es puesta ordenanza,PR44-P057-F52,PR44-P057-F52-VARIANTS,verified,
PR44-0131,PR39-44,PR44,"PDF p.57, PR44, párrafo 4",multiple_choice,hard,"liberación, acusadores y proclamación de Darío","Según PDF p.57, PR44, párrafo 4, en el pasaje sobre liberación, acusadores y proclamación de Darío, ¿Qué opción restituye con precisión la relación descrita? Marco: «teman y tiemblen de la [DETALLE] del Dios de Daniel: porque él es»","[""teman y tiemblen de la adoración del Dios de Daniel: porque él es"", ""teman y tiemblen de la presencia del Dios de Daniel: porque él es"", ""teman y tiemblen de la adorareis del Dios de Daniel: porque él es"", ""teman y tiemblen de la autoridad del Dios de Daniel: porque él es""]",1,teman y tiemblen de la presencia del Dios de Daniel: porque él es,La opción correcta conserva el detalle «presencia» tal como aparece en la fuente: «teman y tiemblen de la presencia del Dios de Daniel: porque él es».,teman y tiemblen de la presencia del Dios de Daniel: porque él es,PR44-P057-F58,PR44-P057-F58-VARIANTS,verified,
PR44-0132,PR39-44,PR44,"PDF p.57, PR44, párrafo 4",true_false,hard,"liberación, acusadores y proclamación de Darío","Según PDF p.57, PR44, párrafo 4, en el pasaje sobre liberación, acusadores y proclamación de Darío, determine si el detalle entre corchetes hace verdadera o falsa esta afirmación: «que en todo el señorío de mi reino todos teman y tiemblen de la presencia del Dios de Daniel: porque él es el Dios viviente y ⟦babilónico⟧ por todos los siglos»","[""Verdadero"", ""Falso""]",1,Falso,La afirmación cambia «permanente». La corrección exacta es: «que en todo el señorío de mi reino todos teman y tiemblen de la presencia del Dios de Daniel: porque él es el Dios viviente y permanente por todos los siglos»,es el Dios viviente y permanente por todos los siglos,PR44-P057-F59,PR44-P057-F59-VARIANTS,verified,que en todo el señorío de mi reino todos teman y tiemblen de la presencia del Dios de Daniel: porque él es el Dios viviente y permanente por todos los siglos
PR44-0133,PR39-44,PR44,"PDF p.57, PR44, párrafo 4",fill_blank,medium,"liberación, acusadores y proclamación de Darío","Según PDF p.57, PR44, párrafo 4, en el pasaje sobre liberación, acusadores y proclamación de Darío, complete la formulación del PDF: «Que salva y libra, y hace señales y _____ en el cielo y en la tierra»","[""adoradores"", ""astrólogos"", ""maravillas"", ""cristianas""]",2,maravillas,"El PDF emplea la expresión «maravillas» en este contexto: «libra, y hace señales y maravillas en el cielo y en la tierra».","libra, y hace señales y maravillas en el cielo y en la tierra",PR44-P057-F65,PR44-P057-F65-VARIANTS,verified,
PR44-0134,PR39-44,PR44,"PDF p.57, PR44, párrafo 5",multiple_choice,medium,"liberación, acusadores y proclamación de Darío","Según PDF p.57, PR44, párrafo 5, en el pasaje sobre liberación, acusadores y proclamación de Darío, ¿Cuál opción conserva el dato exacto de la fuente? Marco: «La perversa [DETALLE] que el siervo de Dios había arrostrado»","[""La perversa adoración que el siervo de Dios había arrostrado"", ""La perversa adorareis que el siervo de Dios había arrostrado"", ""La perversa oposición que el siervo de Dios había arrostrado"", ""La perversa autoridad que el siervo de Dios había arrostrado""]",2,La perversa oposición que el siervo de Dios había arrostrado,La opción correcta conserva el detalle «oposición» tal como aparece en la fuente: «La perversa oposición que el siervo de Dios había arrostrado».,La perversa oposición que el siervo de Dios había arrostrado,PR44-P057-F74,PR44-P057-F74-VARIANTS,verified,
PR44-0135,PR39-44,PR44,"PDF p.57, PR44, párrafo 5",true_false,medium,"liberación, acusadores y proclamación de Darío","Según PDF p.57, PR44, párrafo 5, en el pasaje sobre liberación, acusadores y proclamación de Darío, determine si el detalle entre corchetes hace verdadera o falsa esta afirmación: «La perversa oposición que el siervo de Dios había ⟦arrostrado⟧ quedó completamente quebrantada.»","[""Verdadero"", ""Falso""]",0,Verdadero,La afirmación coincide con el PDF: «el siervo de Dios había arrostrado quedó completamente quebrantada».,el siervo de Dios había arrostrado quedó completamente quebrantada,PR44-P057-F75,PR44-P057-F75-VARIANTS,verified,
PR44-0136,PR39-44,PR44,"PDF p.57, PR44, párrafo 5",fill_blank,medium,"liberación, acusadores y proclamación de Darío","Según PDF p.57, PR44, párrafo 5, en el pasaje sobre liberación, acusadores y proclamación de Darío, complete la formulación del PDF: «La perversa oposición que el siervo de Dios había arrostrado quedó _____ quebrantada.»","[""confiadamente"", ""correctamente"", ""especialmente"", ""completamente""]",3,completamente,El PDF emplea la expresión «completamente» en este contexto: «de Dios había arrostrado quedó completamente quebrantada».,de Dios había arrostrado quedó completamente quebrantada,PR44-P057-F76,PR44-P057-F76-VARIANTS,verified,
PR44-0137,PR39-44,PR44,"PDF p.57, PR44, párrafo 5",multiple_choice,hard,"liberación, acusadores y proclamación de Darío","Según PDF p.57, PR44, párrafo 5, en el pasaje sobre liberación, acusadores y proclamación de Darío, ¿Qué opción restituye con precisión la relación descrita? Marco: «Dios había arrostrado quedó completamente [DETALLE]»","[""Dios había arrostrado quedó completamente concentrada"", ""Dios había arrostrado quedó completamente considerado"", ""Dios había arrostrado quedó completamente desmenuzado"", ""Dios había arrostrado quedó completamente quebrantada""]",3,Dios había arrostrado quedó completamente quebrantada,La opción correcta conserva el detalle «quebrantada» tal como aparece en la fuente: «Dios había arrostrado quedó completamente quebrantada».,Dios había arrostrado quedó completamente quebrantada,PR44-P057-F77,PR44-P057-F77-VARIANTS,verified,
PR44-0138,PR39-44,PR44,"PDF p.57, PR44, párrafo 5",true_false,medium,"liberación, acusadores y proclamación de Darío","Según PDF p.57, PR44, párrafo 5, en el pasaje sobre liberación, acusadores y proclamación de Darío, determine si el detalle entre corchetes hace verdadera o falsa esta afirmación: «“Daniel fué ⟦prosperado⟧ durante el reinado de Darío, y durante el reinado de Ciro, Persa.»","[""Verdadero"", ""Falso""]",0,Verdadero,"La afirmación coincide con el PDF: «Daniel fué prosperado durante el reinado de Darío, y durante».","Daniel fué prosperado durante el reinado de Darío, y durante",PR44-P057-F82,PR44-P057-F82-VARIANTS,verified,
PR44-0139,PR39-44,PR44,"PDF p.57, PR44, párrafo 5",fill_blank,hard,"liberación, acusadores y proclamación de Darío","Según PDF p.57, PR44, párrafo 5, en el pasaje sobre liberación, acusadores y proclamación de Darío, complete la formulación del PDF: «Y por haberle tratado, esos monarcas paganos se vieron _____ a reconocer que su Dios era “el Dios viviente y permanente por todos los siglos, y su reino tal que no será deshecho.”»","[""obligados"", ""acarreado"", ""aprendido"", ""atribuído""]",0,obligados,El PDF emplea la expresión «obligados» en este contexto: «esos monarcas paganos se vieron obligados a reconocer que su Dios era “el».,esos monarcas paganos se vieron obligados a reconocer que su Dios era “el,PR44-P057-F87,PR44-P057-F87-VARIANTS,verified,
PR44-0140,PR39-44,PR44,"PDF p.57, PR44, párrafo 5",multiple_choice,hard,"liberación, acusadores y proclamación de Darío","Según PDF p.57, PR44, párrafo 5, en el pasaje sobre liberación, acusadores y proclamación de Darío, ¿Qué opción restituye con precisión la relación descrita? Marco: «paganos se vieron obligados a [DETALLE] que su Dios era “el Dios viviente»","[""paganos se vieron obligados a reconocer que su Dios era “el Dios viviente"", ""paganos se vieron obligados a acontecer que su Dios era “el Dios viviente"", ""paganos se vieron obligados a agradecer que su Dios era “el Dios viviente"", ""paganos se vieron obligados a compartir que su Dios era “el Dios viviente""]",0,paganos se vieron obligados a reconocer que su Dios era “el Dios viviente,La opción correcta conserva el detalle «reconocer» tal como aparece en la fuente: «paganos se vieron obligados a reconocer que su Dios era “el Dios viviente».,paganos se vieron obligados a reconocer que su Dios era “el Dios viviente,PR44-P057-F88,PR44-P057-F88-VARIANTS,verified,
PR44-0141,PR39-44,PR44,"PDF p.58, PR44, párrafo 2",fill_blank,expert,"Daniel como estadista, profeta y embajador","Según PDF p.58, PR44, párrafo 2, en el pasaje sobre Daniel como estadista, profeta y embajador, complete la formulación del PDF: «pero antes que terminaran las labores de su vida, recibió la bienaventurada promesa de que “hasta el _____”—en el plazo final de la historia de este mundo—se le permitiría ocupar otra vez su lugar.»","[""trono de zafiro"", ""tiempo del fin"", ""Hijo de Dios"", ""Rey de reyes""]",1,tiempo del fin,El PDF emplea la expresión «tiempo del fin» en este contexto: «promesa de que “hasta el tiempo del fin”—en el plazo final de la historia».,promesa de que “hasta el tiempo del fin”—en el plazo final de la historia,PR44-P058-F68,PR44-P058-F68-VARIANTS,verified,
PR44-0142,PR39-44,PR44,"PDF p.59, PR44, párrafo 1",multiple_choice,expert,"Daniel 7–12, Apocalipsis y verdadero objeto de la vida","Según PDF p.59, PR44, párrafo 1, en el pasaje sobre Daniel 7–12, Apocalipsis y verdadero objeto de la vida, ¿Cuál opción mantiene sin alterar el detalle y el orden de la fuente? Marco: «a comprender cuál es el [DETALLE]»","[""a comprender cuál es el foso de los leones"", ""a comprender cuál es el verdadero objeto de la vida"", ""a comprender cuál es el trono de zafiro"", ""a comprender cuál es el tiempo del fin""]",1,a comprender cuál es el verdadero objeto de la vida,La opción correcta conserva el detalle «verdadero objeto de la vida» tal como aparece en la fuente: «a comprender cuál es el verdadero objeto de la vida».,a comprender cuál es el verdadero objeto de la vida,PR44-P059-F01,PR44-P059-F01-VARIANTS,verified,
PR44-0143,PR39-44,PR44,"PDF p.58, PR44, párrafo 2",fill_blank,expert,"Daniel como estadista, profeta y embajador","Según PDF p.58, PR44, párrafo 2, en el pasaje sobre Daniel como estadista, profeta y embajador, complete la formulación del PDF: «No le fué dado comprender todo lo que Dios había revelado acerca del propósito divino, sino que se le ordenó acerca de sus escritos proféticos: “Tú empero, Daniel, cierra las palabras y sella el libro,” pues esos escritos debían quedar sellados “hasta el _____.»","[""trono de zafiro"", ""Hijo de Dios"", ""tiempo del fin"", ""Rey de reyes""]",2,tiempo del fin,El PDF emplea la expresión «tiempo del fin» en este contexto: «debían quedar sellados “hasta el tiempo del fin».,debían quedar sellados “hasta el tiempo del fin,PR44-P058-F80,PR44-P058-F80-VARIANTS,verified,
PR44-0144,PR39-44,PR44,"PDF p.59, PR44, párrafo 1",multiple_choice,expert,"Daniel 7–12, Apocalipsis y verdadero objeto de la vida","Según PDF p.59, PR44, párrafo 1, en el pasaje sobre Daniel 7–12, Apocalipsis y verdadero objeto de la vida, ¿Cuál opción mantiene sin alterar el detalle y el orden de la fuente? Marco: «Un estudio [DETALLE] de cómo se cumple el propósito de»","[""Un estudio abrumador de cómo se cumple el propósito de"", ""Un estudio aliviarla de cómo se cumple el propósito de"", ""Un estudio cuidadoso de cómo se cumple el propósito de"", ""Un estudio atestiguó de cómo se cumple el propósito de""]",2,Un estudio cuidadoso de cómo se cumple el propósito de,La opción correcta conserva el detalle «cuidadoso» tal como aparece en la fuente: «Un estudio cuidadoso de cómo se cumple el propósito de».,Un estudio cuidadoso de cómo se cumple el propósito de,PR44-P059-F02,PR44-P059-F02-VARIANTS,verified,
PR44-0145,PR39-44,PR44,"PDF p.58, PR44, párrafo 2",fill_blank,easy,"Daniel como estadista, profeta y embajador","Según PDF p.58, PR44, párrafo 2, en el pasaje sobre Daniel como estadista, profeta y embajador, complete la formulación del PDF: «Sus admirables profecías, como las registradas en los capítulos _____ a doce del libro que lleva su nombre, no fueron comprendidas plenamente ni siquiera por el profeta mismo»","[""cuatro"", ""sesenta"", ""treinta"", ""siete""]",3,siete,El PDF emplea la expresión «siete» en este contexto: «las registradas en los capítulos siete a doce del libro que lleva su».,las registradas en los capítulos siete a doce del libro que lleva su,PR44-P058-F56,PR44-P058-F56-VARIANTS,verified,
PR44-0146,PR39-44,PR44,"PDF p.59, PR44, párrafo 1",multiple_choice,expert,"Daniel 7–12, Apocalipsis y verdadero objeto de la vida","Según PDF p.59, PR44, párrafo 1, en el pasaje sobre Daniel 7–12, Apocalipsis y verdadero objeto de la vida, ¿Cuál opción mantiene sin alterar el detalle y el orden de la fuente? Marco: «de cómo se cumple el [DETALLE] de Dios en la historia de las»","[""de cómo se cumple el consejero de Dios en la historia de las"", ""de cómo se cumple el escenario de Dios en la historia de las"", ""de cómo se cumple el esplendor de Dios en la historia de las"", ""de cómo se cumple el propósito de Dios en la historia de las""]",3,de cómo se cumple el propósito de Dios en la historia de las,La opción correcta conserva el detalle «propósito» tal como aparece en la fuente: «de cómo se cumple el propósito de Dios en la historia de las».,de cómo se cumple el propósito de Dios en la historia de las,PR44-P059-F03,PR44-P059-F03-VARIANTS,verified,
PR44-0147,PR39-44,PR44,"PDF p.58, PR44, párrafo 1",true_false,medium,"Daniel como estadista, profeta y embajador","Según PDF p.58, PR44, párrafo 1, en el pasaje sobre Daniel como estadista, profeta y embajador, determine si el detalle entre corchetes hace verdadera o falsa esta afirmación: «El cumplimiento estricto de los ⟦requerimientos⟧ del Cielo imparte bendiciones temporales tanto como espirituales.»","[""Verdadero"", ""Falso""]",0,Verdadero,La afirmación coincide con el PDF: «El cumplimiento estricto de los requerimientos del Cielo imparte bendiciones temporales tanto como».,El cumplimiento estricto de los requerimientos del Cielo imparte bendiciones temporales tanto como,PR44-P058-F01,PR44-P058-F01-VARIANTS,verified,
PR44-0148,PR39-44,PR44,"PDF p.59, PR44, párrafo 1",fill_blank,expert,"Daniel 7–12, Apocalipsis y verdadero objeto de la vida","Según PDF p.59, PR44, párrafo 1, en el pasaje sobre Daniel 7–12, Apocalipsis y verdadero objeto de la vida, complete la formulación del PDF: «Un estudio cuidadoso de cómo se cumple el propósito de Dios en la historia de las naciones y en la _____ de las cosas venideras, nos ayudará a estimar en su verdadero valor las cosas que se ven y las que no se ven, y a comprender cuál es el verdadero objeto de la vida.»","[""revelación"", ""apariencia"", ""casualidad"", ""cautividad""]",0,revelación,"El PDF emplea la expresión «revelación» en este contexto: «las naciones y en la revelación de las cosas venideras, nos ayudará a».","las naciones y en la revelación de las cosas venideras, nos ayudará a",PR44-P059-F04,PR44-P059-F04-VARIANTS,verified,
PR44-0149,PR39-44,PR44,"PDF p.58, PR44, párrafo 1",multiple_choice,medium,"Daniel como estadista, profeta y embajador","Según PDF p.58, PR44, párrafo 1, en el pasaje sobre Daniel como estadista, profeta y embajador, ¿Cuál opción conserva el dato exacto de la fuente? Marco: «los requerimientos del Cielo imparte [DETALLE] temporales tanto como espirituales»","[""los requerimientos del Cielo imparte bendiciones temporales tanto como espirituales"", ""los requerimientos del Cielo imparte adivinanzas temporales tanto como espirituales"", ""los requerimientos del Cielo imparte babilónicos temporales tanto como espirituales"", ""los requerimientos del Cielo imparte bendecirlos temporales tanto como espirituales""]",0,los requerimientos del Cielo imparte bendiciones temporales tanto como espirituales,La opción correcta conserva el detalle «bendiciones» tal como aparece en la fuente: «los requerimientos del Cielo imparte bendiciones temporales tanto como espirituales».,los requerimientos del Cielo imparte bendiciones temporales tanto como espirituales,PR44-P058-F02,PR44-P058-F02-VARIANTS,verified,
PR44-0150,PR39-44,PR44,"PDF p.59, PR44, párrafo 1",true_false,expert,"Daniel 7–12, Apocalipsis y verdadero objeto de la vida","Según PDF p.59, PR44, párrafo 1, en el pasaje sobre Daniel 7–12, Apocalipsis y verdadero objeto de la vida, determine si el detalle entre corchetes hace verdadera o falsa esta afirmación: «Un estudio cuidadoso de cómo se cumple el propósito de Dios en la historia de las naciones y en la revelación de las cosas ⟦venideras⟧, nos ayudará a estimar en su verdadero valor las cosas que se ven y las que no se ven, y a comprender cuál es el verdadero objeto de la vida.»","[""Verdadero"", ""Falso""]",0,Verdadero,"La afirmación coincide con el PDF: «la revelación de las cosas venideras, nos ayudará a estimar en su verdadero».","la revelación de las cosas venideras, nos ayudará a estimar en su verdadero",PR44-P059-F05,PR44-P059-F05-VARIANTS,verified,
PR44-0151,PR39-44,PR44,"PDF p.58, PR44, párrafo 1",fill_blank,easy,"Daniel como estadista, profeta y embajador","Según PDF p.58, PR44, párrafo 1, en el pasaje sobre Daniel como estadista, profeta y embajador, complete la formulación del PDF: «El cumplimiento estricto de los requerimientos del Cielo imparte bendiciones _____ tanto como espirituales.»","[""adoradores"", ""temporales"", ""astrólogos"", ""cristianas""]",1,temporales,El PDF emplea la expresión «temporales» en este contexto: «requerimientos del Cielo imparte bendiciones temporales tanto como espirituales».,requerimientos del Cielo imparte bendiciones temporales tanto como espirituales,PR44-P058-F03,PR44-P058-F03-VARIANTS,verified,
PR44-0152,PR39-44,PR44,"PDF p.59, PR44, párrafo 1",multiple_choice,expert,"Daniel 7–12, Apocalipsis y verdadero objeto de la vida","Según PDF p.59, PR44, párrafo 1, en el pasaje sobre Daniel 7–12, Apocalipsis y verdadero objeto de la vida, ¿Cuál opción mantiene sin alterar el detalle y el orden de la fuente? Marco: «ayudará a estimar en su [DETALLE] valor las cosas que se ven y»","[""ayudará a estimar en su consejero valor las cosas que se ven y"", ""ayudará a estimar en su verdadero valor las cosas que se ven y"", ""ayudará a estimar en su escenario valor las cosas que se ven y"", ""ayudará a estimar en su esplendor valor las cosas que se ven y""]",1,ayudará a estimar en su verdadero valor las cosas que se ven y,La opción correcta conserva el detalle «verdadero» tal como aparece en la fuente: «ayudará a estimar en su verdadero valor las cosas que se ven y».,ayudará a estimar en su verdadero valor las cosas que se ven y,PR44-P059-F06,PR44-P059-F06-VARIANTS,verified,
PR44-0153,PR39-44,PR44,"PDF p.58, PR44, párrafo 1",true_false,medium,"Daniel como estadista, profeta y embajador","Según PDF p.58, PR44, párrafo 1, en el pasaje sobre Daniel como estadista, profeta y embajador, determine si el detalle entre corchetes hace verdadera o falsa esta afirmación: «El cumplimiento estricto de los requerimientos del Cielo imparte bendiciones temporales tanto como ⟦espirituales⟧.»","[""Verdadero"", ""Falso""]",0,Verdadero,La afirmación coincide con el PDF: «imparte bendiciones temporales tanto como espirituales».,imparte bendiciones temporales tanto como espirituales,PR44-P058-F04,PR44-P058-F04-VARIANTS,verified,
PR44-0154,PR39-44,PR44,"PDF p.59, PR44, párrafo 1",fill_blank,expert,"Daniel 7–12, Apocalipsis y verdadero objeto de la vida","Según PDF p.59, PR44, párrafo 1, en el pasaje sobre Daniel 7–12, Apocalipsis y verdadero objeto de la vida, complete la formulación del PDF: «Un estudio cuidadoso de cómo se cumple el propósito de Dios en la historia de las naciones y en la revelación de las cosas venideras, nos ayudará a estimar en su verdadero valor las cosas que se ven y las que no se ven, y a _____ cuál es el verdadero objeto de la vida.»","[""contemplar"", ""desagradar"", ""comprender"", ""desempeñar""]",2,comprender,"El PDF emplea la expresión «comprender» en este contexto: «no se ven, y a comprender cuál es el verdadero objeto de la».","no se ven, y a comprender cuál es el verdadero objeto de la",PR44-P059-F07,PR44-P059-F07-VARIANTS,verified,
PR44-0155,PR39-44,PR44,"PDF p.58, PR44, párrafo 1",multiple_choice,hard,"Daniel como estadista, profeta y embajador","Según PDF p.58, PR44, párrafo 1, en el pasaje sobre Daniel como estadista, profeta y embajador, ¿Qué opción restituye con precisión la relación descrita? Marco: «Inquebrantable en su [DETALLE] a Dios, inconmovible en su dominio del»","[""Inquebrantable en su adoración a Dios, inconmovible en su dominio del"", ""Inquebrantable en su adorareis a Dios, inconmovible en su dominio del"", ""Inquebrantable en su fidelidad a Dios, inconmovible en su dominio del"", ""Inquebrantable en su autoridad a Dios, inconmovible en su dominio del""]",2,"Inquebrantable en su fidelidad a Dios, inconmovible en su dominio del","La opción correcta conserva el detalle «fidelidad» tal como aparece en la fuente: «Inquebrantable en su fidelidad a Dios, inconmovible en su dominio del».","Inquebrantable en su fidelidad a Dios, inconmovible en su dominio del",PR44-P058-F10,PR44-P058-F10-VARIANTS,verified,
PR44-0156,PR39-44,PR44,"PDF p.59, PR44, párrafo 1",true_false,hard,"Daniel 7–12, Apocalipsis y verdadero objeto de la vida","Según PDF p.59, PR44, párrafo 1, en el pasaje sobre Daniel 7–12, Apocalipsis y verdadero objeto de la vida, determine si el detalle entre corchetes hace verdadera o falsa esta afirmación: «Considerando así las cosas de este tiempo a la luz de la ⟦adoración⟧, podremos, como Daniel y sus compañeros, vivir por lo que es verdadero, noble y perdurable.»","[""Verdadero"", ""Falso""]",1,Falso,"La afirmación cambia «eternidad». La corrección exacta es: «Considerando así las cosas de este tiempo a la luz de la eternidad, podremos, como Daniel y sus compañeros, vivir por lo que es verdadero, noble y perdurable.»","a la luz de la eternidad, podremos, como Daniel y sus compañeros, vivir",PR44-P059-F13,PR44-P059-F13-VARIANTS,verified,"Considerando así las cosas de este tiempo a la luz de la eternidad, podremos, como Daniel y sus compañeros, vivir por lo que es verdadero, noble y perdurable."
PR44-0157,PR39-44,PR44,"PDF p.58, PR44, párrafo 1",fill_blank,hard,"Daniel como estadista, profeta y embajador","Según PDF p.58, PR44, párrafo 1, en el pasaje sobre Daniel como estadista, profeta y embajador, complete la formulación del PDF: «Inquebrantable en su fidelidad a Dios, _____ en su dominio del yo, Daniel fué tenido, por su noble dignidad y su integridad inquebrantable, mientras era todavía joven, “en gracia y en buena voluntad” (Daniel 1:9) del oficial pagano encargado de su caso.»","[""incomparable"", ""predominante"", ""sorprendente"", ""inconmovible""]",3,inconmovible,"El PDF emplea la expresión «inconmovible» en este contexto: «en su fidelidad a Dios, inconmovible en su dominio del yo, Daniel fué».","en su fidelidad a Dios, inconmovible en su dominio del yo, Daniel fué",PR44-P058-F11,PR44-P058-F11-VARIANTS,verified,
PR44-0158,PR39-44,PR44,"PDF p.59, PR44, párrafo 1",multiple_choice,hard,"Daniel 7–12, Apocalipsis y verdadero objeto de la vida","Según PDF p.59, PR44, párrafo 1, en el pasaje sobre Daniel 7–12, Apocalipsis y verdadero objeto de la vida, ¿Qué opción restituye con precisión la relación descrita? Marco: «podremos, como Daniel y sus [DETALLE], vivir por lo que es verdadero, noble»","[""podremos, como Daniel y sus asombrados, vivir por lo que es verdadero, noble"", ""podremos, como Daniel y sus babilonios, vivir por lo que es verdadero, noble"", ""podremos, como Daniel y sus caracteres, vivir por lo que es verdadero, noble"", ""podremos, como Daniel y sus compañeros, vivir por lo que es verdadero, noble""]",3,"podremos, como Daniel y sus compañeros, vivir por lo que es verdadero, noble","La opción correcta conserva el detalle «compañeros» tal como aparece en la fuente: «podremos, como Daniel y sus compañeros, vivir por lo que es verdadero, noble».","podremos, como Daniel y sus compañeros, vivir por lo que es verdadero, noble",PR44-P059-F14,PR44-P059-F14-VARIANTS,verified,
PR44-0159,PR39-44,PR44,"PDF p.58, PR44, párrafo 1",true_false,hard,"Daniel como estadista, profeta y embajador","Según PDF p.58, PR44, párrafo 1, en el pasaje sobre Daniel como estadista, profeta y embajador, determine si el detalle entre corchetes hace verdadera o falsa esta afirmación: «Inquebrantable en su fidelidad a Dios, inconmovible en su dominio del yo, Daniel fué tenido, por su noble dignidad y su ⟦integridad⟧ inquebrantable, mientras era todavía joven, “en gracia y en buena voluntad” (Daniel 1:9) del oficial pagano encargado de su caso.»","[""Verdadero"", ""Falso""]",0,Verdadero,"La afirmación coincide con el PDF: «su noble dignidad y su integridad inquebrantable, mientras era todavía joven, “en gracia».","su noble dignidad y su integridad inquebrantable, mientras era todavía joven, “en gracia",PR44-P058-F12,PR44-P058-F12-VARIANTS,verified,
PR44-0160,PR39-44,PR44,"PDF p.59, PR44, párrafo 1",fill_blank,hard,"Daniel 7–12, Apocalipsis y verdadero objeto de la vida","Según PDF p.59, PR44, párrafo 1, en el pasaje sobre Daniel 7–12, Apocalipsis y verdadero objeto de la vida, complete la formulación del PDF: «Considerando así las cosas de este tiempo a la luz de la eternidad, podremos, como Daniel y sus compañeros, vivir por lo que es _____, noble y perdurable.»","[""verdadero"", ""abrumador"", ""aliviarla"", ""atestiguó""]",0,verdadero,"El PDF emplea la expresión «verdadero» en este contexto: «vivir por lo que es verdadero, noble y perdurable».","vivir por lo que es verdadero, noble y perdurable",PR44-P059-F15,PR44-P059-F15-VARIANTS,verified,
PR44-0161,PR39-44,PR44,"PDF p.58, PR44, párrafo 1",multiple_choice,hard,"Daniel como estadista, profeta y embajador","Según PDF p.58, PR44, párrafo 1, en el pasaje sobre Daniel como estadista, profeta y embajador, ¿Qué opción restituye con precisión la relación descrita? Marco: «noble dignidad y su integridad [DETALLE], mientras era todavía joven, “en gracia y»","[""noble dignidad y su integridad inquebrantable, mientras era todavía joven, “en gracia y"", ""noble dignidad y su integridad consultándose, mientras era todavía joven, “en gracia y"", ""noble dignidad y su integridad representante, mientras era todavía joven, “en gracia y"", ""noble dignidad y su integridad resplandeciente, mientras era todavía joven, “en gracia y""]",0,"noble dignidad y su integridad inquebrantable, mientras era todavía joven, “en gracia y","La opción correcta conserva el detalle «inquebrantable» tal como aparece en la fuente: «noble dignidad y su integridad inquebrantable, mientras era todavía joven, “en gracia y».","noble dignidad y su integridad inquebrantable, mientras era todavía joven, “en gracia y",PR44-P058-F13,PR44-P058-F13-VARIANTS,verified,
PR44-0162,PR39-44,PR44,"PDF p.59, PR44, párrafo 1",true_false,hard,"Daniel 7–12, Apocalipsis y verdadero objeto de la vida","Según PDF p.59, PR44, párrafo 1, en el pasaje sobre Daniel 7–12, Apocalipsis y verdadero objeto de la vida, determine si el detalle entre corchetes hace verdadera o falsa esta afirmación: «Considerando así las cosas de este tiempo a la luz de la eternidad, podremos, como Daniel y sus compañeros, vivir por lo que es verdadero, noble y ⟦perdurable⟧.»","[""Verdadero"", ""Falso""]",0,Verdadero,"La afirmación coincide con el PDF: «que es verdadero, noble y perdurable».","que es verdadero, noble y perdurable",PR44-P059-F16,PR44-P059-F16-VARIANTS,verified,
PR44-0163,PR39-44,PR44,"PDF p.58, PR44, párrafo 1",fill_blank,hard,"Daniel como estadista, profeta y embajador","Según PDF p.58, PR44, párrafo 1, en el pasaje sobre Daniel como estadista, profeta y embajador, complete la formulación del PDF: «Inquebrantable en su fidelidad a Dios, inconmovible en su dominio del yo, Daniel fué tenido, por su noble dignidad y su integridad inquebrantable, mientras era todavía joven, “en gracia y en buena voluntad” (Daniel 1:9) del oficial pagano _____ de su caso.»","[""acarreado"", ""encargado"", ""aprendido"", ""atribuído""]",1,encargado,El PDF emplea la expresión «encargado» en este contexto: «1:9) del oficial pagano encargado de su caso».,1:9) del oficial pagano encargado de su caso,PR44-P058-F14,PR44-P058-F14-VARIANTS,verified,
PR44-0164,PR39-44,PR44,"PDF p.59, PR44, párrafo 1",multiple_choice,hard,"Daniel 7–12, Apocalipsis y verdadero objeto de la vida","Según PDF p.59, PR44, párrafo 1, en el pasaje sobre Daniel 7–12, Apocalipsis y verdadero objeto de la vida, ¿Qué opción restituye con precisión la relación descrita? Marco: «aprender en esta vida a [DETALLE] los principios del reino de nuestro Señor»","[""aprender en esta vida a acontecer los principios del reino de nuestro Señor"", ""aprender en esta vida a reconocer los principios del reino de nuestro Señor"", ""aprender en esta vida a agradecer los principios del reino de nuestro Señor"", ""aprender en esta vida a compartir los principios del reino de nuestro Señor""]",1,aprender en esta vida a reconocer los principios del reino de nuestro Señor,La opción correcta conserva el detalle «reconocer» tal como aparece en la fuente: «aprender en esta vida a reconocer los principios del reino de nuestro Señor».,aprender en esta vida a reconocer los principios del reino de nuestro Señor,PR44-P059-F23,PR44-P059-F23-VARIANTS,verified,
PR44-0165,PR39-44,PR44,"PDF p.58, PR44, párrafo 1",true_false,easy,"Daniel como estadista, profeta y embajador","Según PDF p.58, PR44, párrafo 1, en el pasaje sobre Daniel como estadista, profeta y embajador, determine si el detalle entre corchetes hace verdadera o falsa esta afirmación: «Las mismas ⟦características⟧ le distinguieron en su vida ulterior.»","[""Verdadero"", ""Falso""]",0,Verdadero,La afirmación coincide con el PDF: «Las mismas características le distinguieron en su vida ulterior».,Las mismas características le distinguieron en su vida ulterior,PR44-P058-F22,PR44-P058-F22-VARIANTS,verified,
PR44-0166,PR39-44,PR44,"PDF p.59, PR44, párrafo 1",fill_blank,hard,"Daniel 7–12, Apocalipsis y verdadero objeto de la vida","Según PDF p.59, PR44, párrafo 1, en el pasaje sobre Daniel 7–12, Apocalipsis y verdadero objeto de la vida, complete la formulación del PDF: «Y al aprender en esta vida a reconocer los _____ del reino de nuestro Señor y Salvador, el reino bienaventurado que ha de durar para siempre, podemos ser preparados para entrar con él a poseerlo cuando venga.»","[""asombrados"", ""babilonios"", ""principios"", ""caracteres""]",2,principios,El PDF emplea la expresión «principios» en este contexto: «esta vida a reconocer los principios del reino de nuestro Señor y Salvador».,esta vida a reconocer los principios del reino de nuestro Señor y Salvador,PR44-P059-F24,PR44-P059-F24-VARIANTS,verified,
PR44-0167,PR39-44,PR44,"PDF p.58, PR44, párrafo 1",multiple_choice,hard,"Daniel como estadista, profeta y embajador","Según PDF p.58, PR44, párrafo 1, en el pasaje sobre Daniel como estadista, profeta y embajador, ¿Qué opción restituye con precisión la relación descrita? Marco: «Las mismas características le [DETALLE] en su vida ulterior»","[""Las mismas características le acontecieron en su vida ulterior"", ""Las mismas características le manifestaron en su vida ulterior"", ""Las mismas características le distinguieron en su vida ulterior"", ""Las mismas características le quebrantaron en su vida ulterior""]",2,Las mismas características le distinguieron en su vida ulterior,La opción correcta conserva el detalle «distinguieron» tal como aparece en la fuente: «Las mismas características le distinguieron en su vida ulterior».,Las mismas características le distinguieron en su vida ulterior,PR44-P058-F23,PR44-P058-F23-VARIANTS,verified,
PR44-0168,PR39-44,PR44,"PDF p.59, PR44, párrafo 1",true_false,expert,"Daniel 7–12, Apocalipsis y verdadero objeto de la vida","Según PDF p.59, PR44, párrafo 1, en el pasaje sobre Daniel 7–12, Apocalipsis y verdadero objeto de la vida, determine si el detalle entre corchetes hace verdadera o falsa esta afirmación: «Y al aprender en esta vida a reconocer los principios del reino de nuestro Señor y Salvador, el reino ⟦desarraigadas⟧ que ha de durar para siempre, podemos ser preparados para entrar con él a poseerlo cuando venga.»","[""Verdadero"", ""Falso""]",1,Falso,"La afirmación cambia «bienaventurado». La corrección exacta es: «Y al aprender en esta vida a reconocer los principios del reino de nuestro Señor y Salvador, el reino bienaventurado que ha de durar para siempre, podemos ser preparados para entrar con él a poseerlo cuando venga.»","Señor y Salvador, el reino bienaventurado que ha de durar para siempre, podemos",PR44-P059-F25,PR44-P059-F25-VARIANTS,verified,"Y al aprender en esta vida a reconocer los principios del reino de nuestro Señor y Salvador, el reino bienaventurado que ha de durar para siempre, podemos ser preparados para entrar con él a poseerlo cuando venga."
PR44-0169,PR39-44,PR44,"PDF p.58, PR44, párrafo 1",fill_blank,medium,"Daniel como estadista, profeta y embajador","Según PDF p.58, PR44, párrafo 1, en el pasaje sobre Daniel como estadista, profeta y embajador, complete la formulación del PDF: «Se elevó _____ al puesto de primer ministro del reino de Babilonia.»","[""favorablemente"", ""fervorosamente"", ""inmediatamente"", ""aceleradamente""]",3,aceleradamente,El PDF emplea la expresión «aceleradamente» en este contexto: «Se elevó aceleradamente al puesto de primer ministro del reino».,Se elevó aceleradamente al puesto de primer ministro del reino,PR44-P058-F26,PR44-P058-F26-VARIANTS,verified,
PR44-0170,PR39-44,PR44,"PDF p.59, PR44, párrafo 1",multiple_choice,hard,"Daniel 7–12, Apocalipsis y verdadero objeto de la vida","Según PDF p.59, PR44, párrafo 1, en el pasaje sobre Daniel 7–12, Apocalipsis y verdadero objeto de la vida, ¿Qué opción restituye con precisión la relación descrita? Marco: «durar para siempre, podemos ser [DETALLE] para entrar con él a poseerlo cuando»","[""durar para siempre, podemos ser arrostrado para entrar con él a poseerlo cuando"", ""durar para siempre, podemos ser blasfemado para entrar con él a poseerlo cuando"", ""durar para siempre, podemos ser confirmado para entrar con él a poseerlo cuando"", ""durar para siempre, podemos ser preparados para entrar con él a poseerlo cuando""]",3,"durar para siempre, podemos ser preparados para entrar con él a poseerlo cuando","La opción correcta conserva el detalle «preparados» tal como aparece en la fuente: «durar para siempre, podemos ser preparados para entrar con él a poseerlo cuando».","durar para siempre, podemos ser preparados para entrar con él a poseerlo cuando",PR44-P059-F26,PR44-P059-F26-VARIANTS,verified,
PR44-0171,PR39-44,PR44,"PDF p.58, PR44, párrafo 1",true_false,easy,"Daniel como estadista, profeta y embajador","Según PDF p.58, PR44, párrafo 1, en el pasaje sobre Daniel como estadista, profeta y embajador, determine si el detalle entre corchetes hace verdadera o falsa esta afirmación: «Se elevó aceleradamente al puesto de primer ministro del reino de ⟦Babilonia⟧.»","[""Verdadero"", ""Falso""]",0,Verdadero,La afirmación coincide con el PDF: «primer ministro del reino de Babilonia».,primer ministro del reino de Babilonia,PR44-P058-F27,PR44-P058-F27-VARIANTS,verified,
PR44-0172,PR39-44,PR44,"PDF p.59, PR44, párrafo 1",fill_blank,hard,"Daniel 7–12, Apocalipsis y verdadero objeto de la vida","Según PDF p.59, PR44, párrafo 1, en el pasaje sobre Daniel 7–12, Apocalipsis y verdadero objeto de la vida, complete la formulación del PDF: «_____ así las cosas de este tiempo a la luz de la eternidad, podremos, como Daniel y sus compañeros, vivir por lo que es verdadero, noble y perdurable.»","[""Considerando"", ""produciendo"", ""cumpliendo"", ""escuchando""]",0,Considerando,El PDF emplea la expresión «Considerando» en este contexto: «Considerando así las cosas de este tiempo a».,Considerando así las cosas de este tiempo a,PR44-P059-F17,PR44-P059-F17-VARIANTS,verified,
PR44-0173,PR39-44,PR44,"PDF p.58, PR44, párrafo 1",multiple_choice,expert,"Daniel como estadista, profeta y embajador","Según PDF p.58, PR44, párrafo 1, en el pasaje sobre Daniel como estadista, profeta y embajador, ¿Cuál opción mantiene sin alterar el detalle y el orden de la fuente? Marco: «el reinado de varios monarcas [DETALLE], mientras caía la nación y se establecía»","[""el reinado de varios monarcas sucesivos, mientras caía la nación y se establecía"", ""el reinado de varios monarcas blasfemos, mientras caía la nación y se establecía"", ""el reinado de varios monarcas corruptos, mientras caía la nación y se establecía"", ""el reinado de varios monarcas disolutos, mientras caía la nación y se establecía""]",0,"el reinado de varios monarcas sucesivos, mientras caía la nación y se establecía","La opción correcta conserva el detalle «sucesivos» tal como aparece en la fuente: «el reinado de varios monarcas sucesivos, mientras caía la nación y se establecía».","el reinado de varios monarcas sucesivos, mientras caía la nación y se establecía",PR44-P058-F32,PR44-P058-F32-VARIANTS,verified,
PR44-0174,PR39-44,PR44,"PDF p.59, PR44, párrafo 1",true_false,hard,"Daniel 7–12, Apocalipsis y verdadero objeto de la vida","Según PDF p.59, PR44, párrafo 1, en el pasaje sobre Daniel 7–12, Apocalipsis y verdadero objeto de la vida, determine si el detalle entre corchetes hace verdadera o falsa esta afirmación: «Un estudio cuidadoso de cómo se ⟦cumple⟧ el propósito de Dios en la historia de las naciones y en la revelación de las cosas venideras, nos ayudará a estimar en su verdadero valor las cosas que se ven y las que no se ven, y a comprender cuál es el verdadero objeto de la vida.»","[""Verdadero"", ""Falso""]",0,Verdadero,La afirmación coincide con el PDF: «estudio cuidadoso de cómo se cumple el propósito de Dios en la historia».,estudio cuidadoso de cómo se cumple el propósito de Dios en la historia,PR44-P059-F08,PR44-P059-F08-VARIANTS,verified,
PR44-0175,PR39-44,PR44,"PDF p.58, PR44, párrafo 1",fill_blank,expert,"Daniel como estadista, profeta y embajador","Según PDF p.58, PR44, párrafo 1, en el pasaje sobre Daniel como estadista, profeta y embajador, complete la formulación del PDF: «Durante el reinado de varios monarcas sucesivos, mientras caía la nación y se _____ otro imperio mundial, su sabiduría y sus dotes de estadista fueron tales, y tan perfectos su tacto, su cortesía y la genuina bondad de su corazón, así como su fidelidad a los buenos principios, que aun sus enemigos se vieron obligados a confesar que “no podían hallar alguna ocasión o falta, porque él era fiel.”»","[""abundancia"", ""establecía"", ""constancia"", ""describían""]",1,establecía,"El PDF emplea la expresión «establecía» en este contexto: «caía la nación y se establecía otro imperio mundial, su sabiduría y sus».","caía la nación y se establecía otro imperio mundial, su sabiduría y sus",PR44-P058-F33,PR44-P058-F33-VARIANTS,verified,
PR44-0176,PR39-44,PR44,"PDF p.59, PR44, párrafo 1",multiple_choice,expert,"Daniel 7–12, Apocalipsis y verdadero objeto de la vida","Según PDF p.59, PR44, párrafo 1, en el pasaje sobre Daniel 7–12, Apocalipsis y verdadero objeto de la vida, ¿Cuál opción mantiene sin alterar el detalle y el orden de la fuente? Marco: «propósito de Dios en la [DETALLE] de las naciones y en la revelación»","[""propósito de Dios en la adoración de las naciones y en la revelación"", ""propósito de Dios en la historia de las naciones y en la revelación"", ""propósito de Dios en la adorareis de las naciones y en la revelación"", ""propósito de Dios en la autoridad de las naciones y en la revelación""]",1,propósito de Dios en la historia de las naciones y en la revelación,La opción correcta conserva el detalle «historia» tal como aparece en la fuente: «propósito de Dios en la historia de las naciones y en la revelación».,propósito de Dios en la historia de las naciones y en la revelación,PR44-P059-F09,PR44-P059-F09-VARIANTS,verified,
PR44-0177,PR39-44,PR44,"PDF p.58, PR44, párrafo 1",true_false,expert,"Daniel como estadista, profeta y embajador","Según PDF p.58, PR44, párrafo 1, en el pasaje sobre Daniel como estadista, profeta y embajador, determine si el detalle entre corchetes hace verdadera o falsa esta afirmación: «Durante el reinado de varios monarcas sucesivos, mientras caía la nación y se establecía otro imperio mundial, su ⟦sabiduría⟧ y sus dotes de estadista fueron tales, y tan perfectos su tacto, su cortesía y la genuina bondad de su corazón, así como su fidelidad a los buenos principios, que aun sus enemigos se vieron obligados a confesar que “no podían hallar alguna ocasión o falta, porque él era fiel.”»","[""Verdadero"", ""Falso""]",0,Verdadero,"La afirmación coincide con el PDF: «establecía otro imperio mundial, su sabiduría y sus dotes de estadista fueron tales».","establecía otro imperio mundial, su sabiduría y sus dotes de estadista fueron tales",PR44-P058-F34,PR44-P058-F34-VARIANTS,verified,
PR44-0178,PR39-44,PR44,"PDF p.59, PR44, párrafo 1",fill_blank,expert,"Daniel 7–12, Apocalipsis y verdadero objeto de la vida","Según PDF p.59, PR44, párrafo 1, en el pasaje sobre Daniel 7–12, Apocalipsis y verdadero objeto de la vida, complete la formulación del PDF: «Un estudio cuidadoso de cómo se cumple el propósito de Dios en la historia de las _____ y en la revelación de las cosas venideras, nos ayudará a estimar en su verdadero valor las cosas que se ven y las que no se ven, y a comprender cuál es el verdadero objeto de la vida.»","[""lecciones"", ""potencias"", ""naciones"", ""tinieblas""]",2,naciones,El PDF emplea la expresión «naciones» en este contexto: «en la historia de las naciones y en la revelación de las cosas».,en la historia de las naciones y en la revelación de las cosas,PR44-P059-F10,PR44-P059-F10-VARIANTS,verified,
PR44-0179,PR39-44,PR44,"PDF p.58, PR44, párrafo 2",multiple_choice,expert,"Daniel como estadista, profeta y embajador","Según PDF p.58, PR44, párrafo 2, en el pasaje sobre Daniel como estadista, profeta y embajador, ¿Cuál opción mantiene sin alterar el detalle y el orden de la fuente? Marco: «promesa de que “hasta el [DETALLE]”—en el plazo final de la historia»","[""promesa de que “hasta el trono de zafiro”—en el plazo final de la historia"", ""promesa de que “hasta el Hijo de Dios”—en el plazo final de la historia"", ""promesa de que “hasta el tiempo del fin”—en el plazo final de la historia"", ""promesa de que “hasta el Rey de reyes”—en el plazo final de la historia""]",2,promesa de que “hasta el tiempo del fin”—en el plazo final de la historia,La opción correcta conserva el detalle «tiempo del fin» tal como aparece en la fuente: «promesa de que “hasta el tiempo del fin”—en el plazo final de la historia».,promesa de que “hasta el tiempo del fin”—en el plazo final de la historia,PR44-P058-F68,PR44-P058-F68-VARIANTS,verified,
PR44-0180,PR39-44,PR44,"PDF p.59, PR44, párrafo 1",true_false,expert,"Daniel 7–12, Apocalipsis y verdadero objeto de la vida","Según PDF p.59, PR44, párrafo 1, en el pasaje sobre Daniel 7–12, Apocalipsis y verdadero objeto de la vida, determine si el detalle entre corchetes hace verdadera o falsa esta afirmación: «Un estudio cuidadoso de cómo se cumple el propósito de Dios en la historia de las naciones y en la revelación de las cosas venideras, nos ayudará a estimar en su verdadero valor las cosas que se ven y las que no se ven, y a comprender cuál es el ⟦foso de los leones⟧.»","[""Verdadero"", ""Falso""]",1,Falso,"La afirmación cambia «verdadero objeto de la vida». La corrección exacta es: «Un estudio cuidadoso de cómo se cumple el propósito de Dios en la historia de las naciones y en la revelación de las cosas venideras, nos ayudará a estimar en su verdadero valor las cosas que se ven y las que no se ven, y a comprender cuál es el verdadero objeto de la vida.»",a comprender cuál es el verdadero objeto de la vida,PR44-P059-F01,PR44-P059-F01-VARIANTS,verified,"Un estudio cuidadoso de cómo se cumple el propósito de Dios en la historia de las naciones y en la revelación de las cosas venideras, nos ayudará a estimar en su verdadero valor las cosas que se ven y las que no se ven, y a comprender cuál es el verdadero objeto de la vida."
PR44-0181,PR39-44,PR44,"PDF p.58, PR44, párrafo 2",multiple_choice,expert,"Daniel como estadista, profeta y embajador","Según PDF p.58, PR44, párrafo 2, en el pasaje sobre Daniel como estadista, profeta y embajador, ¿Cuál opción mantiene sin alterar el detalle y el orden de la fuente? Marco: «debían quedar sellados “hasta el [DETALLE]»","[""debían quedar sellados “hasta el trono de zafiro"", ""debían quedar sellados “hasta el Hijo de Dios"", ""debían quedar sellados “hasta el Rey de reyes"", ""debían quedar sellados “hasta el tiempo del fin""]",3,debían quedar sellados “hasta el tiempo del fin,La opción correcta conserva el detalle «tiempo del fin» tal como aparece en la fuente: «debían quedar sellados “hasta el tiempo del fin».,debían quedar sellados “hasta el tiempo del fin,PR44-P058-F80,PR44-P058-F80-VARIANTS,verified,
PR44-0182,PR39-44,PR44,"PDF p.59, PR44, párrafo 1",fill_blank,expert,"Daniel 7–12, Apocalipsis y verdadero objeto de la vida","Según PDF p.59, PR44, párrafo 1, en el pasaje sobre Daniel 7–12, Apocalipsis y verdadero objeto de la vida, complete la formulación del PDF: «Un estudio _____ de cómo se cumple el propósito de Dios en la historia de las naciones y en la revelación de las cosas venideras, nos ayudará a estimar en su verdadero valor las cosas que se ven y las que no se ven, y a comprender cuál es el verdadero objeto de la vida.»","[""abrumador"", ""aliviarla"", ""atestiguó"", ""cuidadoso""]",3,cuidadoso,El PDF emplea la expresión «cuidadoso» en este contexto: «Un estudio cuidadoso de cómo se cumple el propósito de».,Un estudio cuidadoso de cómo se cumple el propósito de,PR44-P059-F02,PR44-P059-F02-VARIANTS,verified,
PR44-0183,PR39-44,PR44,"PDF p.58, PR44, párrafo 2",true_false,easy,"Daniel como estadista, profeta y embajador","Según PDF p.58, PR44, párrafo 2, en el pasaje sobre Daniel como estadista, profeta y embajador, determine si el detalle entre corchetes hace verdadera o falsa esta afirmación: «Sus admirables profecías, como las registradas en los capítulos ⟦siete⟧ a doce del libro que lleva su nombre, no fueron comprendidas plenamente ni siquiera por el profeta mismo»","[""Verdadero"", ""Falso""]",0,Verdadero,La afirmación coincide con el PDF: «las registradas en los capítulos siete a doce del libro que lleva su».,las registradas en los capítulos siete a doce del libro que lleva su,PR44-P058-F56,PR44-P058-F56-VARIANTS,verified,
PR44-0184,PR39-44,PR44,"PDF p.59, PR44, párrafo 1",fill_blank,expert,"Daniel 7–12, Apocalipsis y verdadero objeto de la vida","Según PDF p.59, PR44, párrafo 1, en el pasaje sobre Daniel 7–12, Apocalipsis y verdadero objeto de la vida, complete la formulación del PDF: «Un estudio cuidadoso de cómo se cumple el _____ de Dios en la historia de las naciones y en la revelación de las cosas venideras, nos ayudará a estimar en su verdadero valor las cosas que se ven y las que no se ven, y a comprender cuál es el verdadero objeto de la vida.»","[""propósito"", ""consejero"", ""escenario"", ""esplendor""]",0,propósito,El PDF emplea la expresión «propósito» en este contexto: «de cómo se cumple el propósito de Dios en la historia de las».,de cómo se cumple el propósito de Dios en la historia de las,PR44-P059-F03,PR44-P059-F03-VARIANTS,verified,
PR44-0185,PR39-44,PR44,"PDF p.58, PR44, párrafo 1",multiple_choice,medium,"Daniel como estadista, profeta y embajador","Según PDF p.58, PR44, párrafo 1, en el pasaje sobre Daniel como estadista, profeta y embajador, ¿Cuál opción conserva el dato exacto de la fuente? Marco: «El cumplimiento estricto de los [DETALLE] del Cielo imparte bendiciones temporales tanto como»","[""El cumplimiento estricto de los requerimientos del Cielo imparte bendiciones temporales tanto como"", ""El cumplimiento estricto de los contempladores del Cielo imparte bendiciones temporales tanto como"", ""El cumplimiento estricto de los acontecimientos del Cielo imparte bendiciones temporales tanto como"", ""El cumplimiento estricto de los especuladores del Cielo imparte bendiciones temporales tanto como""]",0,El cumplimiento estricto de los requerimientos del Cielo imparte bendiciones temporales tanto como,La opción correcta conserva el detalle «requerimientos» tal como aparece en la fuente: «El cumplimiento estricto de los requerimientos del Cielo imparte bendiciones temporales tanto como».,El cumplimiento estricto de los requerimientos del Cielo imparte bendiciones temporales tanto como,PR44-P058-F01,PR44-P058-F01-VARIANTS,verified,
PR44-0186,PR39-44,PR44,"PDF p.59, PR44, párrafo 1",true_false,expert,"Daniel 7–12, Apocalipsis y verdadero objeto de la vida","Según PDF p.59, PR44, párrafo 1, en el pasaje sobre Daniel 7–12, Apocalipsis y verdadero objeto de la vida, determine si el detalle entre corchetes hace verdadera o falsa esta afirmación: «Un estudio cuidadoso de cómo se cumple el propósito de Dios en la historia de las naciones y en la ⟦apariencia⟧ de las cosas venideras, nos ayudará a estimar en su verdadero valor las cosas que se ven y las que no se ven, y a comprender cuál es el verdadero objeto de la vida.»","[""Verdadero"", ""Falso""]",1,Falso,"La afirmación cambia «revelación». La corrección exacta es: «Un estudio cuidadoso de cómo se cumple el propósito de Dios en la historia de las naciones y en la revelación de las cosas venideras, nos ayudará a estimar en su verdadero valor las cosas que se ven y las que no se ven, y a comprender cuál es el verdadero objeto de la vida.»","las naciones y en la revelación de las cosas venideras, nos ayudará a",PR44-P059-F04,PR44-P059-F04-VARIANTS,verified,"Un estudio cuidadoso de cómo se cumple el propósito de Dios en la historia de las naciones y en la revelación de las cosas venideras, nos ayudará a estimar en su verdadero valor las cosas que se ven y las que no se ven, y a comprender cuál es el verdadero objeto de la vida."
PR44-0187,PR39-44,PR44,"PDF p.58, PR44, párrafo 1",fill_blank,easy,"Daniel como estadista, profeta y embajador","Según PDF p.58, PR44, párrafo 1, en el pasaje sobre Daniel como estadista, profeta y embajador, complete la formulación del PDF: «El cumplimiento estricto de los requerimientos del Cielo imparte _____ temporales tanto como espirituales.»","[""adivinanzas"", ""bendiciones"", ""babilónicos"", ""bendecirlos""]",1,bendiciones,El PDF emplea la expresión «bendiciones» en este contexto: «los requerimientos del Cielo imparte bendiciones temporales tanto como espirituales».,los requerimientos del Cielo imparte bendiciones temporales tanto como espirituales,PR44-P058-F02,PR44-P058-F02-VARIANTS,verified,
PR44-0188,PR39-44,PR44,"PDF p.59, PR44, párrafo 1",multiple_choice,expert,"Daniel 7–12, Apocalipsis y verdadero objeto de la vida","Según PDF p.59, PR44, párrafo 1, en el pasaje sobre Daniel 7–12, Apocalipsis y verdadero objeto de la vida, ¿Cuál opción mantiene sin alterar el detalle y el orden de la fuente? Marco: «la revelación de las cosas [DETALLE], nos ayudará a estimar en su verdadero»","[""la revelación de las cosas consumirá, nos ayudará a estimar en su verdadero"", ""la revelación de las cosas venideras, nos ayudará a estimar en su verdadero"", ""la revelación de las cosas levantará, nos ayudará a estimar en su verdadero"", ""la revelación de las cosas requerirá, nos ayudará a estimar en su verdadero""]",1,"la revelación de las cosas venideras, nos ayudará a estimar en su verdadero","La opción correcta conserva el detalle «venideras» tal como aparece en la fuente: «la revelación de las cosas venideras, nos ayudará a estimar en su verdadero».","la revelación de las cosas venideras, nos ayudará a estimar en su verdadero",PR44-P059-F05,PR44-P059-F05-VARIANTS,verified,
PR44-0189,PR39-44,PR44,"PDF p.58, PR44, párrafo 1",true_false,easy,"Daniel como estadista, profeta y embajador","Según PDF p.58, PR44, párrafo 1, en el pasaje sobre Daniel como estadista, profeta y embajador, determine si el detalle entre corchetes hace verdadera o falsa esta afirmación: «El cumplimiento estricto de los requerimientos del Cielo imparte bendiciones ⟦temporales⟧ tanto como espirituales.»","[""Verdadero"", ""Falso""]",0,Verdadero,La afirmación coincide con el PDF: «requerimientos del Cielo imparte bendiciones temporales tanto como espirituales».,requerimientos del Cielo imparte bendiciones temporales tanto como espirituales,PR44-P058-F03,PR44-P058-F03-VARIANTS,verified,
PR44-0190,PR39-44,PR44,"PDF p.59, PR44, párrafo 1",fill_blank,expert,"Daniel 7–12, Apocalipsis y verdadero objeto de la vida","Según PDF p.59, PR44, párrafo 1, en el pasaje sobre Daniel 7–12, Apocalipsis y verdadero objeto de la vida, complete la formulación del PDF: «Un estudio cuidadoso de cómo se cumple el propósito de Dios en la historia de las naciones y en la revelación de las cosas venideras, nos ayudará a estimar en su _____ valor las cosas que se ven y las que no se ven, y a comprender cuál es el verdadero objeto de la vida.»","[""consejero"", ""escenario"", ""verdadero"", ""esplendor""]",2,verdadero,El PDF emplea la expresión «verdadero» en este contexto: «ayudará a estimar en su verdadero valor las cosas que se ven y».,ayudará a estimar en su verdadero valor las cosas que se ven y,PR44-P059-F06,PR44-P059-F06-VARIANTS,verified,
PR44-0191,PR39-44,PR44,"PDF p.58, PR44, párrafo 1",multiple_choice,medium,"Daniel como estadista, profeta y embajador","Según PDF p.58, PR44, párrafo 1, en el pasaje sobre Daniel como estadista, profeta y embajador, ¿Cuál opción conserva el dato exacto de la fuente? Marco: «imparte bendiciones temporales tanto como [DETALLE]»","[""imparte bendiciones temporales tanto como contemplamos"", ""imparte bendiciones temporales tanto como encantadores"", ""imparte bendiciones temporales tanto como espirituales"", ""imparte bendiciones temporales tanto como gobernadores""]",2,imparte bendiciones temporales tanto como espirituales,La opción correcta conserva el detalle «espirituales» tal como aparece en la fuente: «imparte bendiciones temporales tanto como espirituales».,imparte bendiciones temporales tanto como espirituales,PR44-P058-F04,PR44-P058-F04-VARIANTS,verified,
PR44-0192,PR39-44,PR44,"PDF p.59, PR44, párrafo 1",true_false,expert,"Daniel 7–12, Apocalipsis y verdadero objeto de la vida","Según PDF p.59, PR44, párrafo 1, en el pasaje sobre Daniel 7–12, Apocalipsis y verdadero objeto de la vida, determine si el detalle entre corchetes hace verdadera o falsa esta afirmación: «Un estudio cuidadoso de cómo se cumple el propósito de Dios en la historia de las naciones y en la revelación de las cosas venideras, nos ayudará a estimar en su verdadero valor las cosas que se ven y las que no se ven, y a ⟦comprender⟧ cuál es el verdadero objeto de la vida.»","[""Verdadero"", ""Falso""]",0,Verdadero,"La afirmación coincide con el PDF: «no se ven, y a comprender cuál es el verdadero objeto de la».","no se ven, y a comprender cuál es el verdadero objeto de la",PR44-P059-F07,PR44-P059-F07-VARIANTS,verified,
PR44-0193,PR39-44,PR44,"PDF p.58, PR44, párrafo 1",fill_blank,hard,"Daniel como estadista, profeta y embajador","Según PDF p.58, PR44, párrafo 1, en el pasaje sobre Daniel como estadista, profeta y embajador, complete la formulación del PDF: «Inquebrantable en su _____ a Dios, inconmovible en su dominio del yo, Daniel fué tenido, por su noble dignidad y su integridad inquebrantable, mientras era todavía joven, “en gracia y en buena voluntad” (Daniel 1:9) del oficial pagano encargado de su caso.»","[""adoración"", ""adorareis"", ""autoridad"", ""fidelidad""]",3,fidelidad,"El PDF emplea la expresión «fidelidad» en este contexto: «Inquebrantable en su fidelidad a Dios, inconmovible en su dominio del».","Inquebrantable en su fidelidad a Dios, inconmovible en su dominio del",PR44-P058-F10,PR44-P058-F10-VARIANTS,verified,
PR44-0194,PR39-44,PR44,"PDF p.59, PR44, párrafo 1",multiple_choice,hard,"Daniel 7–12, Apocalipsis y verdadero objeto de la vida","Según PDF p.59, PR44, párrafo 1, en el pasaje sobre Daniel 7–12, Apocalipsis y verdadero objeto de la vida, ¿Qué opción restituye con precisión la relación descrita? Marco: «a la luz de la [DETALLE], podremos, como Daniel y sus compañeros, vivir»","[""a la luz de la adoración, podremos, como Daniel y sus compañeros, vivir"", ""a la luz de la adorareis, podremos, como Daniel y sus compañeros, vivir"", ""a la luz de la autoridad, podremos, como Daniel y sus compañeros, vivir"", ""a la luz de la eternidad, podremos, como Daniel y sus compañeros, vivir""]",3,"a la luz de la eternidad, podremos, como Daniel y sus compañeros, vivir","La opción correcta conserva el detalle «eternidad» tal como aparece en la fuente: «a la luz de la eternidad, podremos, como Daniel y sus compañeros, vivir».","a la luz de la eternidad, podremos, como Daniel y sus compañeros, vivir",PR44-P059-F13,PR44-P059-F13-VARIANTS,verified,
PR44-0195,PR39-44,PR44,"PDF p.58, PR44, párrafo 1",true_false,expert,"Daniel como estadista, profeta y embajador","Según PDF p.58, PR44, párrafo 1, en el pasaje sobre Daniel como estadista, profeta y embajador, determine si el detalle entre corchetes hace verdadera o falsa esta afirmación: «Inquebrantable en su fidelidad a Dios, ⟦incomparable⟧ en su dominio del yo, Daniel fué tenido, por su noble dignidad y su integridad inquebrantable, mientras era todavía joven, “en gracia y en buena voluntad” (Daniel 1:9) del oficial pagano encargado de su caso.»","[""Verdadero"", ""Falso""]",1,Falso,"La afirmación cambia «inconmovible». La corrección exacta es: «Inquebrantable en su fidelidad a Dios, inconmovible en su dominio del yo, Daniel fué tenido, por su noble dignidad y su integridad inquebrantable, mientras era todavía joven, “en gracia y en buena voluntad” (Daniel 1:9) del oficial pagano encargado de su caso.»","en su fidelidad a Dios, inconmovible en su dominio del yo, Daniel fué",PR44-P058-F11,PR44-P058-F11-VARIANTS,verified,"Inquebrantable en su fidelidad a Dios, inconmovible en su dominio del yo, Daniel fué tenido, por su noble dignidad y su integridad inquebrantable, mientras era todavía joven, “en gracia y en buena voluntad” (Daniel 1:9) del oficial pagano encargado de su caso."
PR44-0196,PR39-44,PR44,"PDF p.59, PR44, párrafo 1",fill_blank,hard,"Daniel 7–12, Apocalipsis y verdadero objeto de la vida","Según PDF p.59, PR44, párrafo 1, en el pasaje sobre Daniel 7–12, Apocalipsis y verdadero objeto de la vida, complete la formulación del PDF: «Considerando así las cosas de este tiempo a la luz de la eternidad, podremos, como Daniel y sus _____, vivir por lo que es verdadero, noble y perdurable.»","[""compañeros"", ""asombrados"", ""babilonios"", ""caracteres""]",0,compañeros,"El PDF emplea la expresión «compañeros» en este contexto: «podremos, como Daniel y sus compañeros, vivir por lo que es verdadero, noble».","podremos, como Daniel y sus compañeros, vivir por lo que es verdadero, noble",PR44-P059-F14,PR44-P059-F14-VARIANTS,verified,
PR44-0197,PR39-44,PR44,"PDF p.58, PR44, párrafo 1",multiple_choice,hard,"Daniel como estadista, profeta y embajador","Según PDF p.58, PR44, párrafo 1, en el pasaje sobre Daniel como estadista, profeta y embajador, ¿Qué opción restituye con precisión la relación descrita? Marco: «su noble dignidad y su [DETALLE] inquebrantable, mientras era todavía joven, “en gracia»","[""su noble dignidad y su integridad inquebrantable, mientras era todavía joven, “en gracia"", ""su noble dignidad y su apariencia inquebrantable, mientras era todavía joven, “en gracia"", ""su noble dignidad y su casualidad inquebrantable, mientras era todavía joven, “en gracia"", ""su noble dignidad y su cautividad inquebrantable, mientras era todavía joven, “en gracia""]",0,"su noble dignidad y su integridad inquebrantable, mientras era todavía joven, “en gracia","La opción correcta conserva el detalle «integridad» tal como aparece en la fuente: «su noble dignidad y su integridad inquebrantable, mientras era todavía joven, “en gracia».","su noble dignidad y su integridad inquebrantable, mientras era todavía joven, “en gracia",PR44-P058-F12,PR44-P058-F12-VARIANTS,verified,
PR44-0198,PR39-44,PR44,"PDF p.59, PR44, párrafo 1",true_false,hard,"Daniel 7–12, Apocalipsis y verdadero objeto de la vida","Según PDF p.59, PR44, párrafo 1, en el pasaje sobre Daniel 7–12, Apocalipsis y verdadero objeto de la vida, determine si el detalle entre corchetes hace verdadera o falsa esta afirmación: «Considerando así las cosas de este tiempo a la luz de la eternidad, podremos, como Daniel y sus compañeros, vivir por lo que es ⟦abrumador⟧, noble y perdurable.»","[""Verdadero"", ""Falso""]",1,Falso,"La afirmación cambia «verdadero». La corrección exacta es: «Considerando así las cosas de este tiempo a la luz de la eternidad, podremos, como Daniel y sus compañeros, vivir por lo que es verdadero, noble y perdurable.»","vivir por lo que es verdadero, noble y perdurable",PR44-P059-F15,PR44-P059-F15-VARIANTS,verified,"Considerando así las cosas de este tiempo a la luz de la eternidad, podremos, como Daniel y sus compañeros, vivir por lo que es verdadero, noble y perdurable."
PR44-0199,PR39-44,PR44,"PDF p.58, PR44, párrafo 1",fill_blank,hard,"Daniel como estadista, profeta y embajador","Según PDF p.58, PR44, párrafo 1, en el pasaje sobre Daniel como estadista, profeta y embajador, complete la formulación del PDF: «Inquebrantable en su fidelidad a Dios, inconmovible en su dominio del yo, Daniel fué tenido, por su noble dignidad y su integridad _____, mientras era todavía joven, “en gracia y en buena voluntad” (Daniel 1:9) del oficial pagano encargado de su caso.»","[""consultándose"", ""inquebrantable"", ""representante"", ""resplandeciente""]",1,inquebrantable,"El PDF emplea la expresión «inquebrantable» en este contexto: «noble dignidad y su integridad inquebrantable, mientras era todavía joven, “en gracia y».","noble dignidad y su integridad inquebrantable, mientras era todavía joven, “en gracia y",PR44-P058-F13,PR44-P058-F13-VARIANTS,verified,
PR44-0200,PR39-44,PR44,"PDF p.59, PR44, párrafo 1",multiple_choice,hard,"Daniel 7–12, Apocalipsis y verdadero objeto de la vida","Según PDF p.59, PR44, párrafo 1, en el pasaje sobre Daniel 7–12, Apocalipsis y verdadero objeto de la vida, ¿Qué opción restituye con precisión la relación descrita? Marco: «que es verdadero, noble y [DETALLE]»","[""que es verdadero, noble y babilónico"", ""que es verdadero, noble y perdurable"", ""que es verdadero, noble y destruidor"", ""que es verdadero, noble y espiritual""]",1,"que es verdadero, noble y perdurable","La opción correcta conserva el detalle «perdurable» tal como aparece en la fuente: «que es verdadero, noble y perdurable».","que es verdadero, noble y perdurable",PR44-P059-F16,PR44-P059-F16-VARIANTS,verified,
